"spine","title","director","country","year","criterion_url","criterion_namespace","criterion_id","criterion_key"
"1","Grand Illusion","Jean Renoir","France","1937","https://www.criterion.com/films/351-grand-illusion","films","351","films:351"
"2","Seven Samurai","Akira Kurosawa","Japan","1954","https://www.criterion.com/films/165-seven-samurai","films","165","films:165"
"3","The Lady Vanishes","Alfred Hitchcock","United Kingdom","1938","https://www.criterion.com/films/358-the-lady-vanishes","films","358","films:358"
"4","Amarcord","Federico Fellini","Italy","1973","https://www.criterion.com/films/208-amarcord","films","208","films:208"
"5","The 400 Blows","François Truffaut","France","1959","https://www.criterion.com/films/151-the-400-blows","films","151","films:151"
"6","Beauty and the Beast","Jean Cocteau","France","1946","https://www.criterion.com/films/177-beauty-and-the-beast","films","177","films:177"
"7","A Night to Remember","Roy Ward Baker","United Kingdom","1958","https://www.criterion.com/films/521-a-night-to-remember","films","521","films:521"
"8","The Killer","John Woo","Hong Kong","1989","https://www.criterion.com/films/231-the-killer","films","231","films:231"
"9","Hard Boiled","John Woo","Hong Kong","1992","https://www.criterion.com/films/523-hard-boiled","films","523","films:523"
"10","Walkabout","Nicolas Roeg","United Kingdom","1971","https://www.criterion.com/films/522-walkabout","films","522","films:522"
"11","The Seventh Seal","Ingmar Bergman","Sweden","1957","https://www.criterion.com/films/173-the-seventh-seal","films","173","films:173"
"12","This Is Spinal Tap","Rob Reiner","United States","1984","https://www.criterion.com/films/317-this-is-spinal-tap","films","317","films:317"
"13","The Silence of the Lambs","Jonathan Demme","United States","1991","https://www.criterion.com/films/528-the-silence-of-the-lambs","films","528","films:528"
"14","Samurai I: Musashi Miyamoto","Hiroshi Inagaki","Japan","1954","https://www.criterion.com/films/529-samurai-i-musashi-miyamoto","films","529","films:529"
"15","Samurai II: Duel at Ichijoji Temple","Hiroshi Inagaki","Japan","1955","https://www.criterion.com/films/530-samurai-ii-duel-at-ichijoji-temple","films","530","films:530"
"16","Samurai III: Duel at Ganryu Island","Hiroshi Inagaki","Japan","1956","https://www.criterion.com/films/531-samurai-iii-duel-at-ganryu-island","films","531","films:531"
"17","Salò, or The 120 Days of Sodom","Pier Paolo Pasolini","Italy","1976","https://www.criterion.com/films/532-salo-or-the-120-days-of-sodom","films","532","films:532"
"18","The Naked Kiss","Samuel Fuller","United States","1964","https://www.criterion.com/films/533-the-naked-kiss","films","533","films:533"
"19","Shock Corridor","Samuel Fuller","United States","1963","https://www.criterion.com/films/534-shock-corridor","films","534","films:534"
"20","Sid & Nancy","Alex Cox","United Kingdom","1986","https://www.criterion.com/films/535-sid-nancy","films","535","films:535"
"21","Dead Ringers","David Cronenberg","United States","1988","https://www.criterion.com/films/541-dead-ringers","films","541","films:541"
"22","Summertime","David Lean","United States","1955","https://www.criterion.com/films/368-summertime","films","368","films:368"
"23","RoboCop","Paul Verhoeven","United States","1987","https://www.criterion.com/films/542-robocop","films","542","films:542"
"24","High and Low","Akira Kurosawa","Japan","1963","https://www.criterion.com/films/543-high-and-low","films","543","films:543"
"25","Alphaville","Jean-Luc Godard","France","1965","https://www.criterion.com/films/207-alphaville","films","207","films:207"
"26","The Long Good Friday","John Mackenzie","United Kingdom","1980","https://www.criterion.com/films/559-the-long-good-friday","films","559","films:559"
"27","Flesh for Frankenstein","Paul Morrissey","United States","1973","https://www.criterion.com/films/562-flesh-for-frankenstein","films","562","films:562"
"28","Blood for Dracula","Paul Morrissey","United States","1974","https://www.criterion.com/films/564-blood-for-dracula","films","564","films:564"
"29","Picnic at Hanging Rock","Peter Weir","Australia","1975","https://www.criterion.com/films/565-picnic-at-hanging-rock","films","565","films:565"
"30","M","Fritz Lang","Germany","1931","https://www.criterion.com/films/558-m","films","558","films:558"
"31","Great Expectations","David Lean","United Kingdom","1946","https://www.criterion.com/films/566-great-expectations","films","566","films:566"
"32","Oliver Twist","David Lean","United Kingdom","1948","https://www.criterion.com/films/567-oliver-twist","films","567","films:567"
"33","Nanook of the North","Robert Flaherty","United States","1922","https://www.criterion.com/films/574-nanook-of-the-north","films","574","films:574"
"34","Andrei Rublev","Andrei Tarkovsky","Soviet Union","1966","https://www.criterion.com/films/300-andrei-rublev","films","300","films:300"
"35","Diabolique","Henri-Georges Clouzot","France","1955","https://www.criterion.com/films/575-diabolique","films","575","films:575"
"36","The Wages of Fear","Henri-Georges Clouzot","France","1953","https://www.criterion.com/films/370-the-wages-of-fear","films","370","films:370"
"37","Time Bandits","Terry Gilliam","United Kingdom","1981","https://www.criterion.com/films/232-time-bandits","films","232","films:232"
"38","Branded to Kill","Seijun Suzuki","Japan","1967","https://www.criterion.com/films/576-branded-to-kill","films","576","films:576"
"39","Tokyo Drifter","Seijun Suzuki","Japan","1966","https://www.criterion.com/films/577-tokyo-drifter","films","577","films:577"
"40","Armageddon","Michael Bay","United States","1998","https://www.criterion.com/films/578-armageddon","films","578","films:578"
"41","Henry V","Laurence Olivier","United Kingdom","1944","https://www.criterion.com/films/579-henry-v","films","579","films:579"
"42","Fishing with John","John Lurie","United States","1992","https://www.criterion.com/films/580-fishing-with-john","films","580","films:580"
"43","Lord of the Flies","Peter Brook","United Kingdom","1963","https://www.criterion.com/films/563-lord-of-the-flies","films","563","films:563"
"44","The Red Shoes","Michael Powell and Emeric Pressburger","United Kingdom","1948","https://www.criterion.com/films/233-the-red-shoes","films","233","films:233"
"45","Taste of Cherry","Abbas Kiarostami","Iran","1997","https://www.criterion.com/films/242-taste-of-cherry","films","242","films:242"
"46","The Most Dangerous Game","Ernest B. Schoedsack and Irving Pichel","United States","1932","https://www.criterion.com/films/584-the-most-dangerous-game","films","584","films:584"
"47","Insomnia","Erik Skjoldbjærg","Norway","1997","https://www.criterion.com/films/585-insomnia","films","585","films:585"
"48","Black Orpheus","Marcel Camus","France","1959","https://www.criterion.com/films/344-black-orpheus","films","344","films:344"
"49","Nights of Cabiria","Federico Fellini","Italy","1957","https://www.criterion.com/films/243-nights-of-cabiria","films","243","films:243"
"50","And the Ship Sails On","Federico Fellini","Italy","1983","https://www.criterion.com/films/587-and-the-ship-sails-on","films","587","films:587"
"51","Brazil","Terry Gilliam","United Kingdom","1985","https://www.criterion.com/films/211-brazil","films","211","films:211"
"52","Yojimbo","Akira Kurosawa","Japan","1961","https://www.criterion.com/films/597-yojimbo","films","597","films:597"
"53","Sanjuro","Akira Kurosawa","Japan","1962","https://www.criterion.com/films/598-sanjuro","films","598","films:598"
"54","For All Mankind","Al Reinert","United States","1989","https://www.criterion.com/films/599-for-all-mankind","films","599","films:599"
"55","The Unbearable Lightness of Being","Philip Kaufman","United States","1988","https://www.criterion.com/films/600-the-unbearable-lightness-of-being","films","600","films:600"
"56","The 39 Steps","Alfred Hitchcock","United Kingdom","1935","https://www.criterion.com/films/234-the-39-steps","films","234","films:234"
"57","Charade","Stanley Donen","United States","1963","https://www.criterion.com/films/603-charade","films","603","films:603"
"58","Peeping Tom","Michael Powell","United Kingdom","1960","https://www.criterion.com/films/235-peeping-tom","films","235","films:235"
"59","The Night Porter","Liliana Cavani","Italy","1974","https://www.criterion.com/films/604-the-night-porter","films","604","films:604"
"60","Autumn Sonata","Ingmar Bergman","Sweden","1978","https://www.criterion.com/films/605-autumn-sonata","films","605","films:605"
"61","Monty Python’s Life of Brian","Terry Jones","United Kingdom","1979","https://www.criterion.com/films/606-monty-python-s-life-of-brian","films","606","films:606"
"62","The Passion of Joan of Arc","Carl Th. Dreyer","France","1928","https://www.criterion.com/films/228-the-passion-of-joan-of-arc","films","228","films:228"
"63","Carnival of Souls","Herk Harvey","United States","1962","https://www.criterion.com/films/607-carnival-of-souls","films","607","films:607"
"64","The Third Man","Carol Reed","United Kingdom","1949","https://www.criterion.com/films/236-the-third-man","films","236","films:236"
"65","Rushmore","Wes Anderson","United States","1998","https://www.criterion.com/films/333-rushmore","films","333","films:333"
"66","The Orphic Trilogy","","","","https://www.criterion.com/boxsets/155-the-orphic-trilogy","boxsets","155","boxsets:155"
"67","The Blood of a Poet","Jean Cocteau","France","1930","https://www.criterion.com/films/609-the-blood-of-a-poet","films","609","films:609"
"68","Orpheus","Jean Cocteau","France","1950","https://www.criterion.com/films/610-orpheus","films","610","films:610"
"69","Testament of Orpheus","Jean Cocteau","France","1959","https://www.criterion.com/films/611-testament-of-orpheus","films","611","films:611"
"70","The Last Temptation of Christ","Martin Scorsese","United States","1988","https://www.criterion.com/films/612-the-last-temptation-of-christ","films","612","films:612"
"71","The Magic Flute","Ingmar Bergman","Sweden","1975","https://www.criterion.com/films/613-the-magic-flute","films","613","films:613"
"72","Le million","René Clair","France","1931","https://www.criterion.com/films/614-le-million","films","614","films:614"
"73","Cléo from 5 to 7","Agnès Varda","France","1962","https://www.criterion.com/films/244-cleo-from-5-to-7","films","244","films:244"
"74","Vagabond","Agnès Varda","France","1985","https://www.criterion.com/films/245-vagabond","films","245","films:245"
"75","Chasing Amy","Kevin Smith","United States","1997","https://www.criterion.com/films/615-chasing-amy","films","615","films:615"
"76","Brief Encounter","David Lean","United Kingdom","1945","https://www.criterion.com/films/345-brief-encounter","films","345","films:345"
"77","And God Created Woman","Roger Vadim","France","1956","https://www.criterion.com/films/616-and-god-created-woman","films","616","films:616"
"78","The Bank Dick","Edward Cline","United States","1940","https://www.criterion.com/films/617-the-bank-dick","films","617","films:617"
"79","W. C. Fields—Six Short Films","Monte Brice, Clyde Bruckman, Edwin Middleton, Leslie Pearce, and Arthur Ripley","United States","1933","https://www.criterion.com/films/618-w-c-fields-six-short-films","films","618","films:618"
"80","The Element of Crime","Lars von Trier","Denmark","1984","https://www.criterion.com/films/619-the-element-of-crime","films","619","films:619"
"81","Variety Lights","Federico Fellini and Alberto Lattuada","Italy","1950","https://www.criterion.com/films/620-variety-lights","films","620","films:620"
"82","Hamlet","Laurence Olivier","United Kingdom","1948","https://www.criterion.com/films/621-hamlet","films","621","films:621"
"83","The Harder They Come","Perry Henzell","United States","1972","https://www.criterion.com/films/623-the-harder-they-come","films","623","films:623"
"84","Good Morning","Yasujiro Ozu","Japan","1959","https://www.criterion.com/films/624-good-morning","films","624","films:624"
"85","Pygmalion","Anthony Asquith and Leslie Howard","United Kingdom","1938","https://www.criterion.com/films/365-pygmalion","films","365","films:365"
"86","Eisenstein: The Sound Years","","","","https://www.criterion.com/boxsets/204-eisenstein-the-sound-years","boxsets","204","boxsets:204"
"87","Alexander Nevsky","Sergei Eisenstein","Soviet Union","1938","https://www.criterion.com/films/341-alexander-nevsky","films","341","films:341"
"88","Ivan the Terrible, Part I","Sergei Eisenstein","Soviet Union","1944","https://www.criterion.com/films/625-ivan-the-terrible-part-i","films","625","films:625"
"88","Ivan the Terrible, Part II","Sergei Eisenstein","Soviet Union","1958","https://www.criterion.com/films/354-ivan-the-terrible-part-ii","films","354","films:354"
"89","Sisters","Brian  De Palma","United States","1973","https://www.criterion.com/films/377-sisters","films","377","films:377"
"90","Kwaidan","Masaki Kobayashi","Japan","1965","https://www.criterion.com/films/629-kwaidan","films","629","films:629"
"91","The Blob","Irvin S. Yeaworth Jr.","United States","1958","https://www.criterion.com/films/630-the-blob","films","630","films:630"
"92","Fiend Without a Face","Arthur Crabtree","United Kingdom","1958","https://www.criterion.com/films/631-fiend-without-a-face","films","631","films:631"
"93","Black Narcissus","Michael Powell and Emeric Pressburger","United Kingdom","1947","https://www.criterion.com/films/632-black-narcissus","films","632","films:632"
"94","I Know Where I’m Going!","Michael Powell and Emeric Pressburger","United Kingdom","1945","https://www.criterion.com/films/633-i-know-where-i-m-going","films","633","films:633"
"95","All That Heaven Allows","Douglas Sirk","United States","1955","https://www.criterion.com/films/635-all-that-heaven-allows","films","635","films:635"
"96","Written on the Wind","Douglas Sirk","United States","1956","https://www.criterion.com/films/636-written-on-the-wind","films","636","films:636"
"97","Do the Right Thing","Spike Lee","United States","1989","https://www.criterion.com/films/286-do-the-right-thing","films","286","films:286"
"98","L’avventura","Michelangelo Antonioni","Italy","1960","https://www.criterion.com/films/209-l-avventura","films","209","films:209"
"99","Gimme Shelter","David Maysles, Albert Maysles, and Charlotte Zwerin","United States","1970","https://www.criterion.com/films/637-gimme-shelter","films","637","films:637"
"100","Beastie Boys Video Anthology","Various","United States","2000","https://www.criterion.com/films/638-beastie-boys-video-anthology","films","638","films:638"
"101","Cries and Whispers","Ingmar Bergman","Sweden","1972","https://www.criterion.com/films/237-cries-and-whispers","films","237","films:237"
"102","The Discreet Charm of the Bourgeoisie","Luis Buñuel","France","1972","https://www.criterion.com/films/310-the-discreet-charm-of-the-bourgeoisie","films","310","films:310"
"103","The Lady Eve","Preston Sturges","United States","1941","https://www.criterion.com/films/639-the-lady-eve","films","639","films:639"
"104","Double Suicide","Masahiro Shinoda","Japan","1969","https://www.criterion.com/films/640-double-suicide","films","640","films:640"
"105","Spartacus","Stanley Kubrick","United States","1960","https://www.criterion.com/films/449-spartacus","films","449","films:449"
"106","Coup de torchon","Bertrand Tavernier","France","1981","https://www.criterion.com/films/647-coup-de-torchon","films","647","films:647"
"107","Mona Lisa","Neil Jordan","United Kingdom","1986","https://www.criterion.com/films/648-mona-lisa","films","648","films:648"
"108","The Rock","Michael Bay","United States","1996","https://www.criterion.com/films/649-the-rock","films","649","films:649"
"109","The Scarlet Empress","Josef von Sternberg","United States","1934","https://www.criterion.com/films/431-the-scarlet-empress","films","431","films:431"
"110","Monsieur Hulot’s Holiday","Jacques Tati","France","1953","https://www.criterion.com/films/360-monsieur-hulot-s-holiday","films","360","films:360"
"111","Mon oncle","Jacques Tati","France","1958","https://www.criterion.com/films/650-mon-oncle","films","650","films:650"
"112","PlayTime","Jacques Tati","France","1967","https://www.criterion.com/films/651-playtime","films","651","films:651"
"113","Big Deal on Madonna Street","Mario Monicelli","Italy","1958","https://www.criterion.com/films/652-big-deal-on-madonna-street","films","652","films:652"
"114","My Man Godfrey","Gregory La Cava","United States","1936","https://www.criterion.com/films/653-my-man-godfrey","films","653","films:653"
"115","Rififi","Jules Dassin","France","1955","https://www.criterion.com/films/654-rififi","films","654","films:654"
"116","The Hidden Fortress","Akira Kurosawa","Japan","1958","https://www.criterion.com/films/655-the-hidden-fortress","films","655","films:655"
"117","Diary of a Chambermaid","Luis Buñuel","France","1964","https://www.criterion.com/films/656-diary-of-a-chambermaid","films","656","films:656"
"118","Sullivan’s Travels","Preston Sturges","United States","1941","https://www.criterion.com/films/657-sullivan-s-travels","films","657","films:657"
"119","Withnail and I","Bruce Robinson","United Kingdom","1987","https://www.criterion.com/films/658-withnail-and-i","films","658","films:658"
"120","How to Get Ahead in Advertising","Bruce Robinson","United Kingdom","1989","https://www.criterion.com/films/660-how-to-get-ahead-in-advertising","films","660","films:660"
"121","Billy Liar","John Schlesinger","United Kingdom","1963","https://www.criterion.com/films/662-billy-liar","films","662","films:662"
"122","Salesman","David Maysles, Albert Maysles, and Charlotte Zwerin","United States","1969","https://www.criterion.com/films/663-salesman","films","663","films:663"
"123","Grey Gardens","David Maysles, Albert Maysles, Ellen Hovde, and Muffie Meyer","United States","1975","https://www.criterion.com/films/664-grey-gardens","films","664","films:664"
"124","Carl Theodor Dreyer","","","","https://www.criterion.com/boxsets/254-carl-theodor-dreyer","boxsets","254","boxsets:254"
"125","Day of Wrath","Carl Th. Dreyer","Denmark","1943","https://www.criterion.com/films/442-day-of-wrath","films","442","films:442"
"126","Ordet","Carl Th. Dreyer","Denmark","1955","https://www.criterion.com/films/441-ordet","films","441","films:441"
"127","Gertrud","Carl Th. Dreyer","Denmark","1964","https://www.criterion.com/films/443-gertrud","films","443","films:443"
"128","Carl Th. Dreyer—My Metier","Torben Skjødt Jensen","Denmark","1995","https://www.criterion.com/films/667-carl-th-dreyer-my-metier","films","667","films:667"
"129","Le trou","Jacques Becker","France","1960","https://www.criterion.com/films/668-le-trou","films","668","films:668"
"130","The Shop on Main Street","Ján Kadár and Elmar Klos","Czechoslovakia","1965","https://www.criterion.com/films/669-the-shop-on-main-street","films","669","films:669"
"131","Closely Watched Trains","Jiří Menzel","Czechoslovakia","1966","https://www.criterion.com/films/212-closely-watched-trains","films","212","films:212"
"132","The Ruling Class","Peter Medak","United Kingdom","1972","https://www.criterion.com/films/678-the-ruling-class","films","678","films:678"
"133","The Vanishing","George Sluizer","France","1988","https://www.criterion.com/films/677-the-vanishing","films","677","films:677"
"134","Häxan","Benjamin Christensen","Denmark","1922","https://www.criterion.com/films/352-haxan","films","352","films:352"
"135","Rebecca","Alfred Hitchcock","United States","1940","https://www.criterion.com/films/680-rebecca","films","680","films:680"
"136","Spellbound","Alfred Hitchcock","United States","1945","https://www.criterion.com/films/681-spellbound","films","681","films:681"
"137","Notorious","Alfred Hitchcock","United States","1946","https://www.criterion.com/films/682-notorious","films","682","films:682"
"138","Rashomon","Akira Kurosawa","Japan","1950","https://www.criterion.com/films/307-rashomon","films","307","films:307"
"139","Wild Strawberries","Ingmar Bergman","Sweden","1957","https://www.criterion.com/films/175-wild-strawberries","films","175","films:175"
"140","8½","Federico Fellini","Italy","1963","https://www.criterion.com/films/150-8-1-2","films","150","films:150"
"141","Children of Paradise","Marcel Carné","France","1945","https://www.criterion.com/films/683-children-of-paradise","films","683","films:683"
"142","The Last Wave","Peter Weir","Australia","1977","https://www.criterion.com/films/685-the-last-wave","films","685","films:685"
"143","That Obscure Object of Desire","Luis Buñuel","France","1977","https://www.criterion.com/films/686-that-obscure-object-of-desire","films","686","films:686"
"144","Loves of a Blonde","Miloš Forman","Czechoslovakia","1965","https://www.criterion.com/films/246-loves-of-a-blonde","films","246","films:246"
"145","The Firemen’s Ball","Miloš Forman","Czechoslovakia","1967","https://www.criterion.com/films/688-the-firemen-s-ball","films","688","films:688"
"146","The Cranes Are Flying","Mikhail Kalatozov","Soviet Union","1957","https://www.criterion.com/films/547-the-cranes-are-flying","films","547","films:547"
"147","In the Mood for Love","Wong Kar Wai","Hong Kong","2000","https://www.criterion.com/films/198-in-the-mood-for-love","films","198","films:198"
"148","Ballad of a Soldier","Grigori Chukhrai","Soviet Union","1959","https://www.criterion.com/films/343-ballad-of-a-soldier","films","343","films:343"
"149","Juliet of the Spirits","Federico Fellini","Italy","1965","https://www.criterion.com/films/689-juliet-of-the-spirits","films","689","films:689"
"150","Bob le flambeur","Jean-Pierre Melville","France","1956","https://www.criterion.com/films/690-bob-le-flambeur","films","690","films:690"
"151","Traffic","Steven Soderbergh","United States","2000","https://www.criterion.com/films/381-traffic","films","381","films:381"
"152","George Washington","David Gordon Green","United States","2000","https://www.criterion.com/films/691-george-washington","films","691","films:691"
"153","General Idi Amin Dada: A Self-Portrait","Barbet Schroeder","France","1974","https://www.criterion.com/films/545-general-idi-amin-dada-a-self-portrait","films","545","films:545"
"154","The Horse’s Mouth","Ronald Neame","United Kingdom","1958","https://www.criterion.com/films/695-the-horse-s-mouth","films","695","films:695"
"155","Tokyo Olympiad","Kon Ichikawa","Japan","1965","https://www.criterion.com/films/709-tokyo-olympiad","films","709","films:709"
"156","Hearts and Minds","Peter Davis","United States","1974","https://www.criterion.com/films/711-hearts-and-minds","films","711","films:711"
"157","The Royal Tenenbaums","Wes Anderson","United States","2001","https://www.criterion.com/films/230-the-royal-tenenbaums","films","230","films:230"
"158","The Importance of Being Earnest","Anthony Asquith","United Kingdom","1952","https://www.criterion.com/films/355-the-importance-of-being-earnest","films","355","films:355"
"159","Red Beard","Akira Kurosawa","Japan","1965","https://www.criterion.com/films/713-red-beard","films","713","films:713"
"160","À nous la liberté","René Clair","France","1931","https://www.criterion.com/films/714-a-nous-la-liberte","films","714","films:714"
"161","Under the Roofs of Paris","René Clair","France","1930","https://www.criterion.com/films/715-under-the-roofs-of-paris","films","715","films:715"
"162","Ratcatcher","Lynne Ramsay","United Kingdom","1999","https://www.criterion.com/films/716-ratcatcher","films","716","films:716"
"163","Hopscotch","Ronald Neame","United States","1980","https://www.criterion.com/films/717-hopscotch","films","717","films:717"
"164","Solaris","Andrei Tarkovsky","Soviet Union","1972","https://www.criterion.com/films/553-solaris","films","553","films:553"
"165","Man Bites Dog","Rémy Belvaux, André Bonzel, and Benoit Poelvoorde","Belgium","1992","https://www.criterion.com/films/718-man-bites-dog","films","718","films:718"
"166","Down by Law","Jim Jarmusch","United States","1986","https://www.criterion.com/films/719-down-by-law","films","719","films:719"
"167","The Complete Monterey Pop Festival","","","","https://www.criterion.com/boxsets/326-the-complete-monterey-pop-festival","boxsets","326","boxsets:326"
"168","Monterey Pop","D. A. Pennebaker","United States","1968","https://www.criterion.com/films/720-monterey-pop","films","720","films:720"
"169","Jimi Plays Monterey & Shake! Otis at Monterey","D. A. Pennebaker and Chris Hegedus","United States","1986","https://www.criterion.com/films/722-jimi-plays-monterey-shake-otis-at-monterey","films","722","films:722"
"170","Trouble in Paradise","Ernst Lubitsch","United States","1932","https://www.criterion.com/films/723-trouble-in-paradise","films","723","films:723"
"171","Contempt","Jean-Luc Godard","France","1963","https://www.criterion.com/films/239-contempt","films","239","films:239"
"172","Pépé le moko","Julien Duvivier","France","1937","https://www.criterion.com/films/363-pepe-le-moko","films","363","films:363"
"173","The Life and Death of Colonel Blimp","Michael Powell and Emeric Pressburger","United Kingdom","1943","https://www.criterion.com/films/359-the-life-and-death-of-colonel-blimp","films","359","films:359"
"174","Band of Outsiders","Jean-Luc Godard","France","1964","https://www.criterion.com/films/291-band-of-outsiders","films","291","films:291"
"175","Fear and Loathing in Las Vegas","Terry Gilliam","United States","1998","https://www.criterion.com/films/215-fear-and-loathing-in-las-vegas","films","215","films:215"
"176","The Killers","","","","https://www.criterion.com/boxsets/334-the-killers","boxsets","334","boxsets:334"
"177","The Lost Honor of Katharina Blum","Volker Schlöndorff and Margarethe von Trotta","Germany","1975","https://www.criterion.com/films/726-the-lost-honor-of-katharina-blum","films","726","films:726"
"178","My Life as a Dog","Lasse Hallström","Sweden","1985","https://www.criterion.com/films/727-my-life-as-a-dog","films","727","films:727"
"179","I Am Curious","","","","https://www.criterion.com/boxsets/338-i-am-curious","boxsets","338","boxsets:338"
"180","I Am Curious—Yellow","Vilgot Sjöman","Sweden","1967","https://www.criterion.com/films/728-i-am-curious-yellow","films","728","films:728"
"181","I Am Curious—Blue","Vilgot Sjöman","Sweden","1967","https://www.criterion.com/films/729-i-am-curious-blue","films","729","films:729"
"182","Straw Dogs","Sam Peckinpah","United States","1971","https://www.criterion.com/films/730-straw-dogs","films","730","films:730"
"183","Les dames du Bois de Boulogne","Robert Bresson","France","1945","https://www.criterion.com/films/451-les-dames-du-bois-de-boulogne","films","451","films:451"
"184","By Brakhage: An Anthology, Volume One","Stan Brakhage","United States","","https://www.criterion.com/films/731-by-brakhage-an-anthology-volume-one","films","731","films:731"
"185","The Adventures of Antoine Doinel","","","","https://www.criterion.com/boxsets/346-the-adventures-of-antoine-doinel","boxsets","346","boxsets:346"
"186","Stolen Kisses","François Truffaut","France","1968","https://www.criterion.com/films/732-stolen-kisses","films","732","films:732"
"187","Bed and Board","François Truffaut","France","1970","https://www.criterion.com/films/733-bed-and-board","films","733","films:733"
"188","Love on the Run","François Truffaut","France","1979","https://www.criterion.com/films/734-love-on-the-run","films","734","films:734"
"189","The White Sheik","Federico Fellini","Italy","1952","https://www.criterion.com/films/374-the-white-sheik","films","374","films:374"
"190","Throne of Blood","Akira Kurosawa","Japan","1957","https://www.criterion.com/films/735-throne-of-blood","films","735","films:735"
"191","Jubilee","Derek Jarman","United Kingdom","1978","https://www.criterion.com/films/736-jubilee","films","736","films:736"
"192","Coup de grâce","Volker Schlöndorff","Germany","1976","https://www.criterion.com/films/737-coup-de-grace","films","737","films:737"
"193","Quai des Orfèvres","Henri-Georges Clouzot","France","1947","https://www.criterion.com/films/738-quai-des-orfevres","films","738","films:738"
"194","Il posto","Ermanno Olmi","Italy","1961","https://www.criterion.com/films/364-il-posto","films","364","films:364"
"195","I fidanzati","Ermanno Olmi","Italy","1962","https://www.criterion.com/films/739-i-fidanzati","films","739","films:739"
"196","Hiroshima mon amour","Alain Resnais","France","1959","https://www.criterion.com/films/217-hiroshima-mon-amour","films","217","films:217"
"197","Night and Fog","Alain Resnais","France","1955","https://www.criterion.com/films/238-night-and-fog","films","238","films:238"
"198","Ali: Fear Eats the Soul","Rainer Werner Fassbinder","Germany","1974","https://www.criterion.com/films/152-ali-fear-eats-the-soul","films","152","films:152"
"199","Schizopolis","Steven Soderbergh","United States","1996","https://www.criterion.com/films/740-schizopolis","films","740","films:740"
"200","The Honeymoon Killers","Leonard Kastle","United States","1969","https://www.criterion.com/films/582-the-honeymoon-killers","films","582","films:582"
"201","Umberto D.","Vittorio De Sica","Italy","1952","https://www.criterion.com/films/371-umberto-d","films","371","films:371"
"202","Indiscretion of an American Wife","Vittorio De Sica","United States","1953","https://www.criterion.com/films/586-indiscretion-of-an-american-wife","films","586","films:586"
"203","The BRD Trilogy","","","","https://www.criterion.com/boxsets/138-the-brd-trilogy","boxsets","138","boxsets:138"
"204","The Marriage of Maria Braun","Rainer Werner Fassbinder","West Germany","1979","https://www.criterion.com/films/592-the-marriage-of-maria-braun","films","592","films:592"
"205","Veronika Voss","Rainer Werner Fassbinder","West Germany","1982","https://www.criterion.com/films/593-veronika-voss","films","593","films:593"
"206","Lola","Rainer Werner Fassbinder","West Germany","1981","https://www.criterion.com/films/595-lola","films","595","films:595"
"207","The Pornographers","Shohei Imamura","Japan","1966","https://www.criterion.com/films/602-the-pornographers","films","602","films:602"
"208","A Film Trilogy by Ingmar Bergman","","","","https://www.criterion.com/boxsets/89-a-film-trilogy-by-ingmar-bergman","boxsets","89","boxsets:89"
"209","Through a Glass Darkly","Ingmar Bergman","Sweden","1961","https://www.criterion.com/films/568-through-a-glass-darkly","films","568","films:568"
"210","Winter Light","Ingmar Bergman","Sweden","1963","https://www.criterion.com/films/569-winter-light","films","569","films:569"
"211","The Silence","Ingmar Bergman","Sweden","1963","https://www.criterion.com/films/570-the-silence","films","570","films:570"
"213","Richard III","Laurence Olivier","United Kingdom","1955","https://www.criterion.com/films/366-richard-iii","films","366","films:366"
"214","All That Money Can Buy (a.k.a. The Devil and Daniel Webster)","William Dieterle","United States","1941","https://www.criterion.com/films/622-all-that-money-can-buy-a-k-a-the-devil-and-daniel-webster","films","622","films:622"
"215","Knife in the Water","Roman Polanski","Poland","1962","https://www.criterion.com/films/219-knife-in-the-water","films","219","films:219"
"216","The Rules of the Game","Jean Renoir","France","1939","https://www.criterion.com/films/295-the-rules-of-the-game","films","295","films:295"
"217","Tokyo Story","Yasujiro Ozu","Japan","1953","https://www.criterion.com/films/284-tokyo-story","films","284","films:284"
"218","Le cercle rouge","Jean-Pierre Melville","France","1970","https://www.criterion.com/films/628-le-cercle-rouge","films","628","films:628"
"219","La strada","Federico Fellini","Italy","1954","https://www.criterion.com/films/185-la-strada","films","185","films:185"
"220","Naked Lunch","David Cronenberg","Canada","1991","https://www.criterion.com/films/634-naked-lunch","films","634","films:634"
"221","Ikiru","Akira Kurosawa","Japan","1952","https://www.criterion.com/films/353-ikiru","films","353","films:353"
"222","Diary of a Country Priest","Robert Bresson","France","1951","https://www.criterion.com/films/452-diary-of-a-country-priest","films","452","films:452"
"223","Maîtresse","Barbet Schroeder","France","1976","https://www.criterion.com/films/554-maitresse","films","554","films:554"
"224","Pickup on South Street","Samuel Fuller","United States","1953","https://www.criterion.com/films/446-pickup-on-south-street","films","446","films:446"
"225","Tunes of Glory","Ronald Neame","United Kingdom","1960","https://www.criterion.com/films/659-tunes-of-glory","films","659","films:659"
"226","Onibaba","Kaneto Shindo","Japan","1964","https://www.criterion.com/films/665-onibaba","films","665","films:665"
"227","Le Corbeau","Henri-Georges Clouzot","France","1943","https://www.criterion.com/films/684-le-corbeau","films","684","films:684"
"228","Salvatore Giuliano","Francesco Rosi","Italy","1962","https://www.criterion.com/films/687-salvatore-giuliano","films","687","films:687"
"229","Scenes from a Marriage","Ingmar Bergman","Sweden","1973","https://www.criterion.com/films/710-scenes-from-a-marriage","films","710","films:710"
"230","3 Women","Robert Altman","United States","1977","https://www.criterion.com/films/712-3-women","films","712","films:712"
"231","The Testament of Dr. Mabuse","Fritz Lang","Germany","1933","https://www.criterion.com/films/721-the-testament-of-dr-mabuse","films","721","films:721"
"232","A Story of Floating Weeds / Floating Weeds: Two Films by Yasujiro Ozu","","","","https://www.criterion.com/boxsets/369-a-story-of-floating-weeds-floating-weeds-two-films-by-yasujiro-ozu","boxsets","369","boxsets:369"
"233","Stray Dog","Akira Kurosawa","Japan","1949","https://www.criterion.com/films/788-stray-dog","films","788","films:788"
"234","The Tin Drum","Volker Schlöndorff","Germany","1979","https://www.criterion.com/films/789-the-tin-drum","films","789","films:789"
"235","The Leopard","Luchino Visconti","Italy","1963","https://www.criterion.com/films/790-the-leopard","films","790","films:790"
"236","Mamma Roma","Pier Paolo Pasolini","Italy","1962","https://www.criterion.com/films/375-mamma-roma","films","375","films:375"
"237","Smiles of a Summer Night","Ingmar Bergman","Sweden","1955","https://www.criterion.com/films/849-smiles-of-a-summer-night","films","849","films:849"
"238","A Woman Is a Woman","Jean-Luc Godard","France","1961","https://www.criterion.com/films/854-a-woman-is-a-woman","films","854","films:854"
"239","The Lower Depths","","","","https://www.criterion.com/boxsets/487-the-lower-depths","boxsets","487","boxsets:487"
"240","Early Summer","Yasujiro Ozu","Japan","1951","https://www.criterion.com/films/875-early-summer","films","875","films:875"
"241","Stage and Spectacle: Three Films by Jean Renoir","","","","https://www.criterion.com/boxsets/540-stage-and-spectacle-three-films-by-jean-renoir","boxsets","540","boxsets:540"
"242","The Golden Coach","Jean Renoir","France","1953","https://www.criterion.com/films/889-the-golden-coach","films","889","films:889"
"243","French Cancan","Jean Renoir","France","1955","https://www.criterion.com/films/891-french-cancan","films","891","films:891"
"244","Elena and Her Men","Jean Renoir","France","1956","https://www.criterion.com/films/937-elena-and-her-men","films","937","films:937"
"245","Port of Shadows","Marcel Carné","France","1938","https://www.criterion.com/films/947-port-of-shadows","films","947","films:947"
"246","I vitelloni","Federico Fellini","Italy","1953","https://www.criterion.com/films/966-i-vitelloni","films","966","films:966"
"247","Slacker","Richard Linklater","United States","1991","https://www.criterion.com/films/408-slacker","films","408","films:408"
"248","Videodrome","David Cronenberg","Canada","1983","https://www.criterion.com/films/240-videodrome","films","240","films:240"
"249","The Battle of Algiers","Gillo Pontecorvo","Italy","1966","https://www.criterion.com/films/248-the-battle-of-algiers","films","248","films:248"
"250","John Cassavetes: Five Films","","","","https://www.criterion.com/boxsets/558-john-cassavetes-five-films","boxsets","558","boxsets:558"
"251","Shadows","John Cassavetes","United States","1959","https://www.criterion.com/films/500-shadows","films","500","films:500"
"252","Faces","John Cassavetes","United States","1968","https://www.criterion.com/films/915-faces","films","915","films:915"
"253","A Woman Under the Influence","John Cassavetes","United States","1974","https://www.criterion.com/films/510-a-woman-under-the-influence","films","510","films:510"
"254","The Killing of a Chinese Bookie","John Cassavetes","United States","1976","https://www.criterion.com/films/958-the-killing-of-a-chinese-bookie","films","958","films:958"
"255","Opening Night","John Cassavetes","United States","1977","https://www.criterion.com/films/957-opening-night","films","957","films:957"
"256","A Constant Forge","Charles Kiselyak","United States","2000","https://www.criterion.com/films/956-a-constant-forge","films","956","films:956"
"257","Secret Honor","Robert Altman","United States","1984","https://www.criterion.com/films/955-secret-honor","films","955","films:955"
"258","Tanner ’88","Robert Altman","United States","1988","https://www.criterion.com/films/952-tanner-88","films","952","films:952"
"259","Fat Girl","Catherine Breillat","France","2001","https://www.criterion.com/films/548-fat-girl","films","548","films:548"
"260","Eyes Without a Face","Georges Franju","France","1960","https://www.criterion.com/films/950-eyes-without-a-face","films","950","films:950"
"261","Fanny and Alexander","","","","https://www.criterion.com/boxsets/206-fanny-and-alexander","boxsets","206","boxsets:206"
"262","Fanny and Alexander: Television Version","Ingmar Bergman","Sweden","1983","https://www.criterion.com/films/626-fanny-and-alexander-television-version","films","626","films:626"
"263","Fanny and Alexander: Theatrical Version","Ingmar Bergman","Sweden","1982","https://www.criterion.com/films/201-fanny-and-alexander-theatrical-version","films","201","films:201"
"264","The Making of Fanny and Alexander","Ingmar Bergman","Sweden","1982","https://www.criterion.com/films/627-the-making-of-fanny-and-alexander","films","627","films:627"
"265","Short Cuts","Robert Altman","United States","1993","https://www.criterion.com/films/376-short-cuts","films","376","films:376"
"266","The King of Kings","Cecil B. DeMille","United States","1927","https://www.criterion.com/films/949-the-king-of-kings","films","949","films:949"
"267","Kagemusha","Akira Kurosawa","Japan","1980","https://www.criterion.com/films/948-kagemusha","films","948","films:948"
"268","Youth of the Beast","Seijun Suzuki","Japan","1963","https://www.criterion.com/films/946-youth-of-the-beast","films","946","films:946"
"269","Fighting Elegy","Seijun Suzuki","Japan","1966","https://www.criterion.com/films/945-fighting-elegy","films","945","films:945"
"270","Casque d’or","Jacques Becker","France","1952","https://www.criterion.com/films/942-casque-d-or","films","942","films:942"
"271","Touchez pas au grisbi","Jacques Becker","France","1954","https://www.criterion.com/films/941-touchez-pas-au-grisbi","films","941","films:941"
"272","La commare secca","Bernardo Bertolucci","Italy","1962","https://www.criterion.com/films/940-la-commare-secca","films","940","films:940"
"273","Thieves’ Highway","Jules Dassin","United States","1949","https://www.criterion.com/films/939-thieves-highway","films","939","films:939"
"274","Night and the City","Jules Dassin","United States","1950","https://www.criterion.com/films/933-night-and-the-city","films","933","films:933"
"275","Tout va bien","Jean-Luc Godard and Jean-Pierre Gorin","France","1972","https://www.criterion.com/films/929-tout-va-bien","films","929","films:929"
"276","The River","Jean Renoir","France","1951","https://www.criterion.com/films/679-the-river","films","679","films:679"
"277","My Own Private Idaho","Gus Van Sant","United States","1991","https://www.criterion.com/films/249-my-own-private-idaho","films","249","films:249"
"278","L’eclisse","Michelangelo Antonioni","Italy","1962","https://www.criterion.com/films/928-l-eclisse","films","928","films:928"
"279","Young Törless","Volker Schlöndorff","Germany","1966","https://www.criterion.com/films/926-young-torless","films","926","films:926"
"280","The Sword of Doom","Kihachi Okamoto","Japan","1966","https://www.criterion.com/films/925-the-sword-of-doom","films","925","films:925"
"281","Jules and Jim","François Truffaut","France","1962","https://www.criterion.com/films/218-jules-and-jim","films","218","films:218"
"282","Andrzej Wajda: Three War Films","","","","https://www.criterion.com/boxsets/528-andrzej-wajda-three-war-films","boxsets","528","boxsets:528"
"283","A Generation","Andrzej Wajda","Poland","1955","https://www.criterion.com/films/921-a-generation","films","921","films:921"
"284","Kanal","Andrzej Wajda","Poland","1957","https://www.criterion.com/films/916-kanal","films","916","films:916"
"285","Ashes and Diamonds","Andrzej Wajda","Poland","1958","https://www.criterion.com/films/342-ashes-and-diamonds","films","342","films:342"
"286","Divorce Italian Style","Pietro Germi","Italy","1961","https://www.criterion.com/films/877-divorce-italian-style","films","877","films:877"
"287","Burden of Dreams","Les Blank","United States","1982","https://www.criterion.com/films/546-burden-of-dreams","films","546","films:546"
"288","F for Fake","Orson Welles","United States","1975","https://www.criterion.com/films/908-f-for-fake","films","908","films:908"
"289","Hoop Dreams","Steve James","United States","1994","https://www.criterion.com/films/906-hoop-dreams","films","906","films:906"
"290","The Phantom of Liberty","Luis Buñuel","France","1974","https://www.criterion.com/films/905-the-phantom-of-liberty","films","905","films:905"
"291","Heaven Can Wait","Ernst Lubitsch","United States","1943","https://www.criterion.com/films/878-heaven-can-wait","films","878","films:878"
"292","Unfaithfully Yours","Preston Sturges","United States","1948","https://www.criterion.com/films/876-unfaithfully-yours","films","876","films:876"
"293","The Flowers of St. Francis","Roberto Rossellini","Italy","1950","https://www.criterion.com/films/874-the-flowers-of-st-francis","films","874","films:874"
"294","The Browning Version","Anthony Asquith","United Kingdom","1951","https://www.criterion.com/films/873-the-browning-version","films","873","films:873"
"295","Crazed Fruit","Kô Nakahira","Japan","1956","https://www.criterion.com/films/872-crazed-fruit","films","872","films:872"
"296","Le notti bianche","Luchino Visconti","Italy","1957","https://www.criterion.com/films/868-le-notti-bianche","films","868","films:868"
"297","Au hasard Balthazar","Robert Bresson","France","1966","https://www.criterion.com/films/455-au-hasard-balthazar","films","455","films:455"
"298","Gate of Flesh","Seijun Suzuki","Japan","1964","https://www.criterion.com/films/863-gate-of-flesh","films","863","films:863"
"299","Story of a Prostitute","Seijun Suzuki","Japan","1965","https://www.criterion.com/films/862-story-of-a-prostitute","films","862","films:862"
"300","The Life Aquatic with Steve Zissou","Wes Anderson","United States","2004","https://www.criterion.com/films/741-the-life-aquatic-with-steve-zissou","films","741","films:741"
"301","An Angel at My Table","Jane Campion","New Zealand","1990","https://www.criterion.com/films/742-an-angel-at-my-table","films","742","films:742"
"302","Harakiri","Masaki Kobayashi","Japan","1962","https://www.criterion.com/films/743-harakiri","films","743","films:743"
"303","Bad Timing","Nicolas Roeg","United Kingdom","1980","https://www.criterion.com/films/744-bad-timing","films","744","films:744"
"304","The Man Who Fell to Earth","Nicolas Roeg","United States","1976","https://www.criterion.com/films/755-the-man-who-fell-to-earth","films","755","films:755"
"305","Boudu Saved from Drowning","Jean Renoir","France","1932","https://www.criterion.com/films/756-boudu-saved-from-drowning","films","756","films:756"
"306","Le samouraï","Jean-Pierre Melville","France","1967","https://www.criterion.com/films/184-le-samourai","films","184","films:184"
"307","Naked","Mike Leigh","United Kingdom","1993","https://www.criterion.com/films/220-naked","films","220","films:220"
"308","Masculin féminin","Jean-Luc Godard","France","1966","https://www.criterion.com/films/508-masculin-feminin","films","508","films:508"
"309","Ugetsu","Kenji Mizoguchi","Japan","1953","https://www.criterion.com/films/369-ugetsu","films","369","films:369"
"310","Samurai Rebellion","Masaki Kobayashi","Japan","1967","https://www.criterion.com/films/753-samurai-rebellion","films","753","films:753"
"311","Sword of the Beast","Hideo Gosha","Japan","1965","https://www.criterion.com/films/761-sword-of-the-beast","films","761","films:761"
"312","Samurai Spy","Masahiro Shinoda","Japan","1965","https://www.criterion.com/films/762-samurai-spy","films","762","films:762"
"313","Kill!","Kihachi Okamoto","Japan","1968","https://www.criterion.com/films/763-kill","films","763","films:763"
"314","Pickpocket","Robert Bresson","France","1959","https://www.criterion.com/films/229-pickpocket","films","229","films:229"
"315","Shoot the Piano Player","François Truffaut","France","1960","https://www.criterion.com/films/764-shoot-the-piano-player","films","764","films:764"
"316","Ran","Akira Kurosawa","Japan","1985","https://www.criterion.com/films/754-ran","films","754","films:754"
"317","The Tales of Hoffmann","Michael Powell and Emeric Pressburger","United Kingdom","1951","https://www.criterion.com/films/748-the-tales-of-hoffmann","films","748","films:748"
"318","Forbidden Games","René Clément","France","1952","https://www.criterion.com/films/350-forbidden-games","films","350","films:350"
"319","The Bad Sleep Well","Akira Kurosawa","Japan","1960","https://www.criterion.com/films/765-the-bad-sleep-well","films","765","films:765"
"320","Young Mr. Lincoln","John Ford","United States","1939","https://www.criterion.com/films/766-young-mr-lincoln","films","766","films:766"
"321","The Virgin Spring","Ingmar Bergman","Sweden","1960","https://www.criterion.com/films/372-the-virgin-spring","films","372","films:372"
"322","The Complete Mr. Arkadin","Orson Welles","France","1955","https://www.criterion.com/films/767-the-complete-mr-arkadin","films","767","films:767"
"323","The Children Are Watching Us","Vittorio De Sica","Italy","1944","https://www.criterion.com/films/772-the-children-are-watching-us","films","772","films:772"
"324","La bête humaine","Jean Renoir","France","1938","https://www.criterion.com/films/773-la-bete-humaine","films","773","films:773"
"325","Kind Hearts and Coronets","Robert Hamer","United Kingdom","1949","https://www.criterion.com/films/357-kind-hearts-and-coronets","films","357","films:357"
"326","Metropolitan","Whit Stillman","United States","1990","https://www.criterion.com/films/774-metropolitan","films","774","films:774"
"327","3 Films by Louis Malle","","","","https://www.criterion.com/boxsets/397-3-films-by-louis-malle","boxsets","397","boxsets:397"
"328","Murmur of the Heart","Louis Malle","France","1971","https://www.criterion.com/films/775-murmur-of-the-heart","films","775","films:775"
"329","Lacombe, Lucien","Louis Malle","France","1974","https://www.criterion.com/films/776-lacombe-lucien","films","776","films:776"
"330","Au revoir les enfants","Louis Malle","France","1987","https://www.criterion.com/films/549-au-revoir-les-enfants","films","549","films:549"
"331","Late Spring","Yasujiro Ozu","Japan","1949","https://www.criterion.com/films/298-late-spring","films","298","films:298"
"332","Viridiana","Luis Buñuel","Spain","1961","https://www.criterion.com/films/373-viridiana","films","373","films:373"
"333","Fists in the Pocket","Marco Bellocchio","Italy","1965","https://www.criterion.com/films/348-fists-in-the-pocket","films","348","films:348"
"334","Harlan County USA","Barbara Kopple","United States","1976","https://www.criterion.com/films/777-harlan-county-usa","films","777","films:777"
"335","Elevator to the Gallows","Louis Malle","France","1958","https://www.criterion.com/films/778-elevator-to-the-gallows","films","778","films:778"
"336","Dazed and Confused","Richard Linklater","United States","1993","https://www.criterion.com/films/314-dazed-and-confused","films","314","films:314"
"337","À nos amours","Maurice Pialat","France","1983","https://www.criterion.com/films/779-a-nos-amours","films","779","films:779"
"338","Equinox","Jack Woods","United States","1970","https://www.criterion.com/films/780-equinox","films","780","films:780"
"339","Yi Yi","Edward Yang","Taiwan","2000","https://www.criterion.com/films/781-yi-yi","films","781","films:781"
"340","Koko: A Talking Gorilla","Barbet Schroeder","France","1978","https://www.criterion.com/films/782-koko-a-talking-gorilla","films","782","films:782"
"341","A Canterbury Tale","Michael Powell and Emeric Pressburger","United Kingdom","1944","https://www.criterion.com/films/785-a-canterbury-tale","films","785","films:785"
"342","Six Moral Tales","","","","https://www.criterion.com/boxsets/417-six-moral-tales","boxsets","417","boxsets:417"
"343","The Bakery Girl of Monceau","Eric Rohmer","France","1963","https://www.criterion.com/films/786-the-bakery-girl-of-monceau","films","786","films:786"
"344","Suzanne’s Career","Eric Rohmer","France","1963","https://www.criterion.com/films/787-suzanne-s-career","films","787","films:787"
"345","My Night at Maud’s","Eric Rohmer","France","1969","https://www.criterion.com/films/791-my-night-at-maud-s","films","791","films:791"
"346","La collectionneuse","Eric Rohmer","France","1967","https://www.criterion.com/films/792-la-collectionneuse","films","792","films:792"
"347","Claire’s Knee","Eric Rohmer","France","1970","https://www.criterion.com/films/793-claire-s-knee","films","793","films:793"
"348","Love in the Afternoon","Eric Rohmer","France","1972","https://www.criterion.com/films/794-love-in-the-afternoon","films","794","films:794"
"349","Kicking and Screaming","Noah Baumbach","United States","1995","https://www.criterion.com/films/795-kicking-and-screaming","films","795","films:795"
"350","Seduced and Abandoned","Pietro Germi","Italy","1964","https://www.criterion.com/films/796-seduced-and-abandoned","films","796","films:796"
"351","The Spirit of the Beehive","Víctor Erice","Spain","1973","https://www.criterion.com/films/367-the-spirit-of-the-beehive","films","367","films:367"
"352","Jigoku","Nobuo Nakagawa","Japan","1960","https://www.criterion.com/films/797-jigoku","films","797","films:797"
"353","Sólo con tu pareja","Alfonso Cuarón","Mexico","1991","https://www.criterion.com/films/798-solo-con-tu-pareja","films","798","films:798"
"354","Clean, Shaven","Lodge Kerrigan","United States","1994","https://www.criterion.com/films/551-clean-shaven","films","551","films:551"
"355","Hands over the City","Francesco Rosi","Italy","1963","https://www.criterion.com/films/799-hands-over-the-city","films","799","films:799"
"356","Sweetie","Jane Campion","New Zealand","1989","https://www.criterion.com/films/749-sweetie","films","749","films:749"
"357","The Fallen Idol","Carol Reed","United Kingdom","1948","https://www.criterion.com/films/346-the-fallen-idol","films","346","films:346"
"358","Pandora’s Box","G. W. Pabst","Germany","1929","https://www.criterion.com/films/362-pandora-s-box","films","362","films:362"
"359","The Double Life of Véronique","Krzysztof Kieślowski","France","1991","https://www.criterion.com/films/214-the-double-life-of-veronique","films","214","films:214"
"360","Symbiopsychotaxiplasm: Two Takes by William Greaves","William Greaves","United States","1968","https://www.criterion.com/films/751-symbiopsychotaxiplasm-two-takes-by-william-greaves","films","751","films:751"
"361","The Beales of Grey Gardens","Albert Maysles and David Maysles","United States","2006","https://www.criterion.com/films/666-the-beales-of-grey-gardens","films","666","films:666"
"362","Border Radio","Allison Anders, Dean Lent, and Kurt Voss","United States","1987","https://www.criterion.com/films/802-border-radio","films","802","films:802"
"363","Mouchette","Robert Bresson","France","1967","https://www.criterion.com/films/456-mouchette","films","456","films:456"
"364","Monsters and Madmen","","","","https://www.criterion.com/boxsets/434-monsters-and-madmen","boxsets","434","boxsets:434"
"365","First Man into Space","Robert Day","United States","1959","https://www.criterion.com/films/803-first-man-into-space","films","803","films:803"
"366","The Atomic Submarine","Spencer G. Bennet","United States","1959","https://www.criterion.com/films/804-the-atomic-submarine","films","804","films:804"
"367","The Haunted Strangler","Robert Day","United States","1958","https://www.criterion.com/films/805-the-haunted-strangler","films","805","films:805"
"368","Corridors of Blood","Robert Day","United States","1959","https://www.criterion.com/films/806-corridors-of-blood","films","806","films:806"
"369","Paul Robeson: Portraits of the Artist","","","","https://www.criterion.com/boxsets/443-paul-robeson-portraits-of-the-artist","boxsets","443","boxsets:443"
"370","The Emperor Jones","Dudley Murphy","United States","1933","https://www.criterion.com/films/807-the-emperor-jones","films","807","films:807"
"371","Body and Soul","Oscar Micheaux","United States","1925","https://www.criterion.com/films/809-body-and-soul","films","809","films:809"
"372","Sanders of the River","Zoltán Korda","United Kingdom","1935","https://www.criterion.com/films/811-sanders-of-the-river","films","811","films:811"
"373","The Proud Valley","Pen Tennyson","United Kingdom","1940","https://www.criterion.com/films/813-the-proud-valley","films","813","films:813"
"374","Bicycle Thieves","Vittorio De Sica","Italy","1948","https://www.criterion.com/films/210-bicycle-thieves","films","210","films:210"
"375","Green for Danger","Sidney Gilliat","United Kingdom","1946","https://www.criterion.com/films/815-green-for-danger","films","815","films:815"
"376","49th Parallel","Michael Powell","United Kingdom","1941","https://www.criterion.com/films/520-49th-parallel","films","520","films:520"
"377","When a Woman Ascends the Stairs","Mikio Naruse","Japan","1960","https://www.criterion.com/films/816-when-a-woman-ascends-the-stairs","films","816","films:816"
"378","Fires on the Plain","Kon Ichikawa","Japan","1959","https://www.criterion.com/films/347-fires-on-the-plain","films","347","films:347"
"379","The Burmese Harp","Kon Ichikawa","Japan","1956","https://www.criterion.com/films/817-the-burmese-harp","films","817","films:817"
"380","The Naked City","Jules Dassin","United States","1948","https://www.criterion.com/films/818-the-naked-city","films","818","films:818"
"381","La haine","Mathieu Kassovitz","France","1995","https://www.criterion.com/films/216-la-haine","films","216","films:216"
"382","Overlord","Stuart Cooper","United Kingdom","1975","https://www.criterion.com/films/550-overlord","films","550","films:550"
"383","Brute Force","Jules Dassin","United States","1947","https://www.criterion.com/films/820-brute-force","films","820","films:820"
"384","Vengeance Is Mine","Shohei Imamura","Japan","1979","https://www.criterion.com/films/822-vengeance-is-mine","films","822","films:822"
"385","Army of Shadows","Jean-Pierre Melville","France","1969","https://www.criterion.com/films/153-army-of-shadows","films","153","films:153"
"386","Sansho the Bailiff","Kenji Mizoguchi","Japan","1954","https://www.criterion.com/films/823-sansho-the-bailiff","films","823","films:823"
"387","La Jetée/Sans Soleil","","","","https://www.criterion.com/boxsets/77-la-jetee-sans-soleil","boxsets","77","boxsets:77"
"388","The Two of Us","Claude Berri","France","1967","https://www.criterion.com/films/757-the-two-of-us","films","757","films:757"
"389","WR: Mysteries of the Organism","Dušan Makavejev","Yugoslavia","1971","https://www.criterion.com/films/824-wr-mysteries-of-the-organism","films","824","films:824"
"390","Sweet Movie","Dušan Makavejev","France","1974","https://www.criterion.com/films/552-sweet-movie","films","552","films:552"
"391","If....","Lindsay Anderson","United Kingdom","1969","https://www.criterion.com/films/825-if","films","825","films:825"
"392","Three Films by Hiroshi Teshigahara","","","","https://www.criterion.com/boxsets/458-three-films-by-hiroshi-teshigahara","boxsets","458","boxsets:458"
"393","Pitfall","Hiroshi Teshigahara","Japan","1962","https://www.criterion.com/films/827-pitfall","films","827","films:827"
"394","Woman in the Dunes","Hiroshi Teshigahara","Japan","1964","https://www.criterion.com/films/826-woman-in-the-dunes","films","826","films:826"
"395","The Face of Another","Hiroshi Teshigahara","Japan","1966","https://www.criterion.com/films/828-the-face-of-another","films","828","films:828"
"396","Ace in the Hole","Billy Wilder","United States","1951","https://www.criterion.com/films/829-ace-in-the-hole","films","829","films:829"
"397","Ivan’s Childhood","Andrei Tarkovsky","Soviet Union","1962","https://www.criterion.com/films/830-ivan-s-childhood","films","830","films:830"
"398","Les enfants terribles","Jean-Pierre Melville","France","1950","https://www.criterion.com/films/758-les-enfants-terribles","films","758","films:758"
"399","House of Games","David Mamet","United States","1987","https://www.criterion.com/films/831-house-of-games","films","831","films:831"
"400","Stranger Than Paradise","Jim Jarmusch","United States","1984","https://www.criterion.com/films/252-stranger-than-paradise","films","252","films:252"
"401","Night on Earth","Jim Jarmusch","United States","1991","https://www.criterion.com/films/227-night-on-earth","films","227","films:227"
"402","The Milky Way","Luis Buñuel","France","1969","https://www.criterion.com/films/832-the-milky-way","films","832","films:832"
"403","Cría cuervos . . .","Carlos Saura","Spain","1976","https://www.criterion.com/films/519-cria-cuervos","films","519","films:519"
"404","Robinson Crusoe on Mars","Byron Haskin","United States","1964","https://www.criterion.com/films/821-robinson-crusoe-on-mars","films","821","films:821"
"405","The Threepenny Opera","G. W. Pabst","Germany","1931","https://www.criterion.com/films/834-the-threepenny-opera","films","834","films:834"
"406","Martha Graham: Dance on Film","Nathan Kroll","United States","1959","https://www.criterion.com/films/835-martha-graham-dance-on-film","films","835","films:835"
"407","Mala Noche","Gus Van Sant","United States","1985","https://www.criterion.com/films/253-mala-noche","films","253","films:253"
"408","Breathless","Jean-Luc Godard","France","1960","https://www.criterion.com/films/268-breathless","films","268","films:268"
"409","Days of Heaven","Terrence Malick","United States","1978","https://www.criterion.com/films/213-days-of-heaven","films","213","films:213"
"410","Under the Volcano","John Huston","United States","1984","https://www.criterion.com/films/837-under-the-volcano","films","837","films:837"
"411","Berlin Alexanderplatz","Rainer Werner Fassbinder","Germany","1980","https://www.criterion.com/films/839-berlin-alexanderplatz","films","839","films:839"
"412","Sawdust and Tinsel","Ingmar Bergman","Sweden","1953","https://www.criterion.com/films/842-sawdust-and-tinsel","films","842","films:842"
"413","Drunken Angel","Akira Kurosawa","Japan","1948","https://www.criterion.com/films/845-drunken-angel","films","845","films:845"
"414","Two-Lane Blacktop","Monte Hellman","United States","1971","https://www.criterion.com/films/847-two-lane-blacktop","films","847","films:847"
"415","The Naked Prey","Cornel Wilde","United States","1965","https://www.criterion.com/films/848-the-naked-prey","films","848","films:848"
"416","Miss Julie","Alf Sjöberg","Sweden","1951","https://www.criterion.com/films/361-miss-julie","films","361","films:361"
"417","This Sporting Life","Lindsay Anderson","United Kingdom","1963","https://www.criterion.com/films/853-this-sporting-life","films","853","films:853"
"418","4 by Agnès Varda","","","","https://www.criterion.com/boxsets/8-4-by-agnes-varda","boxsets","8","boxsets:8"
"419","La Pointe Courte","Agnès Varda","France","1955","https://www.criterion.com/films/524-la-pointe-courte","films","524","films:524"
"420","Le bonheur","Agnès Varda","France","1965","https://www.criterion.com/films/525-le-bonheur","films","525","films:525"
"421","Pierrot le fou","Jean-Luc Godard","France","1965","https://www.criterion.com/films/149-pierrot-le-fou","films","149","films:149"
"422","The Last Emperor","Bernardo Bertolucci","China","1987","https://www.criterion.com/films/254-the-last-emperor","films","254","films:254"
"423","Walker","Alex Cox","United States","1987","https://www.criterion.com/films/526-walker","films","526","films:526"
"424","Mafioso","Alberto Lattuada","Italy","1962","https://www.criterion.com/films/527-mafioso","films","527","films:527"
"425","Antonio Gaudí","Hiroshi Teshigahara","Japan","1984","https://www.criterion.com/films/536-antonio-gaudi","films","536","films:536"
"426","The Ice Storm","Ang Lee","United States","1997","https://www.criterion.com/films/336-the-ice-storm","films","336","films:336"
"427","Death of a Cyclist","Juan Antonio Bardem","Spain","1955","https://www.criterion.com/films/537-death-of-a-cyclist","films","537","films:537"
"428","Blast of Silence","Allen Baron","United States","1961","https://www.criterion.com/films/538-blast-of-silence","films","538","films:538"
"429","The Lovers","Louis Malle","France","1958","https://www.criterion.com/films/539-the-lovers","films","539","films:539"
"430","The Fire Within","Louis Malle","France","1963","https://www.criterion.com/films/540-the-fire-within","films","540","films:540"
"431","The Thief of Bagdad","Ludwig Berger, Michael Powell, and Tim Whelan","United Kingdom","1940","https://www.criterion.com/films/544-the-thief-of-bagdad","films","544","films:544"
"432","Mishima: A Life in Four Chapters","Paul Schrader","United States","1985","https://www.criterion.com/films/588-mishima-a-life-in-four-chapters","films","588","films:588"
"433","Patriotism","Yukio Mishima and Domoto Masaki","Japan","1966","https://www.criterion.com/films/589-patriotism","films","589","films:589"
"434","Classe tous risques","Claude Sautet","France","1960","https://www.criterion.com/films/591-classe-tous-risques","films","591","films:591"
"435","The Furies","Anthony Mann","United States","1950","https://www.criterion.com/films/596-the-furies","films","596","films:596"
"436","Before the Rain","Milcho Manchevski","Republic of Macedonia","1994","https://www.criterion.com/films/858-before-the-rain","films","858","films:858"
"437","Vampyr","Carl Th. Dreyer","Denmark","1932","https://www.criterion.com/films/661-vampyr","films","661","films:661"
"438","Mon oncle Antoine","Claude Jutra","Canada","1971","https://www.criterion.com/films/590-mon-oncle-antoine","films","590","films:590"
"439","Trafic","Jacques Tati","France","1971","https://www.criterion.com/films/859-trafic","films","859","films:859"
"440","Brand upon the Brain!","Guy Maddin","Canada","2006","https://www.criterion.com/films/746-brand-upon-the-brain","films","746","films:746"
"441","The Small Back Room","Michael Powell and Emeric Pressburger","United Kingdom","1949","https://www.criterion.com/films/747-the-small-back-room","films","747","films:747"
"442","Twenty-Four Eyes","Keisuke Kinoshita","Japan","1954","https://www.criterion.com/films/745-twenty-four-eyes","films","745","films:745"
"443","La ronde","Max Ophuls","France","1950","https://www.criterion.com/films/573-la-ronde","films","573","films:573"
"444","Le plaisir","Max Ophuls","France","1952","https://www.criterion.com/films/572-le-plaisir","films","572","films:572"
"445","The Earrings of Madame de . . .","Max Ophuls","France","1953","https://www.criterion.com/films/571-the-earrings-of-madame-de","films","571","films:571"
"446","An Autumn Afternoon","Yasujiro Ozu","Japan","1962","https://www.criterion.com/films/784-an-autumn-afternoon","films","784","films:784"
"447","Le doulos","Jean-Pierre Melville","France","1962","https://www.criterion.com/films/759-le-doulos","films","759","films:759"
"448","Le deuxième souffle","Jean-Pierre Melville","France","1966","https://www.criterion.com/films/760-le-deuxieme-souffle","films","760","films:760"
"449","Missing","Costa-Gavras","United States","1982","https://www.criterion.com/films/769-missing","films","769","films:769"
"450","Bottle Rocket","Wes Anderson","United States","1996","https://www.criterion.com/films/594-bottle-rocket","films","594","films:594"
"451","Fanfan la Tulipe","Christian-Jaque","France","1952","https://www.criterion.com/films/750-fanfan-la-tulipe","films","750","films:750"
"452","The Spy Who Came in from the Cold","Martin Ritt","United States","1965","https://www.criterion.com/films/860-the-spy-who-came-in-from-the-cold","films","860","films:860"
"453","Chungking Express","Wong Kar Wai","Hong Kong","1994","https://www.criterion.com/films/226-chungking-express","films","226","films:226"
"454","Europa","Lars von Trier","Denmark","1991","https://www.criterion.com/films/768-europa","films","768","films:768"
"455","White Dog","Samuel Fuller","United States","1982","https://www.criterion.com/films/861-white-dog","films","861","films:861"
"456","The Taking of Power by Louis XIV","Roberto Rossellini","Italy","1966","https://www.criterion.com/films/971-the-taking-of-power-by-louis-xiv","films","971","films:971"
"457","Magnificent Obsession","Douglas Sirk","United States","1954","https://www.criterion.com/films/973-magnificent-obsession","films","973","films:973"
"458","El Norte","Gregory Nava","Guatemala","1983","https://www.criterion.com/films/972-el-norte","films","972","films:972"
"459","The Exterminating Angel","Luis Buñuel","Mexico","1962","https://www.criterion.com/films/1076-the-exterminating-angel","films","1076","films:1076"
"460","Simon of the Desert","Luis Buñuel","Mexico","1965","https://www.criterion.com/films/1077-simon-of-the-desert","films","1077","films:1077"
"461","Hobson’s Choice","David Lean","United Kingdom","1954","https://www.criterion.com/films/1078-hobson-s-choice","films","1078","films:1078"
"462","The Last Metro","François Truffaut","France","1980","https://www.criterion.com/films/1084-the-last-metro","films","1084","films:1084"
"463","Il Generale Della Rovere","Roberto Rossellini","Italy","1959","https://www.criterion.com/films/1085-il-generale-della-rovere","films","1085","films:1085"
"464","Danton","Andrzej Wajda","France","1983","https://www.criterion.com/films/555-danton","films","555","films:555"
"465","Dodes’ka-den","Akira Kurosawa","Japan","1970","https://www.criterion.com/films/1083-dodes-ka-den","films","1083","films:1083"
"466","In the Realm of the Senses","Nagisa Oshima","Japan","1976","https://www.criterion.com/films/1287-in-the-realm-of-the-senses","films","1287","films:1287"
"467","Empire of Passion","Nagisa Oshima","Japan","1978","https://www.criterion.com/films/1288-empire-of-passion","films","1288","films:1288"
"468","Science Is Fiction: 23 Films by Jean Painlevé","Jean Painlevé","France","","https://www.criterion.com/films/1286-science-is-fiction-23-films-by-jean-painleve","films","1286","films:1286"
"469","The Hit","Stephen Frears","United Kingdom","1984","https://www.criterion.com/films/1285-the-hit","films","1285","films:1285"
"470","Wise Blood","John Huston","United States","1979","https://www.criterion.com/films/1424-wise-blood","films","1424","films:1424"
"471","Pigs, Pimps & Prostitutes: 3 Films by Shohei Imamura","","","","https://www.criterion.com/boxsets/613-pigs-pimps-prostitutes-3-films-by-shohei-imamura","boxsets","613","boxsets:613"
"472","Pigs and Battleships","Shohei Imamura","Japan","1962","https://www.criterion.com/films/1428-pigs-and-battleships","films","1428","films:1428"
"473","The Insect Woman","Shohei Imamura","Japan","1963","https://www.criterion.com/films/1430-the-insect-woman","films","1430","films:1430"
"474","Intentions of Murder","Shohei Imamura","Japan","1964","https://www.criterion.com/films/1431-intentions-of-murder","films","1431","films:1431"
"475","The Friends of Eddie Coyle","Peter Yates","United States","1973","https://www.criterion.com/films/1426-the-friends-of-eddie-coyle","films","1426","films:1426"
"476","The Curious Case of Benjamin Button","David Fincher","United States","2008","https://www.criterion.com/films/1584-the-curious-case-of-benjamin-button","films","1584","films:1584"
"477","Bergman Island","Marie Nyreröd","Sweden","2006","https://www.criterion.com/films/556-bergman-island","films","556","films:556"
"478","Last Year at Marienbad","Alain Resnais","France","1961","https://www.criterion.com/films/1517-last-year-at-marienbad","films","1517","films:1517"
"479","My Dinner with André","Louis Malle","United States","1981","https://www.criterion.com/films/1093-my-dinner-with-andre","films","1093","films:1093"
"480","The Human Condition","Masaki Kobayashi","Japan","1959","https://www.criterion.com/films/2106-the-human-condition","films","2106","films:2106"
"481","Made in U.S.A","Jean-Luc Godard","France","1966","https://www.criterion.com/films/2109-made-in-u-s-a","films","2109","films:2109"
"482","2 or 3 Things I Know About Her","Jean-Luc Godard","France","1967","https://www.criterion.com/films/1333-2-or-3-things-i-know-about-her","films","1333","films:1333"
"483","Repulsion","Roman Polanski","United Kingdom","1965","https://www.criterion.com/films/404-repulsion","films","404","films:404"
"484","Jeanne Dielman, 23, quai du Commerce, 1080 Bruxelles","Chantal Akerman","France","1975","https://www.criterion.com/films/302-jeanne-dielman-23-quai-du-commerce-1080-bruxelles","films","302","films:302"
"485","The Last Days of Disco","Whit Stillman","United States","1998","https://www.criterion.com/films/2954-the-last-days-of-disco","films","2954","films:2954"
"486","Homicide","David Mamet","United States","1991","https://www.criterion.com/films/3558-homicide","films","3558","films:3558"
"487","That Hamilton Woman","Alexander Korda","United Kingdom","1941","https://www.criterion.com/films/3559-that-hamilton-woman","films","3559","films:3559"
"488","Howards End","James Ivory","United Kingdom","1992","https://www.criterion.com/films/1515-howards-end","films","1515","films:1515"
"489","Monsoon Wedding","Mira Nair","India","2001","https://www.criterion.com/films/2364-monsoon-wedding","films","2364","films:2364"
"490","Wings of Desire","Wim Wenders","Germany","1987","https://www.criterion.com/films/200-wings-of-desire","films","200","films:200"
"491","Z","Costa-Gavras","Greece","1969","https://www.criterion.com/films/1400-z","films","1400","films:1400"
"492","A Christmas Tale","Arnaud Desplechin","France","2008","https://www.criterion.com/films/474-a-christmas-tale","films","474","films:474"
"493","Gomorrah","Matteo Garrone","Italy","2008","https://www.criterion.com/films/1590-gomorrah","films","1590","films:1590"
"494","Downhill Racer","Michael Ritchie","United States","1969","https://www.criterion.com/films/20391-downhill-racer","films","20391","films:20391"
"495","The Golden Age of Television","","United States","","https://www.criterion.com/films/3560-the-golden-age-of-television","films","3560","films:3560"
"496","Che","Steven Soderbergh","France","2008","https://www.criterion.com/films/20987-che","films","20987","films:20987"
"497","Rome Open City","Roberto Rossellini","Italy","1945","https://www.criterion.com/films/975-rome-open-city","films","975","films:975"
"498","Paisan","Roberto Rossellini","Italy","1946","https://www.criterion.com/films/2415-paisan","films","2415","films:2415"
"499","Germany Year Zero","Roberto Rossellini","Italy","1948","https://www.criterion.com/films/297-germany-year-zero","films","297","films:297"
"500","Roberto Rossellini’s War Trilogy","","","","https://www.criterion.com/boxsets/689-roberto-rossellini-s-war-trilogy","boxsets","689","boxsets:689"
"501","Paris, Texas","Wim Wenders","Germany","1984","https://www.criterion.com/films/1502-paris-texas","films","1502","films:1502"
"502","Revanche","Götz Spielmann","Austria","2008","https://www.criterion.com/films/85-revanche","films","85","films:85"
"503","Lola Montès","Max Ophuls","Germany","1955","https://www.criterion.com/films/938-lola-montes","films","938","films:938"
"504","Hunger","Steve McQueen","Ireland","2008","https://www.criterion.com/films/477-hunger","films","477","films:477"
"505","Make Way for Tomorrow","Leo McCarey","United States","1937","https://www.criterion.com/films/2350-make-way-for-tomorrow","films","2350","films:2350"
"506","Dillinger Is Dead","Marco Ferreri","Italy","1969","https://www.criterion.com/films/21641-dillinger-is-dead","films","21641","films:21641"
"507","Bigger Than Life","Nicholas Ray","United States","1956","https://www.criterion.com/films/1929-bigger-than-life","films","1929","films:1929"
"508","Letters from Fontainhas: Three Films by Pedro Costa","","","","https://www.criterion.com/boxsets/704-letters-from-fontainhas-three-films-by-pedro-costa","boxsets","704","boxsets:704"
"509","Ossos","Pedro Costa","Portugal","1997","https://www.criterion.com/films/21942-ossos","films","21942","films:21942"
"510","In Vanda’s Room","Pedro Costa","Portugal","2000","https://www.criterion.com/films/20820-in-vanda-s-room","films","20820","films:20820"
"511","Colossal Youth","Pedro Costa","Portugal","2006","https://www.criterion.com/films/439-colossal-youth","films","439","films:439"
"512","Vivre sa vie","Jean-Luc Godard","France","1962","https://www.criterion.com/films/3060-vivre-sa-vie","films","3060","films:3060"
"513","Summer Hours","Olivier Assayas","France","2008","https://www.criterion.com/films/473-summer-hours","films","473","films:473"
"514","Ride with the Devil","Ang Lee","United States","1999","https://www.criterion.com/films/17282-ride-with-the-devil","films","17282","films:17282"
"515","The Fugitive Kind","Sidney Lumet","United States","1960","https://www.criterion.com/films/17998-the-fugitive-kind","films","17998","films:17998"
"516","Stagecoach","John Ford","United States","1939","https://www.criterion.com/films/980-stagecoach","films","980","films:980"
"517","By Brakhage: An Anthology, Volume Two","Stan Brakhage","United States","","https://www.criterion.com/films/23953-by-brakhage-an-anthology-volume-two","films","23953","films:23953"
"518","By Brakhage: An Anthology, Volumes One and Two","","","","https://www.criterion.com/boxsets/722-by-brakhage-an-anthology-volumes-one-and-two","boxsets","722","boxsets:722"
"519","Close-up","Abbas Kiarostami","Iran","1990","https://www.criterion.com/films/1092-close-up","films","1092","films:1092"
"520","Everlasting Moments","Jan Troell","Sweden","2008","https://www.criterion.com/films/21118-everlasting-moments","films","21118","films:21118"
"521","Mystery Train","Jim Jarmusch","United States","1989","https://www.criterion.com/films/2057-mystery-train","films","2057","films:2057"
"522","Red Desert","Michelangelo Antonioni","France","1964","https://www.criterion.com/films/1454-red-desert","films","1454","films:1454"
"523","Night Train to Munich","Carol Reed","United Kingdom","1940","https://www.criterion.com/films/25039-night-train-to-munich","films","25039","films:25039"
"524","The Only Son/There Was a Father: Two Films by Yasujiro Ozu","","","","https://www.criterion.com/boxsets/730-the-only-son-there-was-a-father-two-films-by-yasujiro-ozu","boxsets","730","boxsets:730"
"525","The Only Son","Yasujiro Ozu","Japan","1936","https://www.criterion.com/films/2606-the-only-son","films","2606","films:2606"
"526","There Was a Father","Yasujiro Ozu","Japan","1942","https://www.criterion.com/films/22839-there-was-a-father","films","22839","films:22839"
"527","The Secret of the Grain","Abdellatif Kechiche","France","2007","https://www.criterion.com/films/1344-the-secret-of-the-grain","films","1344","films:1344"
"528","3 Silent Classics by Josef von Sternberg","","","","https://www.criterion.com/boxsets/744-3-silent-classics-by-josef-von-sternberg","boxsets","744","boxsets:744"
"529","Underworld","Josef von Sternberg","United States","1927","https://www.criterion.com/films/21766-underworld","films","21766","films:21766"
"530","The Last Command","Josef von Sternberg","United States","1928","https://www.criterion.com/films/6721-the-last-command","films","6721","films:6721"
"531","The Docks of New York","Josef von Sternberg","United States","1928","https://www.criterion.com/films/1942-the-docks-of-new-york","films","1942","films:1942"
"532","Louie Bluie","Terry Zwigoff","United States","1985","https://www.criterion.com/films/27509-louie-bluie","films","27509","films:27509"
"533","Crumb","Terry Zwigoff","United States","1995","https://www.criterion.com/films/2104-crumb","films","2104","films:2104"
"534","L’enfance nue","Maurice Pialat","France","1968","https://www.criterion.com/films/2337-l-enfance-nue","films","2337","films:2337"
"535","Merry Christmas Mr. Lawrence","Nagisa Oshima","United Kingdom","1983","https://www.criterion.com/films/27512-merry-christmas-mr-lawrence","films","27512","films:27512"
"536","The Thin Red Line","Terrence Malick","United States","1998","https://www.criterion.com/films/27513-the-thin-red-line","films","27513","films:27513"
"537","The Magician","Ingmar Bergman","Sweden","1958","https://www.criterion.com/films/27521-the-magician","films","27521","films:27521"
"538","Paths of Glory","Stanley Kubrick","United States","1957","https://www.criterion.com/films/27522-paths-of-glory","films","27522","films:27522"
"539","House","Nobuhiko Obayashi","Japan","1977","https://www.criterion.com/films/27523-house","films","27523","films:27523"
"540","The Darjeeling Limited","Wes Anderson","United States","2007","https://www.criterion.com/films/27520-the-darjeeling-limited","films","27520","films:27520"
"541","The Night of the Hunter","Charles Laughton","United States","1955","https://www.criterion.com/films/27525-the-night-of-the-hunter","films","27525","films:27525"
"542","Antichrist","Lars von Trier","Denmark","2009","https://www.criterion.com/films/27524-antichrist","films","27524","films:27524"
"543","Modern Times","Charles Chaplin","United States","1936","https://www.criterion.com/films/27526-modern-times","films","27526","films:27526"
"544","Head","Bob Rafelson","United States","1968","https://www.criterion.com/films/27527-head","films","27527","films:27527"
"545","Easy Rider","Dennis Hopper","United States","1969","https://www.criterion.com/films/27528-easy-rider","films","27528","films:27528"
"546","Five Easy Pieces","Bob Rafelson","United States","1970","https://www.criterion.com/films/27529-five-easy-pieces","films","27529","films:27529"
"547","Drive, He Said","Jack Nicholson","United States","1970","https://www.criterion.com/films/27530-drive-he-said","films","27530","films:27530"
"548","A Safe Place","Henry Jaglom","United States","1971","https://www.criterion.com/films/27531-a-safe-place","films","27531","films:27531"
"549","The Last Picture Show","Peter Bogdanovich","United States","1971","https://www.criterion.com/films/27533-the-last-picture-show","films","27533","films:27533"
"550","The King of Marvin Gardens","Bob Rafelson","United States","1972","https://www.criterion.com/films/27532-the-king-of-marvin-gardens","films","27532","films:27532"
"551","Cronos","Guillermo del Toro","Mexico","1993","https://www.criterion.com/films/27534-cronos","films","27534","films:27534"
"552","Broadcast News","James L. Brooks","United States","1987","https://www.criterion.com/films/27535-broadcast-news","films","27535","films:27535"
"553","Fish Tank","Andrea Arnold","United Kingdom","2009","https://www.criterion.com/films/27541-fish-tank","films","27541","films:27541"
"554","Still Walking","Hirokazu Kore-eda","Japan","2008","https://www.criterion.com/films/27540-still-walking","films","27540","films:27540"
"555","Sweet Smell of Success","Alexander Mackendrick","United States","1957","https://www.criterion.com/films/27542-sweet-smell-of-success","films","27542","films:27542"
"556","Senso","Luchino Visconti","Italy","1954","https://www.criterion.com/films/27543-senso","films","27543","films:27543"
"557","The Times of Harvey Milk","Robert Epstein","United States","1984","https://www.criterion.com/films/27549-the-times-of-harvey-milk","films","27549","films:27549"
"558","Topsy-Turvy","Mike Leigh","United Kingdom","1999","https://www.criterion.com/films/27550-topsy-turvy","films","27550","films:27550"
"559","The Mikado","Victor Schertzinger","United Kingdom","1939","https://www.criterion.com/films/27551-the-mikado","films","27551","films:27551"
"560","White Material","Claire Denis","France","2009","https://www.criterion.com/films/27559-white-material","films","27559","films:27559"
"561","Kes","Ken Loach","United Kingdom","1970","https://www.criterion.com/films/27560-kes","films","27560","films:27560"
"562","Blow Out","Brian  De Palma","United States","1981","https://www.criterion.com/films/27561-blow-out","films","27561","films:27561"
"563","Something Wild","Jonathan Demme","United States","1986","https://www.criterion.com/films/27603-something-wild","films","27603","films:27603"
"564","Pale Flower","Masahiro Shinoda","Japan","1964","https://www.criterion.com/films/27604-pale-flower","films","27604","films:27604"
"565","The Great Dictator","Charles Chaplin","United States","1940","https://www.criterion.com/films/27605-the-great-dictator","films","27605","films:27605"
"566","Insignificance","Nicolas Roeg","United Kingdom","1985","https://www.criterion.com/films/27618-insignificance","films","27618","films:27618"
"567","The Makioka Sisters","Kon Ichikawa","Japan","1983","https://www.criterion.com/films/27619-the-makioka-sisters","films","27619","films:27619"
"568","Kiss Me Deadly","Robert Aldrich","United States","1955","https://www.criterion.com/films/27620-kiss-me-deadly","films","27620","films:27620"
"569","People on Sunday","Robert Siodmak and Edgar G. Ulmer","Germany","1930","https://www.criterion.com/films/27625-people-on-sunday","films","27625","films:27625"
"570","Zazie dans le métro","Louis Malle","France","1960","https://www.criterion.com/films/27626-zazie-dans-le-metro","films","27626","films:27626"
"571","Black Moon","Louis Malle","France","1975","https://www.criterion.com/films/27627-black-moon","films","27627","films:27627"
"572","Léon Morin, Priest","Jean-Pierre Melville","France","1961","https://www.criterion.com/films/27660-leon-morin-priest","films","27660","films:27660"
"573","The Music Room","Satyajit Ray","India","1958","https://www.criterion.com/films/27657-the-music-room","films","27657","films:27657"
"574","Life During Wartime","Todd Solondz","United States","2010","https://www.criterion.com/films/27659-life-during-wartime","films","27659","films:27659"
"575","The Killing","Stanley Kubrick","United States","1956","https://www.criterion.com/films/27751-the-killing","films","27751","films:27751"
"576","Secret Sunshine","Lee Chang-dong","South Korea","2007","https://www.criterion.com/films/27750-secret-sunshine","films","27750","films:27750"
"577","Cul-de-sac","Roman Polanski","United Kingdom","1966","https://www.criterion.com/films/27658-cul-de-sac","films","27658","films:27658"
"578","The Complete Jean Vigo","","","","https://www.criterion.com/boxsets/819-the-complete-jean-vigo","boxsets","819","boxsets:819"
"579","The Phantom Carriage","Victor Sjöström","Sweden","1921","https://www.criterion.com/films/27630-the-phantom-carriage","films","27630","films:27630"
"580","Le beau Serge","Claude Chabrol","France","1958","https://www.criterion.com/films/27817-le-beau-serge","films","27817","films:27817"
"581","Les cousins","Claude Chabrol","France","1959","https://www.criterion.com/films/27816-les-cousins","films","27816","films:27816"
"582","Carlos","Olivier Assayas","Germany","2010","https://www.criterion.com/films/27818-carlos","films","27818","films:27818"
"583","The Four Feathers","Zoltán Korda","United Kingdom","1939","https://www.criterion.com/films/27555-the-four-feathers","films","27555","films:27555"
"584","Kuroneko","Kaneto Shindo","Japan","1968","https://www.criterion.com/films/27628-kuroneko","films","27628","films:27628"
"585","Identification of a Woman","Michelangelo Antonioni","Italy","1982","https://www.criterion.com/films/27629-identification-of-a-woman","films","27629","films:27629"
"586","Island of Lost Souls","Erle C. Kenton","United States","1932","https://www.criterion.com/films/27861-island-of-lost-souls","films","27861","films:27861"
"587","Three Colors","","","","https://www.criterion.com/boxsets/844-three-colors","boxsets","844","boxsets:844"
"588","Three Colors: Blue","Krzysztof Kieślowski","France","1993","https://www.criterion.com/films/27731-three-colors-blue","films","27731","films:27731"
"589","Three Colors: White","Krzysztof Kieślowski","Poland","1994","https://www.criterion.com/films/27732-three-colors-white","films","27732","films:27732"
"590","Three Colors: Red","Krzysztof Kieślowski","Switzerland","1994","https://www.criterion.com/films/27733-three-colors-red","films","27733","films:27733"
"591","12 Angry Men","Sidney Lumet","United States","1957","https://www.criterion.com/films/27871-12-angry-men","films","27871","films:27871"
"592","Design for Living","Ernst Lubitsch","United States","1933","https://www.criterion.com/films/27872-design-for-living","films","27872","films:27872"
"593","Belle de jour","Luis Buñuel","France","1967","https://www.criterion.com/films/27949-belle-de-jour","films","27949","films:27949"
"594","Godzilla","Ishiro Honda","Japan","1954","https://www.criterion.com/films/27755-godzilla","films","27755","films:27755"
"595","The Moment of Truth","Francesco Rosi","Italy","1965","https://www.criterion.com/films/27674-the-moment-of-truth","films","27674","films:27674"
"596","Three Outlaw Samurai","Hideo Gosha","Japan","1964","https://www.criterion.com/films/27734-three-outlaw-samurai","films","27734","films:27734"
"597","Tiny Furniture","Lena Dunham","United States","2010","https://www.criterion.com/films/28317-tiny-furniture","films","28317","films:28317"
"598","World on a Wire","Rainer Werner Fassbinder","Germany","1973","https://www.criterion.com/films/27742-world-on-a-wire","films","27742","films:27742"
"599","Vanya on 42nd Street","Louis Malle","United States","1994","https://www.criterion.com/films/28022-vanya-on-42nd-street","films","28022","films:28022"
"600","Anatomy of a Murder","Otto Preminger","United States","1959","https://www.criterion.com/films/27901-anatomy-of-a-murder","films","27901","films:27901"
"601","Letter Never Sent","Mikhail Kalatozov","Soviet Union","1959","https://www.criterion.com/films/27673-letter-never-sent","films","27673","films:27673"
"602","The War Room","Chris Hegedus and D. A. Pennebaker","United States","1993","https://www.criterion.com/films/28029-the-war-room","films","28029","films:28029"
"603","David Lean Directs Noël Coward","","","","https://www.criterion.com/boxsets/861-david-lean-directs-noel-coward","boxsets","861","boxsets:861"
"604","In Which We Serve","David Lean and Noël Coward","United Kingdom","1942","https://www.criterion.com/films/28185-in-which-we-serve","films","28185","films:28185"
"605","This Happy Breed","David Lean","United Kingdom","1944","https://www.criterion.com/films/28144-this-happy-breed","films","28144","films:28144"
"606","Blithe Spirit","David Lean","United Kingdom","1945","https://www.criterion.com/films/28156-blithe-spirit","films","28156","films:28156"
"607","A Hollis Frampton Odyssey","Hollis Frampton","United States","","https://www.criterion.com/films/27945-a-hollis-frampton-odyssey","films","27945","films:27945"
"608","Harold and Maude","Hal Ashby","United States","1971","https://www.criterion.com/films/27896-harold-and-maude","films","27896","films:27896"
"609","¡Alambrista!","Robert M. Young","United States","1977","https://www.criterion.com/films/28101--alambrista","films","28101","films:28101"
"610","The Organizer","Mario Monicelli","Italy","1963","https://www.criterion.com/films/27612-the-organizer","films","27612","films:27612"
"611","Being John Malkovich","Spike Jonze","United States","1999","https://www.criterion.com/films/28055-being-john-malkovich","films","28055","films:28055"
"612","Certified Copy","Abbas Kiarostami","Iran","2010","https://www.criterion.com/films/28353-certified-copy","films","28353","films:28353"
"613","Summer Interlude","Ingmar Bergman","Sweden","1951","https://www.criterion.com/films/27782-summer-interlude","films","27782","films:27782"
"614","Summer with Monika","Ingmar Bergman","Sweden","1953","https://www.criterion.com/films/27638-summer-with-monika","films","27638","films:27638"
"615","The Gold Rush","Charles Chaplin","United States","1942","https://www.criterion.com/films/27565-the-gold-rush","films","27565","films:27565"
"616","Shallow Grave","Danny Boyle","United Kingdom","1994","https://www.criterion.com/films/27981-shallow-grave","films","27981","films:27981"
"617","And Everything Is Going Fine","Steven Soderbergh","United States","2010","https://www.criterion.com/films/27874-and-everything-is-going-fine","films","27874","films:27874"
"618","Gray’s Anatomy","Steven Soderbergh","United States","1997","https://www.criterion.com/films/28351-gray-s-anatomy","films","28351","films:28351"
"619","Le Havre","Aki Kaurismäki","France","2011","https://www.criterion.com/films/28352-le-havre","films","28352","films:28352"
"620","La promesse","Luc Dardenne and Jean-Pierre Dardenne","Belgium","1996","https://www.criterion.com/films/28073-la-promesse","films","28073","films:28073"
"621","Rosetta","Luc Dardenne and Jean-Pierre Dardenne","Belgium","1999","https://www.criterion.com/films/28056-rosetta","films","28056","films:28056"
"622","Weekend","Andrew Haigh","United Kingdom","2011","https://www.criterion.com/films/27783-weekend","films","27783","films:27783"
"623","Lonesome","Paul Fejos","United States","1928","https://www.criterion.com/films/28212-lonesome","films","28212","films:28212"
"624","Quadrophenia","Franc Roddam","United Kingdom","1979","https://www.criterion.com/films/27775-quadrophenia","films","27775","films:27775"
"625","Eating Raoul","Paul Bartel","United States","1982","https://www.criterion.com/films/27767-eating-raoul","films","27767","films:27767"
"626","Les visiteurs du soir","Marcel Carné","France","1942","https://www.criterion.com/films/27685-les-visiteurs-du-soir","films","27685","films:27685"
"627","The Game","David Fincher","United States","1997","https://www.criterion.com/films/28058-the-game","films","28058","films:28058"
"628","The Forgiveness of Blood","Joshua Marston","United States","2011","https://www.criterion.com/films/28379-the-forgiveness-of-blood","films","28379","films:28379"
"629","Sunday Bloody Sunday","John Schlesinger","United Kingdom","1971","https://www.criterion.com/films/28025-sunday-bloody-sunday","films","28025","films:28025"
"630","Rosemary’s Baby","Roman Polanski","United States","1968","https://www.criterion.com/films/27927-rosemary-s-baby","films","27927","films:27927"
"631","Trilogy of Life","","","","https://www.criterion.com/boxsets/916-trilogy-of-life","boxsets","916","boxsets:916"
"632","The Decameron","Pier Paolo Pasolini","Italy","1971","https://www.criterion.com/films/28105-the-decameron","films","28105","films:28105"
"633","The Canterbury Tales","Pier Paolo Pasolini","Italy","1972","https://www.criterion.com/films/28106-the-canterbury-tales","films","28106","films:28106"
"634","Arabian Nights","Pier Paolo Pasolini","Italy","1974","https://www.criterion.com/films/28374-arabian-nights","films","28374","films:28374"
"635","Weekend","Jean-Luc Godard","France","1967","https://www.criterion.com/films/28441-weekend","films","28441","films:28441"
"636","Heaven’s Gate","Michael Cimino","United States","1980","https://www.criterion.com/films/28036-heaven-s-gate","films","28036","films:28036"
"637","Purple Noon","René Clément","France","1960","https://www.criterion.com/films/27810-purple-noon","films","27810","films:27810"
"638","Following","Christopher Nolan","United Kingdom","1999","https://www.criterion.com/films/28030-following","films","28030","films:28030"
"639","The Qatsi Trilogy","","","","https://www.criterion.com/boxsets/934-the-qatsi-trilogy","boxsets","934","boxsets:934"
"640","Koyaanisqatsi","Godfrey Reggio","United States","1983","https://www.criterion.com/films/28034-koyaanisqatsi","films","28034","films:28034"
"641","Powaqqatsi","Godfrey Reggio","United States","1988","https://www.criterion.com/films/28033-powaqqatsi","films","28033","films:28033"
"642","Naqoyqatsi","Godfrey Reggio","United States","2002","https://www.criterion.com/films/28418-naqoyqatsi","films","28418","films:28418"
"643","The Man Who Knew Too Much","Alfred Hitchcock","United Kingdom","1934","https://www.criterion.com/films/27999-the-man-who-knew-too-much","films","27999","films:27999"
"644","Pina","Wim Wenders","Germany","2011","https://www.criterion.com/films/28404-pina","films","28404","films:28404"
"645","The Ballad of Narayama","Keisuke Kinoshita","Japan","1958","https://www.criterion.com/films/28240-the-ballad-of-narayama","films","28240","films:28240"
"646","The Kid with a Bike","Jean-Pierre Dardenne and Luc Dardenne","Belgium","2011","https://www.criterion.com/films/28405-the-kid-with-a-bike","films","28405","films:28405"
"647","On the Waterfront","Elia Kazan","United States","1954","https://www.criterion.com/films/27899-on-the-waterfront","films","27899","films:27899"
"648","Chronicle of a Summer","Jean Rouch and Edgar Morin","France","1961","https://www.criterion.com/films/28394-chronicle-of-a-summer","films","28394","films:28394"
"649","Ministry of Fear","Fritz Lang","United States","1944","https://www.criterion.com/films/28065-ministry-of-fear","films","28065","films:28065"
"650","A Man Escaped","Robert Bresson","France","1956","https://www.criterion.com/films/27848-a-man-escaped","films","27848","films:27848"
"651","Badlands","Terrence Malick","United States","1973","https://www.criterion.com/films/28406-badlands","films","28406","films:28406"
"652","Monsieur Verdoux","Charles Chaplin","United States","1947","https://www.criterion.com/films/27574-monsieur-verdoux","films","27574","films:27574"
"653","Gate of Hell","Teinosuke Kinugasa","Japan","1953","https://www.criterion.com/films/28199-gate-of-hell","films","28199","films:28199"
"654","Repo Man","Alex Cox","United States","1984","https://www.criterion.com/films/28051-repo-man","films","28051","films:28051"
"655","Pierre Etaix","","","","https://www.criterion.com/boxsets/947-pierre-etaix","boxsets","947","boxsets:947"
"656","Jubal","Delmer Daves","United States","1956","https://www.criterion.com/films/28492-jubal","films","28492","films:28492"
"657","3:10 to Yuma","Delmer Daves","United States","1957","https://www.criterion.com/films/27910-3-10-to-yuma","films","27910","films:27910"
"658","Medium Cool","Haskell Wexler","United States","1969","https://www.criterion.com/films/28426-medium-cool","films","28426","films:28426"
"659","Life Is Sweet","Mike Leigh","United Kingdom","1990","https://www.criterion.com/films/27982-life-is-sweet","films","27982","films:27982"
"660","Things to Come","William Cameron Menzies","United Kingdom","1936","https://www.criterion.com/films/27552-things-to-come","films","27552","films:27552"
"661","Marketa Lazarová","František Vláčil","Czechoslovakia","1967","https://www.criterion.com/films/27876-marketa-lazarova","films","27876","films:27876"
"662","Safety Last!","Fred Newmeyer and Sam Taylor","United States","1923","https://www.criterion.com/films/28446-safety-last","films","28446","films:28446"
"663","Shoah","Claude Lanzmann","France","1985","https://www.criterion.com/films/27968-shoah","films","27968","films:27968"
"664","The Life of Oharu","Kenji Mizoguchi","Japan","1952","https://www.criterion.com/films/27705-the-life-of-oharu","films","27705","films:27705"
"665","Babette’s Feast","Gabriel Axel","Denmark","1987","https://www.criterion.com/films/27894-babette-s-feast","films","27894","films:27894"
"666","The Devil’s Backbone","Guillermo del Toro","Mexico","2001","https://www.criterion.com/films/27914-the-devil-s-backbone","films","27914","films:27914"
"667","Seconds","John Frankenheimer","United States","1966","https://www.criterion.com/films/28428-seconds","films","28428","films:28428"
"668","The Big City","Satyajit Ray","India","1963","https://www.criterion.com/films/28448-the-big-city","films","28448","films:28448"
"669","Charulata","Satyajit Ray","India","1964","https://www.criterion.com/films/28447-charulata","films","28447","films:28447"
"670","To Be or Not to Be","Ernst Lubitsch","United States","1942","https://www.criterion.com/films/27690-to-be-or-not-to-be","films","27690","films:27690"
"671","La Cage aux Folles","Edouard Molinaro","France","1978","https://www.criterion.com/films/28045-la-cage-aux-folles","films","28045","films:28045"
"672","3 Films by Roberto Rossellini Starring Ingrid Bergman","","","","https://www.criterion.com/boxsets/982-3-films-by-roberto-rossellini-starring-ingrid-bergman","boxsets","982","boxsets:982"
"673","Stromboli","Roberto Rossellini","Italy","1950","https://www.criterion.com/films/28082-stromboli","films","28082","films:28082"
"674","Europe ’51","Roberto Rossellini","Italy","1952","https://www.criterion.com/films/28108-europe-51","films","28108","films:28108"
"675","Journey to Italy","Roberto Rossellini","Italy","1954","https://www.criterion.com/films/28081-journey-to-italy","films","28081","films:28081"
"676","I Married a Witch","René Clair","United States","1942","https://www.criterion.com/films/27771-i-married-a-witch","films","27771","films:27771"
"677","The Uninvited","Lewis Allen","United States","1944","https://www.criterion.com/films/27964-the-uninvited","films","27964","films:27964"
"678","La notte","Michelangelo Antonioni","Italy","1961","https://www.criterion.com/films/28111-la-notte","films","28111","films:28111"
"679","Zatoichi: The Blind Swordsman","","","","https://www.criterion.com/boxsets/1012-zatoichi-the-blind-swordsman","boxsets","1012","boxsets:1012"
"680","City Lights","Charles Chaplin","United States","1931","https://www.criterion.com/films/27558-city-lights","films","27558","films:27558"
"681","Frances Ha","Noah Baumbach","United States","2013","https://www.criterion.com/films/28560-frances-ha","films","28560","films:28560"
"682","Investigation of a Citizen Above Suspicion","Elio Petri","Italy","1970","https://www.criterion.com/films/27911-investigation-of-a-citizen-above-suspicion","films","27911","films:27911"
"683","Nashville","Robert Altman","United States","1975","https://www.criterion.com/films/28427-nashville","films","28427","films:28427"
"684","Martin Scorsese’s World Cinema Project No. 1","","","","https://www.criterion.com/boxsets/1021-martin-scorsese-s-world-cinema-project-no-1","boxsets","1021","boxsets:1021"
"685","Touki bouki","Djibril Diop Mambéty","Senegal","1973","https://www.criterion.com/films/28412-touki-bouki","films","28412","films:28412"
"686","Redes","Emilio Gómez Muriel…","Mexico","1936","https://www.criterion.com/films/28408-redes","films","28408","films:28408"
"687","A River Called Titas","Ritwik Ghatak","Bangladesh","1973","https://www.criterion.com/films/28411-a-river-called-titas","films","28411","films:28411"
"688","Dry Summer","Metin Erksan","Turkey","1964","https://www.criterion.com/films/28410-dry-summer","films","28410","films:28410"
"689","Trances","Ahmed El Maanouni","Morocco","1981","https://www.criterion.com/films/28413-trances","films","28413","films:28413"
"690","The Housemaid","Kim Ki-young","South Korea","1960","https://www.criterion.com/films/28409-the-housemaid","films","28409","films:28409"
"691","Thief","Michael Mann","United States","1981","https://www.criterion.com/films/28024-thief","films","28024","films:28024"
"692","It’s a Mad, Mad, Mad, Mad World","Stanley Kramer","United States","1963","https://www.criterion.com/films/28579-it-s-a-mad-mad-mad-mad-world","films","28579","films:28579"
"693","La vie de bohème","Aki Kaurismäki","Finland","1992","https://www.criterion.com/films/28086-la-vie-de-boheme","films","28086","films:28086"
"694","The Long Day Closes","Terence Davies","United Kingdom","1992","https://www.criterion.com/films/27984-the-long-day-closes","films","27984","films:27984"
"695","Blue Is the Warmest Color","Abdellatif Kechiche","France","2013","https://www.criterion.com/films/28603-blue-is-the-warmest-color","films","28603","films:28603"
"696","Foreign Correspondent","Alfred Hitchcock","United States","1940","https://www.criterion.com/films/27692-foreign-correspondent","films","27692","films:27692"
"697","Tess","Roman Polanski","United Kingdom","1979","https://www.criterion.com/films/28594-tess","films","28594","films:28594"
"698","King of the Hill","Steven Soderbergh","United States","1993","https://www.criterion.com/films/27965-king-of-the-hill","films","27965","films:27965"
"699","A Brief History of Time","Errol Morris","United States","1991","https://www.criterion.com/films/28559-a-brief-history-of-time","films","28559","films:28559"
"700","Fantastic Mr. Fox","Wes Anderson","United States","2009","https://www.criterion.com/films/28565-fantastic-mr-fox","films","28565","films:28565"
"701","Persona","Ingmar Bergman","Sweden","1966","https://www.criterion.com/films/28491-persona","films","28491","films:28491"
"702","The Great Beauty","Paolo Sorrentino","Italy","2013","https://www.criterion.com/films/28604-the-great-beauty","films","28604","films:28604"
"703","The Freshman","Sam Taylor and Fred Newmeyer","United States","1925","https://www.criterion.com/films/28510-the-freshman","films","28510","films:28510"
"704","Riot in Cell Block 11","Don Siegel","United States","1954","https://www.criterion.com/films/28551-riot-in-cell-block-11","films","28551","films:28551"
"705","Breaking the Waves","Lars von Trier","Denmark","1996","https://www.criterion.com/films/28350-breaking-the-waves","films","28350","films:28350"
"706","Master of the House","Carl Th. Dreyer","Denmark","1925","https://www.criterion.com/films/27804-master-of-the-house","films","27804","films:27804"
"707","Il sorpasso","Dino Risi","Italy","1962","https://www.criterion.com/films/28429-il-sorpasso","films","28429","films:28429"
"708","Like Someone in Love","Abbas Kiarostami","Japan","2012","https://www.criterion.com/films/28616-like-someone-in-love","films","28616","films:28616"
"709","Red River","Howard Hawks","United States","1948","https://www.criterion.com/films/28046-red-river","films","28046","films:28046"
"710","Judex","Georges Franju","France","1963","https://www.criterion.com/films/28047-judex","films","28047","films:28047"
"711","A Hard Day’s Night","Richard Lester","United Kingdom","1964","https://www.criterion.com/films/28547-a-hard-day-s-night","films","28547","films:28547"
"712","Scanners","David Cronenberg","Canada","1981","https://www.criterion.com/films/28043-scanners","films","28043","films:28043"
"713","The Essential Jacques Demy","","","","https://www.criterion.com/boxsets/1055-the-essential-jacques-demy","boxsets","1055","boxsets:1055"
"714","Lola","Jacques Demy","France","1961","https://www.criterion.com/films/27932-lola","films","27932","films:27932"
"715","Bay of Angels","Jacques Demy","France","1963","https://www.criterion.com/films/27935-bay-of-angels","films","27935","films:27935"
"716","The Umbrellas of Cherbourg","Jacques Demy","France","1964","https://www.criterion.com/films/27933-the-umbrellas-of-cherbourg","films","27933","films:27933"
"717","The Young Girls of Rochefort","Jacques Demy","France","1967","https://www.criterion.com/films/28615-the-young-girls-of-rochefort","films","28615","films:28615"
"718","Donkey Skin","Jacques Demy","France","1970","https://www.criterion.com/films/28605-donkey-skin","films","28605","films:28605"
"719","Une chambre en ville","Jacques Demy","France","1982","https://www.criterion.com/films/27936-une-chambre-en-ville","films","27936","films:27936"
"720","The Big Chill","Lawrence Kasdan","United States","1983","https://www.criterion.com/films/28610-the-big-chill","films","28610","films:28610"
"721","Love Streams","John Cassavetes","United States","1984","https://www.criterion.com/films/28032-love-streams","films","28032","films:28032"
"722","Tie Me Up! Tie Me Down!","Pedro Almodóvar","Spain","1990","https://www.criterion.com/films/28593-tie-me-up-tie-me-down","films","28593","films:28593"
"723","Y tu mamá también","Alfonso Cuarón","Mexico","2001","https://www.criterion.com/films/28005-y-tu-mama-tambien","films","28005","films:28005"
"724","All That Jazz","Bob Fosse","United States","1979","https://www.criterion.com/films/28561-all-that-jazz","films","28561","films:28561"
"725","Eraserhead","David Lynch","United States","1977","https://www.criterion.com/films/28382-eraserhead","films","28382","films:28382"
"726","Macbeth","Roman Polanski","United Kingdom","1971","https://www.criterion.com/films/28020-macbeth","films","28020","films:28020"
"727","The Innocents","Jack Clayton","United States","1961","https://www.criterion.com/films/28569-the-innocents","films","28569","films:28569"
"728","Sundays and Cybèle","Serge Bourguignon","France","1962","https://www.criterion.com/films/27912-sundays-and-cybele","films","27912","films:27912"
"729","The Complete Jacques Tati","","","","https://www.criterion.com/boxsets/1069-the-complete-jacques-tati","boxsets","1069","boxsets:1069"
"730","Jour de fête","Jacques Tati","France","1949","https://www.criterion.com/films/28114-jour-de-fete","films","28114","films:28114"
"731","Parade","Jacques Tati","France","1974","https://www.criterion.com/films/28123-parade","films","28123","films:28123"
"732","My Darling Clementine","John Ford","United States","1946","https://www.criterion.com/films/28570-my-darling-clementine","films","28570","films:28570"
"733","La dolce vita","Federico Fellini","Italy","1960","https://www.criterion.com/films/28619-la-dolce-vita","films","28619","films:28619"
"734","The Shooting","Monte Hellman","United States","1966","https://www.criterion.com/films/28580-the-shooting","films","28580","films:28580"
"735","Ride in the Whirlwind","Monte Hellman","United States","1966","https://www.criterion.com/films/28581-ride-in-the-whirlwind","films","28581","films:28581"
"736","It Happened One Night","Frank Capra","United States","1934","https://www.criterion.com/films/27900-it-happened-one-night","films","27900","films:27900"
"737","Les Blank: Always for Pleasure","Les Blank","United States","1968","https://www.criterion.com/films/28658-les-blank-always-for-pleasure","films","28658","films:28658"
"738","Tootsie","Sydney Pollack","United States","1982","https://www.criterion.com/films/28609-tootsie","films","28609","films:28609"
"739","Safe","Todd Haynes","United States","1995","https://www.criterion.com/films/28548-safe","films","28548","films:28548"
"740","The Bitter Tears of Petra von Kant","Rainer Werner Fassbinder","West Germany","1972","https://www.criterion.com/films/27953-the-bitter-tears-of-petra-von-kant","films","27953","films:27953"
"741","My Winnipeg","Guy Maddin","Canada","2007","https://www.criterion.com/films/27969-my-winnipeg","films","27969","films:27969"
"742","The Palm Beach Story","Preston Sturges","United States","1942","https://www.criterion.com/films/28103-the-palm-beach-story","films","28103","films:28103"
"743","La Ciénaga","Lucrecia Martel","Argentina","2001","https://www.criterion.com/films/28113-la-cienaga","films","28113","films:28113"
"744","Every Man for Himself","Jean-Luc Godard","France","1980","https://www.criterion.com/films/28549-every-man-for-himself","films","28549","films:28549"
"745","Don’t Look Now","Nicolas Roeg","United Kingdom","1973","https://www.criterion.com/films/27928-don-t-look-now","films","27928","films:27928"
"746","A Day in the Country","Jean Renoir","France","1936","https://www.criterion.com/films/28072-a-day-in-the-country","films","28072","films:28072"
"747","Fellini Satyricon","Federico Fellini","Italy","1969","https://www.criterion.com/films/28038-fellini-satyricon","films","28038","films:28038"
"748","Watership Down","Martin Rosen","United Kingdom","1978","https://www.criterion.com/films/28620-watership-down","films","28620","films:28620"
"749","The Soft Skin","François Truffaut","France","1964","https://www.criterion.com/films/27640-the-soft-skin","films","27640","films:27640"
"750","Ride the Pink Horse","Robert Montgomery","United States","1947","https://www.criterion.com/films/28066-ride-the-pink-horse","films","28066","films:28066"
"751","Gates of Heaven","Errol Morris","United States","1978","https://www.criterion.com/films/28354-gates-of-heaven","films","28354","films:28354"
"752","Vernon, Florida","Errol Morris","United States","1981","https://www.criterion.com/films/28356-vernon-florida","films","28356","films:28356"
"753","The Thin Blue Line","Errol Morris","United States","1988","https://www.criterion.com/films/28355-the-thin-blue-line","films","28355","films:28355"
"754","Odd Man Out","Carol Reed","United Kingdom","1947","https://www.criterion.com/films/28173-odd-man-out","films","28173","films:28173"
"755","Le silence de la mer","Jean-Pierre Melville","France","1949","https://www.criterion.com/films/27979-le-silence-de-la-mer","films","27979","films:27979"
"756","Limelight","Charles Chaplin","United States","1952","https://www.criterion.com/films/27557-limelight","films","27557","films:27557"
"757","The Rose","Mark Rydell","United States","1979","https://www.criterion.com/films/28572-the-rose","films","28572","films:28572"
"758","The Merchant of Four Seasons","Rainer Werner Fassbinder","Germany","1971","https://www.criterion.com/films/27960-the-merchant-of-four-seasons","films","27960","films:27960"
"759","The Confession","Costa-Gavras","Italy","1970","https://www.criterion.com/films/27873-the-confession","films","27873","films:27873"
"760","State of Siege","Costa-Gavras","France","1972","https://www.criterion.com/films/28048-state-of-siege","films","28048","films:28048"
"761","Valerie and Her Week of Wonders","Jaromil Jireš","Czechoslovakia","1970","https://www.criterion.com/films/27860-valerie-and-her-week-of-wonders","films","27860","films:27860"
"762","A Master Builder","Jonathan Demme","United States","2014","https://www.criterion.com/films/28646-a-master-builder","films","28646","films:28646"
"763","The Bridge","Bernhard Wicki","Germany","1959","https://www.criterion.com/films/27972-the-bridge","films","27972","films:27972"
"764","The Fisher King","Terry Gilliam","United States","1991","https://www.criterion.com/films/28719-the-fisher-king","films","28719","films:28719"
"765","The Black Stallion","Carroll Ballard","United States","1979","https://www.criterion.com/films/28685-the-black-stallion","films","28685","films:28685"
"766","Here Is Your Life","Jan Troell","Sweden","1966","https://www.criterion.com/films/28552-here-is-your-life","films","28552","films:28552"
"767","My Beautiful Laundrette","Stephen Frears","United Kingdom","1985","https://www.criterion.com/films/28044-my-beautiful-laundrette","films","28044","films:28044"
"768","The French Lieutenant’s Woman","Karel Reisz","United Kingdom","1981","https://www.criterion.com/films/28037-the-french-lieutenant-s-woman","films","28037","films:28037"
"769","Day for Night","François Truffaut","France","1973","https://www.criterion.com/films/28698-day-for-night","films","28698","films:28698"
"770","Dressed to Kill","Brian  De Palma","United States","1980","https://www.criterion.com/films/28686-dressed-to-kill","films","28686","films:28686"
"771","Two Days, One Night","Jean-Pierre Dardenne and Luc Dardenne","Belgium","2014","https://www.criterion.com/films/28720-two-days-one-night","films","28720","films:28720"
"772","Blind Chance","Krzysztof Kieślowski","Poland","1981","https://www.criterion.com/films/28555-blind-chance","films","28555","films:28555"
"773","Breaker Morant","Bruce Beresford","Australia","1980","https://www.criterion.com/films/27766-breaker-morant","films","27766","films:27766"
"774","Mister Johnson","Bruce Beresford","United States","1990","https://www.criterion.com/films/28102-mister-johnson","films","28102","films:28102"
"775","A Room with a View","James Ivory","United Kingdom","1986","https://www.criterion.com/films/28597-a-room-with-a-view","films","28597","films:28597"
"776","Moonrise Kingdom","Wes Anderson","United States","2012","https://www.criterion.com/films/28757-moonrise-kingdom","films","28757","films:28757"
"777","The Brood","David Cronenberg","Canada","1979","https://www.criterion.com/films/28439-the-brood","films","28439","films:28439"
"778","A Special Day","Ettore Scola","Italy","1977","https://www.criterion.com/films/28659-a-special-day","films","28659","films:28659"
"779","Mulholland Dr.","David Lynch","United States","2001","https://www.criterion.com/films/28050-mulholland-dr","films","28050","films:28050"
"780","Code Unknown","Michael Haneke","France","2000","https://www.criterion.com/films/28738-code-unknown","films","28738","films:28738"
"781","In Cold Blood","Richard Brooks","United States","1967","https://www.criterion.com/films/28788-in-cold-blood","films","28788","films:28788"
"782","The Apu Trilogy","","","","https://www.criterion.com/boxsets/1145-the-apu-trilogy","boxsets","1145","boxsets:1145"
"783","Pather Panchali","Satyajit Ray","India","1955","https://www.criterion.com/films/28021-pather-panchali","films","28021","films:28021"
"784","Aparajito","Satyajit Ray","India","1956","https://www.criterion.com/films/28443-aparajito","films","28443","films:28443"
"785","Apur Sansar","Satyajit Ray","India","1959","https://www.criterion.com/films/27905-apur-sansar","films","27905","films:27905"
"786","Dont Look Back","D. A. Pennebaker","United States","1967","https://www.criterion.com/films/28655-dont-look-back","films","28655","films:28655"
"787","Jellyfish Eyes","Takashi Murakami","Japan","2013","https://www.criterion.com/films/28759-jellyfish-eyes","films","28759","films:28759"
"788","Speedy","Ted Wilde","United States","1928","https://www.criterion.com/films/28497-speedy","films","28497","films:28497"
"789","Burroughs: The Movie","Howard Brookner","United States","1983","https://www.criterion.com/films/28657-burroughs-the-movie","films","28657","films:28657"
"790","Lady Snowblood","Toshiya Fujita","Japan","1973","https://www.criterion.com/films/28589-lady-snowblood","films","28589","films:28589"
"791","Lady Snowblood: Love Song of Vengeance","Toshiya Fujita","Japan","1974","https://www.criterion.com/films/28590-lady-snowblood-love-song-of-vengeance","films","28590","films:28590"
"792","Bitter Rice","Giuseppe De Santis","Italy","1949","https://www.criterion.com/films/27805-bitter-rice","films","27805","films:27805"
"793","The American Friend","Wim Wenders","Germany","1977","https://www.criterion.com/films/28763-the-american-friend","films","28763","films:28763"
"794","Inside Llewyn Davis","Joel Coen and Ethan Coen","United States","2013","https://www.criterion.com/films/28721-inside-llewyn-davis","films","28721","films:28721"
"795","Gilda","Charles Vidor","United States","1946","https://www.criterion.com/films/27909-gilda","films","27909","films:27909"
"796","The Emigrants","Jan Troell","Sweden","1971","https://www.criterion.com/films/28701-the-emigrants","films","28701","films:28701"
"797","The New Land","Jan Troell","Sweden","1972","https://www.criterion.com/films/28702-the-new-land","films","28702","films:28702"
"798","Death by Hanging","Nagisa Oshima","Japan","1968","https://www.criterion.com/films/28360-death-by-hanging","films","28360","films:28360"
"799","The Kid","Charles Chaplin","United States","1921","https://www.criterion.com/films/27566-the-kid","films","27566","films:27566"
"800","The Graduate","Mike Nichols","United States","1967","https://www.criterion.com/films/28578-the-graduate","films","28578","films:28578"
"801","I Knew Her Well","Antonio Pietrangeli","Italy","1965","https://www.criterion.com/films/28600-i-knew-her-well","films","28600","films:28600"
"802","Paris Belongs to Us","Jacques Rivette","France","1961","https://www.criterion.com/films/27724-paris-belongs-to-us","films","27724","films:27724"
"803","The Manchurian Candidate","John Frankenheimer","United States","1962","https://www.criterion.com/films/28784-the-manchurian-candidate","films","28784","films:28784"
"804","A Brighter Summer Day","Edward Yang","Taiwan","1991","https://www.criterion.com/films/28596-a-brighter-summer-day","films","28596","films:28596"
"805","A Poem Is a Naked Person","Les Blank","United States","1974","https://www.criterion.com/films/28755-a-poem-is-a-naked-person","films","28755","films:28755"
"806","Only Angels Have Wings","Howard Hawks","United States","1939","https://www.criterion.com/films/28831-only-angels-have-wings","films","28831","films:28831"
"807","Barcelona","Whit Stillman","United States","1994","https://www.criterion.com/films/28691-barcelona","films","28691","films:28691"
"808","The Kennedy Films of Robert Drew & Associates","Robert Drew","United States","","https://www.criterion.com/films/28907-the-kennedy-films-of-robert-drew-associates","films","28907","films:28907"
"809","Phoenix","Christian Petzold","Germany","2014","https://www.criterion.com/films/28851-phoenix","films","28851","films:28851"
"810","In a Lonely Place","Nicholas Ray","United States","1950","https://www.criterion.com/films/27908-in-a-lonely-place","films","27908","films:27908"
"811","The Naked Island","Kaneto Shindo","Japan","1960","https://www.criterion.com/films/27774-the-naked-island","films","27774","films:27774"
"812","The Player","Robert Altman","United States","1992","https://www.criterion.com/films/28835-the-player","films","28835","films:28835"
"813","Wim Wenders: The Road Trilogy","","","","https://www.criterion.com/boxsets/1186-wim-wenders-the-road-trilogy","boxsets","1186","boxsets:1186"
"814","Alice in the Cities","Wim Wenders","Germany","1974","https://www.criterion.com/films/27717-alice-in-the-cities","films","27717","films:27717"
"815","Wrong Move","Wim Wenders","Germany","1975","https://www.criterion.com/films/28768-wrong-move","films","28768","films:28768"
"816","Kings of the Road","Wim Wenders","Germany","1976","https://www.criterion.com/films/28762-kings-of-the-road","films","28762","films:28762"
"817","Le amiche","Michelangelo Antonioni","Italy","1955","https://www.criterion.com/films/28632-le-amiche","films","28632","films:28632"
"818","La chienne","Jean Renoir","France","1931","https://www.criterion.com/films/28393-la-chienne","films","28393","films:28393"
"819","Here Comes Mr. Jordan","Alexander Hall","United States","1941","https://www.criterion.com/films/27902-here-comes-mr-jordan","films","27902","films:27902"
"820","Fantastic Planet","René Laloux","France","1973","https://www.criterion.com/films/28636-fantastic-planet","films","28636","films:28636"
"821","Dr. Strangelove, or: How I Learned to Stop Worrying and Love the Bomb","Stanley Kubrick","United States","1964","https://www.criterion.com/films/28822-dr-strangelove-or-how-i-learned-to-stop-worrying-and-love-the-bomb","films","28822","films:28822"
"822","Clouds of Sils Maria","Olivier Assayas","France","2014","https://www.criterion.com/films/28748-clouds-of-sils-maria","films","28748","films:28748"
"823","The In-Laws","Arthur Hiller","United States","1979","https://www.criterion.com/films/28707-the-in-laws","films","28707","films:28707"
"824","Muriel, or The Time of Return","Alain Resnais","France","1963","https://www.criterion.com/films/28635-muriel-or-the-time-of-return","films","28635","films:28635"
"825","A Touch of Zen","King Hu","Taiwan","1971","https://www.criterion.com/films/28791-a-touch-of-zen","films","28791","films:28791"
"826","The New World","Terrence Malick","United States","2005","https://www.criterion.com/films/28713-the-new-world","films","28713","films:28713"
"827","McCabe & Mrs. Miller","Robert Altman","United States","1971","https://www.criterion.com/films/28712-mccabe-mrs-miller","films","28712","films:28712"
"828","Ingrid Bergman: In Her Own Words","Stig Björkman","Sweden","2015","https://www.criterion.com/films/28910-ingrid-bergman-in-her-own-words","films","28910","films:28910"
"829","A Taste of Honey","Tony Richardson","United Kingdom","1961","https://www.criterion.com/films/28734-a-taste-of-honey","films","28734","films:28734"
"830","Chimes at Midnight","Orson Welles","Spain","1966","https://www.criterion.com/films/28756-chimes-at-midnight","films","28756","films:28756"
"831","The Immortal Story","Orson Welles","France","1968","https://www.criterion.com/films/27672-the-immortal-story","films","27672","films:27672"
"832","The Story of the Last Chrysanthemum","Kenji Mizoguchi","Japan","1939","https://www.criterion.com/films/27729-the-story-of-the-last-chrysanthemum","films","27729","films:27729"
"833","Cat People","Jacques Tourneur","United States","1942","https://www.criterion.com/films/28696-cat-people","films","28696","films:28696"
"834","Blood Simple","Joel Coen","United States","1984","https://www.criterion.com/films/28852-blood-simple","films","28852","films:28852"
"835","Valley of the Dolls","Mark Robson","United States","1967","https://www.criterion.com/films/28577-valley-of-the-dolls","films","28577","films:28577"
"836","Beyond the Valley of the Dolls","Russ Meyer","United States","1970","https://www.criterion.com/films/28120-beyond-the-valley-of-the-dolls","films","28120","films:28120"
"837","Dekalog","Krzysztof Kieślowski","Poland","1988","https://www.criterion.com/films/28661-dekalog","films","28661","films:28661"
"838","Pan’s Labyrinth","Guillermo del Toro","Spain","2006","https://www.criterion.com/films/28948-pan-s-labyrinth","films","28948","films:28948"
"839","Boyhood","Richard Linklater","United States","2014","https://www.criterion.com/films/28820-boyhood","films","28820","films:28820"
"840","The Executioner","Luis García Berlanga","Spain","1963","https://www.criterion.com/films/28980-the-executioner","films","28980","films:28980"
"841","Lone Wolf and Cub","","","","https://www.criterion.com/boxsets/1217-lone-wolf-and-cub","boxsets","1217","boxsets:1217"
"842","Akira Kurosawa’s Dreams","Akira Kurosawa","Japan","1990","https://www.criterion.com/films/28700-akira-kurosawa-s-dreams","films","28700","films:28700"
"843","Punch-Drunk Love","Paul Thomas Anderson","United States","2002","https://www.criterion.com/films/27916-punch-drunk-love","films","27916","films:27916"
"844","One-Eyed Jacks","Marlon Brando","United States","1961","https://www.criterion.com/films/28979-one-eyed-jacks","films","28979","films:28979"
"845","The Squid and the Whale","Noah Baumbach","United States","2005","https://www.criterion.com/films/28830-the-squid-and-the-whale","films","28830","films:28830"
"846","Heart of a Dog","Laurie Anderson","United States","2015","https://www.criterion.com/films/28909-heart-of-a-dog","films","28909","films:28909"
"847","The Asphalt Jungle","John Huston","United States","1950","https://www.criterion.com/films/28690-the-asphalt-jungle","films","28690","films:28690"
"848","Roma","Federico Fellini","Italy","1972","https://www.criterion.com/films/28039-roma","films","28039","films:28039"
"849","His Girl Friday","Howard Hawks","United States","1940","https://www.criterion.com/films/27903-his-girl-friday","films","27903","films:27903"
"850","Something Wild","Jack Garfein","United States","1961","https://www.criterion.com/films/28777-something-wild","films","28777","films:28777"
"851","Fox and His Friends","Rainer Werner Fassbinder","Germany","1975","https://www.criterion.com/films/27957-fox-and-his-friends","films","27957","films:27957"
"852","Black Girl","Ousmane Sembène","Senegal","1966","https://www.criterion.com/films/28849-black-girl","films","28849","films:28849"
"853","Cameraperson","Kirsten Johnson","United States","2016","https://www.criterion.com/films/29003-cameraperson","films","29003","films:29003"
"854","The Tree of Wooden Clogs","Ermanno Olmi","Italy","1978","https://www.criterion.com/films/28599-the-tree-of-wooden-clogs","films","28599","films:28599"
"855","Women on the Verge of a Nervous Breakdown","Pedro Almodóvar","Spain","1988","https://www.criterion.com/films/29101-women-on-the-verge-of-a-nervous-breakdown","films","29101","films:29101"
"856","The Before Trilogy","","","","https://www.criterion.com/boxsets/1237-the-before-trilogy","boxsets","1237","boxsets:1237"
"857","Before Sunrise","Richard Linklater","United States","1995","https://www.criterion.com/films/28692-before-sunrise","films","28692","films:28692"
"858","Before Sunset","Richard Linklater","United States","2004","https://www.criterion.com/films/28693-before-sunset","films","28693","films:28693"
"859","Before Midnight","Richard Linklater","United States","2013","https://www.criterion.com/films/28828-before-midnight","films","28828","films:28828"
"860","Mildred Pierce","Michael Curtiz","United States","1945","https://www.criterion.com/films/29025-mildred-pierce","films","29025","films:29025"
"861","45 Years","Andrew Haigh","United Kingdom","2015","https://www.criterion.com/films/28908-45-years","films","28908","films:28908"
"862","Canoa: A Shameful Memory","Felipe Cazals","Mexico","1976","https://www.criterion.com/films/29050-canoa-a-shameful-memory","films","29050","films:29050"
"863","Multiple Maniacs","John Waters","United States","1970","https://www.criterion.com/films/28954-multiple-maniacs","films","28954","films:28954"
"864","Being There","Hal Ashby","United States","1979","https://www.criterion.com/films/29009-being-there","films","29009","films:29009"
"865","Blow-Up","Michelangelo Antonioni","United Kingdom","1966","https://www.criterion.com/films/28694-blow-up","films","28694","films:28694"
"866","Buena Vista Social Club","Wim Wenders","United States","1999","https://www.criterion.com/films/28792-buena-vista-social-club","films","28792","films:28792"
"867","Woman of the Year","George Stevens","United States","1942","https://www.criterion.com/films/29137-woman-of-the-year","films","29137","films:29137"
"868","Tampopo","Juzo Itami","Japan","1985","https://www.criterion.com/films/28880-tampopo","films","28880","films:28880"
"869","Rumble Fish","Francis Ford Coppola","United States","1983","https://www.criterion.com/films/28993-rumble-fish","films","28993","films:28993"
"870","Othello","Orson Welles","United States","1952","https://www.criterion.com/films/28621-othello","films","28621","films:28621"
"871","Dheepan","Jacques Audiard","France","2015","https://www.criterion.com/films/29103-dheepan","films","29103","films:29103"
"872","Ghost World","Terry Zwigoff","United States","2001","https://www.criterion.com/films/28687-ghost-world","films","28687","films:28687"
"873","Martin Scorsese’s World Cinema Project No. 2","","","","https://www.criterion.com/boxsets/1258-martin-scorsese-s-world-cinema-project-no-2","boxsets","1258","boxsets:1258"
"874","Insiang","Lino Brocka","Philippines","1976","https://www.criterion.com/films/29099-insiang","films","29099","films:29099"
"875","Mysterious Object at Noon","Apichatpong Weerasethakul","Thailand","2000","https://www.criterion.com/films/29098-mysterious-object-at-noon","films","29098","films:29098"
"876","Revenge","Ermek Shinarbaev","Kazakhstan","1989","https://www.criterion.com/films/29208-revenge","films","29208","films:29208"
"877","Limite","Mário Peixoto","Brazil","1931","https://www.criterion.com/films/28407-limite","films","28407","films:28407"
"878","Law of the Border","Lütfi Ö. Akad","Turkey","1966","https://www.criterion.com/films/28415-law-of-the-border","films","28415","films:28415"
"879","Taipei Story","Edward Yang","Taiwan","1985","https://www.criterion.com/films/29110-taipei-story","films","29110","films:29110"
"880","They Live by Night","Nicholas Ray","United States","1948","https://www.criterion.com/films/28717-they-live-by-night","films","28717","films:28717"
"881","The Marseille Trilogy","","","","https://www.criterion.com/boxsets/1264-the-marseille-trilogy","boxsets","1264","boxsets:1264"
"882","Marius","Alexander Korda","France","1931","https://www.criterion.com/films/28857-marius","films","28857","films:28857"
"883","Fanny","Marc Allégret","France","1932","https://www.criterion.com/films/28858-fanny","films","28858","films:28858"
"884","César","Marcel Pagnol","France","1936","https://www.criterion.com/films/28859-cesar","films","28859","films:28859"
"885","The Lodger: A Story of the London Fog","Alfred Hitchcock","United Kingdom","1927","https://www.criterion.com/films/28001-the-lodger-a-story-of-the-london-fog","films","28001","films:28001"
"886","L’argent","Robert Bresson","France","1983","https://www.criterion.com/films/27588-l-argent","films","27588","films:27588"
"887","Lost in America","Albert Brooks","United States","1985","https://www.criterion.com/films/29022-lost-in-america","films","29022","films:29022"
"888","Stalker","Andrei Tarkovsky","Soviet Union","1979","https://www.criterion.com/films/28150-stalker","films","28150","films:28150"
"889","The Breaking Point","Michael Curtiz","United States","1950","https://www.criterion.com/films/28695-the-breaking-point","films","28695","films:28695"
"890","Meantime","Mike Leigh","United Kingdom","1984","https://www.criterion.com/films/28805-meantime","films","28805","films:28805"
"891","La poison","Sacha Guitry","France","1951","https://www.criterion.com/films/28637-la-poison","films","28637","films:28637"
"892","Festival","Murray Lerner","United States","1967","https://www.criterion.com/films/28889-festival","films","28889","films:28889"
"893","Certain Women","Kelly Reichardt","United States","2016","https://www.criterion.com/films/29212-certain-women","films","29212","films:29212"
"894","The Piano Teacher","Michael Haneke","France","2001","https://www.criterion.com/films/28739-the-piano-teacher","films","28739","films:28739"
"895","David Lynch: The Art Life","Jon Nguyen, Rick Barnes, and Olivia Neergaard-Holm","United States","2016","https://www.criterion.com/films/29285-david-lynch-the-art-life","films","29285","films:29285"
"896","The Lure","Agnieszka Smoczyńska","Poland","2015","https://www.criterion.com/films/29061-the-lure","films","29061","films:29061"
"897","Barry Lyndon","Stanley Kubrick","United States","1975","https://www.criterion.com/films/29008-barry-lyndon","films","29008","films:29008"
"898","Twin Peaks: Fire Walk with Me","David Lynch","United States","1992","https://www.criterion.com/films/29237-twin-peaks-fire-walk-with-me","films","29237","films:29237"
"899","Personal Shopper","Olivier Assayas","France","2016","https://www.criterion.com/films/29252-personal-shopper","films","29252","films:29252"
"900","100 Years of Olympic Films: 1912–2012","","","","https://www.criterion.com/films/29360-100-years-of-olympic-films-1912-2012","films","29360","films:29360"
"901","The Philadelphia Story","George Cukor","United States","1940","https://www.criterion.com/films/29029-the-philadelphia-story","films","29029","films:29029"
"902","Desert Hearts","Donna Deitch","United States","1985","https://www.criterion.com/films/29139-desert-hearts","films","29139","films:29139"
"903","Jabberwocky","Terry Gilliam","United Kingdom","1977","https://www.criterion.com/films/29266-jabberwocky","films","29266","films:29266"
"904","Election","Alexander Payne","United States","1999","https://www.criterion.com/films/29335-election","films","29335","films:29335"
"905","The Breakfast Club","John Hughes","United States","1985","https://www.criterion.com/films/29272-the-breakfast-club","films","29272","films:29272"
"906","I, Daniel Blake","Ken Loach","United Kingdom","2016","https://www.criterion.com/films/29357-i-daniel-blake","films","29357","films:29357"
"907","Westfront 1918","G. W. Pabst","Germany","1930","https://www.criterion.com/films/28137-westfront-1918","films","28137","films:28137"
"908","Kameradschaft","G. W. Pabst","Germany","1931","https://www.criterion.com/films/28184-kameradschaft","films","28184","films:28184"
"909","Night of the Living Dead","George A. Romero","United States","1968","https://www.criterion.com/films/29331-night-of-the-living-dead","films","29331","films:29331"
"910","Tom Jones","Tony Richardson","United Kingdom","1963","https://www.criterion.com/films/28736-tom-jones","films","28736","films:28736"
"911","The Hero","Satyajit Ray","India","1966","https://www.criterion.com/films/28449-the-hero","films","28449","films:28449"
"912","An Actor’s Revenge","Kon Ichikawa","Japan","1963","https://www.criterion.com/films/28899-an-actor-s-revenge","films","28899","films:28899"
"913","The Age of Innocence","Martin Scorsese","United States","1993","https://www.criterion.com/films/28834-the-age-of-innocence","films","28834","films:28834"
"914","Baal","Volker Schlöndorff","West Germany","1970","https://www.criterion.com/films/29060-baal","films","29060","films:29060"
"915","King of Jazz","John Murray Anderson","United States","1930","https://www.criterion.com/films/29389-king-of-jazz","films","29389","films:29389"
"916","Women in Love","Ken Russell","United Kingdom","1969","https://www.criterion.com/films/28688-women-in-love","films","28688","films:28688"
"917","The Awful Truth","Leo McCarey","United States","1937","https://www.criterion.com/films/27904-the-awful-truth","films","27904","films:27904"
"918","The Color of Pomegranates","Sergei Parajanov","Soviet Union","1969","https://www.criterion.com/films/29219-the-color-of-pomegranates","films","29219","films:29219"
"919","Dead Man","Jim Jarmusch","United States","1995","https://www.criterion.com/films/29064-dead-man","films","29064","films:29064"
"920","The Virgin Suicides","Sofia Coppola","United States","1999","https://www.criterion.com/films/29336-the-virgin-suicides","films","29336","films:29336"
"921","Moonrise","Frank Borzage","United States","1948","https://www.criterion.com/films/28550-moonrise","films","28550","films:28550"
"922","The Other Side of Hope","Aki Kaurismäki","Finland","2017","https://www.criterion.com/films/29253-the-other-side-of-hope","films","29253","films:29253"
"923","Beyond the Hills","Cristian Mungiu","Romania","2012","https://www.criterion.com/films/28618-beyond-the-hills","films","28618","films:28618"
"924","Graduation","Cristian Mungiu","Romania","2016","https://www.criterion.com/films/29414-graduation","films","29414","films:29414"
"925","Midnight Cowboy","John Schlesinger","United States","1969","https://www.criterion.com/films/29369-midnight-cowboy","films","29369","films:29369"
"926","Manila in the Claws of Light","Lino Brocka","Philippines","1975","https://www.criterion.com/films/29221-manila-in-the-claws-of-light","films","29221","films:29221"
"927","El Sur","Víctor Erice","Spain","1983","https://www.criterion.com/films/27745-el-sur","films","27745","films:27745"
"928","Bowling for Columbine","Michael Moore","United States","2002","https://www.criterion.com/films/28785-bowling-for-columbine","films","28785","films:28785"
"929","Female Trouble","John Waters","United States","1974","https://www.criterion.com/films/28704-female-trouble","films","28704","films:28704"
"930","Dietrich & von Sternberg in Hollywood","","","","https://www.criterion.com/boxsets/1329-dietrich-von-sternberg-in-hollywood","boxsets","1329","boxsets:1329"
"931","Morocco","Josef von Sternberg","United States","1930","https://www.criterion.com/films/28991-morocco","films","28991","films:28991"
"932","Dishonored","Josef von Sternberg","United States","1931","https://www.criterion.com/films/28984-dishonored","films","28984","films:28984"
"933","Shanghai Express","Josef von Sternberg","United States","1932","https://www.criterion.com/films/28166-shanghai-express","films","28166","films:28166"
"934","Blonde Venus","Josef von Sternberg","United States","1932","https://www.criterion.com/films/28981-blonde-venus","films","28981","films:28981"
"935","The Devil Is a Woman","Josef von Sternberg","United States","1935","https://www.criterion.com/films/28983-the-devil-is-a-woman","films","28983","films:28983"
"936","Bull Durham","Ron Shelton","United States","1988","https://www.criterion.com/films/29143-bull-durham","films","29143","films:29143"
"937","Dragon Inn","King Hu","Taiwan","1967","https://www.criterion.com/films/28790-dragon-inn","films","28790","films:28790"
"938","sex, lies, and videotape","Steven Soderbergh","United States","1989","https://www.criterion.com/films/28832-sex-lies-and-videotape","films","28832","films:28832"
"939","A Matter of Life and Death","Michael Powell and Emeric Pressburger","United Kingdom","1946","https://www.criterion.com/films/28833-a-matter-of-life-and-death","films","28833","films:28833"
"940","The Ballad of Gregorio Cortez","Robert M. Young","United States","1982","https://www.criterion.com/films/29142-the-ballad-of-gregorio-cortez","films","29142","films:29142"
"941","Smithereens","Susan Seidelman","United States","1982","https://www.criterion.com/films/29044-smithereens","films","29044","films:29044"
"942","The Tree of Life","Terrence Malick","United States","2011","https://www.criterion.com/films/28576-the-tree-of-life","films","28576","films:28576"
"943","Memories of Underdevelopment","Tomás Gutiérrez Alea","Cuba","1968","https://www.criterion.com/films/29220-memories-of-underdevelopment","films","29220","films:29220"
"944","Cold Water","Olivier Assayas","France","1994","https://www.criterion.com/films/29385-cold-water","films","29385","films:29385"
"945","A Raisin in the Sun","Daniel Petrie","United States","1961","https://www.criterion.com/films/28826-a-raisin-in-the-sun","films","28826","films:28826"
"946","Eight Hours Don’t Make a Day","Rainer Werner Fassbinder","Germany","1972","https://www.criterion.com/films/29400-eight-hours-don-t-make-a-day","films","29400","films:29400"
"947","Shampoo","Hal Ashby","United States","1975","https://www.criterion.com/films/28821-shampoo","films","28821","films:28821"
"948","The Princess Bride","Rob Reiner","United States","1987","https://www.criterion.com/films/29368-the-princess-bride","films","29368","films:29368"
"949","A Story from Chikamatsu","Kenji Mizoguchi","Japan","1954","https://www.criterion.com/films/28160-a-story-from-chikamatsu","films","28160","films:28160"
"950","Some Like It Hot","Billy Wilder","United States","1959","https://www.criterion.com/films/29162-some-like-it-hot","films","29162","films:29162"
"951","True Stories","David Byrne","United States","1986","https://www.criterion.com/films/29038-true-stories","films","29038","films:29038"
"952","The Magnificent Ambersons","Orson Welles","United States","1942","https://www.criterion.com/films/28711-the-magnificent-ambersons","films","28711","films:28711"
"953","A Dry White Season","Euzhan Palcy","United States","1989","https://www.criterion.com/films/29148-a-dry-white-season","films","29148","films:29148"
"954","Forty Guns","Samuel Fuller","United States","1957","https://www.criterion.com/films/28567-forty-guns","films","28567","films:28567"
"955","Panique","Julien Duvivier","France","1946","https://www.criterion.com/films/29510-panique","films","29510","films:29510"
"956","24 Frames","Abbas Kiarostami","Iran","2017","https://www.criterion.com/films/29399-24-frames","films","29399","films:29399"
"957","Mikey and Nicky","Elaine May","United States","1976","https://www.criterion.com/films/27895-mikey-and-nicky","films","27895","films:27895"
"958","4 Months, 3 Weeks and 2 Days","Cristian Mungiu","Romania","2007","https://www.criterion.com/films/28617-4-months-3-weeks-and-2-days","films","28617","films:28617"
"959","In the Heat of the Night","Norman Jewison","United States","1967","https://www.criterion.com/films/29459-in-the-heat-of-the-night","films","29459","films:29459"
"960","La vérité","Henri-Georges Clouzot","France","1960","https://www.criterion.com/films/27913-la-verite","films","27913","films:27913"
"961","Shame","Ingmar Bergman","Sweden","1968","https://www.criterion.com/films/28877-shame","films","28877","films:28877"
"962","Death in Venice","Luchino Visconti","Italy","1971","https://www.criterion.com/films/28699-death-in-venice","films","28699","films:28699"
"963","To Sleep with Anger","Charles Burnett","United States","1990","https://www.criterion.com/films/29567-to-sleep-with-anger","films","29567","films:29567"
"964","The Kid Brother","Ted Wilde","United States","1927","https://www.criterion.com/films/28499-the-kid-brother","films","28499","films:28499"
"965","Wanda","Barbara Loden","United States","1970","https://www.criterion.com/films/29450-wanda","films","29450","films:29450"
"966","Detour","Edgar G. Ulmer","United States","1945","https://www.criterion.com/films/29614-detour","films","29614","films:29614"
"967","I Wanna Hold Your Hand","Robert Zemeckis","United States","1978","https://www.criterion.com/films/29000-i-wanna-hold-your-hand","films","29000","films:29000"
"968","Japón","Carlos Reygadas","Mexico","2002","https://www.criterion.com/films/28770-japon","films","28770","films:28770"
"969","Diamonds of the Night","Jan Němec","Czechoslovakia","1964","https://www.criterion.com/films/29375-diamonds-of-the-night","films","29375","films:29375"
"970","A Face in the Crowd","Elia Kazan","United States","1957","https://www.criterion.com/films/28703-a-face-in-the-crowd","films","28703","films:28703"
"971","Police Story","Jackie Chan","Hong Kong","1985","https://www.criterion.com/films/29544-police-story","films","29544","films:29544"
"972","Police Story 2","Jackie Chan","Hong Kong","1988","https://www.criterion.com/films/29545-police-story-2","films","29545","films:29545"
"973","My Brilliant Career","Gillian Armstrong","Australia","1979","https://www.criterion.com/films/29065-my-brilliant-career","films","29065","films:29065"
"974","The Heiress","William Wyler","United States","1949","https://www.criterion.com/films/28986-the-heiress","films","28986","films:28986"
"975","Funny Games","Michael Haneke","Austria","1997","https://www.criterion.com/films/28836-funny-games","films","28836","films:28836"
"976","Let the Sunshine In","Claire Denis","France","2017","https://www.criterion.com/films/29618-let-the-sunshine-in","films","29618","films:29618"
"977","Blue Velvet","David Lynch","United States","1986","https://www.criterion.com/films/29144-blue-velvet","films","29144","films:29144"
"978","One Sings, the Other Doesn’t","Agnès Varda","France","1977","https://www.criterion.com/films/29436-one-sings-the-other-doesn-t","films","29436","films:29436"
"979","Swing Time","George Stevens","United States","1936","https://www.criterion.com/films/29037-swing-time","films","29037","films:29037"
"980","La vie de Jésus","Bruno Dumont","France","1997","https://www.criterion.com/films/28075-la-vie-de-jesus","films","28075","films:28075"
"981","L’humanité","Bruno Dumont","France","1999","https://www.criterion.com/films/28074-l-humanite","films","28074","films:28074"
"982","Hedwig and the Angry Inch","John Cameron Mitchell","United States","2001","https://www.criterion.com/films/29018-hedwig-and-the-angry-inch","films","29018","films:29018"
"983","War and Peace","Sergei Bondarchuk","Soviet Union","1966","https://www.criterion.com/films/28891-war-and-peace","films","28891","films:28891"
"984","1984","Michael Radford","United Kingdom","1984","https://www.criterion.com/films/29140-1984","films","29140","films:29140"
"985","Europa Europa","Agnieszka Holland","Poland","1990","https://www.criterion.com/films/28040-europa-europa","films","28040","films:28040"
"986","The Baker’s Wife","Marcel Pagnol","France","1938","https://www.criterion.com/films/29390-the-baker-s-wife","films","29390","films:29390"
"987","Klute","Alan J. Pakula","United States","1971","https://www.criterion.com/films/28708-klute","films","28708","films:28708"
"988","The Inland Sea","Lucille Carra","United States","1991","https://www.criterion.com/films/28747-the-inland-sea","films","28747","films:28747"
"989","The Flavor of Green Tea over Rice","Yasujiro Ozu","Japan","1952","https://www.criterion.com/films/28229-the-flavor-of-green-tea-over-rice","films","28229","films:28229"
"990","Where Is the Friend’s House?","Abbas Kiarostami","Iran","1987","https://www.criterion.com/films/28638-where-is-the-friend-s-house","films","28638","films:28638"
"991","And Life Goes On","Abbas Kiarostami","Iran","1992","https://www.criterion.com/films/28639-and-life-goes-on","films","28639","films:28639"
"992","Through the Olive Trees","Abbas Kiarostami","Iran","1994","https://www.criterion.com/films/28077-through-the-olive-trees","films","28077","films:28077"
"993","The Cloud-Capped Star","Ritwik Ghatak","India","1960","https://www.criterion.com/films/29059-the-cloud-capped-star","films","29059","films:29059"
"994","Local Hero","Bill Forsyth","United Kingdom","1983","https://www.criterion.com/films/28709-local-hero","films","28709","films:28709"
"995","Polyester","John Waters","United States","1981","https://www.criterion.com/films/28714-polyester","films","28714","films:28714"
"996","The Circus","Charles Chaplin","United States","1928","https://www.criterion.com/films/27563-the-circus","films","27563","films:27563"
"997","Cluny Brown","Ernst Lubitsch","United States","1946","https://www.criterion.com/films/28564-cluny-brown","films","28564","films:28564"
"998","When We Were Kings","Leon Gast","United States","1996","https://www.criterion.com/films/30086-when-we-were-kings","films","30086","films:30086"
"999","Matewan","John Sayles","United States","1987","https://www.criterion.com/films/29461-matewan","films","29461","films:29461"
"1000","Godzilla: The Showa-Era Films, 1954–1975","","","","https://www.criterion.com/boxsets/2648-godzilla-the-showa-era-films-1954-1975","boxsets","2648","boxsets:2648"
"1001","The Daytrippers","Greg Mottola","Canada","1996","https://www.criterion.com/films/29464-the-daytrippers","films","29464","films:29464"
"1002","Betty Blue","Jean-Jacques Beineix","France","1986","https://www.criterion.com/films/29079-betty-blue","films","29079","films:29079"
"1003","All About Eve","Joseph L. Mankiewicz","United States","1950","https://www.criterion.com/films/29596-all-about-eve","films","29596","films:29596"
"1004","Now, Voyager","Irving Rapper","United States","1942","https://www.criterion.com/films/29026-now-voyager","films","29026","films:29026"
"1005","Cold War","Paweł Pawlikowski","Poland","2018","https://www.criterion.com/films/30104-cold-war","films","30104","films:30104"
"1006","The Story of Temple Drake","Stephen Roberts","United States","1933","https://www.criterion.com/films/28575-the-story-of-temple-drake","films","28575","films:28575"
"1007","Until the End of the World","Wim Wenders","Germany","1991","https://www.criterion.com/films/28767-until-the-end-of-the-world","films","28767","films:28767"
"1008","Old Joy","Kelly Reichardt","United States","2006","https://www.criterion.com/films/29062-old-joy","films","29062","films:29062"
"1009","Holiday","George Cukor","United States","1938","https://www.criterion.com/films/28829-holiday","films","28829","films:28829"
"1010","Le petit soldat","Jean-Luc Godard","France","1963","https://www.criterion.com/films/28093-le-petit-soldat","films","28093","films:28093"
"1011","Fail Safe","Sidney Lumet","United States","1964","https://www.criterion.com/films/28825-fail-safe","films","28825","films:28825"
"1012","All About My Mother","Pedro Almodóvar","Spain","1999","https://www.criterion.com/films/29569-all-about-my-mother","films","29569","films:29569"
"1013","Teorema","Pier Paolo Pasolini","Italy","1968","https://www.criterion.com/films/28660-teorema","films","28660","films:28660"
"1014","Roma","Alfonso Cuarón","United States","2018","https://www.criterion.com/films/30124-roma","films","30124","films:30124"
"1015","Journey to the Beginning of Time","Karel Zeman","Czechoslovakia","1955","https://www.criterion.com/films/30226-journey-to-the-beginning-of-time","films","30226","films:30226"
"1016","Invention for Destruction","Karel Zeman","Czechoslovakia","1958","https://www.criterion.com/films/29654-invention-for-destruction","films","29654","films:29654"
"1017","The Fabulous Baron Munchausen","Karel Zeman","Czechoslovakia","1962","https://www.criterion.com/films/29652-the-fabulous-baron-munchausen","films","29652","films:29652"
"1018","Paris Is Burning","Jennie Livingston","United States","1990","https://www.criterion.com/films/29647-paris-is-burning","films","29647","films:29647"
"1019","Bamboozled","Spike Lee","United States","2000","https://www.criterion.com/films/29007-bamboozled","films","29007","films:29007"
"1020","Leave Her to Heaven","John M. Stahl","United States","1945","https://www.criterion.com/films/29602-leave-her-to-heaven","films","29602","films:29602"
"1021","Show Boat","James Whale","United States","1936","https://www.criterion.com/films/29035-show-boat","films","29035","films:29035"
"1022","The Prince of Tides","Barbra Streisand","United States","1991","https://www.criterion.com/films/29571-the-prince-of-tides","films","29571","films:29571"
"1023","The Cremator","Juraj Herz","Czechoslovakia","1969","https://www.criterion.com/films/27853-the-cremator","films","27853","films:27853"
"1024","Destry Rides Again","George Marshall","United States","1939","https://www.criterion.com/films/29002-destry-rides-again","films","29002","films:29002"
"1025","The Grand Budapest Hotel","Wes Anderson","United States","2014","https://www.criterion.com/films/29601-the-grand-budapest-hotel","films","29601","films:29601"
"1026","Me and You and Everyone We Know","Miranda July","United States","2005","https://www.criterion.com/films/29112-me-and-you-and-everyone-we-know","films","29112","films:29112"
"1027","The Great Escape","John Sturges","United States","1963","https://www.criterion.com/films/29149-the-great-escape","films","29149","films:29149"
"1028","Dance, Girl, Dance","Dorothy Arzner","United States","1940","https://www.criterion.com/films/29633-dance-girl-dance","films","29633","films:29633"
"1029","Husbands","John Cassavetes","United States","1970","https://www.criterion.com/films/28827-husbands","films","28827","films:28827"
"1030","Scorsese Shorts","Martin Scorsese","United States","","https://www.criterion.com/films/30616-scorsese-shorts","films","30616","films:30616"
"1031","Wildlife","Paul Dano","United States","2018","https://www.criterion.com/films/29644-wildlife","films","29644","films:29644"
"1032","An Unmarried Woman","Paul Mazursky","United States","1978","https://www.criterion.com/films/29597-an-unmarried-woman","films","29597","films:29597"
"1033","The Cameraman","Edward Sedgwick","United States","1928","https://www.criterion.com/films/29011-the-cameraman","films","29011","films:29011"
"1034","Portrait of a Lady on Fire","Céline Sciamma","France","2019","https://www.criterion.com/films/30469-portrait-of-a-lady-on-fire","films","30469","films:30469"
"1035","Come and See","Elem Klimov","Soviet Union","1985","https://www.criterion.com/films/28895-come-and-see","films","28895","films:28895"
"1036","Bruce Lee: His Greatest Hits","","","","https://www.criterion.com/boxsets/3205-bruce-lee-his-greatest-hits","boxsets","3205","boxsets:3205"
"1037","The War of the Worlds","Byron Haskin","United States","1953","https://www.criterion.com/films/29942-the-war-of-the-worlds","films","29942","films:29942"
"1038","Marriage Story","Noah Baumbach","United States","2019","https://www.criterion.com/films/30554-marriage-story","films","30554","films:30554"
"1039","Town Bloody Hall","Chris Hegedus and D. A. Pennebaker","United States","1979","https://www.criterion.com/films/30213-town-bloody-hall","films","30213","films:30213"
"1040","Toni","Jean Renoir","France","1935","https://www.criterion.com/films/27975-toni","films","27975","films:27975"
"1041","The Comfort of Strangers","Paul Schrader","Italy","1990","https://www.criterion.com/films/29638-the-comfort-of-strangers","films","29638","films:29638"
"1042","Beau travail","Claire Denis","France","1999","https://www.criterion.com/films/29646-beau-travail","films","29646","films:29646"
"1043","Christ Stopped at Eboli","Francesco Rosi","Italy","1979","https://www.criterion.com/films/30717-christ-stopped-at-eboli","films","30717","films:30717"
"1044","Martin Scorsese’s World Cinema Project No. 3","","","","https://www.criterion.com/boxsets/3506-martin-scorsese-s-world-cinema-project-no-3","boxsets","3506","boxsets:3506"
"1045","Lucía","Humberto Solás","Cuba","1968","https://www.criterion.com/films/30298-lucia","films","30298","films:30298"
"1046","After the Curfew","Usmar Ismail","Indonesia","1954","https://www.criterion.com/films/30304-after-the-curfew","films","30304","films:30304"
"1047","Pixote","Héctor Babenco","Brazil","1980","https://www.criterion.com/films/30307-pixote","films","30307","films:30307"
"1048","Dos monjes","Juan Bustillo Oro","Mexico","1934","https://www.criterion.com/films/30306-dos-monjes","films","30306","films:30306"
"1049","Soleil Ô","Med Hondo","France","1970","https://www.criterion.com/films/30299-soleil-o","films","30299","films:30299"
"1050","Downpour","Bahram Beyzaie","Iran","1972","https://www.criterion.com/films/28601-downpour","films","28601","films:28601"
"1051","The Elephant Man","David Lynch","United Kingdom","1980","https://www.criterion.com/films/29677-the-elephant-man","films","29677","films:29677"
"1052","Claudine","John Berry","United States","1974","https://www.criterion.com/films/29599-claudine","films","29599","films:29599"
"1053","The Gunfighter","Henry King","United States","1950","https://www.criterion.com/films/28568-the-gunfighter","films","28568","films:28568"
"1054","Parasite","Bong Joon Ho","South Korea","2019","https://www.criterion.com/films/30619-parasite","films","30619","films:30619"
"1055","Girlfriends","Claudia Weill","United States","1978","https://www.criterion.com/films/29635-girlfriends","films","29635","films:29635"
"1056","Moonstruck","Norman Jewison","United States","1987","https://www.criterion.com/films/29154-moonstruck","films","29154","films:29154"
"1057","Ghost Dog: The Way of the Samurai","Jim Jarmusch","United States","1999","https://www.criterion.com/films/31032-ghost-dog-the-way-of-the-samurai","films","31032","films:31032"
"1058","The Irishman","Martin Scorsese","United States","2019","https://www.criterion.com/films/30553-the-irishman","films","30553","films:30553"
"1059","Crash","David Cronenberg","Canada","1996","https://www.criterion.com/films/29014-crash","films","29014","films:29014"
"1060","Amores perros","Alejandro G. Iñárritu","Mexico","2000","https://www.criterion.com/films/30908-amores-perros","films","30908","films:30908"
"1061","Minding the Gap","Bing Liu","United States","2018","https://www.criterion.com/films/30515-minding-the-gap","films","30515","films:30515"
"1062","Rolling Thunder Revue: A Bob Dylan Story by Martin Scorsese","Martin Scorsese","United States","2019","https://www.criterion.com/films/31036-rolling-thunder-revue-a-bob-dylan-story-by-martin-scorsese","films","31036","films:31036"
"1063","The Ascent","Larisa Shepitko","Soviet Union","1977","https://www.criterion.com/films/561-the-ascent","films","561","films:561"
"1064","The Parallax View","Alan J. Pakula","United States","1974","https://www.criterion.com/films/30204-the-parallax-view","films","30204","films:30204"
"1065","Mandabi","Ousmane Sembène","Senegal","1968","https://www.criterion.com/films/29067-mandabi","films","29067","films:29067"
"1066","Man Push Cart","Ramin Bahrani","United States","2005","https://www.criterion.com/films/30367-man-push-cart","films","30367","films:30367"
"1067","Chop Shop","Ramin Bahrani","United States","2007","https://www.criterion.com/films/30288-chop-shop","films","30288","films:30288"
"1068","Smooth Talk","Joyce Chopra","United States","1985","https://www.criterion.com/films/29655-smooth-talk","films","29655","films:29655"
"1069","Céline and Julie Go Boating","Jacques Rivette","France","1974","https://www.criterion.com/films/29639-celine-and-julie-go-boating","films","29639","films:29639"
"1070","Secrets & Lies","Mike Leigh","United Kingdom","1996","https://www.criterion.com/films/29202-secrets-lies","films","29202","films:29202"
"1071","Defending Your Life","Albert Brooks","United States","1991","https://www.criterion.com/films/29634-defending-your-life","films","29634","films:29634"
"1072","History Is Made at Night","Frank Borzage","United States","1937","https://www.criterion.com/films/27770-history-is-made-at-night","films","27770","films:27770"
"1073","Memories of Murder","Bong Joon Ho","South Korea","2003","https://www.criterion.com/films/31458-memories-of-murder","films","31458","films:31458"
"1074","Irma Vep","Olivier Assayas","France","1996","https://www.criterion.com/films/29197-irma-vep","films","29197","films:29197"
"1075","Fast Times at Ridgemont High","Amy Heckerling","United States","1982","https://www.criterion.com/films/30464-fast-times-at-ridgemont-high","films","30464","films:30464"
"1076","Merrily We Go to Hell","Dorothy Arzner","United States","1932","https://www.criterion.com/films/30456-merrily-we-go-to-hell","films","30456","films:30456"
"1077","Flowers of Shanghai","Hou Hsiao-hsien","Taiwan","1998","https://www.criterion.com/films/30521-flowers-of-shanghai","films","30521","films:30521"
"1078","Nightmare Alley","Edmund Goulding","United States","1947","https://www.criterion.com/films/28571-nightmare-alley","films","28571","films:28571"
"1079","Streetwise","Martin Bell","United States","1984","https://www.criterion.com/films/29631-streetwise","films","29631","films:29631"
"1080","Tiny: The Life of Erin Blackwell","Martin Bell","United States","2016","https://www.criterion.com/films/29656-tiny-the-life-of-erin-blackwell","films","29656","films:29656"
"1081","Visions of Eight","Juri Ozerov, Mai Zetterling, Arthur Penn, Michael Pfleghar, Kon Ichikawa, Miloš Forman, Claude Lelouch, and John Schlesinger","United States","1973","https://www.criterion.com/films/29305-visions-of-eight","films","29305","films:29305"
"1082","The Signifyin’ Works of Marlon Riggs","","","","https://www.criterion.com/boxsets/4431-the-signifyin-works-of-marlon-riggs","boxsets","4431","boxsets:4431"
"1083","Pariah","Dee Rees","United States","2011","https://www.criterion.com/films/31582-pariah","films","31582","films:31582"
"1084","Mirror","Andrei Tarkovsky","Soviet Union","1975","https://www.criterion.com/films/28894-mirror","films","28894","films:28894"
"1085","Bringing Up Baby","Howard Hawks","United States","1938","https://www.criterion.com/films/29010-bringing-up-baby","films","29010","films:29010"
"1086","Deep Cover","Bill Duke","United States","1992","https://www.criterion.com/films/31499-deep-cover","films","31499","films:31499"
"1087","Working Girls","Lizzie Borden","United States","1986","https://www.criterion.com/films/31084-working-girls","films","31084","films:31084"
"1088","La piscine","Jacques Deray","France","1969","https://www.criterion.com/films/30223-la-piscine","films","30223","films:30223"
"1089","After Life","Hirokazu Kore-eda","Japan","1998","https://www.criterion.com/films/29081-after-life","films","29081","films:29081"
"1090","Original Cast Album: “Company”","D. A. Pennebaker","United States","1970","https://www.criterion.com/films/30212-original-cast-album-company","films","30212","films:30212"
"1091","Beasts of No Nation","Cary Joji Fukunaga","United States","2015","https://www.criterion.com/films/31756-beasts-of-no-nation","films","31756","films:31756"
"1092","Throw Down","Johnnie To","Hong Kong","2004","https://www.criterion.com/films/30713-throw-down","films","30713","films:30713"
"1093","The Story of a Three Day Pass","Melvin Van Peebles","France","1967","https://www.criterion.com/films/31848-the-story-of-a-three-day-pass","films","31848","films:31848"
"1094","Watermelon Man","Melvin Van Peebles","United States","1970","https://www.criterion.com/films/31629-watermelon-man","films","31629","films:31629"
"1095","Sweet Sweetback’s Baadasssss Song","Melvin Van Peebles","United States","1971","https://www.criterion.com/films/32000-sweet-sweetback-s-baadasssss-song","films","32000","films:32000"
"1096","Don’t Play Us Cheap","Melvin Van Peebles","United States","1972","https://www.criterion.com/films/32013-don-t-play-us-cheap","films","32013","films:32013"
"1097","Love & Basketball","Gina Prince-Bythewood","United States","2000","https://www.criterion.com/films/31500-love-basketball","films","31500","films:31500"
"1098","The Damned","Luchino Visconti","Italy","1969","https://www.criterion.com/films/31319-the-damned","films","31319","films:31319"
"1099","High Sierra","Raoul Walsh","United States","1941","https://www.criterion.com/films/29019-high-sierra","films","29019","films:29019"
"1100","The Incredible Shrinking Man","Jack Arnold","United States","1957","https://www.criterion.com/films/28988-the-incredible-shrinking-man","films","28988","films:28988"
"1101","Uncut Gems","Josh Safdie and Benny Safdie","United States","2019","https://www.criterion.com/films/31917-uncut-gems","films","31917","films:31917"
"1102","Devi","Satyajit Ray","India","1960","https://www.criterion.com/films/27906-devi","films","27906","films:27906"
"1103","Once Upon a Time in China: The Complete Films","","","","https://www.criterion.com/boxsets/5026-once-upon-a-time-in-china-the-complete-films","boxsets","5026","boxsets:5026"
"1104","Citizen Kane","Orson Welles","United States","1941","https://www.criterion.com/films/32250-citizen-kane","films","32250","films:32250"
"1105","Menace II Society","Albert Hughes and Allen Hughes","United States","1993","https://www.criterion.com/films/31502-menace-ii-society","films","31502","films:31502"
"1106","One Night in Miami . . .","Regina King","United States","2020","https://www.criterion.com/films/32171-one-night-in-miami","films","32171","films:32171"
"1107","The Learning Tree","Gordon Parks","United States","1969","https://www.criterion.com/films/29636-the-learning-tree","films","29636","films:29636"
"1108","The Celebration","Thomas Vinterberg","Denmark","1998","https://www.criterion.com/films/28059-the-celebration","films","28059","films:28059"
"1109","Time","Garrett Bradley","United States","2020","https://www.criterion.com/films/32170-time","films","32170","films:32170"
"1110","The Piano","Jane Campion","New Zealand","1993","https://www.criterion.com/films/30424-the-piano","films","30424","films:30424"
"1111","Dick Johnson Is Dead","Kirsten Johnson","United States","2020","https://www.criterion.com/films/32311-dick-johnson-is-dead","films","32311","films:32311"
"1112","Miller’s Crossing","Joel Coen","United States","1990","https://www.criterion.com/films/29604-miller-s-crossing","films","29604","films:29604"
"1113","Boat People","Ann Hui","Hong Kong","1982","https://www.criterion.com/films/30455-boat-people","films","30455","films:30455"
"1114","Love Affair","Leo McCarey","United States","1939","https://www.criterion.com/films/32533-love-affair","films","32533","films:32533"
"1115","Adoption","Márta Mészáros","Hungary","1975","https://www.criterion.com/films/31237-adoption","films","31237","films:31237"
"1116","The Flight of the Phoenix","Robert Aldrich","United States","1965","https://www.criterion.com/films/28566-the-flight-of-the-phoenix","films","28566","films:28566"
"1117","love jones","Theodore Witcher","United States","1997","https://www.criterion.com/films/31501-love-jones","films","31501","films:31501"
"1118","The Last Waltz","Martin Scorsese","United States","1978","https://www.criterion.com/films/29460-the-last-waltz","films","29460","films:29460"
"1119","Miracle in Milan","Vittorio De Sica","Italy","1951","https://www.criterion.com/films/28176-miracle-in-milan","films","28176","films:28176"
"1120","The Girl Can’t Help It","Frank Tashlin","United States","1956","https://www.criterion.com/films/29605-the-girl-can-t-help-it","films","29605","films:29605"
"1121","Eyimofe (This Is My Desire)","Arie Esiri and Chuko Esiri","Nigeria","2020","https://www.criterion.com/films/32158-eyimofe-this-is-my-desire","films","32158","films:32158"
"1122","’Round Midnight","Bertrand Tavernier","United States","1986","https://www.criterion.com/films/29031--round-midnight","films","29031","films:29031"
"1123","Mr. Klein","Joseph Losey","France","1976","https://www.criterion.com/films/28112-mr-klein","films","28112","films:28112"
"1124","Chan Is Missing","Wayne Wang","United States","1982","https://www.criterion.com/films/31920-chan-is-missing","films","31920","films:31920"
"1125","The Funeral","Juzo Itami","Japan","1984","https://www.criterion.com/films/28879-the-funeral","films","28879","films:28879"
"1126","Double Indemnity","Billy Wilder","United States","1944","https://www.criterion.com/films/30460-double-indemnity","films","30460","films:30460"
"1127","Mississippi Masala","Mira Nair","United States","1991","https://www.criterion.com/films/32237-mississippi-masala","films","32237","films:32237"
"1128","Farewell Amor","Ekwa Msangi","United States","2020","https://www.criterion.com/films/32604-farewell-amor","films","32604","films:32604"
"1129","Rouge","Stanley Kwan","Hong Kong","1987","https://www.criterion.com/films/30738-rouge","films","30738","films:30738"
"1130","Shaft","Gordon Parks","United States","1971","https://www.criterion.com/films/30643-shaft","films","30643","films:30643"
"1131","Pink Flamingos","John Waters","United States","1972","https://www.criterion.com/films/31320-pink-flamingos","films","31320","films:31320"
"1132","The Worst Person in the World","Joachim Trier","Norway","2021","https://www.criterion.com/films/32661-the-worst-person-in-the-world","films","32661","films:32661"
"1133","Okja","Bong Joon Ho","South Korea","2017","https://www.criterion.com/films/32600-okja","films","32600","films:32600"
"1134","Raging Bull","Martin Scorsese","United States","1980","https://www.criterion.com/films/29158-raging-bull","films","29158","films:29158"
"1135","Devil in a Blue Dress","Carl Franklin","United States","1995","https://www.criterion.com/films/32355-devil-in-a-blue-dress","films","32355","films:32355"
"1136","Drive My Car","Ryusuke Hamaguchi","Japan","2021","https://www.criterion.com/films/32441-drive-my-car","films","32441","films:32441"
"1137","Frownland","Ronald Bronstein","United States","2007","https://www.criterion.com/films/29434-frownland","films","29434","films:29434"
"1138","Daddy Longlegs","Josh Safdie and Benny Safdie","United States","2009","https://www.criterion.com/films/29117-daddy-longlegs","films","29117","films:29117"
"1139","Hôtel du Nord","Marcel Carné","France","1938","https://www.criterion.com/films/27721-hotel-du-nord","films","27721","films:27721"
"1140","Buck and the Preacher","Sidney Poitier","United States","1972","https://www.criterion.com/films/30530-buck-and-the-preacher","films","30530","films:30530"
"1141","Faya dayi","Jessica Beshir","Ethiopia","2021","https://www.criterion.com/films/32189-faya-dayi","films","32189","films:32189"
"1142","Martin Scorsese’s World Cinema Project No. 4","","","","https://www.criterion.com/boxsets/6183-martin-scorsese-s-world-cinema-project-no-4","boxsets","6183","boxsets:6183"
"1143","Sambizanga","Sarah Maldoror","Angola","1972","https://www.criterion.com/films/33101-sambizanga","films","33101","films:33101"
"1144","Prisioneros de la tierra","Mario Soffici","Argentina","1939","https://www.criterion.com/films/30308-prisioneros-de-la-tierra","films","30308","films:30308"
"1145","Chess of the Wind","Mohammad Reza Aslani","Iran","1976","https://www.criterion.com/films/31588-chess-of-the-wind","films","31588","films:31588"
"1146","Muna moto","Dikongué-Pipa","Cameroon","1975","https://www.criterion.com/films/33087-muna-moto","films","33087","films:33087"
"1147","Two Girls on the Street","André de Toth","Hungary","1939","https://www.criterion.com/films/30309-two-girls-on-the-street","films","30309","films:30309"
"1148","Kalpana","Uday Shankar","India","1948","https://www.criterion.com/films/33102-kalpana","films","33102","films:33102"
"1149","Take Out","Sean Baker and Shih-Ching Tsou","United States","2004","https://www.criterion.com/films/30084-take-out","films","30084","films:30084"
"1150","Exotica","Atom Egoyan","Canada","1994","https://www.criterion.com/films/29270-exotica","films","29270","films:29270"
"1151","Sound of Metal","Darius Marder","United States","2019","https://www.criterion.com/films/32169-sound-of-metal","films","32169","films:32169"
"1152","Lost Highway","David Lynch","United States","1997","https://www.criterion.com/films/31590-lost-highway","films","31590","films:31590"
"1153","Arsenic and Old Lace","Frank Capra","United States","1944","https://www.criterion.com/films/29005-arsenic-and-old-lace","films","29005","films:29005"
"1154","Eve’s Bayou","Kasi Lemmons","United States","1997","https://www.criterion.com/films/32658-eve-s-bayou","films","32658","films:32658"
"1155","Cure","Kiyoshi Kurosawa","Japan","1997","https://www.criterion.com/films/27666-cure","films","27666","films:27666"
"1156","La Llorona","Jayro Bustamante","Guatemala","2019","https://www.criterion.com/films/33103-la-llorona","films","33103","films:33103"
"1157","Daisies","Věra Chytilová","Czechoslovakia","1966","https://www.criterion.com/films/27854-daisies","films","27854","films:27854"
"1158","The Power of the Dog","Jane Campion","United States","2021","https://www.criterion.com/films/33332-the-power-of-the-dog","films","33332","films:33332"
"1159","The Infernal Affairs Trilogy","","","","https://www.criterion.com/boxsets/6276-the-infernal-affairs-trilogy","boxsets","6276","boxsets:6276"
"1160","Malcolm X","Spike Lee","United States","1992","https://www.criterion.com/films/33245-malcolm-x","films","33245","films:33245"
"1161","WALL·E","Andrew Stanton","United States","2008","https://www.criterion.com/films/33246-wall-e","films","33246","films:33246"
"1162","Three Films by Mai Zetterling","","","","https://www.criterion.com/boxsets/6324-three-films-by-mai-zetterling","boxsets","6324","boxsets:6324"
"1163","Michael Haneke: Trilogy","","","","https://www.criterion.com/boxsets/6323-michael-haneke-trilogy","boxsets","6323","boxsets:6323"
"1164","The Velvet Underground","Todd Haynes","United States","2021","https://www.criterion.com/films/33386-the-velvet-underground","films","33386","films:33386"
"1165","Cooley High","Michael Schultz","United States","1975","https://www.criterion.com/films/31689-cooley-high","films","31689","films:31689"
"1166","The Adventures of Baron Munchausen","Terry Gilliam","United Kingdom","1988","https://www.criterion.com/films/29570-the-adventures-of-baron-munchausen","films","29570","films:29570"
"1167","Imitation of Life","John M. Stahl","United States","1934","https://www.criterion.com/films/30461-imitation-of-life","films","30461","films:30461"
"1168","Lars von Trier’s Europe Trilogy","","","","https://www.criterion.com/boxsets/6344-lars-von-trier-s-europe-trilogy","boxsets","6344","boxsets:6344"
"1169","This Is Not a Burial, It’s a Resurrection","Lemohang Jeremiah Mosese","Lesotho","2019","https://www.criterion.com/films/32409-this-is-not-a-burial-it-s-a-resurrection","films","32409","films:32409"
"1170","Bergman Island","Mia Hansen-Løve","France","2021","https://www.criterion.com/films/33380-bergman-island","films","33380","films:33380"
"1171","Romeo and Juliet","Franco Zeffirelli","Italy","1968","https://www.criterion.com/films/30205-romeo-and-juliet","films","30205","films:30205"
"1172","Two Films by Marguerite Duras","","","","https://www.criterion.com/boxsets/6412-two-films-by-marguerite-duras","boxsets","6412","boxsets:6412"
"1173","Hollywood Shuffle","Robert Townsend","United States","1987","https://www.criterion.com/films/29771-hollywood-shuffle","films","29771","films:29771"
"1174","Last Hurrah for Chivalry","John Woo","Hong Kong","1979","https://www.criterion.com/films/29546-last-hurrah-for-chivalry","films","29546","films:29546"
"1175","Inland Empire","David Lynch","United States","2006","https://www.criterion.com/films/30077-inland-empire","films","30077","films:30077"
"1176","Chilly Scenes of Winter","Joan Micklin Silver","United States","1979","https://www.criterion.com/films/29145-chilly-scenes-of-winter","films","29145","films:29145"
"1177","Small Axe","","","","https://www.criterion.com/boxsets/6517-small-axe","boxsets","6517","boxsets:6517"
"1178","Triangle of Sadness","Ruben Östlund","Sweden","2022","https://www.criterion.com/films/33532-triangle-of-sadness","films","33532","films:33532"
"1179","Targets","Peter Bogdanovich","United States","1968","https://www.criterion.com/films/29965-targets","films","29965","films:29965"
"1180","Thelma & Louise","Ridley Scott","United States","1991","https://www.criterion.com/films/29164-thelma-louise","films","29164","films:29164"
"1181","Petite maman","Céline Sciamma","France","2021","https://www.criterion.com/films/33467-petite-maman","films","33467","films:33467"
"1182","The Servant","Joseph Losey","United Kingdom","1963","https://www.criterion.com/films/31285-the-servant","films","31285","films:31285"
"1183","Medicine for Melancholy","Barry Jenkins","United States","2008","https://www.criterion.com/films/29643-medicine-for-melancholy","films","29643","films:29643"
"1184","The Watermelon Woman","Cheryl Dunye","United States","1996","https://www.criterion.com/films/30705-the-watermelon-woman","films","30705","films:30705"
"1185","After Hours","Martin Scorsese","United States","1985","https://www.criterion.com/films/29632-after-hours","films","29632","films:29632"
"1186","The Ranown Westerns: Five Films Directed by Budd Boetticher","","","","https://www.criterion.com/boxsets/6702-the-ranown-westerns-five-films-directed-by-budd-boetticher","boxsets","6702","boxsets:6702"
"1187","One False Move","Carl Franklin","United States","1992","https://www.criterion.com/films/31627-one-false-move","films","31627","films:31627"
"1188","Dim Sum: A Little Bit of Heart","Wayne Wang","United States","1985","https://www.criterion.com/films/31921-dim-sum-a-little-bit-of-heart","films","31921","films:31921"
"1189","Bo Widerberg’s New Swedish Cinema","","","","https://www.criterion.com/boxsets/6737-bo-widerberg-s-new-swedish-cinema","boxsets","6737","boxsets:6737"
"1190","Drylongso","Cauleen Smith","United States","1998","https://www.criterion.com/films/31648-drylongso","films","31648","films:31648"
"1191","The Trial","Orson Welles","France","1962","https://www.criterion.com/films/28115-the-trial","films","28115","films:28115"
"1192","Moonage Daydream","Brett Morgen","United States","2022","https://www.criterion.com/films/33621-moonage-daydream","films","33621","films:33621"
"1193","La Bamba","Luis Valdez","United States","1987","https://www.criterion.com/films/33769-la-bamba","films","33769","films:33769"
"1194","Freaks / The Unknown / The Mystic: Tod Browning’s Sideshow Shockers","","","","https://www.criterion.com/boxsets/6911-freaks-the-unknown-the-mystic-tod-browning-s-sideshow-shockers","boxsets","6911","boxsets:6911"
"1195","The Others","Alejandro Amenábar","Spain","2001","https://www.criterion.com/films/33636-the-others","films","33636","films:33636"
"1196","Nanny","Nikyatu Jusu","United States","2022","https://www.criterion.com/films/33916-nanny","films","33916","films:33916"
"1197","Jackie Chan: Emergence of a Superstar","","","","https://www.criterion.com/boxsets/6970-jackie-chan-emergence-of-a-superstar","boxsets","6970","boxsets:6970"
"1198","Mean Streets","Martin Scorsese","United States","1973","https://www.criterion.com/films/29024-mean-streets","films","29024","films:29024"
"1199","La cérémonie","Claude Chabrol","France","1995","https://www.criterion.com/films/27654-la-ceremonie","films","27654","films:27654"
"1200","The Red Balloon and Other Stories: Five Films by Albert Lamorisse","","","","https://www.criterion.com/boxsets/6993-the-red-balloon-and-other-stories-five-films-by-albert-lamorisse","boxsets","6993","boxsets:6993"
"1201","Guillermo del Toro’s Pinocchio","Guillermo del Toro and Mark Gustafson","Mexico","2022","https://www.criterion.com/films/33828-guillermo-del-toro-s-pinocchio","films","33828","films:33828"
"1202","Lone Star","John Sayles","United States","1996","https://www.criterion.com/films/29021-lone-star","films","29021","films:29021"
"1203","Chantal Akerman Masterpieces, 1968–1978","","","","https://www.criterion.com/boxsets/7045-chantal-akerman-masterpieces-1968-1978","boxsets","7045","boxsets:7045"
"1204","Trainspotting","Danny Boyle","United Kingdom","1996","https://www.criterion.com/films/29627-trainspotting","films","29627","films:29627"
"1205","Mudbound","Dee Rees","United States","2017","https://www.criterion.com/films/33829-mudbound","films","33829","films:33829"
"1206","Eric Rohmer’s Tales of the Four Seasons","","","","https://www.criterion.com/boxsets/7154-eric-rohmer-s-tales-of-the-four-seasons","boxsets","7154","boxsets:7154"
"1207","The Heroic Trio / Executioners","","","","https://www.criterion.com/boxsets/7155-the-heroic-trio-executioners","boxsets","7155","boxsets:7155"
"1208","The Roaring Twenties","Raoul Walsh","United States","1939","https://www.criterion.com/films/29030-the-roaring-twenties","films","29030","films:29030"
"1209","Nothing but a Man","Michael Roemer","United States","1964","https://www.criterion.com/films/31775-nothing-but-a-man","films","31775","films:31775"
"1210","All the Beauty and the Bloodshed","Laura Poitras","United States","2022","https://www.criterion.com/films/33813-all-the-beauty-and-the-bloodshed","films","33813","films:33813"
"1211","The Runner","Amir Naderi","Iran","1984","https://www.criterion.com/films/34099-the-runner","films","34099","films:34099"
"1212","Saint Omer","Alice Diop","France","2022","https://www.criterion.com/films/34051-saint-omer","films","34051","films:34051"
"1213","To Die For","Gus Van Sant","United States","1995","https://www.criterion.com/films/32358-to-die-for","films","32358","films:32358"
"1214","I Am Cuba","Mikhail Kalatozov","Cuba","1964","https://www.criterion.com/films/33466-i-am-cuba","films","33466","films:33466"
"1215","Werckmeister Harmonies","Béla Tarr and Ágnes Hranitzky","Hungary","2000","https://www.criterion.com/films/33388-werckmeister-harmonies","films","33388","films:33388"
"1216","Dogfight","Nancy Savoca","United States","1991","https://www.criterion.com/films/33803-dogfight","films","33803","films:33803"
"1217","Three Revolutionary Films by Ousmane Sembène","","","","https://www.criterion.com/boxsets/7304-three-revolutionary-films-by-ousmane-sembene","boxsets","7304","boxsets:7304"
"1218","Anatomy of a Fall","Justine Triet","France","2023","https://www.criterion.com/films/34134-anatomy-of-a-fall","films","34134","films:34134"
"1219","Girlfight","Karyn Kusama","United States","2000","https://www.criterion.com/films/33189-girlfight","films","33189","films:33189"
"1220","Bound","Lana Wachowski and Lilly Wachowski","United States","1996","https://www.criterion.com/films/33670-bound","films","33670","films:33670"
"1221","Querelle","Rainer Werner Fassbinder","Germany","1982","https://www.criterion.com/films/27974-querelle","films","27974","films:27974"
"1222","Victims of Sin","Emilio Fernández","Mexico","1951","https://www.criterion.com/films/33289-victims-of-sin","films","33289","films:33289"
"1223","The Underground Railroad","Barry Jenkins","United States","2021","https://www.criterion.com/films/34073-the-underground-railroad","films","34073","films:34073"
"1224","Pat Garrett and Billy the Kid","Sam Peckinpah","United States","1973","https://www.criterion.com/films/29028-pat-garrett-and-billy-the-kid","films","29028","films:29028"
"1225","Black God, White Devil","Glauber Rocha","Brazil","1964","https://www.criterion.com/films/33537-black-god-white-devil","films","33537","films:33537"
"1226","Perfect Days","Wim Wenders","Japan","2023","https://www.criterion.com/films/34274-perfect-days","films","34274","films:34274"
"1227","Risky Business","Paul Brickman","United States","1983","https://www.criterion.com/films/33808-risky-business","films","33808","films:33808"
"1228","Farewell My Concubine","Chen Kaige","China","1993","https://www.criterion.com/films/34098-farewell-my-concubine","films","34098","films:34098"
"1229","Brief Encounters / The Long Farewell: Two Films by Kira Muratova","","","","https://www.criterion.com/boxsets/7479-brief-encounters-the-long-farewell-two-films-by-kira-muratova","boxsets","7479","boxsets:7479"
"1230","Not a Pretty Picture","Martha Coolidge","United States","1975","https://www.criterion.com/films/33619-not-a-pretty-picture","films","33619","films:33619"
"1231","Real Life","Albert Brooks","United States","1979","https://www.criterion.com/films/30974-real-life","films","30974","films:30974"
"1232","Mother","Albert Brooks","United States","1996","https://www.criterion.com/films/29661-mother","films","29661","films:29661"
"1233","Gregg Araki’s Teen Apocalypse Trilogy","","","","https://www.criterion.com/boxsets/7581-gregg-araki-s-teen-apocalypse-trilogy","boxsets","7581","boxsets:7581"
"1234","All of Us Strangers","Andrew Haigh","United Kingdom","2023","https://www.criterion.com/films/34514-all-of-us-strangers","films","34514","films:34514"
"1235","Happiness","Todd Solondz","United States","1998","https://www.criterion.com/films/30465-happiness","films","30465","films:30465"
"1236","I Walked with a Zombie / The Seventh Victim: Produced by Val Lewton","","","","https://www.criterion.com/boxsets/7621-i-walked-with-a-zombie-the-seventh-victim-produced-by-val-lewton","boxsets","7621","boxsets:7621"
"1237","Demon Pond","Masahiro Shinoda","Japan","1979","https://www.criterion.com/films/33384-demon-pond","films","33384","films:33384"
"1238","Gummo","Harmony Korine","United States","1997","https://www.criterion.com/films/29016-gummo","films","29016","films:29016"
"1239","Scarface","Howard Hawks","United States","1932","https://www.criterion.com/films/32139-scarface","films","32139","films:32139"
"1240","Funny Girl","William Wyler","United States","1968","https://www.criterion.com/films/30246-funny-girl","films","30246","films:30246"
"1241","Paper Moon","Peter Bogdanovich","United States","1973","https://www.criterion.com/films/29964-paper-moon","films","29964","films:29964"
"1242","The Shape of Water","Guillermo del Toro","United States","2017","https://www.criterion.com/films/34338-the-shape-of-water","films","34338","films:34338"
"1243","No Country for Old Men","Joel Coen and Ethan Coen","United States","2007","https://www.criterion.com/films/29429-no-country-for-old-men","films","29429","films:29429"
"1244","Eastern Condors","Sammo Hung","Hong Kong","1987","https://www.criterion.com/films/30736-eastern-condors","films","30736","films:30736"
"1245","The Mother and the Whore","Jean Eustache","France","1973","https://www.criterion.com/films/33280-the-mother-and-the-whore","films","33280","films:33280"
"1246","The Grifters","Stephen Frears","United States","1990","https://www.criterion.com/films/30526-the-grifters","films","30526","films:30526"
"1247","Jo Jo Dancer, Your Life Is Calling","Richard Pryor","United States","1986","https://www.criterion.com/films/30975-jo-jo-dancer-your-life-is-calling","films","30975","films:30975"
"1248","Winchester ’73","Anthony Mann","United States","1950","https://www.criterion.com/films/28997-winchester-73","films","28997","films:28997"
"1249","King Lear","Jean-Luc Godard","United States","1987","https://www.criterion.com/films/28773-king-lear","films","28773","films:28773"
"1250","Crossing Delancey","Joan Micklin Silver","United States","1988","https://www.criterion.com/films/34764-crossing-delancey","films","34764","films:34764"
"1251","Drugstore Cowboy","Gus Van Sant","United States","1989","https://www.criterion.com/films/34208-drugstore-cowboy","films","34208","films:34208"
"1252","Performance","Donald Cammell and Nicolas Roeg","United Kingdom","1970","https://www.criterion.com/films/30003-performance","films","30003","films:30003"
"1253","A Woman of Paris","Charles Chaplin","United States","1923","https://www.criterion.com/films/27582-a-woman-of-paris","films","27582","films:27582"
"1254","Godzilla vs. Biollante","Kazuki Omori","Japan","1989","https://www.criterion.com/films/33023-godzilla-vs-biollante","films","33023","films:33023"
"1255","Night Moves","Arthur Penn","United States","1975","https://www.criterion.com/films/29466-night-moves","films","29466","films:29466"
"1256","Choose Me","Alan Rudolph","United States","1984","https://www.criterion.com/films/29146-choose-me","films","29146","films:29146"
"1257","Jean de Florette / Manon of the Spring: Two Films by Claude Berri","","","","https://www.criterion.com/boxsets/7935-jean-de-florette-manon-of-the-spring-two-films-by-claude-berri","boxsets","7935","boxsets:7935"
"1258","Prince of Broadway","Sean Baker","United States","2008","https://www.criterion.com/films/30085-prince-of-broadway","films","30085","films:30085"
"1259","Anora","Sean Baker","United States","2024","https://www.criterion.com/films/34891-anora","films","34891","films:34891"
"1260","Basquiat","Julian Schnabel","United States","1996","https://www.criterion.com/films/33321-basquiat","films","33321","films:33321"
"1261","The Wind Will Carry Us","Abbas Kiarostami","Iran","1999","https://www.criterion.com/films/30369-the-wind-will-carry-us","films","30369","films:30369"
"1262","Killer of Sheep","Charles Burnett","United States","1977","https://www.criterion.com/films/34233-killer-of-sheep","films","34233","films:34233"
"1263","The Three Musketeers / The Four Musketeers: Two Films by Richard Lester","","","","https://www.criterion.com/boxsets/7974-the-three-musketeers-the-four-musketeers-two-films-by-richard-lester","boxsets","7974","boxsets:7974"
"1264","The Wiz","Sidney Lumet","United States","1978","https://www.criterion.com/films/33810-the-wiz","films","33810","films:33810"
"1265","Thelonious Monk Straight, No Chaser","Charlotte Zwerin","United States","1988","https://www.criterion.com/films/33809-thelonious-monk-straight-no-chaser","films","33809","films:33809"
"1266","Midnight","Mitchell Leisen","United States","1939","https://www.criterion.com/films/28989-midnight","films","28989","films:28989"
"1267","Sorcerer","William Friedkin","United States","1977","https://www.criterion.com/films/34370-sorcerer","films","34370","films:34370"
"1268","Thirty Two Short Films About Glenn Gould","François Girard","Canada","1993","https://www.criterion.com/films/27915-thirty-two-short-films-about-glenn-gould","films","27915","films:27915"
"1269","The Big Heat","Fritz Lang","United States","1953","https://www.criterion.com/films/29681-the-big-heat","films","29681","films:29681"
"1270","Carnal Knowledge","Mike Nichols","United States","1971","https://www.criterion.com/films/28109-carnal-knowledge","films","28109","films:28109"
"1271","You Can Count on Me","Kenneth Lonergan","United States","2000","https://www.criterion.com/films/30206-you-can-count-on-me","films","30206","films:30206"
"1272","Shoeshine","Vittorio De Sica","Italy","1946","https://www.criterion.com/films/34329-shoeshine","films","34329","films:34329"
"1273","Cairo Station","Youssef Chahine","Egypt","1958","https://www.criterion.com/films/32722-cairo-station","films","32722","films:32722"
"1274","Compensation","Zeinabu irene Davis","United States","1999","https://www.criterion.com/films/31494-compensation","films","31494","films:31494"
"1275","A Confucian Confusion / Mahjong: Two Films by Edward Yang","","","","https://www.criterion.com/boxsets/8199-a-confucian-confusion-mahjong-two-films-by-edward-yang","boxsets","8199","boxsets:8199"
"1276","Saving Face","Alice Wu","United States","2004","https://www.criterion.com/films/32820-saving-face","films","32820","films:32820"
"1277","Born in Flames","Lizzie Borden","United States","1983","https://www.criterion.com/films/30707-born-in-flames","films","30707","films:30707"
"1278","Flow","Gints Zilbalodis","Latvia","2024","https://www.criterion.com/films/34685-flow","films","34685","films:34685"
"1279","Read My Lips","Jacques Audiard","France","2001","https://www.criterion.com/films/30400-read-my-lips","films","30400","films:30400"
"1280","The Beat That My Heart Skipped","Jacques Audiard","France","2005","https://www.criterion.com/films/32256-the-beat-that-my-heart-skipped","films","32256","films:32256"
"1281","Isle of Dogs","Wes Anderson","United States","2018","https://www.criterion.com/films/34340-isle-of-dogs","films","34340","films:34340"
"1282","The French Dispatch of the Liberty, Kansas Evening Sun","Wes Anderson","United States","2021","https://www.criterion.com/films/34339-the-french-dispatch-of-the-liberty-kansas-evening-sun","films","34339","films:34339"
"1283","A History of Violence","David Cronenberg","United States","2005","https://www.criterion.com/films/33805-a-history-of-violence","films","33805","films:33805"
"1284","Altered States","Ken Russell","United States","1980","https://www.criterion.com/films/29506-altered-states","films","29506","films:29506"
"1285","Deep Crimson","Arturo Ripstein","Mexico","1996","https://www.criterion.com/films/1201-deep-crimson","films","1201","films:1201"
"1286","Nightmare Alley","Guillermo del Toro","United States","2021","https://www.criterion.com/films/35272-nightmare-alley","films","35272","films:35272"
"1287","House Party","Reginald Hudlin","United States","1990","https://www.criterion.com/films/34866-house-party","films","34866","films:34866"
"1288","Hell’s Angels","Howard Hughes","United States","1930","https://www.criterion.com/films/28987-hell-s-angels","films","28987","films:28987"
"1289","Él","Luis Buñuel","Mexico","1953","https://www.criterion.com/films/33695-el","films","33695","films:33695"
"1290","Eyes Wide Shut","Stanley Kubrick","United Kingdom","1999","https://www.criterion.com/films/34534-eyes-wide-shut","films","34534","films:34534"
"1291","Return to Reason: Four Films by Man Ray","Man Ray","France","2023","https://www.criterion.com/films/34101-return-to-reason-four-films-by-man-ray","films","34101","films:34101"
"1292","Salaam Bombay!","Mira Nair","India","1988","https://www.criterion.com/films/33028-salaam-bombay","films","33028","films:33028"
"1293","Pee-wee’s Big Adventure","Tim Burton","United States","1985","https://www.criterion.com/films/34870-pee-wee-s-big-adventure","films","34870","films:34870"
"1294","David Byrne’s American Utopia","Spike Lee","United States","2020","https://www.criterion.com/films/32739-david-byrne-s-american-utopia","films","32739","films:32739"
"1295","The Dead","John Huston","United Kingdom","1987","https://www.criterion.com/films/32200-the-dead","films","32200","films:32200"
"1296","Martin Scorsese’s World Cinema Project No. 5","","","","https://www.criterion.com/boxsets/8451-martin-scorsese-s-world-cinema-project-no-5","boxsets","8451","boxsets:8451"
"1297","Captain Blood","Michael Curtiz","United States","1935","https://www.criterion.com/films/29013-captain-blood","films","29013","films:29013"
"1298","Birth","Jonathan Glazer","United States","2004","https://www.criterion.com/films/34221-birth","films","34221","films:34221"
"1299","Kiss of the Spider Woman","Héctor Babenco","United States","1985","https://www.criterion.com/films/32177-kiss-of-the-spider-woman","films","32177","films:32177"
"1300","Network","Sidney Lumet","United States","1976","https://www.criterion.com/films/34869-network","films","34869","films:34869"
"1301","The Man Who Wasn’t There","Joel Coen","United States","2001","https://www.criterion.com/films/34563-the-man-who-wasn-t-there","films","34563","films:34563"
"1302","Killers of the Flower Moon","Martin Scorsese","United States","2023","https://www.criterion.com/films/35293-killers-of-the-flower-moon","films","35293","films:35293"
"1303","Testament","Lynne Littman","United States","1983","https://www.criterion.com/films/34202-testament","films","34202","films:34202"
"1304","A Man and a Woman","Claude Lelouch","France","1966","https://www.criterion.com/films/34966-a-man-and-a-woman","films","34966","films:34966"
"1305","The Blade","Tsui Hark","Hong Kong","1995","https://www.criterion.com/films/34862-the-blade","films","34862","films:34862"
"1306","Point Blank","John Boorman","United States","1967","https://www.criterion.com/films/32290-point-blank","films","32290","films:32290"
"1307","John Singleton’s Hood Trilogy","","","","https://www.criterion.com/boxsets/8684-john-singleton-s-hood-trilogy","boxsets","8684","boxsets:8684"
"1308","Body Heat","Lawrence Kasdan","United States","1981","https://www.criterion.com/films/32141-body-heat","films","32141","films:32141"
"1309","The Delta","Ira Sachs","United States","1996","https://www.criterion.com/films/32316-the-delta","films","32316","films:32316"
"1310","Fresh Kill","Shu Lea Cheang","United Kingdom","1994","https://www.criterion.com/films/32845-fresh-kill","films","32845","films:32845"
"1311","Sentimental Value","Joachim Trier","Norway","2025","https://www.criterion.com/films/35497-sentimental-value","films","35497","films:35497"
"1312","Lenny","Bob Fosse","United States","1974","https://www.criterion.com/films/29151-lenny","films","29151","films:29151"
"1313","West Indies: The Fugitive Slaves of Liberty","Med Hondo","France","1979","https://www.criterion.com/films/33846-west-indies-the-fugitive-slaves-of-liberty","films","33846","films:33846"
"1314","High Art","Lisa Cholodenko","United States","1998","https://www.criterion.com/films/32507-high-art","films","32507","films:32507"
"1315","Hairspray","John Waters","United States","1988","https://www.criterion.com/films/34791-hairspray","films","34791","films:34791"
"1316","Desperate Living","John Waters","United States","1977","https://www.criterion.com/films/31321-desperate-living","films","31321","films:31321"
"1317","It Was Just an Accident","Jafar Panahi","Iran","2025","https://www.criterion.com/films/35606-it-was-just-an-accident","films","35606","films:35606"
"1318","Alice Doesn’t Live Here Anymore","Martin Scorsese","United States","1974","https://www.criterion.com/films/29004-alice-doesn-t-live-here-anymore","films","29004","films:29004"
"1319","Hud","Martin Ritt","United States","1963","https://www.criterion.com/films/30203-hud","films","30203","films:30203"
"1320","The Crying Game","Neil Jordan","United Kingdom","1992","https://www.criterion.com/films/33812-the-crying-game","films","33812","films:33812"
"1321","Cruel Story of Youth","Nagisa Oshima","Japan","1960","https://www.criterion.com/films/27608-cruel-story-of-youth","films","27608","films:27608"
"1322","I’ll Remind You of Everything: The Films of Mike Mills","","","","https://www.criterion.com/boxsets/8869-i-ll-remind-you-of-everything-the-films-of-mike-mills","boxsets","8869","boxsets:8869"
"1323","Little Odessa","James Gray","United States","1994","https://www.criterion.com/films/33864-little-odessa","films","33864","films:33864"
"1324","American Dream","Barbara Kopple","United States","1990","https://www.criterion.com/films/31114-american-dream","films","31114","films:31114"
"1325","The Secret Agent","Kleber Mendonça Filho","Brazil","2025","https://www.criterion.com/films/35607-the-secret-agent","films","35607","films:35607"
"1326","Three Films by Leos Carax","","","","https://www.criterion.com/boxsets/8999-three-films-by-leos-carax","boxsets","8999","boxsets:8999"
"1327","Nouvelle Vague","Richard Linklater","France","2025","https://www.criterion.com/films/35769-nouvelle-vague","films","35769","films:35769"
"1328","Days and Nights in the Forest","Satyajit Ray","India","1970","https://www.criterion.com/films/34234-days-and-nights-in-the-forest","films","34234","films:34234"
"1329","Welcome II the Terrordome","Ngozi Onwurah","United Kingdom","1995","https://www.criterion.com/films/31102-welcome-ii-the-terrordome","films","31102","films:31102"
"1330","Christiane F.","Uli Edel","Germany","1981","https://www.criterion.com/films/28912-christiane-f","films","28912","films:28912"
"1331","The Shout","Jerzy Skolimowski","United Kingdom","1978","https://www.criterion.com/films/27993-the-shout","films","27993","films:27993"
"1332","Frankenstein","Guillermo del Toro","United States","2025","https://www.criterion.com/films/35825-frankenstein","films","35825","films:35825"
"1333","KPop Demon Hunters","Maggie Kang and Chris Appelhans","United States","2025","https://www.criterion.com/films/36058-kpop-demon-hunters","films","36058","films:36058"
"1334","Wild at Heart","David Lynch","United States","1990","https://www.criterion.com/films/35257-wild-at-heart","films","35257","films:35257"
"1335","Marie Antoinette","Sofia Coppola","United States","2006","https://www.criterion.com/films/35306-marie-antoinette","films","35306","films:35306"
"1336","Shadows of Forgotten Ancestors","Sergei Parajanov","Ukraine","1965","https://www.criterion.com/films/28167-shadows-of-forgotten-ancestors","films","28167","films:28167"
"1337","The Right Stuff","Philip Kaufman","United States","1983","https://www.criterion.com/films/34871-the-right-stuff","films","34871","films:34871"
"","The Samurai Trilogy","","","","https://www.criterion.com/boxsets/40-the-samurai-trilogy","boxsets","40","boxsets:40"
"","Yojimbo / Sanjuro: Two Samurai Films by Akira Kurosawa","","","","https://www.criterion.com/boxsets/590-yojimbo-sanjuro-two-samurai-films-by-akira-kurosawa","boxsets","590","boxsets:590"
"","The Killers","Robert Siodmak","United States","1946","https://www.criterion.com/films/724-the-killers","films","724","films:724"
"","The Killers","Don Siegel","United States","1964","https://www.criterion.com/films/725-the-killers","films","725","films:725"
"","A Story of Floating Weeds","Yasujiro Ozu","Japan","1934","https://www.criterion.com/films/752-a-story-of-floating-weeds","films","752","films:752"
"","Floating Weeds","Yasujiro Ozu","Japan","1959","https://www.criterion.com/films/349-floating-weeds","films","349","films:349"
"","The Lower Depths","Jean Renoir","France","1936","https://www.criterion.com/films/870-the-lower-depths","films","870","films:870"
"","The Lower Depths","Akira Kurosawa","Japan","1957","https://www.criterion.com/films/857-the-lower-depths","films","857","films:857"
"","Borderline","Kenneth Macpherson","United States","1930","https://www.criterion.com/films/810-borderline","films","810","films:810"
"","Paul Robeson: Tribute to an Artist","Saul J. Turell","United States","1979","https://www.criterion.com/films/808-paul-robeson-tribute-to-an-artist","films","808","films:808"
"","Jericho","Thornton Freeland","United Kingdom","1937","https://www.criterion.com/films/812-jericho","films","812","films:812"
"","Native Land","Leo Hurwitz and Paul Strand","United States","1942","https://www.criterion.com/films/814-native-land","films","814","films:814"
"","La Jetée","Chris Marker","France","1963","https://www.criterion.com/films/329-la-jetee","films","329","films:329"
"","Sans Soleil","Chris Marker","France","1983","https://www.criterion.com/films/304-sans-soleil","films","304","films:304"
"","America Lost and Found: The BBS Story","","","","https://www.criterion.com/boxsets/769-america-lost-and-found-the-bbs-story","boxsets","769","boxsets:769"
"","The Suitor","Pierre Étaix","France","1963","https://www.criterion.com/films/28395-the-suitor","films","28395","films:28395"
"","Yoyo","Pierre Etaix","France","1965","https://www.criterion.com/films/28454-yoyo","films","28454","films:28454"
"","As Long as You’ve Got Your Health","Pierre Etaix","France","1966","https://www.criterion.com/films/28399-as-long-as-you-ve-got-your-health","films","28399","films:28399"
"","Le grand amour","Pierre Etaix","France","1969","https://www.criterion.com/films/28398-le-grand-amour","films","28398","films:28398"
"","Land of Milk and Honey","Pierre Étaix","France","1971","https://www.criterion.com/films/28397-land-of-milk-and-honey","films","28397","films:28397"
"","À propos de Nice","Jean Vigo and Boris Kaufman","France","1930","https://www.criterion.com/films/27752-a-propos-de-nice","films","27752","films:27752"
"","Zéro de conduite","Jean Vigo","France","1933","https://www.criterion.com/films/27757-zero-de-conduite","films","27757","films:27757"
"","L’Atalante","Jean Vigo","France","1934","https://www.criterion.com/films/27758-l-atalante","films","27758","films:27758"
"","The Tale of Zatoichi","Kenji Misumi","Japan","1962","https://www.criterion.com/films/28300-the-tale-of-zatoichi","films","28300","films:28300"
"","The Tale of Zatoichi Continues","Kazuo Mori","Japan","1962","https://www.criterion.com/films/28301-the-tale-of-zatoichi-continues","films","28301","films:28301"
"","New Tale of Zatoichi","Tokuzo Tanaka","Japan","1963","https://www.criterion.com/films/28302-new-tale-of-zatoichi","films","28302","films:28302"
"","Zatoichi the Fugitive","Tokuzo Tanaka","Japan","1963","https://www.criterion.com/films/28303-zatoichi-the-fugitive","films","28303","films:28303"
"","Zatoichi on the Road","Kimiyoshi Yasuda","Japan","1963","https://www.criterion.com/films/28304-zatoichi-on-the-road","films","28304","films:28304"
"","Zatoichi and the Chest of Gold","Kazuo Ikehiro","Japan","1964","https://www.criterion.com/films/28305-zatoichi-and-the-chest-of-gold","films","28305","films:28305"
"","Zatoichi’s Flashing Sword","Kazuo Ikehiro","Japan","1964","https://www.criterion.com/films/28306-zatoichi-s-flashing-sword","films","28306","films:28306"
"","Fight, Zatoichi, Fight","Kenji Misumi","Japan","1964","https://www.criterion.com/films/28307-fight-zatoichi-fight","films","28307","films:28307"
"","Adventures of Zatoichi","Kimiyoshi Yasuda","Japan","1964","https://www.criterion.com/films/28308-adventures-of-zatoichi","films","28308","films:28308"
"","Zatoichi’s Revenge","Akira Inoue","Japan","1965","https://www.criterion.com/films/28309-zatoichi-s-revenge","films","28309","films:28309"
"","Zatoichi and the Doomed Man","Kazuo Mori","Japan","1965","https://www.criterion.com/films/28310-zatoichi-and-the-doomed-man","films","28310","films:28310"
"","Zatoichi and the Chess Expert","Kenji Misumi","Japan","1965","https://www.criterion.com/films/28311-zatoichi-and-the-chess-expert","films","28311","films:28311"
"","Zatoichi’s Vengeance","Tokuzo Tanaka","Japan","1966","https://www.criterion.com/films/28312-zatoichi-s-vengeance","films","28312","films:28312"
"","Zatoichi’s Pilgrimage","Kazuo Ikehiro","Japan","1966","https://www.criterion.com/films/28318-zatoichi-s-pilgrimage","films","28318","films:28318"
"","Zatoichi’s Cane Sword","Kimiyoshi Yasuda","Japan","1967","https://www.criterion.com/films/28313-zatoichi-s-cane-sword","films","28313","films:28313"
"","Zatoichi the Outlaw","Satsuo Yamamoto","Japan","1967","https://www.criterion.com/films/28583-zatoichi-the-outlaw","films","28583","films:28583"
"","Zatoichi Challenged","Kenji Misumi","Japan","1967","https://www.criterion.com/films/28314-zatoichi-challenged","films","28314","films:28314"
"","Zatoichi and the Fugitives","Kimiyoshi Yasuda","Japan","1968","https://www.criterion.com/films/28315-zatoichi-and-the-fugitives","films","28315","films:28315"
"","Samaritan Zatoichi","Kenji Misumi","Japan","1968","https://www.criterion.com/films/28316-samaritan-zatoichi","films","28316","films:28316"
"","Zatoichi Meets Yojimbo","Kihachi Okamoto","Japan","1970","https://www.criterion.com/films/28582-zatoichi-meets-yojimbo","films","28582","films:28582"
"","Zatoichi Goes to the Fire Festival","Kenji Misumi","Japan","1970","https://www.criterion.com/films/28584-zatoichi-goes-to-the-fire-festival","films","28584","films:28584"
"","Zatoichi Meets the One-Armed Swordsman","Kimiyoshi Yasuda","Japan","1971","https://www.criterion.com/films/28585-zatoichi-meets-the-one-armed-swordsman","films","28585","films:28585"
"","Zatoichi at Large","Kazuo Mori","Japan","1972","https://www.criterion.com/films/28586-zatoichi-at-large","films","28586","films:28586"
"","Zatoichi in Desperation","Shintaro Katsu","Japan","1972","https://www.criterion.com/films/28587-zatoichi-in-desperation","films","28587","films:28587"
"","Zatoichi’s Conspiracy","Kimiyoshi Yasuda","Japan","1973","https://www.criterion.com/films/28588-zatoichi-s-conspiracy","films","28588","films:28588"
"","The Shooting/Ride in the Whirlwind","","","","https://www.criterion.com/boxsets/1073-the-shooting-ride-in-the-whirlwind","boxsets","1073","boxsets:1073"
"","Gates of Heaven/Vernon, Florida","","","","https://www.criterion.com/boxsets/1097-gates-of-heaven-vernon-florida","boxsets","1097","boxsets:1097"
"","André Gregory & Wallace Shawn: 3 Films","","","","https://www.criterion.com/boxsets/1110-andre-gregory-wallace-shawn-3-films","boxsets","1110","boxsets:1110"
"","The Complete Lady Snowblood","","","","https://www.criterion.com/boxsets/1154-the-complete-lady-snowblood","boxsets","1154","boxsets:1154"
"","The Emigrants/The New Land","","","","https://www.criterion.com/boxsets/1165-the-emigrants-the-new-land","boxsets","1165","boxsets:1165"
"","A Whit Stillman Trilogy: Metropolitan, Barcelona, The Last Days of Disco","","","","https://www.criterion.com/boxsets/1179-a-whit-stillman-trilogy-i-metropolitan-barcelona-the-last-days-of-disco-i","boxsets","1179","boxsets:1179"
"","Trilogía de Guillermo del Toro","","","","https://www.criterion.com/boxsets/1209-trilogia-de-guillermo-del-toro","boxsets","1209","boxsets:1209"
"","Lone Wolf and Cub: Sword of Vengeance","Kenji Misumi","Japan","1972","https://www.criterion.com/films/28722-lone-wolf-and-cub-sword-of-vengeance","films","28722","films:28722"
"","Lone Wolf and Cub: Baby Cart at the River Styx","Kenji Misumi","Japan","1972","https://www.criterion.com/films/28723-lone-wolf-and-cub-baby-cart-at-the-river-styx","films","28723","films:28723"
"","Lone Wolf and Cub: Baby Cart to Hades","Kenji Misumi","Japan","1972","https://www.criterion.com/films/28724-lone-wolf-and-cub-baby-cart-to-hades","films","28724","films:28724"
"","Lone Wolf and Cub: Baby Cart in Peril","Buichi Saito","Japan","1972","https://www.criterion.com/films/28725-lone-wolf-and-cub-baby-cart-in-peril","films","28725","films:28725"
"","Lone Wolf and Cub: Baby Cart in the Land of Demons","Kenji Misumi","Japan","1973","https://www.criterion.com/films/28726-lone-wolf-and-cub-baby-cart-in-the-land-of-demons","films","28726","films:28726"
"","Lone Wolf and Cub: White Heaven in Hell","Yoshiyuki Kuroda","Japan","1974","https://www.criterion.com/films/28727-lone-wolf-and-cub-white-heaven-in-hell","films","28727","films:28727"
"","Ingmar Bergman’s Cinema","","","","https://www.criterion.com/boxsets/1427-ingmar-bergman-s-cinema","boxsets","1427","boxsets:1427"
"","The Devil’s Eye","Ingmar Bergman","Sweden","1960","https://www.criterion.com/films/28193-the-devil-s-eye","films","28193","films:28193"
"","The Rite","Ingmar Bergman","Sweden","1969","https://www.criterion.com/films/28417-the-rite","films","28417","films:28417"
"","The Passion of Anna","Ingmar Bergman","Sweden","1969","https://www.criterion.com/films/28873-the-passion-of-anna","films","28873","films:28873"
"","Saraband","Ingmar Bergman","Sweden","2003","https://www.criterion.com/films/29444-saraband","films","29444","films:29444"
"","Dreams","Ingmar Bergman","Sweden","1955","https://www.criterion.com/films/28206-dreams","films","28206","films:28206"
"","A Ship to India","Ingmar Bergman","Sweden","1947","https://www.criterion.com/films/29512-a-ship-to-india","films","29512","films:29512"
"","All These Women","Ingmar Bergman","Sweden","1964","https://www.criterion.com/films/27671-all-these-women","films","27671","films:27671"
"","Brink of Life","Ingmar Bergman","Sweden","1958","https://www.criterion.com/films/29442-brink-of-life","films","29442","films:29442"
"","The Touch","Ingmar Bergman","Sweden","1971","https://www.criterion.com/films/29440-the-touch","films","29440","films:29440"
"","Fårö Document 1979","Ingmar Bergman","Sweden","1979","https://www.criterion.com/films/27966-faro-document-1979","films","27966","films:27966"
"","Fårö Document","Ingmar Bergman","Sweden","1970","https://www.criterion.com/films/29439-faro-document","films","29439","films:29439"
"","Waiting Women","Ingmar Bergman","Sweden","1952","https://www.criterion.com/films/29513-waiting-women","films","29513","films:29513"
"","After the Rehearsal","Ingmar Bergman","Sweden","1984","https://www.criterion.com/films/27963-after-the-rehearsal","films","27963","films:27963"
"","The Serpent’s Egg","Ingmar Bergman","United States","1977","https://www.criterion.com/films/29445-the-serpent-s-egg","films","29445","films:29445"
"","A Lesson in Love","Ingmar Bergman","Sweden","1954","https://www.criterion.com/films/27813-a-lesson-in-love","films","27813","films:27813"
"","From the Life of the Marionettes","Ingmar Bergman","Sweden","1980","https://www.criterion.com/films/27806-from-the-life-of-the-marionettes","films","27806","films:27806"
"","Hour of the Wolf","Ingmar Bergman","Sweden","1968","https://www.criterion.com/films/28876-hour-of-the-wolf","films","28876","films:28876"
"","Police Story / Police Story 2","","","","https://www.criterion.com/boxsets/1554-police-story-police-story-2","boxsets","1554","boxsets:1554"
"","The Koker Trilogy","","","","https://www.criterion.com/boxsets/2363-the-koker-trilogy","boxsets","2363","boxsets:2363"
"","Son of Godzilla","Jun Fukuda","Japan","1967","https://www.criterion.com/films/29346-son-of-godzilla","films","29346","films:29346"
"","King Kong vs. Godzilla","","Japan","1963","https://www.criterion.com/films/30209-king-kong-vs-godzilla","films","30209","films:30209"
"","Ebirah, Horror of the Deep","Jun Fukuda","Japan","1966","https://www.criterion.com/films/30101-ebirah-horror-of-the-deep","films","30101","films:30101"
"","All Monsters Attack","Ishiro Honda","Japan","1969","https://www.criterion.com/films/29343-all-monsters-attack","films","29343","films:29343"
"","Invasion of Astro-Monster","Ishiro Honda","Japan","1965","https://www.criterion.com/films/29344-invasion-of-astro-monster","films","29344","films:29344"
"","Ghidorah, the Three-Headed Monster","Ishiro Honda","Japan","1964","https://www.criterion.com/films/29340-ghidorah-the-three-headed-monster","films","29340","films:29340"
"","Destroy All Monsters","Ishiro Honda","Japan","1968","https://www.criterion.com/films/29347-destroy-all-monsters","films","29347","films:29347"
"","Godzilla vs. Hedorah","Yoshimitsu Banno","Japan","1971","https://www.criterion.com/films/30102-godzilla-vs-hedorah","films","30102","films:30102"
"","Terror of Mechagodzilla","Ishiro Honda","Japan","1975","https://www.criterion.com/films/29345-terror-of-mechagodzilla","films","29345","films:29345"
"","Godzilla vs. Mechagodzilla","Jun Fukuda","Japan","1974","https://www.criterion.com/films/29348-godzilla-vs-mechagodzilla","films","29348","films:29348"
"","Mothra vs. Godzilla","Ishiro Honda","Japan","1964","https://www.criterion.com/films/29341-mothra-vs-godzilla","films","29341","films:29341"
"","Godzilla Raids Again","Motoyoshi Oda","Japan","1955","https://www.criterion.com/films/29338-godzilla-raids-again","films","29338","films:29338"
"","Godzilla vs. Megalon","Jun Fukuda","Japan","1973","https://www.criterion.com/films/29349-godzilla-vs-megalon","films","29349","films:29349"
"","Godzilla vs. Gigan","Jun Fukuda","Japan","1972","https://www.criterion.com/films/30103-godzilla-vs-gigan","films","30103","films:30103"
"","Three Fantastic Journeys by Karel Zeman","","","","https://www.criterion.com/boxsets/2880-three-fantastic-journeys-by-karel-zeman","boxsets","2880","boxsets:2880"
"","The Big Boss","Lo Wei","Hong Kong","1971","https://www.criterion.com/films/29553-the-big-boss","films","29553","films:29553"
"","Fist of Fury","Lo Wei","Hong Kong","1972","https://www.criterion.com/films/29556-fist-of-fury","films","29556","films:29556"
"","The Way of the Dragon","Bruce Lee","Hong Kong","1972","https://www.criterion.com/films/29554-the-way-of-the-dragon","films","29554","films:29554"
"","Enter the Dragon","Robert Clouse","Hong Kong","1973","https://www.criterion.com/films/30623-enter-the-dragon","films","30623","films:30623"
"","Game of Death","Robert Clouse","Hong Kong","1978","https://www.criterion.com/films/29555-game-of-death","films","29555","films:29555"
"","The Complete Films of Agnès Varda","","","","https://www.criterion.com/boxsets/3432-the-complete-films-of-agnes-varda","boxsets","3432","boxsets:3432"
"","Varda by Agnès","Agnès Varda","France","2019","https://www.criterion.com/films/30210-varda-by-agnes","films","30210","films:30210"
"","Daguerréotypes","Agnès Varda","France","1975","https://www.criterion.com/films/30111-daguerreotypes","films","30111","films:30111"
"","Les créatures","Agnès Varda","France","1966","https://www.criterion.com/films/30905-les-creatures","films","30905","films:30905"
"","Jane B. par Agnès V.","Agnès Varda","France","1988","https://www.criterion.com/films/30569-jane-b-par-agnes-v","films","30569","films:30569"
"","Kung-Fu Master!","Agnès Varda","France","1988","https://www.criterion.com/films/30570-kung-fu-master","films","30570","films:30570"
"","Jacquot de Nantes","Agnès Varda","France","1991","https://www.criterion.com/films/28625-jacquot-de-nantes","films","28625","films:28625"
"","One Hundred and One Nights","Agnès Varda","France","1995","https://www.criterion.com/films/30563-one-hundred-and-one-nights","films","30563","films:30563"
"","The Gleaners and I","Agnès Varda","France","2000","https://www.criterion.com/films/30368-the-gleaners-and-i","films","30368","films:30368"
"","The Gleaners and I: Two Years Later","Agnès Varda","France","2002","https://www.criterion.com/films/30564-the-gleaners-and-i-two-years-later","films","30564","films:30564"
"","Faces Places","Agnès Varda and JR","France","2017","https://www.criterion.com/films/30904-faces-places","films","30904","films:30904"
"","Agnès de ci de là Varda","Agnès Varda","France","2011","https://www.criterion.com/films/30906-agnes-de-ci-de-la-varda","films","30906","films:30906"
"","The Beaches of Agnès","Agnès Varda","France","2008","https://www.criterion.com/films/30112-the-beaches-of-agnes","films","30112","films:30112"
"","Essential Fellini","","","","https://www.criterion.com/boxsets/3626-essential-fellini","boxsets","3626","boxsets:3626"
"","Il bidone","Federico Fellini","Italy","1955","https://www.criterion.com/films/28631-il-bidone","films","28631","films:28631"
"","Intervista","Federico Fellini","Italy","1987","https://www.criterion.com/films/31034-intervista","films","31034","films:31034"
"","Three Films by Luis Buñuel","","","","https://www.criterion.com/boxsets/3900-three-films-by-luis-bunuel","boxsets","3900","boxsets:3900"
"","World of Wong Kar Wai","","","","https://www.criterion.com/boxsets/4117-world-of-wong-kar-wai","boxsets","4117","boxsets:4117"
"","As Tears Go By","Wong Kar Wai","Hong Kong","1988","https://www.criterion.com/films/29478-as-tears-go-by","films","29478","films:29478"
"","Days of Being Wild","Wong Kar Wai","Hong Kong","1990","https://www.criterion.com/films/29477-days-of-being-wild","films","29477","films:29477"
"","Fallen Angels","Wong Kar Wai","Hong Kong","1995","https://www.criterion.com/films/28842-fallen-angels","films","28842","films:28842"
"","Happy Together","Wong Kar Wai","Hong Kong","1997","https://www.criterion.com/films/28843-happy-together","films","28843","films:28843"
"","2046","Wong Kar Wai","Hong Kong","2004","https://www.criterion.com/films/28847-2046","films","28847","films:28847"
"","Melvin Van Peebles: Essential Films","","","","https://www.criterion.com/boxsets/4787-melvin-van-peebles-essential-films","boxsets","4787","boxsets:4787"
"","Once Upon a Time in China","Tsui Hark","Hong Kong","1991","https://www.criterion.com/films/30712-once-upon-a-time-in-china","films","30712","films:30712"
"","Once Upon a Time in China II","Tsui Hark","Hong Kong","1992","https://www.criterion.com/films/30711-once-upon-a-time-in-china-ii","films","30711","films:30711"
"","Once Upon a Time in China III","Tsui Hark","Hong Kong","1993","https://www.criterion.com/films/30710-once-upon-a-time-in-china-iii","films","30710","films:30710"
"","Once Upon a Time in China IV","Yuen Bun","Hong Kong","1993","https://www.criterion.com/films/31784-once-upon-a-time-in-china-iv","films","31784","films:31784"
"","Once Upon a Time in China V","Tsui Hark","Hong Kong","1994","https://www.criterion.com/films/31785-once-upon-a-time-in-china-v","films","31785","films:31785"
"","The Red Balloon","Albert Lamorisse","France","1956","https://www.criterion.com/films/886-the-red-balloon","films","886","films:886"
"","White Mane","Albert Lamorisse","France","1953","https://www.criterion.com/films/943-white-mane","films","943","films:943"
"","Paddle to the Sea","William Mason","Canada","1966","https://www.criterion.com/films/944-paddle-to-the-sea","films","944","films:944"
"","AK 100: 25 Films by Akira Kurosawa","","","","https://www.criterion.com/boxsets/678-ak-100-25-films-by-akira-kurosawa","boxsets","678","boxsets:678"
"","Madadayo","Akira Kurosawa","Japan","1993","https://www.criterion.com/films/9883-madadayo","films","9883","films:9883"
"","Essential Art House: 50 Years of Janus Films","","","","https://www.criterion.com/boxsets/305-essential-art-house-50-years-of-janus-films","boxsets","305","boxsets:305"
"","Three Documentaries","Saul J. Turell","United States","1962","https://www.criterion.com/films/1079-three-documentaries","films","1079","films:1079"
"","Le jour se lève","Marcel Carné","France","1939","https://www.criterion.com/films/356-le-jour-se-leve","films","356","films:356"
"","Olivier’s Shakespeare","","","","https://www.criterion.com/boxsets/577-olivier-s-shakespeare","boxsets","577","boxsets:577"
"","Eclipse Series 1: Early Bergman","","","","https://www.criterion.com/boxsets/232-eclipse-series-1-early-bergman","boxsets","232","boxsets:232"
"","Torment","Alf Sjöberg","Sweden","1944","https://www.criterion.com/films/641-torment","films","641","films:641"
"","Crisis","Ingmar Bergman","Sweden","1946","https://www.criterion.com/films/642-crisis","films","642","films:642"
"","Port of Call","Ingmar Bergman","Sweden","1948","https://www.criterion.com/films/643-port-of-call","films","643","films:643"
"","Thirst","Ingmar Bergman","Sweden","1949","https://www.criterion.com/films/644-thirst","films","644","films:644"
"","To Joy","Ingmar Bergman","Sweden","1950","https://www.criterion.com/films/645-to-joy","films","645","films:645"
"","Eclipse Series 2: The Documentaries of Louis Malle","","","","https://www.criterion.com/boxsets/275-eclipse-series-2-the-documentaries-of-louis-malle","boxsets","275","boxsets:275"
"","Vive le Tour","Louis Malle","France","1962","https://www.criterion.com/films/670-vive-le-tour","films","670","films:670"
"","Humain, trop humain","Louis Malle","France","1973","https://www.criterion.com/films/671-humain-trop-humain","films","671","films:671"
"","Place de la République","Louis Malle","France","1974","https://www.criterion.com/films/672-place-de-la-republique","films","672","films:672"
"","Phantom India","Louis Malle","France","1969","https://www.criterion.com/films/673-phantom-india","films","673","films:673"
"","Calcutta","Louis Malle","France","1969","https://www.criterion.com/films/674-calcutta","films","674","films:674"
"","God’s Country","Louis Malle","United States","1985","https://www.criterion.com/films/675-god-s-country","films","675","films:675"
"",". . . And the Pursuit of Happiness","Louis Malle","France","1986","https://www.criterion.com/films/676--and-the-pursuit-of-happiness","films","676","films:676"
"","Eclipse Series 3: Late Ozu","","","","https://www.criterion.com/boxsets/427-eclipse-series-3-late-ozu","boxsets","427","boxsets:427"
"","Early Spring","Yasujiro Ozu","Japan","1956","https://www.criterion.com/films/770-early-spring","films","770","films:770"
"","Tokyo Twilight","Yasujiro Ozu","Japan","1957","https://www.criterion.com/films/771-tokyo-twilight","films","771","films:771"
"","Equinox Flower","Yasujiro Ozu","Japan","1958","https://www.criterion.com/films/783-equinox-flower","films","783","films:783"
"","Late Autumn","Yasujiro Ozu","Japan","1960","https://www.criterion.com/films/800-late-autumn","films","800","films:800"
"","The End of Summer","Yasujiro Ozu","Japan","1961","https://www.criterion.com/films/801-the-end-of-summer","films","801","films:801"
"","Eclipse Series 4: Raymond Bernard","","","","https://www.criterion.com/boxsets/494-eclipse-series-4-raymond-bernard","boxsets","494","boxsets:494"
"","Wooden Crosses","Raymond Bernard","France","1932","https://www.criterion.com/films/880-wooden-crosses","films","880","films:880"
"","Les misérables","Raymond Bernard","France","1934","https://www.criterion.com/films/879-les-miserables","films","879","films:879"
"","Eclipse Series 5: The First Films of Samuel Fuller","","","","https://www.criterion.com/boxsets/499-eclipse-series-5-the-first-films-of-samuel-fuller","boxsets","499","boxsets:499"
"","I Shot Jesse James","Samuel Fuller","United States","1949","https://www.criterion.com/films/882-i-shot-jesse-james","films","882","films:882"
"","The Baron of Arizona","Samuel Fuller","United States","1950","https://www.criterion.com/films/881-the-baron-of-arizona","films","881","films:881"
"","The Steel Helmet","Samuel Fuller","United States","1951","https://www.criterion.com/films/445-the-steel-helmet","films","445","films:445"
"","Eclipse Series 6: Carlos Saura’s Flamenco Trilogy","","","","https://www.criterion.com/boxsets/502-eclipse-series-6-carlos-saura-s-flamenco-trilogy","boxsets","502","boxsets:502"
"","Blood Wedding","Carlos Saura","Spain","1981","https://www.criterion.com/films/883-blood-wedding","films","883","films:883"
"","Carmen","Carlos Saura","Spain","1983","https://www.criterion.com/films/884-carmen","films","884","films:884"
"","El amor brujo","Carlos Saura","Spain","1986","https://www.criterion.com/films/885-el-amor-brujo","films","885","films:885"
"","Eclipse Series 7: Postwar Kurosawa","","","","https://www.criterion.com/boxsets/512-eclipse-series-7-postwar-kurosawa","boxsets","512","boxsets:512"
"","No Regrets for Our Youth","Akira Kurosawa","Japan","1946","https://www.criterion.com/films/887-no-regrets-for-our-youth","films","887","films:887"
"","One Wonderful Sunday","Akira Kurosawa","Japan","1947","https://www.criterion.com/films/888-one-wonderful-sunday","films","888","films:888"
"","Scandal","Akira Kurosawa","Japan","1950","https://www.criterion.com/films/893-scandal","films","893","films:893"
"","The Idiot","Akira Kurosawa","Japan","1951","https://www.criterion.com/films/895-the-idiot","films","895","films:895"
"","I Live in Fear","Akira Kurosawa","Japan","1955","https://www.criterion.com/films/897-i-live-in-fear","films","897","films:897"
"","Eclipse Series 8: Lubitsch Musicals","","","","https://www.criterion.com/boxsets/517-eclipse-series-8-lubitsch-musicals","boxsets","517","boxsets:517"
"","The Love Parade","Ernst Lubitsch","United States","1929","https://www.criterion.com/films/898-the-love-parade","films","898","films:898"
"","Monte Carlo","Ernst Lubitsch","United States","1930","https://www.criterion.com/films/899-monte-carlo","films","899","films:899"
"","The Smiling Lieutenant","Ernst Lubitsch","United States","1931","https://www.criterion.com/films/900-the-smiling-lieutenant","films","900","films:900"
"","One Hour with You","Ernst Lubitsch","United States","1932","https://www.criterion.com/films/901-one-hour-with-you","films","901","films:901"
"","Eclipse Series 9: The Delirious Fictions of William Klein","","","","https://www.criterion.com/boxsets/521-eclipse-series-9-the-delirious-fictions-of-william-klein","boxsets","521","boxsets:521"
"","Who Are You, Polly Maggoo?","William Klein","France","1966","https://www.criterion.com/films/902-who-are-you-polly-maggoo","films","902","films:902"
"","Mr. Freedom","William Klein","France","1969","https://www.criterion.com/films/903-mr-freedom","films","903","films:903"
"","The Model Couple","William Klein","France","1977","https://www.criterion.com/films/904-the-model-couple","films","904","films:904"
"","Eclipse Series 10: Silent Ozu—Three Family Comedies","","","","https://www.criterion.com/boxsets/532-eclipse-series-10-silent-ozu-three-family-comedies","boxsets","532","boxsets:532"
"","Tokyo Chorus","Yasujiro Ozu","Japan","1931","https://www.criterion.com/films/923-tokyo-chorus","films","923","films:923"
"","I Was Born, But . . .","Yasujiro Ozu","Japan","1932","https://www.criterion.com/films/922-i-was-born-but","films","922","films:922"
"","Passing Fancy","Yasujiro Ozu","Japan","1933","https://www.criterion.com/films/924-passing-fancy","films","924","films:924"
"","Eclipse Series 11: Larisa Shepitko","","","","https://www.criterion.com/boxsets/75-eclipse-series-11-larisa-shepitko","boxsets","75","boxsets:75"
"","Wings","Larisa Shepitko","Soviet Union","1966","https://www.criterion.com/films/560-wings","films","560","films:560"
"","Eclipse Series 12: Aki Kaurismäki’s Proletariat Trilogy","","","","https://www.criterion.com/boxsets/564-eclipse-series-12-aki-kaurismaki-s-proletariat-trilogy","boxsets","564","boxsets:564"
"","Shadows in Paradise","Aki Kaurismäki","Finland","1986","https://www.criterion.com/films/960-shadows-in-paradise","films","960","films:960"
"","Ariel","Aki Kaurismäki","Finland","1988","https://www.criterion.com/films/959-ariel","films","959","films:959"
"","The Match Factory Girl","Aki Kaurismäki","Finland","1990","https://www.criterion.com/films/961-the-match-factory-girl","films","961","films:961"
"","Eclipse Series 13: Kenji Mizoguchi’s Fallen Women","","","","https://www.criterion.com/boxsets/571-eclipse-series-13-kenji-mizoguchi-s-fallen-women","boxsets","571","boxsets:571"
"","Osaka Elegy","Kenji Mizoguchi","Japan","1936","https://www.criterion.com/films/968-osaka-elegy","films","968","films:968"
"","Sisters of the Gion","Kenji Mizoguchi","Japan","1936","https://www.criterion.com/films/967-sisters-of-the-gion","films","967","films:967"
"","Women of the Night","Kenji Mizoguchi","Japan","1948","https://www.criterion.com/films/969-women-of-the-night","films","969","films:969"
"","Street of Shame","Kenji Mizoguchi","Japan","1956","https://www.criterion.com/films/970-street-of-shame","films","970","films:970"
"","Eclipse Series 14: Rossellini’s History Films—Renaissance and Enlightenment","","","","https://www.criterion.com/boxsets/582-eclipse-series-14-rossellini-s-history-films-renaissance-and-enlightenment","boxsets","582","boxsets:582"
"","The Age of the Medici","Roberto Rossellini","Italy","1973","https://www.criterion.com/films/1025-the-age-of-the-medici","films","1025","films:1025"
"","Cartesius","Roberto Rossellini","Italy","1974","https://www.criterion.com/films/1026-cartesius","films","1026","films:1026"
"","Blaise Pascal","Roberto Rossellini","Italy","1972","https://www.criterion.com/films/1027-blaise-pascal","films","1027","films:1027"
"","Eclipse Series 15: Travels with Hiroshi Shimizu","","","","https://www.criterion.com/boxsets/601-eclipse-series-15-travels-with-hiroshi-shimizu","boxsets","601","boxsets:601"
"","Japanese Girls at the Harbor","Hiroshi Shimizu","Japan","1933","https://www.criterion.com/films/1086-japanese-girls-at-the-harbor","films","1086","films:1086"
"","Mr. Thank You","Hiroshi Shimizu","Japan","1936","https://www.criterion.com/films/1087-mr-thank-you","films","1087","films:1087"
"","The Masseurs and a Woman","Hiroshi Shimizu","Japan","1938","https://www.criterion.com/films/1088-the-masseurs-and-a-woman","films","1088","films:1088"
"","Ornamental Hairpin","Hiroshi Shimizu","Japan","1941","https://www.criterion.com/films/1089-ornamental-hairpin","films","1089","films:1089"
"","Eclipse Series 16: Alexander Korda’s Private Lives","","","","https://www.criterion.com/boxsets/618-eclipse-series-16-alexander-korda-s-private-lives","boxsets","618","boxsets:618"
"","The Private Life of Henry VIII","Alexander Korda","United Kingdom","1933","https://www.criterion.com/films/1433-the-private-life-of-henry-viii","films","1433","films:1433"
"","The Rise of Catherine the Great","Paul Czinner","United Kingdom","1934","https://www.criterion.com/films/1434-the-rise-of-catherine-the-great","films","1434","films:1434"
"","The Private Life of Don Juan","Alexander Korda","United Kingdom","1934","https://www.criterion.com/films/1436-the-private-life-of-don-juan","films","1436","films:1436"
"","Rembrandt","Alexander Korda","United Kingdom","1936","https://www.criterion.com/films/1437-rembrandt","films","1437","films:1437"
"","Eclipse Series 17: Nikkatsu Noir","","","","https://www.criterion.com/boxsets/655-eclipse-series-17-nikkatsu-noir","boxsets","655","boxsets:655"
"","I Am Waiting","Koreyoshi Kurahara","Japan","1957","https://www.criterion.com/films/2955-i-am-waiting","films","2955","films:2955"
"","Rusty Knife","Toshio Masuda","Japan","1958","https://www.criterion.com/films/2956-rusty-knife","films","2956","films:2956"
"","Take Aim at the Police Van","Seijun Suzuki","Japan","1960","https://www.criterion.com/films/2957-take-aim-at-the-police-van","films","2957","films:2957"
"","Cruel Gun Story","Takumi Furukawa","Japan","1964","https://www.criterion.com/films/2958-cruel-gun-story","films","2958","films:2958"
"","A Colt Is My Passport","Takashi Nomura","Japan","1967","https://www.criterion.com/films/2959-a-colt-is-my-passport","films","2959","films:2959"
"","Eclipse Series 18: Dušan Makavejev—Free Radical","","","","https://www.criterion.com/boxsets/668-eclipse-series-18-dusan-makavejev-free-radical","boxsets","668","boxsets:668"
"","Man Is Not a Bird","Dušan Makavejev","Yugoslavia","1965","https://www.criterion.com/films/3984-man-is-not-a-bird","films","3984","films:3984"
"","Love Affair, or the Case of the Missing Switchboard Operator","Dušan Makavejev","Yugoslavia","1967","https://www.criterion.com/films/3985-love-affair-or-the-case-of-the-missing-switchboard-operator","films","3985","films:3985"
"","Innocence Unprotected","Dušan Makavejev","Yugoslavia","1968","https://www.criterion.com/films/1073-innocence-unprotected","films","1073","films:1073"
"","Eclipse Series 19: Chantal Akerman in the Seventies","","","","https://www.criterion.com/boxsets/691-eclipse-series-19-chantal-akerman-in-the-seventies","boxsets","691","boxsets:691"
"","La chambre","Chantal Akerman","United States","1972","https://www.criterion.com/films/20976-la-chambre","films","20976","films:20976"
"","Hotel Monterey","Chantal Akerman","United States","1972","https://www.criterion.com/films/20977-hotel-monterey","films","20977","films:20977"
"","News from Home","Chantal Akerman","France","1976","https://www.criterion.com/films/20978-news-from-home","films","20978","films:20978"
"","Je tu il elle","Chantal Akerman","Belgium","1975","https://www.criterion.com/films/20962-je-tu-il-elle","films","20962","films:20962"
"","Les rendez-vous d’Anna","Chantal Akerman","Belgium","1978","https://www.criterion.com/films/20204-les-rendez-vous-d-anna","films","20204","films:20204"
"","Eclipse Series 20: George Bernard Shaw on Film","","","","https://www.criterion.com/boxsets/696-eclipse-series-20-george-bernard-shaw-on-film","boxsets","696","boxsets:696"
"","Major Barbara","Gabriel Pascal","United Kingdom","1941","https://www.criterion.com/films/9904-major-barbara","films","9904","films:9904"
"","Caesar and Cleopatra","Gabriel Pascal","United Kingdom","1945","https://www.criterion.com/films/11334-caesar-and-cleopatra","films","11334","films:11334"
"","Androcles and the Lion","Chester Erskine","United Kingdom","1952","https://www.criterion.com/films/6225-androcles-and-the-lion","films","6225","films:6225"
"","Eclipse Series 21: Oshima’s Outlaw Sixties","","","","https://www.criterion.com/boxsets/720-eclipse-series-21-oshima-s-outlaw-sixties","boxsets","720","boxsets:720"
"","Pleasures of the Flesh","Nagisa Oshima","Japan","1965","https://www.criterion.com/films/23954-pleasures-of-the-flesh","films","23954","films:23954"
"","Violence at Noon","Nagisa Oshima","Japan","1966","https://www.criterion.com/films/22296-violence-at-noon","films","22296","films:22296"
"","Sing a Song of Sex","Nagisa Oshima","Japan","1967","https://www.criterion.com/films/21949-sing-a-song-of-sex","films","21949","films:21949"
"","Japanese Summer: Double Suicide","Nagisa Oshima","Japan","1967","https://www.criterion.com/films/23955-japanese-summer-double-suicide","films","23955","films:23955"
"","Three Resurrected Drunkards","Nagisa Oshima","Japan","1968","https://www.criterion.com/films/21952-three-resurrected-drunkards","films","21952","films:21952"
"","Eclipse Series 22: Presenting Sacha Guitry","","","","https://www.criterion.com/boxsets/736-eclipse-series-22-presenting-sacha-guitry","boxsets","736","boxsets:736"
"","The Story of a Cheat","Sacha Guitry","France","1936","https://www.criterion.com/films/21815-the-story-of-a-cheat","films","21815","films:21815"
"","The Pearls of the Crown","Sacha Guitry","France","1937","https://www.criterion.com/films/3831-the-pearls-of-the-crown","films","3831","films:3831"
"","Désiré","Sacha Guitry","France","1937","https://www.criterion.com/films/26184-desire","films","26184","films:26184"
"","Quadrille","Sacha Guitry","France","1938","https://www.criterion.com/films/26185-quadrille","films","26185","films:26185"
"","Eclipse Series 23: The First Films of Akira Kurosawa","","","","https://www.criterion.com/boxsets/743-eclipse-series-23-the-first-films-of-akira-kurosawa","boxsets","743","boxsets:743"
"","Sanshiro Sugata","Akira Kurosawa","Japan","1943","https://www.criterion.com/films/12521-sanshiro-sugata","films","12521","films:12521"
"","The Most Beautiful","Akira Kurosawa","Japan","1944","https://www.criterion.com/films/18790-the-most-beautiful","films","18790","films:18790"
"","Sanshiro Sugata, Part Two","Akira Kurosawa","Japan","1945","https://www.criterion.com/films/12522-sanshiro-sugata-part-two","films","12522","films:12522"
"","The Men Who Tread on the Tiger’s Tail","Akira Kurosawa","Japan","1945","https://www.criterion.com/films/18763-the-men-who-tread-on-the-tiger-s-tail","films","18763","films:18763"
"","Eclipse Series 24: The Actuality Dramas of Allan King","","","","https://www.criterion.com/boxsets/752-eclipse-series-24-the-actuality-dramas-of-allan-king","boxsets","752","boxsets:752"
"","Warrendale","Allan King","Canada","1967","https://www.criterion.com/films/27514-warrendale","films","27514","films:27514"
"","A Married Couple","Allan King","Canada","1969","https://www.criterion.com/films/27515-a-married-couple","films","27515","films:27515"
"","Come On Children","Allan King","Canada","1972","https://www.criterion.com/films/27516-come-on-children","films","27516","films:27516"
"","Dying at Grace","Allan King","Canada","2003","https://www.criterion.com/films/27517-dying-at-grace","films","27517","films:27517"
"","Memory for Max, Claire, Ida and Company","Allan King","Canada","2005","https://www.criterion.com/films/27518-memory-for-max-claire-ida-and-company","films","27518","films:27518"
"","Eclipse Series 25: Basil Dearden’s London Underground","","","","https://www.criterion.com/boxsets/776-eclipse-series-25-basil-dearden-s-london-underground","boxsets","776","boxsets:776"
"","Sapphire","Basil Dearden","United Kingdom","1959","https://www.criterion.com/films/27536-sapphire","films","27536","films:27536"
"","The League of Gentlemen","Basil Dearden","United Kingdom","1960","https://www.criterion.com/films/27537-the-league-of-gentlemen","films","27537","films:27537"
"","Victim","Basil Dearden","United Kingdom","1961","https://www.criterion.com/films/27538-victim","films","27538","films:27538"
"","All Night Long","Basil Dearden","United Kingdom","1962","https://www.criterion.com/films/27539-all-night-long","films","27539","films:27539"
"","Eclipse Series 26: Silent Naruse","","","","https://www.criterion.com/boxsets/789-eclipse-series-26-silent-naruse","boxsets","789","boxsets:789"
"","Flunky, Work Hard","Mikio Naruse","Japan","1931","https://www.criterion.com/films/27544-flunky-work-hard","films","27544","films:27544"
"","No Blood Relation","Mikio Naruse","Japan","1932","https://www.criterion.com/films/27545-no-blood-relation","films","27545","films:27545"
"","Apart from You","Mikio Naruse","Japan","1933","https://www.criterion.com/films/27546-apart-from-you","films","27546","films:27546"
"","Every-Night Dreams","Mikio Naruse","Japan","1933","https://www.criterion.com/films/27547-every-night-dreams","films","27547","films:27547"
"","Street Without End","Mikio Naruse","Japan","1934","https://www.criterion.com/films/27548-street-without-end","films","27548","films:27548"
"","Eclipse Series 27: Raffaello Matarazzo’s Runaway Melodramas","","","","https://www.criterion.com/boxsets/808-eclipse-series-27-raffaello-matarazzo-s-runaway-melodramas","boxsets","808","boxsets:808"
"","Chains","Raffaello Matarazzo","Italy","1949","https://www.criterion.com/films/27621-chains","films","27621","films:27621"
"","Tormento","Raffaello Matarazzo","Italy","1950","https://www.criterion.com/films/27622-tormento","films","27622","films:27622"
"","Nobody’s Children","Raffaello Matarazzo","Italy","1952","https://www.criterion.com/films/27623-nobody-s-children","films","27623","films:27623"
"","The White Angel","Raffaello Matarazzo","Italy","1955","https://www.criterion.com/films/27624-the-white-angel","films","27624","films:27624"
"","Eclipse Series 28: The Warped World of Koreyoshi Kurahara","","","","https://www.criterion.com/boxsets/825-eclipse-series-28-the-warped-world-of-koreyoshi-kurahara","boxsets","825","boxsets:825"
"","Intimidation","Koreyoshi Kurahara","Japan","1960","https://www.criterion.com/films/27759-intimidation","films","27759","films:27759"
"","The Warped Ones","Koreyoshi Kurahara","Japan","1960","https://www.criterion.com/films/27687-the-warped-ones","films","27687","films:27687"
"","I Hate But Love","Koreyoshi Kurahara","Japan","1962","https://www.criterion.com/films/27760-i-hate-but-love","films","27760","films:27760"
"","Black Sun","Koreyoshi Kurahara","Japan","1964","https://www.criterion.com/films/27761-black-sun","films","27761","films:27761"
"","Thirst for Love","Koreyoshi Kurahara","Japan","1967","https://www.criterion.com/films/27762-thirst-for-love","films","27762","films:27762"
"","Eclipse Series 29: Aki Kaurismäki’s Leningrad Cowboys","","","","https://www.criterion.com/boxsets/835-eclipse-series-29-aki-kaurismaki-s-leningrad-cowboys","boxsets","835","boxsets:835"
"","Leningrad Cowboys Go America","Aki Kaurismäki","Finland","1989","https://www.criterion.com/films/27793-leningrad-cowboys-go-america","films","27793","films:27793"
"","Leningrad Cowboys Meet Moses","Aki Kaurismäki","Finland","1994","https://www.criterion.com/films/27794-leningrad-cowboys-meet-moses","films","27794","films:27794"
"","Total Balalaika Show","Aki Kaurismäki","Finland","1994","https://www.criterion.com/films/27795-total-balalaika-show","films","27795","films:27795"
"","Eclipse Series 30: Sabu!","","","","https://www.criterion.com/boxsets/847-eclipse-series-30-sabu","boxsets","847","boxsets:847"
"","Elephant Boy","Robert Flaherty and Zoltán Korda","United Kingdom","1937","https://www.criterion.com/films/27564-elephant-boy","films","27564","films:27564"
"","The Drum","Zoltán Korda","United Kingdom","1938","https://www.criterion.com/films/27599-the-drum","films","27599","films:27599"
"","Jungle Book","Zoltán Korda","United Kingdom","1942","https://www.criterion.com/films/27649-jungle-book","films","27649","films:27649"
"","Eclipse Series 31: Three Popular Films by Jean-Pierre Gorin","","","","https://www.criterion.com/boxsets/855-eclipse-series-31-three-popular-films-by-jean-pierre-gorin","boxsets","855","boxsets:855"
"","Poto and Cabengo","Jean-Pierre Gorin","United States","1980","https://www.criterion.com/films/27948-poto-and-cabengo","films","27948","films:27948"
"","Routine Pleasures","Jean-Pierre Gorin","United States","1986","https://www.criterion.com/films/27947-routine-pleasures","films","27947","films:27947"
"","My Crasy Life","Jean-Pierre Gorin","United States","1992","https://www.criterion.com/films/27946-my-crasy-life","films","27946","films:27946"
"","Eclipse Series 32: Pearls of the Czech New Wave","","","","https://www.criterion.com/boxsets/870-eclipse-series-32-pearls-of-the-czech-new-wave","boxsets","870","boxsets:870"
"","Pearls of the Deep","Jiří Menzel, Věra Chytilová, Jaromil Jireš, Jan Němec, and Evald Schorm","Czechoslovakia","1966","https://www.criterion.com/films/27858-pearls-of-the-deep","films","27858","films:27858"
"","A Report on the Party and Guests","Jan Němec","Czechoslovakia","1966","https://www.criterion.com/films/27877-a-report-on-the-party-and-guests","films","27877","films:27877"
"","Return of the Prodigal Son","Evald Schorm","Czechoslovakia","1967","https://www.criterion.com/films/27859-return-of-the-prodigal-son","films","27859","films:27859"
"","Capricious Summer","Jiří Menzel","Czechoslovakia","1968","https://www.criterion.com/films/27852-capricious-summer","films","27852","films:27852"
"","The Joke","Jaromil Jireš","Czechoslovakia","1969","https://www.criterion.com/films/27856-the-joke","films","27856","films:27856"
"","Eclipse Series 33: Up All Night with Robert Downey Sr.","","","","https://www.criterion.com/boxsets/887-eclipse-series-33-up-all-night-with-robert-downey-sr","boxsets","887","boxsets:887"
"","Babo 73","Robert Downey Sr.","United States","1964","https://www.criterion.com/films/27938-babo-73","films","27938","films:27938"
"","Chafed Elbows","Robert Downey Sr.","United States","1966","https://www.criterion.com/films/27939-chafed-elbows","films","27939","films:27939"
"","No More Excuses","Robert Downey Sr.","United States","1968","https://www.criterion.com/films/27940-no-more-excuses","films","27940","films:27940"
"","Putney Swope","Robert Downey Sr.","United States","1969","https://www.criterion.com/films/28358-putney-swope","films","28358","films:28358"
"","Two Tons of Turquoise to Taos Tonight","Robert Downey Sr.","United States","1975","https://www.criterion.com/films/27941-two-tons-of-turquoise-to-taos-tonight","films","27941","films:27941"
"","Eclipse Series 34: Jean Grémillon During the Occupation","","","","https://www.criterion.com/boxsets/897-eclipse-series-34-jean-gremillon-during-the-occupation","boxsets","897","boxsets:897"
"","Remorques","Jean Grémillon","France","1941","https://www.criterion.com/films/27677-remorques","films","27677","films:27677"
"","Lumière d’été","Jean Grémillon","France","1943","https://www.criterion.com/films/28125-lumiere-d-ete","films","28125","films:28125"
"","Le ciel est à vous","Jean Grémillon","France","1944","https://www.criterion.com/films/27722-le-ciel-est-a-vous","films","27722","films:27722"
"","Eclipse Series 35: Maidstone and Other Films by Norman Mailer","","","","https://www.criterion.com/boxsets/907-eclipse-series-35-i-maidstone-i-and-other-films-by-norman-mailer","boxsets","907","boxsets:907"
"","Maidstone","Norman Mailer","United States","1970","https://www.criterion.com/films/28069-maidstone","films","28069","films:28069"
"","Wild 90","Norman Mailer","United States","1968","https://www.criterion.com/films/28070-wild-90","films","28070","films:28070"
"","Beyond the Law","Norman Mailer","United States","1968","https://www.criterion.com/films/28321-beyond-the-law","films","28321","films:28321"
"","Eclipse Series 36: Three Wicked Melodramas from Gainsborough Pictures","","","","https://www.criterion.com/boxsets/921-eclipse-series-36-three-wicked-melodramas-from-gainsborough-pictures","boxsets","921","boxsets:921"
"","The Man in Grey","Leslie Arliss","United Kingdom","1943","https://www.criterion.com/films/28018-the-man-in-grey","films","28018","films:28018"
"","Madonna of the Seven Moons","Arthur Crabtree","United Kingdom","1945","https://www.criterion.com/films/28019-madonna-of-the-seven-moons","films","28019","films:28019"
"","The Wicked Lady","Leslie Arliss","United Kingdom","1945","https://www.criterion.com/films/28017-the-wicked-lady","films","28017","films:28017"
"","Eclipse Series 37: When Horror Came to Shochiku","","","","https://www.criterion.com/boxsets/928-eclipse-series-37-when-horror-came-to-shochiku","boxsets","928","boxsets:928"
"","The X from Outer Space","Kazui Nihonmatsu","Japan","1967","https://www.criterion.com/films/27689-the-x-from-outer-space","films","27689","films:27689"
"","Goke, Body Snatcher from Hell","Hajime Sato","Japan","1968","https://www.criterion.com/films/27720-goke-body-snatcher-from-hell","films","27720","films:27720"
"","The Living Skeleton","Hiroshi Matsuno","Japan","1968","https://www.criterion.com/films/28286-the-living-skeleton","films","28286","films:28286"
"","Genocide","Kazui Nihonmatsu","Japan","1968","https://www.criterion.com/films/28285-genocide","films","28285","films:28285"
"","Eclipse Series 38: Masaki Kobayashi Against the System","","","","https://www.criterion.com/boxsets/952-eclipse-series-38-masaki-kobayashi-against-the-system","boxsets","952","boxsets:952"
"","The Thick-Walled Room","Masaki Kobayashi","Japan","1956","https://www.criterion.com/films/28503-the-thick-walled-room","films","28503","films:28503"
"","I Will Buy You","Masaki Kobayashi","Japan","1956","https://www.criterion.com/films/28007-i-will-buy-you","films","28007","films:28007"
"","Black River","Masaki Kobayashi","Japan","1956","https://www.criterion.com/films/28235-black-river","films","28235","films:28235"
"","The Inheritance","Masaki Kobayashi","Japan","1962","https://www.criterion.com/films/28237-the-inheritance","films","28237","films:28237"
"","Eclipse Series 39: Early Fassbinder","","","","https://www.criterion.com/boxsets/978-eclipse-series-39-early-fassbinder","boxsets","978","boxsets:978"
"","Love Is Colder Than Death","Rainer Werner Fassbinder","Germany","1969","https://www.criterion.com/films/27959-love-is-colder-than-death","films","27959","films:27959"
"","Katzelmacher","Rainer Werner Fassbinder","Germany","1969","https://www.criterion.com/films/28591-katzelmacher","films","28591","films:28591"
"","Gods of the Plague","Rainer Werner Fassbinder","Germany","1969","https://www.criterion.com/films/27958-gods-of-the-plague","films","27958","films:27958"
"","The American Soldier","Rainer Werner Fassbinder","Germany","1970","https://www.criterion.com/films/27951-the-american-soldier","films","27951","films:27951"
"","Beware of a Holy Whore","Rainer Werner Fassbinder","Germany","1970","https://www.criterion.com/films/27952-beware-of-a-holy-whore","films","27952","films:27952"
"","Eclipse Series 40: Late Ray","","","","https://www.criterion.com/boxsets/1027-eclipse-series-40-late-ray","boxsets","1027","boxsets:1027"
"","The Home and the World","Satyajit Ray","India","1984","https://www.criterion.com/films/27681-the-home-and-the-world","films","27681","films:27681"
"","An Enemy of the People","Satyajit Ray","India","1989","https://www.criterion.com/films/27680-an-enemy-of-the-people","films","27680","films:27680"
"","The Stranger","Satyajit Ray","India","1991","https://www.criterion.com/films/27684-the-stranger","films","27684","films:27684"
"","Eclipse Series 41: Kinoshita and World War II","","","","https://www.criterion.com/boxsets/1083-eclipse-series-41-kinoshita-and-world-war-ii","boxsets","1083","boxsets:1083"
"","Port of Flowers","Keisuke Kinoshita","Japan","1943","https://www.criterion.com/films/28238-port-of-flowers","films","28238","films:28238"
"","The Living Magoroku","Keisuke Kinoshita","Japan","1943","https://www.criterion.com/films/27863-the-living-magoroku","films","27863","films:27863"
"","Jubilation Street","Keisuke Kinoshita","Japan","1944","https://www.criterion.com/films/27837-jubilation-street","films","27837","films:27837"
"","Army","Keisuke Kinoshita","Japan","1944","https://www.criterion.com/films/27831-army","films","27831","films:27831"
"","Morning for the Osone Family","Keisuke Kinoshita","Japan","1946","https://www.criterion.com/films/27838-morning-for-the-osone-family","films","27838","films:27838"
"","Eclipse Series 42: Silent Ozu—Three Crime Dramas","","","","https://www.criterion.com/boxsets/1104-eclipse-series-42-silent-ozu-three-crime-dramas","boxsets","1104","boxsets:1104"
"","Walk Cheerfully","Yasujiro Ozu","Japan","1930","https://www.criterion.com/films/28218-walk-cheerfully","films","28218","films:28218"
"","That Night’s Wife","Yasujiro Ozu","Japan","1930","https://www.criterion.com/films/28220-that-night-s-wife","films","28220","films:28220"
"","Dragnet Girl","Yasujiro Ozu","Japan","1933","https://www.criterion.com/films/28224-dragnet-girl","films","28224","films:28224"
"","Eclipse Series 43: Agnès Varda in California","","","","https://www.criterion.com/boxsets/1124-eclipse-series-43-agnes-varda-in-california","boxsets","1124","boxsets:1124"
"","Uncle Yanco","Agnès Varda","France","1968","https://www.criterion.com/films/28626-uncle-yanco","films","28626","films:28626"
"","Black Panthers","Agnès Varda","France","1970","https://www.criterion.com/films/28627-black-panthers","films","28627","films:28627"
"","Lions Love (. . . and Lies)","Agnès Varda","France","1969","https://www.criterion.com/films/28628-lions-love-and-lies","films","28628","films:28628"
"","Mur Murs","Agnès Varda","France","1981","https://www.criterion.com/films/28629-mur-murs","films","28629","films:28629"
"","Documenteur","Agnès Varda","France","1981","https://www.criterion.com/films/28630-documenteur","films","28630","films:28630"
"","Eclipse Series 44: Julien Duvivier in the Thirties","","","","https://www.criterion.com/boxsets/1136-eclipse-series-44-julien-duvivier-in-the-thirties","boxsets","1136","boxsets:1136"
"","David Golder","Julien Duvivier","France","1930","https://www.criterion.com/films/28028-david-golder","films","28028","films:28028"
"","Poil de carotte","Julien Duvivier","France","1932","https://www.criterion.com/films/28026-poil-de-carotte","films","28026","films:28026"
"","La tête d’un homme","Julien Duvivier","France","1933","https://www.criterion.com/films/28027-la-tete-d-un-homme","films","28027","films:28027"
"","Un carnet de bal","Julien Duvivier","France","1937","https://www.criterion.com/films/27791-un-carnet-de-bal","films","27791","films:27791"
"","Eclipse Series 45: Claude Autant-Lara—Four Romantic Escapes from Occupied France","","","","https://www.criterion.com/boxsets/1295-eclipse-series-45-claude-autant-lara-four-romantic-escapes-from-occupied-france","boxsets","1295","boxsets:1295"
"","Le mariage de Chiffon","Claude Autant-Lara","France","1942","https://www.criterion.com/films/27976-le-mariage-de-chiffon","films","27976","films:27976"
"","Lettres d’amour","Claude Autant-Lara","France","1942","https://www.criterion.com/films/29404-lettres-d-amour","films","29404","films:29404"
"","Douce","Claude Autant-Lara","France","1943","https://www.criterion.com/films/27977-douce","films","27977","films:27977"
"","Sylvie et le fantôme","Claude Autant-Lara","France","1946","https://www.criterion.com/films/28161-sylvie-et-le-fantome","films","28161","films:28161"
"","Eclipse Series 46: Ingrid Bergman’s Swedish Years","","","","https://www.criterion.com/boxsets/1315-eclipse-series-46-ingrid-bergman-s-swedish-years","boxsets","1315","boxsets:1315"
"","The Count of the Old Town","Edvin Adolphson and Sigurd Wallén","Sweden","1935","https://www.criterion.com/films/28866-the-count-of-the-old-town","films","28866","films:28866"
"","Walpurgis Night","Gustaf Edgren","Sweden","1935","https://www.criterion.com/films/29437-walpurgis-night","films","29437","films:29437"
"","Intermezzo","Gustaf Molander","Sweden","1936","https://www.criterion.com/films/28871-intermezzo","films","28871","films:28871"
"","Dollar","Gustaf Molander","Sweden","1938","https://www.criterion.com/films/28868-dollar","films","28868","films:28868"
"","A Woman’s Face","Gustaf Molander","Sweden","1938","https://www.criterion.com/films/28872-a-woman-s-face","films","28872","films:28872"
"","June Night","Per Lindberg","Sweden","1940","https://www.criterion.com/films/28870-june-night","films","28870","films:28870"
"","Eclipse Series 47: Abbas Kiarostami—Early Shorts and Features","","","","https://www.criterion.com/boxsets/8309-eclipse-series-47-abbas-kiarostami-early-shorts-and-features","boxsets","8309","boxsets:8309"
"","Bread and Alley","Abbas Kiarostami","Iran","1970","https://www.criterion.com/films/28642-bread-and-alley","films","28642","films:28642"
"","Breaktime","Abbas Kiarostami","Iran","1972","https://www.criterion.com/films/28643-breaktime","films","28643","films:28643"
"","Experience","Abbas Kiarostami","Iran","1973","https://www.criterion.com/films/28640-experience","films","28640","films:28640"
"","The Traveler","Abbas Kiarostami","Iran","1974","https://www.criterion.com/films/29514-the-traveler","films","29514","films:29514"
"","Two Solutions for One Problem","Abbas Kiarostami","Iran","1975","https://www.criterion.com/films/28645-two-solutions-for-one-problem","films","28645","films:28645"
"","So Can I","Abbas Kiarostami","Iran","1975","https://www.criterion.com/films/29519-so-can-i","films","29519","films:29519"
"","Colors","Abbas Kiarostami","Iran","1976","https://www.criterion.com/films/29520-colors","films","29520","films:29520"
"","A Wedding Suit","Abbas Kiarostami","Iran","1976","https://www.criterion.com/films/28641-a-wedding-suit","films","28641","films:28641"
"","Tribute to Teachers","Abbas Kiarostami","Iran","1977","https://www.criterion.com/films/29521-tribute-to-teachers","films","29521","films:29521"
"","Solution No. 1","Abbas Kiarostami","Iran","1978","https://www.criterion.com/films/29523-solution-no-1","films","29523","films:29523"
"","First Case, Second Case","Abbas Kiarostami","Iran","1979","https://www.criterion.com/films/29515-first-case-second-case","films","29515","films:29515"
"","Toothache","Abbas Kiarostami","Iran","1980","https://www.criterion.com/films/29524-toothache","films","29524","films:29524"
"","Orderly or Disorderly","Abbas Kiarostami","Iran","1981","https://www.criterion.com/films/29525-orderly-or-disorderly","films","29525","films:29525"
"","The Chorus","Abbas Kiarostami","Iran","1982","https://www.criterion.com/films/28644-the-chorus","films","28644","films:28644"
"","Fellow Citizen","Abbas Kiarostami","Iran","1983","https://www.criterion.com/films/29516-fellow-citizen","films","29516","films:29516"
"","First Graders","Abbas Kiarostami","Iran","1984","https://www.criterion.com/films/29517-first-graders","films","29517","films:29517"
"","Homework","Abbas Kiarostami","Iran","1989","https://www.criterion.com/films/29518-homework","films","29518","films:29518"
"","Eclipse Series 48: Kinuyo Tanaka Directs","","","","https://www.criterion.com/boxsets/8685-eclipse-series-48-kinuyo-tanaka-directs","boxsets","8685","boxsets:8685"
"","Love Letter","Kinuyo Tanaka","Japan","1953","https://www.criterion.com/films/32821-love-letter","films","32821","films:32821"
"","The Moon Has Risen","Kinuyo Tanaka","Japan","1955","https://www.criterion.com/films/32756-the-moon-has-risen","films","32756","films:32756"
"","Forever a Woman","Kinuyo Tanaka","Japan","1955","https://www.criterion.com/films/32757-forever-a-woman","films","32757","films:32757"
"","The Wandering Princess","Kinuyo Tanaka","Japan","1960","https://www.criterion.com/films/32834-the-wandering-princess","films","32834","films:32834"
"","Girls of the Night","Kinuyo Tanaka","Japan","1961","https://www.criterion.com/films/32822-girls-of-the-night","films","32822","films:32822"
"","Love Under the Crucifix","Kinuyo Tanaka","Japan","1962","https://www.criterion.com/films/31096-love-under-the-crucifix","films","31096","films:31096"
"","Eclipse Series 49: Five Radical Documentaries by Kazuo Hara and Sachiko Kobayashi","","","","https://www.criterion.com/boxsets/8914-eclipse-series-49-five-radical-documentaries-by-kazuo-hara-and-sachiko-kobayashi","boxsets","8914","boxsets:8914"
"","My Lucky Stars","Sammo Hung","Hong Kong","1985","https://www.criterion.com/films/29548-my-lucky-stars","films","29548","films:29548"
"","Jean de Florette","Claude Berri","France","1986","https://www.criterion.com/films/32737-jean-de-florette","films","32737","films:32737"
"","About Dry Grasses","Nuri Bilge Ceylan","Turkey","2023","https://www.criterion.com/films/33918-about-dry-grasses","films","33918","films:33918"
"","The Three Musketeers","Richard Lester","United Kingdom","1973","https://www.criterion.com/films/29909-the-three-musketeers","films","29909","films:29909"
"","Lovers Rock","Steve McQueen","United Kingdom","2020","https://www.criterion.com/films/33631-lovers-rock","films","33631","films:33631"
"","Mahjong","Edward Yang","Taiwan","1996","https://www.criterion.com/films/34090-mahjong","films","34090","films:34090"
"","The Seventh Victim","Mark Robson","United States","1943","https://www.criterion.com/films/28715-the-seventh-victim","films","28715","films:28715"
"","Last Holiday","Henry Cass","United Kingdom","1950","https://www.criterion.com/films/1521-last-holiday","films","1521","films:1521"
"","Manon of the Spring","Claude Berri","France","1986","https://www.criterion.com/films/32738-manon-of-the-spring","films","32738","films:32738"
"","The Young Master","Jackie Chan","Hong Kong","1980","https://www.criterion.com/films/29547-the-young-master","films","29547","films:29547"
"","A Dedicated Life","Kazuo Hara","Japan","1994","https://www.criterion.com/films/30724-a-dedicated-life","films","30724","films:30724"
"","A Tale of Winter","Eric Rohmer","France","1992","https://www.criterion.com/films/29649-a-tale-of-winter","films","29649","films:29649"
"","The Lovers on the Bridge","Leos Carax","France","1991","https://www.criterion.com/films/30355-the-lovers-on-the-bridge","films","30355","films:30355"
"","71 Fragments of a Chronology of Chance","Michael Haneke","Germany","1994","https://www.criterion.com/films/28838-71-fragments-of-a-chronology-of-chance","films","28838","films:28838"
"","Kummatty","G. Aravindan","India","1979","https://www.criterion.com/films/34386-kummatty","films","34386","films:34386"
"","Raven’s End","Bo Widerberg","Sweden","1963","https://www.criterion.com/films/30387-raven-s-end","films","30387","films:30387"
"","Bim, the Little Donkey","Albert Lamorisse","France","1951","https://www.criterion.com/films/31469-bim-the-little-donkey","films","31469","films:31469"
"","Ryuichi Sakamoto | Opus","Neo Sora","Japan","2023","https://www.criterion.com/films/34102-ryuichi-sakamoto-opus","films","34102","films:34102"
"","Killer’s Kiss","Stanley Kubrick","United States","1955","https://www.criterion.com/films/28346-killer-s-kiss","films","28346","films:28346"
"","Red, White and Blue","Steve McQueen","United Kingdom","2020","https://www.criterion.com/films/33632-red-white-and-blue","films","33632","films:33632"
"","Cloud","Kiyoshi Kurosawa","Japan","2024","https://www.criterion.com/films/34956-cloud","films","34956","films:34956"
"","All We Imagine as Light","Payal Kapadia","India","2024","https://www.criterion.com/films/34593-all-we-imagine-as-light","films","34593","films:34593"
"","The Love That Remains","Hlynur Pálmason","Iceland","2025","https://www.criterion.com/films/35305-the-love-that-remains","films","35305","films:35305"
"","Saute ma ville","Chantal Akerman","Belgium","1968","https://www.criterion.com/films/28947-saute-ma-ville","films","28947","films:28947"
"","Poetic Justice","John Singleton","United States","1993","https://www.criterion.com/films/34009-poetic-justice","films","34009","films:34009"
"","Infernal Affairs III","Andrew Lau Wai-keung and Alan Mak","Hong Kong","2003","https://www.criterion.com/films/32455-infernal-affairs-iii","films","32455","films:32455"
"","20th Century Women","Mike Mills","United States","2016","https://www.criterion.com/films/35120-20th-century-women","films","35120","films:35120"
"","Pasolini 101","","","","https://www.criterion.com/boxsets/6588-pasolini-101","boxsets","6588","boxsets:6588"
"","Kapò","Gillo Pontecorvo","Italy","1959","https://www.criterion.com/films/22619-kapo","films","22619","films:22619"
"","Xala","Ousmane Sembène","Senegal","1975","https://www.criterion.com/films/29070-xala","films","29070","films:29070"
"","No Bears","Jafar Panahi","Iran","2022","https://www.criterion.com/films/33531-no-bears","films","33531","films:33531"
"","Stowaway in the Sky","Albert Lamorisse","France","1960","https://www.criterion.com/films/31470-stowaway-in-the-sky","films","31470","films:31470"
"","Evil Does Not Exist","Ryusuke Hamaguchi","Japan","2023","https://www.criterion.com/films/34088-evil-does-not-exist","films","34088","films:34088"
"","The Four Musketeers","Richard Lester","United Kingdom","1974","https://www.criterion.com/films/29910-the-four-musketeers","films","29910","films:29910"
"","Mauvais sang","Leos Carax","France","1986","https://www.criterion.com/films/30356-mauvais-sang","films","30356","films:30356"
"","Tótem","Lila Avilés","Mexico","2023","https://www.criterion.com/films/33900-totem","films","33900","films:33900"
"","Affirmations","Marlon Riggs","United States","1990","https://www.criterion.com/films/31185-affirmations","films","31185","films:31185"
"","Chronicle of the Years of Fire","Mohammed Lakhdar-Hamina","Algeria","1975","https://www.criterion.com/films/35112-chronicle-of-the-years-of-fire","films","35112","films:35112"
"","Spiritual Kung Fu","Lo Wei","Hong Kong","1978","https://www.criterion.com/films/29550-spiritual-kung-fu","films","29550","films:29550"
"","India Song","Marguerite Duras","France","1975","https://www.criterion.com/films/31904-india-song","films","31904","films:31904"
"","Night Games","Mai Zetterling","Sweden","1966","https://www.criterion.com/films/30380-night-games","films","30380","films:30380"
"","Ceddo","Ousmane Sembène","Senegal","1977","https://www.criterion.com/films/29071-ceddo","films","29071","films:29071"
"","Education","Steve McQueen","United Kingdom","2020","https://www.criterion.com/films/33634-education","films","33634","films:33634"
"","The Mystic","Tod Browning","United States","1925","https://www.criterion.com/films/33989-the-mystic","films","33989","films:33989"
"","Loving Couples","Mai Zetterling","Sweden","1964","https://www.criterion.com/films/30379-loving-couples","films","30379","films:30379"
"","Anthem","Marlon Riggs","United States","1991","https://www.criterion.com/films/31184-anthem","films","31184","films:31184"
"","The Shining","Stanley Kubrick","United Kingdom","1980","https://www.criterion.com/films/35285-the-shining","films","35285","films:35285"
"","Godland","Hlynur Pálmason","Iceland","2022","https://www.criterion.com/films/33485-godland","films","33485","films:33485"
"","Two Prosecutors","Sergei Loznitsa","Germany","2025","https://www.criterion.com/films/35308-two-prosecutors","films","35308","films:35308"
"","EO","Jerzy Skolimowski","Poland","2022","https://www.criterion.com/films/33481-eo","films","33481","films:33481"
"","Tori and Lokita","Jean-Pierre Dardenne and Luc Dardenne","Belgium","2022","https://www.criterion.com/films/33650-tori-and-lokita","films","33650","films:33650"
"","The Innocent","Louis Garrel","France","2022","https://www.criterion.com/films/33649-the-innocent","films","33649","films:33649"
"","Infernal Affairs II","Andrew Lau Wai-keung and Alan Mak","Hong Kong","2003","https://www.criterion.com/films/32454-infernal-affairs-ii","films","32454","films:32454"
"","Mangrove","Steve McQueen","United Kingdom","2020","https://www.criterion.com/films/33630-mangrove","films","33630","films:33630"
"","Totally F***ed Up","Gregg Araki","United States","1993","https://www.criterion.com/films/30138-totally-f-ed-up","films","30138","films:30138"
"","Beginners","Mike Mills","United States","2010","https://www.criterion.com/films/35287-beginners","films","35287","films:35287"
"","Anselm","Wim Wenders","Germany","2023","https://www.criterion.com/films/34053-anselm","films","34053","films:34053"
"","Yam daabo","Idrissa Ouédraogo","Burkina Faso","1987","https://www.criterion.com/films/35104-yam-daabo","films","35104","films:35104"
"","Buchanan Rides Alone","Budd Boetticher","United States","1958","https://www.criterion.com/films/32210-buchanan-rides-alone","films","32210","films:32210"
"","The Complete Kubrick","","","","https://www.criterion.com/boxsets/9000-the-complete-kubrick","boxsets","9000","boxsets:9000"
"","Orlando, My Political Biography","Paul B. Preciado","France","2023","https://www.criterion.com/films/33901-orlando-my-political-biography","films","33901","films:33901"
"","Benny’s Video","Michael Haneke","Austria","1992","https://www.criterion.com/films/28839-benny-s-video","films","28839","films:28839"
"","A Tale of Springtime","Eric Rohmer","France","1990","https://www.criterion.com/films/29648-a-tale-of-springtime","films","29648","films:29648"
"","Lolita","Stanley Kubrick","United Kingdom","1962","https://www.criterion.com/films/29573-lolita","films","29573","films:29573"
"","Boyz n the Hood","John Singleton","United States","1991","https://www.criterion.com/films/33979-boyz-n-the-hood","films","33979","films:33979"
"","Streetwise / Tiny: The Life of Erin Blackwell","","","","https://www.criterion.com/boxsets/4430-streetwise-tiny-the-life-of-erin-blackwell","boxsets","4430","boxsets:4430"
"","Nowhere","Gregg Araki","United States","1997","https://www.criterion.com/films/34330-nowhere","films","34330","films:34330"
"","Full Metal Jacket","Stanley Kubrick","United Kingdom","1987","https://www.criterion.com/films/34961-full-metal-jacket","films","34961","films:34961"
"","A Clockwork Orange","Stanley Kubrick","United Kingdom","1971","https://www.criterion.com/films/30441-a-clockwork-orange","films","30441","films:30441"
"","The Heroic Trio","Johnnie To","Hong Kong","1993","https://www.criterion.com/films/32735-the-heroic-trio","films","32735","films:32735"
"","Accattone","Pier Paolo Pasolini","Italy","1961","https://www.criterion.com/films/31431-accattone","films","31431","films:31431"
"","A Tale of Autumn","Eric Rohmer","France","1998","https://www.criterion.com/films/29651-a-tale-of-autumn","films","29651","films:29651"
"","Alex Wheatle","Steve McQueen","United Kingdom","2020","https://www.criterion.com/films/33633-alex-wheatle","films","33633","films:33633"
"","The Seventh Continent","Michael Haneke","Austria","1989","https://www.criterion.com/films/28837-the-seventh-continent","films","28837","films:28837"
"","Ådalen 31","Bo Widerberg","Sweden","1969","https://www.criterion.com/films/30376-adalen-31","films","30376","films:30376"
"","Ride Lonesome","Budd Boetticher","United States","1959","https://www.criterion.com/films/32214-ride-lonesome","films","32214","films:32214"
"","The Shrouds","David Cronenberg","Canada","2024","https://www.criterion.com/films/34881-the-shrouds","films","34881","films:34881"
"","Love Meetings","Pier Paolo Pasolini","Italy","1964","https://www.criterion.com/films/31432-love-meetings","films","31432","films:31432"
"","Magellan","Lav Diaz","Philippines","2025","https://www.criterion.com/films/35343-magellan","films","35343","films:35343"
"","The Tall T","Budd Boetticher","United States","1957","https://www.criterion.com/films/32215-the-tall-t","films","32215","films:32215"
"","2001: A Space Odyssey","Stanley Kubrick","United Kingdom","1968","https://www.criterion.com/films/35286-2001-a-space-odyssey","films","35286","films:35286"
"","The Gospel According to Matthew","Pier Paolo Pasolini","Italy","1964","https://www.criterion.com/films/31440-the-gospel-according-to-matthew","films","31440","films:31440"
"","A Tale of Summer","Eric Rohmer","France","1996","https://www.criterion.com/films/29650-a-tale-of-summer","films","29650","films:29650"
"","Fearless Hyena II","Chan Chuen","Hong Kong","1983","https://www.criterion.com/films/29552-fearless-hyena-ii","films","29552","films:29552"
"","Elvira Madigan","Bo Widerberg","Sweden","1967","https://www.criterion.com/films/30374-elvira-madigan","films","30374","films:30374"
"","Epidemic","Lars von Trier","Denmark","1987","https://www.criterion.com/films/28078-epidemic","films","28078","films:28078"
"","Boy Meets Girl","Leos Carax","France","1984","https://www.criterion.com/films/33262-boy-meets-girl","films","33262","films:33262"
"","Misericordia","Alain Guiraudie","France","2024","https://www.criterion.com/films/34686-misericordia","films","34686","films:34686"
"","L’enfant aimé ou Je joue à être une femme mariée","Chantal Akerman","Belgium","1971","https://www.criterion.com/films/34122-l-enfant-aime-ou-je-joue-a-etre-une-femme-mariee","films","34122","films:34122"
"","Sennan Asbestos Disaster","Kazuo Hara","Japan","2016","https://www.criterion.com/films/30725-sennan-asbestos-disaster","films","30725","films:30725"
"","C’mon C’mon","Mike Mills","United States","2021","https://www.criterion.com/films/35119-c-mon-c-mon","films","35119","films:35119"
"","A Confucian Confusion","Edward Yang","Taiwan","1994","https://www.criterion.com/films/34089-a-confucian-confusion","films","34089","films:34089"
"","The Wes Anderson Archive: Ten Films, Twenty-Five Years","","","","https://www.criterion.com/boxsets/8208-the-wes-anderson-archive-ten-films-twenty-five-years","boxsets","8208","boxsets:8208"
"","The Long Farewell","Kira Muratova","Ukraine","1971","https://www.criterion.com/films/33329-the-long-farewell","films","33329","films:33329"
"","Caught by the Tides","Jia Zhang-Ke","China","2024","https://www.criterion.com/films/34797-caught-by-the-tides","films","34797","films:34797"
"","Tongues Untied","Marlon Riggs","United States","1989","https://www.criterion.com/films/31182-tongues-untied","films","31182","films:31182"
"","The Doom Generation","Gregg Araki","United States","1995","https://www.criterion.com/films/33820-the-doom-generation","films","33820","films:33820"
"","Non, Je Ne Regrette Rien (No Regret)","Marlon Riggs","United States","1993","https://www.criterion.com/films/31183-non-je-ne-regrette-rien-no-regret","films","31183","films:31183"
"","Executioners","Johnnie To and Ching Siu-tung","Hong Kong","1993","https://www.criterion.com/films/32736-executioners","films","32736","films:32736"
"","Gervaise","René Clément","France","1956","https://www.criterion.com/films/3561-gervaise","films","3561","films:3561"
"","The Fall of Otrar","Ardak Amirkulov","Kazakhstan","1991","https://www.criterion.com/films/35103-the-fall-of-otrar","films","35103","films:35103"
"","Lynch/Oz","Alexandre O. Philippe","United States","2022","https://www.criterion.com/films/33490-lynch-oz","films","33490","films:33490"
"","CC40","","","","https://www.criterion.com/boxsets/7646-cc40","boxsets","7646","boxsets:7646"
"","Room 666 / Room 999","","","","https://www.criterion.com/boxsets/7975-room-666-room-999","boxsets","7975","boxsets:7975"
"","Ethnic Notions","Marlon Riggs","United States","1986","https://www.criterion.com/films/31180-ethnic-notions","films","31180","films:31180"
"","Baxter, Vera Baxter","Marguerite Duras","France","1977","https://www.criterion.com/films/31905-baxter-vera-baxter","films","31905","films:31905"
"","The Eight Mountains","Felix van Groeningen and Charlotte Vandermeersch","Italy","2022","https://www.criterion.com/films/33541-the-eight-mountains","films","33541","films:33541"
"","The Fearless Hyena","Jackie Chan","Hong Kong","1979","https://www.criterion.com/films/29551-the-fearless-hyena","films","29551","films:29551"
"","Room 666","Wim Wenders","France","1982","https://www.criterion.com/films/28800-room-666","films","28800","films:28800"
"","Color Adjustment","Marlon Riggs","United States","1992","https://www.criterion.com/films/31179-color-adjustment","films","31179","films:31179"
"","Resurrection","Bi Gan","China","2025","https://www.criterion.com/films/35491-resurrection","films","35491","films:35491"
"","Infernal Affairs","Andrew Lau Wai-keung and Alan Mak","Hong Kong","2002","https://www.criterion.com/films/32453-infernal-affairs","films","32453","films:32453"
"","Baby Boy","John Singleton","United States","2001","https://www.criterion.com/films/33770-baby-boy","films","33770","films:33770"
"","Vermiglio","Maura Delpero","Italy","2024","https://www.criterion.com/films/34803-vermiglio","films","34803","films:34803"
"","I Walked with a Zombie","Jacques Tourneur","United States","1943","https://www.criterion.com/films/28706-i-walked-with-a-zombie","films","28706","films:28706"
"","Half a Loaf of Kung Fu","Chan Chi-hwa","Hong Kong","1978","https://www.criterion.com/films/29549-half-a-loaf-of-kung-fu","films","29549","films:29549"
"","The Baby Carriage","Bo Widerberg","Sweden","1963","https://www.criterion.com/films/30388-the-baby-carriage","films","30388","films:30388"
"","Room 999","Lubna Playoust","France","2023","https://www.criterion.com/films/34278-room-999","films","34278","films:34278"
"","Goodbye CP","Kazuo Hara","Japan","1972","https://www.criterion.com/films/30721-goodbye-cp","films","30721","films:30721"
"","Brief Encounters","Kira Muratova","Ukraine","1967","https://www.criterion.com/films/33328-brief-encounters","films","33328","films:33328"
"","Freaks","Tod Browning","United States","1932","https://www.criterion.com/films/29015-freaks","films","29015","films:29015"
"","Emitaï","Ousmane Sembène","Senegal","1971","https://www.criterion.com/films/29069-emitai","films","29069","films:29069"
"","The Girls","Mai Zetterling","Sweden","1968","https://www.criterion.com/films/30381-the-girls","films","30381","films:30381"
"","Mayerling","Anatole Litvak","France","1936","https://www.criterion.com/films/3562-mayerling","films","3562","films:3562"
"","Decision at Sundown","Budd Boetticher","United States","1957","https://www.criterion.com/films/32212-decision-at-sundown","films","32212","films:32212"
"","Oedipus Rex","Pier Paolo Pasolini","Italy","1967","https://www.criterion.com/films/31433-oedipus-rex","films","31433","films:31433"
"","Afire","Christian Petzold","Germany","2023","https://www.criterion.com/films/33797-afire","films","33797","films:33797"
"","The Unknown","Tod Browning","United States","1927","https://www.criterion.com/films/31173-the-unknown","films","31173","films:31173"
"","Peter Hujar’s Day","Ira Sachs","United States","2025","https://www.criterion.com/films/35354-peter-hujar-s-day","films","35354","films:35354"
"","Blue Heron","Sophy Romvari","Canada","2025","https://www.criterion.com/films/35754-blue-heron","films","35754","films:35754"
"","Le 15/8","Chantal Akerman and Samy Szlingerbaum","Belgium","1973","https://www.criterion.com/films/34123-le-15-8","films","34123","films:34123"
"","Extreme Private Eros: Love Song 1974","Kazuo Hara","Japan","1974","https://www.criterion.com/films/30722-extreme-private-eros-love-song-1974","films","30722","films:30722"
"","The Beast","Bertrand Bonello","France","2023","https://www.criterion.com/films/34331-the-beast","films","34331","films:34331"
"","Comanche Station","Budd Boetticher","United States","1960","https://www.criterion.com/films/32211-comanche-station","films","32211","films:32211"
"","The Hawks and the Sparrows","Pier Paolo Pasolini","Italy","1966","https://www.criterion.com/films/31439-the-hawks-and-the-sparrows","films","31439","films:31439"
"","Medea","Pier Paolo Pasolini","Italy","1969","https://www.criterion.com/films/33629-medea","films","33629","films:33629"
"","All That Breathes","Shaunak Sen","United Kingdom","2022","https://www.criterion.com/films/33942-all-that-breathes","films","33942","films:33942"
"","Porcile","Pier Paolo Pasolini","Italy","1969","https://www.criterion.com/films/32392-porcile","films","32392","films:32392"
"","The Emperor’s Naked Army Marches On","Kazuo Hara","Japan","1987","https://www.criterion.com/films/30723-the-emperor-s-naked-army-marches-on","films","30723","films:30723"
"","Black Is . . . Black Ain’t","Marlon Riggs","United States","1995","https://www.criterion.com/films/31178-black-is-black-ain-t","films","31178","films:31178"
"","Last Summer","Catherine Breillat","France","2023","https://www.criterion.com/films/33999-last-summer","films","33999","films:33999"
"","Circus Angel","Albert Lamorisse","France","1965","https://www.criterion.com/films/31471-circus-angel","films","31471","films:31471"
