"event_id","event_title","criterion_url","title","position","source"
"closet:995","Matthew McConaughey’s Closet Picks","https://www.criterion.com/films/150-8-1-2","8½","1","https://www.criterion.com/shop/collection/995-matthew-mcconaughey-s-closet-picks"
"closet:995","Matthew McConaughey’s Closet Picks","https://www.criterion.com/films/28604-the-great-beauty","The Great Beauty","2","https://www.criterion.com/shop/collection/995-matthew-mcconaughey-s-closet-picks"
"closet:995","Matthew McConaughey’s Closet Picks","https://www.criterion.com/films/28609-tootsie","Tootsie","3","https://www.criterion.com/shop/collection/995-matthew-mcconaughey-s-closet-picks"
"closet:995","Matthew McConaughey’s Closet Picks","https://www.criterion.com/films/28610-the-big-chill","The Big Chill","4","https://www.criterion.com/shop/collection/995-matthew-mcconaughey-s-closet-picks"
"closet:995","Matthew McConaughey’s Closet Picks","https://www.criterion.com/films/408-slacker","Slacker","5","https://www.criterion.com/shop/collection/995-matthew-mcconaughey-s-closet-picks"
"closet:995","Matthew McConaughey’s Closet Picks","https://www.criterion.com/films/314-dazed-and-confused","Dazed and Confused","6","https://www.criterion.com/shop/collection/995-matthew-mcconaughey-s-closet-picks"
"closet:995","Matthew McConaughey’s Closet Picks","https://www.criterion.com/films/847-two-lane-blacktop","Two-Lane Blacktop","7","https://www.criterion.com/shop/collection/995-matthew-mcconaughey-s-closet-picks"
"closet:995","Matthew McConaughey’s Closet Picks","https://www.criterion.com/films/29461-matewan","Matewan","8","https://www.criterion.com/shop/collection/995-matthew-mcconaughey-s-closet-picks"
"closet:995","Matthew McConaughey’s Closet Picks","https://www.criterion.com/films/29164-thelma-louise","Thelma & Louise","9","https://www.criterion.com/shop/collection/995-matthew-mcconaughey-s-closet-picks"
"closet:995","Matthew McConaughey’s Closet Picks","https://www.criterion.com/films/29024-mean-streets","Mean Streets","10","https://www.criterion.com/shop/collection/995-matthew-mcconaughey-s-closet-picks"
"closet:995","Matthew McConaughey’s Closet Picks","https://www.criterion.com/films/29021-lone-star","Lone Star","11","https://www.criterion.com/shop/collection/995-matthew-mcconaughey-s-closet-picks"
"closet:995","Matthew McConaughey’s Closet Picks","https://www.criterion.com/films/33321-basquiat","Basquiat","12","https://www.criterion.com/shop/collection/995-matthew-mcconaughey-s-closet-picks"
"closet:995","Matthew McConaughey’s Closet Picks","https://www.criterion.com/films/29335-election","Election","13","https://www.criterion.com/shop/collection/995-matthew-mcconaughey-s-closet-picks"
"closet:995","Matthew McConaughey’s Closet Picks","https://www.criterion.com/films/30908-amores-perros","Amores perros","14","https://www.criterion.com/shop/collection/995-matthew-mcconaughey-s-closet-picks"
"closet:1002","Jason Sudeikis’s Closet Picks","https://www.criterion.com/films/34534-eyes-wide-shut","Eyes Wide Shut","1","https://www.criterion.com/shop/collection/1002-jason-sudeikis-s-closet-picks"
"closet:1002","Jason Sudeikis’s Closet Picks","https://www.criterion.com/films/34866-house-party","House Party","2","https://www.criterion.com/shop/collection/1002-jason-sudeikis-s-closet-picks"
"closet:1002","Jason Sudeikis’s Closet Picks","https://www.criterion.com/films/28703-a-face-in-the-crowd","A Face in the Crowd","3","https://www.criterion.com/shop/collection/1002-jason-sudeikis-s-closet-picks"
"closet:1002","Jason Sudeikis’s Closet Picks","https://www.criterion.com/films/603-charade","Charade","4","https://www.criterion.com/shop/collection/1002-jason-sudeikis-s-closet-picks"
"closet:1002","Jason Sudeikis’s Closet Picks","https://www.criterion.com/films/30460-double-indemnity","Double Indemnity","5","https://www.criterion.com/shop/collection/1002-jason-sudeikis-s-closet-picks"
"closet:1002","Jason Sudeikis’s Closet Picks","https://www.criterion.com/films/31500-love-basketball","Love & Basketball","6","https://www.criterion.com/shop/collection/1002-jason-sudeikis-s-closet-picks"
"closet:1002","Jason Sudeikis’s Closet Picks","https://www.criterion.com/films/29143-bull-durham","Bull Durham","7","https://www.criterion.com/shop/collection/1002-jason-sudeikis-s-closet-picks"
"closet:1002","Jason Sudeikis’s Closet Picks","https://www.criterion.com/films/314-dazed-and-confused","Dazed and Confused","8","https://www.criterion.com/shop/collection/1002-jason-sudeikis-s-closet-picks"
"closet:1002","Jason Sudeikis’s Closet Picks","https://www.criterion.com/films/32250-citizen-kane","Citizen Kane","9","https://www.criterion.com/shop/collection/1002-jason-sudeikis-s-closet-picks"
"closet:1002","Jason Sudeikis’s Closet Picks","https://www.criterion.com/films/29632-after-hours","After Hours","10","https://www.criterion.com/shop/collection/1002-jason-sudeikis-s-closet-picks"
"closet:1002","Jason Sudeikis’s Closet Picks","https://www.criterion.com/boxsets/1237-the-before-trilogy","The Before Trilogy","11","https://www.criterion.com/shop/collection/1002-jason-sudeikis-s-closet-picks"
"closet:1002","Jason Sudeikis’s Closet Picks","https://www.criterion.com/films/446-pickup-on-south-street","Pickup on South Street","12","https://www.criterion.com/shop/collection/1002-jason-sudeikis-s-closet-picks"
"closet:1002","Jason Sudeikis’s Closet Picks","https://www.criterion.com/films/27914-the-devil-s-backbone","The Devil’s Backbone","13","https://www.criterion.com/shop/collection/1002-jason-sudeikis-s-closet-picks"
"closet:985","Matt Damon’s Closet Picks","https://www.criterion.com/films/27810-purple-noon","Purple Noon","1","https://www.criterion.com/shop/collection/985-matt-damon-s-closet-picks"
"closet:985","Matt Damon’s Closet Picks","https://www.criterion.com/films/219-knife-in-the-water","Knife in the Water","2","https://www.criterion.com/shop/collection/985-matt-damon-s-closet-picks"
"closet:985","Matt Damon’s Closet Picks","https://www.criterion.com/films/381-traffic","Traffic","3","https://www.criterion.com/shop/collection/985-matt-damon-s-closet-picks"
"closet:985","Matt Damon’s Closet Picks","https://www.criterion.com/films/30206-you-can-count-on-me","You Can Count on Me","4","https://www.criterion.com/shop/collection/985-matt-damon-s-closet-picks"
"closet:985","Matt Damon’s Closet Picks","https://www.criterion.com/films/34208-drugstore-cowboy","Drugstore Cowboy","5","https://www.criterion.com/shop/collection/985-matt-damon-s-closet-picks"
"closet:985","Matt Damon’s Closet Picks","https://www.criterion.com/films/31627-one-false-move","One False Move","6","https://www.criterion.com/shop/collection/985-matt-damon-s-closet-picks"
"closet:985","Matt Damon’s Closet Picks","https://www.criterion.com/films/29429-no-country-for-old-men","No Country for Old Men","7","https://www.criterion.com/shop/collection/985-matt-damon-s-closet-picks"
"closet:985","Matt Damon’s Closet Picks","https://www.criterion.com/films/30460-double-indemnity","Double Indemnity","8","https://www.criterion.com/shop/collection/985-matt-damon-s-closet-picks"
"closet:985","Matt Damon’s Closet Picks","https://www.criterion.com/films/28832-sex-lies-and-videotape","sex, lies, and videotape","9","https://www.criterion.com/shop/collection/985-matt-damon-s-closet-picks"
"closet:985","Matt Damon’s Closet Picks","https://www.criterion.com/films/27871-12-angry-men","12 Angry Men","10","https://www.criterion.com/shop/collection/985-matt-damon-s-closet-picks"
"closet:985","Matt Damon’s Closet Picks","https://www.criterion.com/films/554-maitresse","Maîtresse","11","https://www.criterion.com/shop/collection/985-matt-damon-s-closet-picks"
"closet:1000","Joan Chen’s Closet Picks","https://www.criterion.com/films/30738-rouge","Rouge","1","https://www.criterion.com/shop/collection/1000-joan-chen-s-closet-picks"
"closet:1000","Joan Chen’s Closet Picks","https://www.criterion.com/films/28050-mulholland-dr","Mulholland Dr.","2","https://www.criterion.com/shop/collection/1000-joan-chen-s-closet-picks"
"closet:1000","Joan Chen’s Closet Picks","https://www.criterion.com/boxsets/844-three-colors","Three Colors","3","https://www.criterion.com/shop/collection/1000-joan-chen-s-closet-picks"
"closet:1000","Joan Chen’s Closet Picks","https://www.criterion.com/films/32141-body-heat","Body Heat","4","https://www.criterion.com/shop/collection/1000-joan-chen-s-closet-picks"
"closet:1000","Joan Chen’s Closet Picks","https://www.criterion.com/boxsets/4117-world-of-wong-kar-wai","World of Wong Kar Wai","5","https://www.criterion.com/shop/collection/1000-joan-chen-s-closet-picks"
"closet:1001","Wes Anderson’s Mobile Closet Picks","https://www.criterion.com/films/234-the-39-steps","The 39 Steps","1","https://www.criterion.com/shop/collection/1001-wes-anderson-s-mobile-closet-picks"
"closet:1001","Wes Anderson’s Mobile Closet Picks","https://www.criterion.com/films/233-the-red-shoes","The Red Shoes","2","https://www.criterion.com/shop/collection/1001-wes-anderson-s-mobile-closet-picks"
"closet:1001","Wes Anderson’s Mobile Closet Picks","https://www.criterion.com/films/878-heaven-can-wait","Heaven Can Wait","3","https://www.criterion.com/shop/collection/1001-wes-anderson-s-mobile-closet-picks"
"closet:1001","Wes Anderson’s Mobile Closet Picks","https://www.criterion.com/films/27872-design-for-living","Design for Living","4","https://www.criterion.com/shop/collection/1001-wes-anderson-s-mobile-closet-picks"
"closet:1001","Wes Anderson’s Mobile Closet Picks","https://www.criterion.com/films/639-the-lady-eve","The Lady Eve","5","https://www.criterion.com/shop/collection/1001-wes-anderson-s-mobile-closet-picks"
"closet:1001","Wes Anderson’s Mobile Closet Picks","https://www.criterion.com/films/980-stagecoach","Stagecoach","6","https://www.criterion.com/shop/collection/1001-wes-anderson-s-mobile-closet-picks"
"closet:1001","Wes Anderson’s Mobile Closet Picks","https://www.criterion.com/films/28609-tootsie","Tootsie","7","https://www.criterion.com/shop/collection/1001-wes-anderson-s-mobile-closet-picks"
"closet:1001","Wes Anderson’s Mobile Closet Picks","https://www.criterion.com/films/34685-flow","Flow","8","https://www.criterion.com/shop/collection/1001-wes-anderson-s-mobile-closet-picks"
"closet:1001","Wes Anderson’s Mobile Closet Picks","https://www.criterion.com/films/28447-charulata","Charulata","9","https://www.criterion.com/shop/collection/1001-wes-anderson-s-mobile-closet-picks"
"closet:998","Adam Scott’s Closet Picks","https://www.criterion.com/films/29634-defending-your-life","Defending Your Life","1","https://www.criterion.com/shop/collection/998-adam-scott-s-closet-picks"
"closet:998","Adam Scott’s Closet Picks","https://www.criterion.com/films/30553-the-irishman","The Irishman","2","https://www.criterion.com/shop/collection/998-adam-scott-s-closet-picks"
"closet:998","Adam Scott’s Closet Picks","https://www.criterion.com/films/28832-sex-lies-and-videotape","sex, lies, and videotape","3","https://www.criterion.com/shop/collection/998-adam-scott-s-closet-picks"
"closet:998","Adam Scott’s Closet Picks","https://www.criterion.com/films/286-do-the-right-thing","Do the Right Thing","4","https://www.criterion.com/shop/collection/998-adam-scott-s-closet-picks"
"closet:998","Adam Scott’s Closet Picks","https://www.criterion.com/films/28610-the-big-chill","The Big Chill","5","https://www.criterion.com/shop/collection/998-adam-scott-s-closet-picks"
"closet:998","Adam Scott’s Closet Picks","https://www.criterion.com/films/29144-blue-velvet","Blue Velvet","6","https://www.criterion.com/shop/collection/998-adam-scott-s-closet-picks"
"closet:998","Adam Scott’s Closet Picks","https://www.criterion.com/films/27903-his-girl-friday","His Girl Friday","7","https://www.criterion.com/shop/collection/998-adam-scott-s-closet-picks"
"closet:998","Adam Scott’s Closet Picks","https://www.criterion.com/films/28029-the-war-room","The War Room","8","https://www.criterion.com/shop/collection/998-adam-scott-s-closet-picks"
"closet:998","Adam Scott’s Closet Picks","https://www.criterion.com/boxsets/1237-the-before-trilogy","The Before Trilogy","9","https://www.criterion.com/shop/collection/998-adam-scott-s-closet-picks"
"closet:998","Adam Scott’s Closet Picks","https://www.criterion.com/boxsets/8208-the-wes-anderson-archive-ten-films-twenty-five-years","The Wes Anderson Archive: Ten Films, Twenty-Five Years","10","https://www.criterion.com/shop/collection/998-adam-scott-s-closet-picks"
"closet:998","Adam Scott’s Closet Picks","https://www.criterion.com/films/28720-two-days-one-night","Two Days, One Night","11","https://www.criterion.com/shop/collection/998-adam-scott-s-closet-picks"
"closet:993","Danny McBride’s Closet Picks","https://www.criterion.com/films/28406-badlands","Badlands","1","https://www.criterion.com/shop/collection/993-danny-mcbride-s-closet-picks"
"closet:993","Danny McBride’s Closet Picks","https://www.criterion.com/films/27529-five-easy-pieces","Five Easy Pieces","2","https://www.criterion.com/shop/collection/993-danny-mcbride-s-closet-picks"
"closet:993","Danny McBride’s Closet Picks","https://www.criterion.com/films/28703-a-face-in-the-crowd","A Face in the Crowd","3","https://www.criterion.com/shop/collection/993-danny-mcbride-s-closet-picks"
"closet:993","Danny McBride’s Closet Picks","https://www.criterion.com/films/28636-fantastic-planet","Fantastic Planet","4","https://www.criterion.com/shop/collection/993-danny-mcbride-s-closet-picks"
"closet:993","Danny McBride’s Closet Picks","https://www.criterion.com/films/33466-i-am-cuba","I Am Cuba","5","https://www.criterion.com/shop/collection/993-danny-mcbride-s-closet-picks"
"closet:993","Danny McBride’s Closet Picks","https://www.criterion.com/films/691-george-washington","George Washington","6","https://www.criterion.com/shop/collection/993-danny-mcbride-s-closet-picks"
"closet:993","Danny McBride’s Closet Picks","https://www.criterion.com/films/29632-after-hours","After Hours","7","https://www.criterion.com/shop/collection/993-danny-mcbride-s-closet-picks"
"closet:993","Danny McBride’s Closet Picks","https://www.criterion.com/films/307-rashomon","Rashomon","8","https://www.criterion.com/shop/collection/993-danny-mcbride-s-closet-picks"
"closet:993","Danny McBride’s Closet Picks","https://www.criterion.com/films/29221-manila-in-the-claws-of-light","Manila in the Claws of Light","9","https://www.criterion.com/shop/collection/993-danny-mcbride-s-closet-picks"
"closet:993","Danny McBride’s Closet Picks","https://www.criterion.com/films/29331-night-of-the-living-dead","Night of the Living Dead","10","https://www.criterion.com/shop/collection/993-danny-mcbride-s-closet-picks"
"closet:984","Christopher Nolan’s Closet Picks","https://www.criterion.com/boxsets/334-the-killers","The Killers","1","https://www.criterion.com/shop/collection/984-christopher-nolan-s-closet-picks"
"closet:984","Christopher Nolan’s Closet Picks","https://www.criterion.com/boxsets/558-john-cassavetes-five-films","John Cassavetes: Five Films","2","https://www.criterion.com/shop/collection/984-christopher-nolan-s-closet-picks"
"closet:984","Christopher Nolan’s Closet Picks","https://www.criterion.com/films/599-for-all-mankind","For All Mankind","3","https://www.criterion.com/shop/collection/984-christopher-nolan-s-closet-picks"
"closet:984","Christopher Nolan’s Closet Picks","https://www.criterion.com/films/767-the-complete-mr-arkadin","The Complete Mr. Arkadin","4","https://www.criterion.com/shop/collection/984-christopher-nolan-s-closet-picks"
"closet:984","Christopher Nolan’s Closet Picks","https://www.criterion.com/films/721-the-testament-of-dr-mabuse","The Testament of Dr. Mabuse","5","https://www.criterion.com/shop/collection/984-christopher-nolan-s-closet-picks"
"closet:984","Christopher Nolan’s Closet Picks","https://www.criterion.com/boxsets/1145-the-apu-trilogy","The Apu Trilogy","6","https://www.criterion.com/shop/collection/984-christopher-nolan-s-closet-picks"
"closet:984","Christopher Nolan’s Closet Picks","https://www.criterion.com/films/30616-scorsese-shorts","Scorsese Shorts","7","https://www.criterion.com/shop/collection/984-christopher-nolan-s-closet-picks"
"closet:984","Christopher Nolan’s Closet Picks","https://www.criterion.com/boxsets/3506-martin-scorsese-s-world-cinema-project-no-3","Martin Scorsese’s World Cinema Project No. 3","8","https://www.criterion.com/shop/collection/984-christopher-nolan-s-closet-picks"
"closet:984","Christopher Nolan’s Closet Picks","https://www.criterion.com/films/33245-malcolm-x","Malcolm X","9","https://www.criterion.com/shop/collection/984-christopher-nolan-s-closet-picks"
"closet:984","Christopher Nolan’s Closet Picks","https://www.criterion.com/films/31590-lost-highway","Lost Highway","10","https://www.criterion.com/shop/collection/984-christopher-nolan-s-closet-picks"
"closet:984","Christopher Nolan’s Closet Picks","https://www.criterion.com/boxsets/934-the-qatsi-trilogy","The Qatsi Trilogy","11","https://www.criterion.com/shop/collection/984-christopher-nolan-s-closet-picks"
"closet:984","Christopher Nolan’s Closet Picks","https://www.criterion.com/films/28835-the-player","The Player","12","https://www.criterion.com/shop/collection/984-christopher-nolan-s-closet-picks"
"closet:984","Christopher Nolan’s Closet Picks","https://www.criterion.com/films/28820-boyhood","Boyhood","13","https://www.criterion.com/shop/collection/984-christopher-nolan-s-closet-picks"
"closet:984","Christopher Nolan’s Closet Picks","https://www.criterion.com/films/31627-one-false-move","One False Move","14","https://www.criterion.com/shop/collection/984-christopher-nolan-s-closet-picks"
"closet:984","Christopher Nolan’s Closet Picks","https://www.criterion.com/films/28685-the-black-stallion","The Black Stallion","15","https://www.criterion.com/shop/collection/984-christopher-nolan-s-closet-picks"
"closet:984","Christopher Nolan’s Closet Picks","https://www.criterion.com/films/32250-citizen-kane","Citizen Kane","16","https://www.criterion.com/shop/collection/984-christopher-nolan-s-closet-picks"
"closet:991","Eric Andre’s Closet Picks","https://www.criterion.com/boxsets/558-john-cassavetes-five-films","John Cassavetes: Five Films","1","https://www.criterion.com/shop/collection/991-eric-andre-s-closet-picks"
"closet:991","Eric Andre’s Closet Picks","https://www.criterion.com/films/29771-hollywood-shuffle","Hollywood Shuffle","2","https://www.criterion.com/shop/collection/991-eric-andre-s-closet-picks"
"closet:991","Eric Andre’s Closet Picks","https://www.criterion.com/films/31917-uncut-gems","Uncut Gems","3","https://www.criterion.com/shop/collection/991-eric-andre-s-closet-picks"
"closet:991","Eric Andre’s Closet Picks","https://www.criterion.com/films/34370-sorcerer","Sorcerer","4","https://www.criterion.com/shop/collection/991-eric-andre-s-closet-picks"
"closet:991","Eric Andre’s Closet Picks","https://www.criterion.com/films/28561-all-that-jazz","All That Jazz","5","https://www.criterion.com/shop/collection/991-eric-andre-s-closet-picks"
"closet:991","Eric Andre’s Closet Picks","https://www.criterion.com/films/30975-jo-jo-dancer-your-life-is-calling","Jo Jo Dancer, Your Life Is Calling","6","https://www.criterion.com/shop/collection/991-eric-andre-s-closet-picks"
"closet:991","Eric Andre’s Closet Picks","https://www.criterion.com/films/27523-house","House","7","https://www.criterion.com/shop/collection/991-eric-andre-s-closet-picks"
"closet:991","Eric Andre’s Closet Picks","https://www.criterion.com/films/248-the-battle-of-algiers","The Battle of Algiers","8","https://www.criterion.com/shop/collection/991-eric-andre-s-closet-picks"
"closet:991","Eric Andre’s Closet Picks","https://www.criterion.com/boxsets/1554-police-story-police-story-2","Police Story / Police Story 2","9","https://www.criterion.com/shop/collection/991-eric-andre-s-closet-picks"
"closet:991","Eric Andre’s Closet Picks","https://www.criterion.com/boxsets/6970-jackie-chan-emergence-of-a-superstar","Jackie Chan: Emergence of a Superstar","10","https://www.criterion.com/shop/collection/991-eric-andre-s-closet-picks"
"closet:991","Eric Andre’s Closet Picks","https://www.criterion.com/films/28658-les-blank-always-for-pleasure","Les Blank: Always for Pleasure","11","https://www.criterion.com/shop/collection/991-eric-andre-s-closet-picks"
"closet:991","Eric Andre’s Closet Picks","https://www.criterion.com/films/33245-malcolm-x","Malcolm X","12","https://www.criterion.com/shop/collection/991-eric-andre-s-closet-picks"
"closet:1003","Jack Coyne’s Closet Picks","https://www.criterion.com/films/29460-the-last-waltz","The Last Waltz","1","https://www.criterion.com/shop/collection/1003-jack-coyne-s-closet-picks"
"closet:1003","Jack Coyne’s Closet Picks","https://www.criterion.com/films/636-written-on-the-wind","Written on the Wind","2","https://www.criterion.com/shop/collection/1003-jack-coyne-s-closet-picks"
"closet:1003","Jack Coyne’s Closet Picks","https://www.criterion.com/boxsets/564-eclipse-series-12-aki-kaurismaki-s-proletariat-trilogy","Eclipse Series 12: Aki Kaurismäki’s Proletariat Trilogy","3","https://www.criterion.com/shop/collection/1003-jack-coyne-s-closet-picks"
"closet:1003","Jack Coyne’s Closet Picks","https://www.criterion.com/films/28059-the-celebration","The Celebration","4","https://www.criterion.com/shop/collection/1003-jack-coyne-s-closet-picks"
"closet:1003","Jack Coyne’s Closet Picks","https://www.criterion.com/films/149-pierrot-le-fou","Pierrot le fou","5","https://www.criterion.com/shop/collection/1003-jack-coyne-s-closet-picks"
"closet:1003","Jack Coyne’s Closet Picks","https://www.criterion.com/films/32533-love-affair","Love Affair","6","https://www.criterion.com/shop/collection/1003-jack-coyne-s-closet-picks"
"closet:1003","Jack Coyne’s Closet Picks","https://www.criterion.com/films/32661-the-worst-person-in-the-world","The Worst Person in the World","7","https://www.criterion.com/shop/collection/1003-jack-coyne-s-closet-picks"
"closet:1003","Jack Coyne’s Closet Picks","https://www.criterion.com/films/29026-now-voyager","Now, Voyager","8","https://www.criterion.com/shop/collection/1003-jack-coyne-s-closet-picks"
"closet:1003","Jack Coyne’s Closet Picks","https://www.criterion.com/films/29025-mildred-pierce","Mildred Pierce","9","https://www.criterion.com/shop/collection/1003-jack-coyne-s-closet-picks"
"closet:1003","Jack Coyne’s Closet Picks","https://www.criterion.com/films/29602-leave-her-to-heaven","Leave Her to Heaven","10","https://www.criterion.com/shop/collection/1003-jack-coyne-s-closet-picks"
"closet:1003","Jack Coyne’s Closet Picks","https://www.criterion.com/boxsets/138-the-brd-trilogy","The BRD Trilogy","11","https://www.criterion.com/shop/collection/1003-jack-coyne-s-closet-picks"
"closet:980","Finneas’s Closet Picks","https://www.criterion.com/films/28547-a-hard-day-s-night","A Hard Day’s Night","1","https://www.criterion.com/shop/collection/980-finneas-s-closet-picks"
"closet:980","Finneas’s Closet Picks","https://www.criterion.com/films/34534-eyes-wide-shut","Eyes Wide Shut","2","https://www.criterion.com/shop/collection/980-finneas-s-closet-picks"
"closet:980","Finneas’s Closet Picks","https://www.criterion.com/films/32169-sound-of-metal","Sound of Metal","3","https://www.criterion.com/shop/collection/980-finneas-s-closet-picks"
"closet:980","Finneas’s Closet Picks","https://www.criterion.com/films/33246-wall-e","WALL·E","4","https://www.criterion.com/shop/collection/980-finneas-s-closet-picks"
"closet:980","Finneas’s Closet Picks","https://www.criterion.com/films/27916-punch-drunk-love","Punch-Drunk Love","5","https://www.criterion.com/shop/collection/980-finneas-s-closet-picks"
"closet:980","Finneas’s Closet Picks","https://www.criterion.com/films/30124-roma","Roma","6","https://www.criterion.com/shop/collection/980-finneas-s-closet-picks"
"closet:986","Cooper Hoffman’s Closet Picks","https://www.criterion.com/films/906-hoop-dreams","Hoop Dreams","1","https://www.criterion.com/shop/collection/986-cooper-hoffman-s-closet-picks"
"closet:986","Cooper Hoffman’s Closet Picks","https://www.criterion.com/films/28895-come-and-see","Come and See","2","https://www.criterion.com/shop/collection/986-cooper-hoffman-s-closet-picks"
"closet:986","Cooper Hoffman’s Closet Picks","https://www.criterion.com/films/29964-paper-moon","Paper Moon","3","https://www.criterion.com/shop/collection/986-cooper-hoffman-s-closet-picks"
"closet:986","Cooper Hoffman’s Closet Picks","https://www.criterion.com/films/29164-thelma-louise","Thelma & Louise","4","https://www.criterion.com/shop/collection/986-cooper-hoffman-s-closet-picks"
"closet:986","Cooper Hoffman’s Closet Picks","https://www.criterion.com/films/30465-happiness","Happiness","5","https://www.criterion.com/shop/collection/986-cooper-hoffman-s-closet-picks"
"closet:986","Cooper Hoffman’s Closet Picks","https://www.criterion.com/boxsets/7581-gregg-araki-s-teen-apocalypse-trilogy","Gregg Araki’s Teen Apocalypse Trilogy","6","https://www.criterion.com/shop/collection/986-cooper-hoffman-s-closet-picks"
"closet:986","Cooper Hoffman’s Closet Picks","https://www.criterion.com/films/27916-punch-drunk-love","Punch-Drunk Love","7","https://www.criterion.com/shop/collection/986-cooper-hoffman-s-closet-picks"
"closet:986","Cooper Hoffman’s Closet Picks","https://www.criterion.com/films/30203-hud","Hud","8","https://www.criterion.com/shop/collection/986-cooper-hoffman-s-closet-picks"
"closet:986","Cooper Hoffman’s Closet Picks","https://www.criterion.com/films/29024-mean-streets","Mean Streets","9","https://www.criterion.com/shop/collection/986-cooper-hoffman-s-closet-picks"
"closet:986","Cooper Hoffman’s Closet Picks","https://www.criterion.com/films/28032-love-streams","Love Streams","10","https://www.criterion.com/shop/collection/986-cooper-hoffman-s-closet-picks"
"closet:990","Thomas Bangalter’s Closet Picks","https://www.criterion.com/films/27526-modern-times","Modern Times","1","https://www.criterion.com/shop/collection/990-thomas-bangalter-s-closet-picks"
"closet:990","Thomas Bangalter’s Closet Picks","https://www.criterion.com/films/377-sisters","Sisters","2","https://www.criterion.com/shop/collection/990-thomas-bangalter-s-closet-picks"
"closet:990","Thomas Bangalter’s Closet Picks","https://www.criterion.com/films/28055-being-john-malkovich","Being John Malkovich","3","https://www.criterion.com/shop/collection/990-thomas-bangalter-s-closet-picks"
"closet:990","Thomas Bangalter’s Closet Picks","https://www.criterion.com/films/835-martha-graham-dance-on-film","Martha Graham: Dance on Film","4","https://www.criterion.com/shop/collection/990-thomas-bangalter-s-closet-picks"
"closet:990","Thomas Bangalter’s Closet Picks","https://www.criterion.com/films/29219-the-color-of-pomegranates","The Color of Pomegranates","5","https://www.criterion.com/shop/collection/990-thomas-bangalter-s-closet-picks"
"closet:990","Thomas Bangalter’s Closet Picks","https://www.criterion.com/boxsets/934-the-qatsi-trilogy","The Qatsi Trilogy","6","https://www.criterion.com/shop/collection/990-thomas-bangalter-s-closet-picks"
"closet:990","Thomas Bangalter’s Closet Picks","https://www.criterion.com/films/28058-the-game","The Game","7","https://www.criterion.com/shop/collection/990-thomas-bangalter-s-closet-picks"
"closet:990","Thomas Bangalter’s Closet Picks","https://www.criterion.com/films/28059-the-celebration","The Celebration","8","https://www.criterion.com/shop/collection/990-thomas-bangalter-s-closet-picks"
"closet:992","Colman Domingo’s Closet Picks","https://www.criterion.com/films/28849-black-girl","Black Girl","1","https://www.criterion.com/shop/collection/992-colman-domingo-s-closet-picks"
"closet:992","Colman Domingo’s Closet Picks","https://www.criterion.com/films/364-il-posto","Il posto","2","https://www.criterion.com/shop/collection/992-colman-domingo-s-closet-picks"
"closet:992","Colman Domingo’s Closet Picks","https://www.criterion.com/films/29599-claudine","Claudine","3","https://www.criterion.com/shop/collection/992-colman-domingo-s-closet-picks"
"closet:992","Colman Domingo’s Closet Picks","https://www.criterion.com/films/29024-mean-streets","Mean Streets","4","https://www.criterion.com/shop/collection/992-colman-domingo-s-closet-picks"
"closet:992","Colman Domingo’s Closet Picks","https://www.criterion.com/films/27810-purple-noon","Purple Noon","5","https://www.criterion.com/shop/collection/992-colman-domingo-s-closet-picks"
"closet:992","Colman Domingo’s Closet Picks","https://www.criterion.com/films/29154-moonstruck","Moonstruck","6","https://www.criterion.com/shop/collection/992-colman-domingo-s-closet-picks"
"closet:992","Colman Domingo’s Closet Picks","https://www.criterion.com/boxsets/4117-world-of-wong-kar-wai","World of Wong Kar Wai","7","https://www.criterion.com/shop/collection/992-colman-domingo-s-closet-picks"
"closet:992","Colman Domingo’s Closet Picks","https://www.criterion.com/films/737-coup-de-grace","Coup de grâce","8","https://www.criterion.com/shop/collection/992-colman-domingo-s-closet-picks"
"closet:981","John Leguizamo’s Closet Picks","https://www.criterion.com/films/28739-the-piano-teacher","The Piano Teacher","1","https://www.criterion.com/shop/collection/981-john-leguizamo-s-closet-picks"
"closet:981","John Leguizamo’s Closet Picks","https://www.criterion.com/films/30124-roma","Roma","2","https://www.criterion.com/shop/collection/981-john-leguizamo-s-closet-picks"
"closet:981","John Leguizamo’s Closet Picks","https://www.criterion.com/films/27848-a-man-escaped","A Man Escaped","3","https://www.criterion.com/shop/collection/981-john-leguizamo-s-closet-picks"
"closet:981","John Leguizamo’s Closet Picks","https://www.criterion.com/films/286-do-the-right-thing","Do the Right Thing","4","https://www.criterion.com/shop/collection/981-john-leguizamo-s-closet-picks"
"closet:981","John Leguizamo’s Closet Picks","https://www.criterion.com/films/972-el-norte","El Norte","5","https://www.criterion.com/shop/collection/981-john-leguizamo-s-closet-picks"
"closet:981","John Leguizamo’s Closet Picks","https://www.criterion.com/films/27565-the-gold-rush","The Gold Rush","6","https://www.criterion.com/shop/collection/981-john-leguizamo-s-closet-picks"
"closet:982","Camila Mendes’s Closet Picks","https://www.criterion.com/films/28604-the-great-beauty","The Great Beauty","1","https://www.criterion.com/shop/collection/982-camila-mendes-s-closet-picks"
"closet:982","Camila Mendes’s Closet Picks","https://www.criterion.com/films/33532-triangle-of-sadness","Triangle of Sadness","2","https://www.criterion.com/shop/collection/982-camila-mendes-s-closet-picks"
"closet:982","Camila Mendes’s Closet Picks","https://www.criterion.com/films/33636-the-others","The Others","3","https://www.criterion.com/shop/collection/982-camila-mendes-s-closet-picks"
"closet:982","Camila Mendes’s Closet Picks","https://www.criterion.com/films/33900-totem","Tótem","4","https://www.criterion.com/shop/collection/982-camila-mendes-s-closet-picks"
"closet:982","Camila Mendes’s Closet Picks","https://www.criterion.com/boxsets/1237-the-before-trilogy","The Before Trilogy","5","https://www.criterion.com/shop/collection/982-camila-mendes-s-closet-picks"
"closet:989","Fred Armisen and Carrie Brownstein’s Closet Picks","https://www.criterion.com/films/29009-being-there","Being There","1","https://www.criterion.com/shop/collection/989-fred-armisen-and-carrie-brownstein-s-closet-picks"
"closet:989","Fred Armisen and Carrie Brownstein’s Closet Picks","https://www.criterion.com/films/906-hoop-dreams","Hoop Dreams","2","https://www.criterion.com/shop/collection/989-fred-armisen-and-carrie-brownstein-s-closet-picks"
"closet:989","Fred Armisen and Carrie Brownstein’s Closet Picks","https://www.criterion.com/films/535-sid-nancy","Sid & Nancy","3","https://www.criterion.com/shop/collection/989-fred-armisen-and-carrie-brownstein-s-closet-picks"
"closet:989","Fred Armisen and Carrie Brownstein’s Closet Picks","https://www.criterion.com/films/29154-moonstruck","Moonstruck","4","https://www.criterion.com/shop/collection/989-fred-armisen-and-carrie-brownstein-s-closet-picks"
"closet:989","Fred Armisen and Carrie Brownstein’s Closet Picks","https://www.criterion.com/films/28704-female-trouble","Female Trouble","5","https://www.criterion.com/shop/collection/989-fred-armisen-and-carrie-brownstein-s-closet-picks"
"closet:989","Fred Armisen and Carrie Brownstein’s Closet Picks","https://www.criterion.com/films/34208-drugstore-cowboy","Drugstore Cowboy","6","https://www.criterion.com/shop/collection/989-fred-armisen-and-carrie-brownstein-s-closet-picks"
"closet:989","Fred Armisen and Carrie Brownstein’s Closet Picks","https://www.criterion.com/films/29632-after-hours","After Hours","7","https://www.criterion.com/shop/collection/989-fred-armisen-and-carrie-brownstein-s-closet-picks"
"closet:989","Fred Armisen and Carrie Brownstein’s Closet Picks","https://www.criterion.com/boxsets/1427-ingmar-bergman-s-cinema","Ingmar Bergman’s Cinema","8","https://www.criterion.com/shop/collection/989-fred-armisen-and-carrie-brownstein-s-closet-picks"
"closet:983","Mindy Kaling’s Closet Picks","https://www.criterion.com/films/34134-anatomy-of-a-fall","Anatomy of a Fall","1","https://www.criterion.com/shop/collection/983-mindy-kaling-s-closet-picks"
"closet:983","Mindy Kaling’s Closet Picks","https://www.criterion.com/films/31500-love-basketball","Love & Basketball","2","https://www.criterion.com/shop/collection/983-mindy-kaling-s-closet-picks"
"closet:983","Mindy Kaling’s Closet Picks","https://www.criterion.com/films/28560-frances-ha","Frances Ha","3","https://www.criterion.com/shop/collection/983-mindy-kaling-s-closet-picks"
"closet:983","Mindy Kaling’s Closet Picks","https://www.criterion.com/films/28597-a-room-with-a-view","A Room with a View","4","https://www.criterion.com/shop/collection/983-mindy-kaling-s-closet-picks"
"closet:983","Mindy Kaling’s Closet Picks","https://www.criterion.com/films/34338-the-shape-of-water","The Shape of Water","5","https://www.criterion.com/shop/collection/983-mindy-kaling-s-closet-picks"
"closet:983","Mindy Kaling’s Closet Picks","https://www.criterion.com/films/32237-mississippi-masala","Mississippi Masala","6","https://www.criterion.com/shop/collection/983-mindy-kaling-s-closet-picks"
"closet:983","Mindy Kaling’s Closet Picks","https://www.criterion.com/films/446-pickup-on-south-street","Pickup on South Street","7","https://www.criterion.com/shop/collection/983-mindy-kaling-s-closet-picks"
"closet:967","Paul Rudd’s Closet Picks","https://www.criterion.com/films/658-withnail-and-i","Withnail and I","1","https://www.criterion.com/shop/collection/967-paul-rudd-s-closet-picks"
"closet:967","Paul Rudd’s Closet Picks","https://www.criterion.com/films/28820-boyhood","Boyhood","2","https://www.criterion.com/shop/collection/967-paul-rudd-s-closet-picks"
"closet:967","Paul Rudd’s Closet Picks","https://www.criterion.com/films/29634-defending-your-life","Defending Your Life","3","https://www.criterion.com/shop/collection/967-paul-rudd-s-closet-picks"
"closet:967","Paul Rudd’s Closet Picks","https://www.criterion.com/films/29202-secrets-lies","Secrets & Lies","4","https://www.criterion.com/shop/collection/967-paul-rudd-s-closet-picks"
"closet:967","Paul Rudd’s Closet Picks","https://www.criterion.com/films/34102-ryuichi-sakamoto-opus","Ryuichi Sakamoto | Opus","5","https://www.criterion.com/shop/collection/967-paul-rudd-s-closet-picks"
"closet:967","Paul Rudd’s Closet Picks","https://www.criterion.com/films/30464-fast-times-at-ridgemont-high","Fast Times at Ridgemont High","6","https://www.criterion.com/shop/collection/967-paul-rudd-s-closet-picks"
"closet:979","David Tennant’s Closet Picks","https://www.criterion.com/films/232-time-bandits","Time Bandits","1","https://www.criterion.com/shop/collection/979-david-tennant-s-closet-picks"
"closet:979","David Tennant’s Closet Picks","https://www.criterion.com/films/355-the-importance-of-being-earnest","The Importance of Being Earnest","2","https://www.criterion.com/shop/collection/979-david-tennant-s-closet-picks"
"closet:979","David Tennant’s Closet Picks","https://www.criterion.com/boxsets/861-david-lean-directs-noel-coward","David Lean Directs Noël Coward","3","https://www.criterion.com/shop/collection/979-david-tennant-s-closet-picks"
"closet:979","David Tennant’s Closet Picks","https://www.criterion.com/films/27903-his-girl-friday","His Girl Friday","4","https://www.criterion.com/shop/collection/979-david-tennant-s-closet-picks"
"closet:979","David Tennant’s Closet Picks","https://www.criterion.com/boxsets/577-olivier-s-shakespeare","Olivier’s Shakespeare","5","https://www.criterion.com/shop/collection/979-david-tennant-s-closet-picks"
"closet:979","David Tennant’s Closet Picks","https://www.criterion.com/films/27871-12-angry-men","12 Angry Men","6","https://www.criterion.com/shop/collection/979-david-tennant-s-closet-picks"
"closet:978","Geena Davis’s Closet Picks","https://www.criterion.com/films/727-my-life-as-a-dog","My Life as a Dog","1","https://www.criterion.com/shop/collection/978-geena-davis-s-closet-picks"
"closet:978","Geena Davis’s Closet Picks","https://www.criterion.com/films/27895-mikey-and-nicky","Mikey and Nicky","2","https://www.criterion.com/shop/collection/978-geena-davis-s-closet-picks"
"closet:978","Geena Davis’s Closet Picks","https://www.criterion.com/films/27903-his-girl-friday","His Girl Friday","3","https://www.criterion.com/shop/collection/978-geena-davis-s-closet-picks"
"closet:978","Geena Davis’s Closet Picks","https://www.criterion.com/films/29162-some-like-it-hot","Some Like It Hot","4","https://www.criterion.com/shop/collection/978-geena-davis-s-closet-picks"
"closet:978","Geena Davis’s Closet Picks","https://www.criterion.com/films/29164-thelma-louise","Thelma & Louise","5","https://www.criterion.com/shop/collection/978-geena-davis-s-closet-picks"
"closet:970","Lisa Kudrow’s Closet Picks","https://www.criterion.com/films/29596-all-about-eve","All About Eve","1","https://www.criterion.com/shop/collection/970-lisa-kudrow-s-closet-picks"
"closet:970","Lisa Kudrow’s Closet Picks","https://www.criterion.com/films/29026-now-voyager","Now, Voyager","2","https://www.criterion.com/shop/collection/970-lisa-kudrow-s-closet-picks"
"closet:970","Lisa Kudrow’s Closet Picks","https://www.criterion.com/films/29029-the-philadelphia-story","The Philadelphia Story","3","https://www.criterion.com/shop/collection/970-lisa-kudrow-s-closet-picks"
"closet:970","Lisa Kudrow’s Closet Picks","https://www.criterion.com/films/29634-defending-your-life","Defending Your Life","4","https://www.criterion.com/shop/collection/970-lisa-kudrow-s-closet-picks"
"closet:970","Lisa Kudrow’s Closet Picks","https://www.criterion.com/films/27871-12-angry-men","12 Angry Men","5","https://www.criterion.com/shop/collection/970-lisa-kudrow-s-closet-picks"
"closet:972","Matthew Rhys’s Closet Picks","https://www.criterion.com/films/664-grey-gardens","Grey Gardens","1","https://www.criterion.com/shop/collection/972-matthew-rhys-s-closet-picks"
"closet:972","Matthew Rhys’s Closet Picks","https://www.criterion.com/films/658-withnail-and-i","Withnail and I","2","https://www.criterion.com/shop/collection/972-matthew-rhys-s-closet-picks"
"closet:972","Matthew Rhys’s Closet Picks","https://www.criterion.com/films/29368-the-princess-bride","The Princess Bride","3","https://www.criterion.com/shop/collection/972-matthew-rhys-s-closet-picks"
"closet:972","Matthew Rhys’s Closet Picks","https://www.criterion.com/films/286-do-the-right-thing","Do the Right Thing","4","https://www.criterion.com/shop/collection/972-matthew-rhys-s-closet-picks"
"closet:972","Matthew Rhys’s Closet Picks","https://www.criterion.com/films/29024-mean-streets","Mean Streets","5","https://www.criterion.com/shop/collection/972-matthew-rhys-s-closet-picks"
"closet:972","Matthew Rhys’s Closet Picks","https://www.criterion.com/films/606-monty-python-s-life-of-brian","Monty Python’s Life of Brian","6","https://www.criterion.com/shop/collection/972-matthew-rhys-s-closet-picks"
"closet:972","Matthew Rhys’s Closet Picks","https://www.criterion.com/films/29149-the-great-escape","The Great Escape","7","https://www.criterion.com/shop/collection/972-matthew-rhys-s-closet-picks"
"closet:972","Matthew Rhys’s Closet Picks","https://www.criterion.com/films/28578-the-graduate","The Graduate","8","https://www.criterion.com/shop/collection/972-matthew-rhys-s-closet-picks"
"closet:966","Robert De Niro’s Closet Picks","https://www.criterion.com/films/652-big-deal-on-madonna-street","Big Deal on Madonna Street","1","https://www.criterion.com/shop/collection/966-robert-de-niro-s-closet-picks"
"closet:966","Robert De Niro’s Closet Picks","https://www.criterion.com/films/877-divorce-italian-style","Divorce Italian Style","2","https://www.criterion.com/shop/collection/966-robert-de-niro-s-closet-picks"
"closet:966","Robert De Niro’s Closet Picks","https://www.criterion.com/films/28694-blow-up","Blow-Up","3","https://www.criterion.com/shop/collection/966-robert-de-niro-s-closet-picks"
"closet:966","Robert De Niro’s Closet Picks","https://www.criterion.com/boxsets/3432-the-complete-films-of-agnes-varda","The Complete Films of Agnès Varda","4","https://www.criterion.com/shop/collection/966-robert-de-niro-s-closet-picks"
"closet:966","Robert De Niro’s Closet Picks","https://www.criterion.com/boxsets/3626-essential-fellini","Essential Fellini","5","https://www.criterion.com/shop/collection/966-robert-de-niro-s-closet-picks"
"closet:975","Noah Wyle’s Closet Picks","https://www.criterion.com/films/28703-a-face-in-the-crowd","A Face in the Crowd","1","https://www.criterion.com/shop/collection/975-noah-wyle-s-closet-picks"
"closet:975","Noah Wyle’s Closet Picks","https://www.criterion.com/films/28567-forty-guns","Forty Guns","2","https://www.criterion.com/shop/collection/975-noah-wyle-s-closet-picks"
"closet:975","Noah Wyle’s Closet Picks","https://www.criterion.com/films/28051-repo-man","Repo Man","3","https://www.criterion.com/shop/collection/975-noah-wyle-s-closet-picks"
"closet:975","Noah Wyle’s Closet Picks","https://www.criterion.com/films/27767-eating-raoul","Eating Raoul","4","https://www.criterion.com/shop/collection/975-noah-wyle-s-closet-picks"
"closet:975","Noah Wyle’s Closet Picks","https://www.criterion.com/films/29149-the-great-escape","The Great Escape","5","https://www.criterion.com/shop/collection/975-noah-wyle-s-closet-picks"
"closet:975","Noah Wyle’s Closet Picks","https://www.criterion.com/films/29031--round-midnight","’Round Midnight","6","https://www.criterion.com/shop/collection/975-noah-wyle-s-closet-picks"
"closet:975","Noah Wyle’s Closet Picks","https://www.criterion.com/films/28428-seconds","Seconds","7","https://www.criterion.com/shop/collection/975-noah-wyle-s-closet-picks"
"closet:975","Noah Wyle’s Closet Picks","https://www.criterion.com/films/723-trouble-in-paradise","Trouble in Paradise","8","https://www.criterion.com/shop/collection/975-noah-wyle-s-closet-picks"
"closet:975","Noah Wyle’s Closet Picks","https://www.criterion.com/films/359-the-life-and-death-of-colonel-blimp","The Life and Death of Colonel Blimp","9","https://www.criterion.com/shop/collection/975-noah-wyle-s-closet-picks"
"closet:975","Noah Wyle’s Closet Picks","https://www.criterion.com/films/908-f-for-fake","F for Fake","10","https://www.criterion.com/shop/collection/975-noah-wyle-s-closet-picks"
"closet:975","Noah Wyle’s Closet Picks","https://www.criterion.com/films/446-pickup-on-south-street","Pickup on South Street","11","https://www.criterion.com/shop/collection/975-noah-wyle-s-closet-picks"
"closet:975","Noah Wyle’s Closet Picks","https://www.criterion.com/films/28426-medium-cool","Medium Cool","12","https://www.criterion.com/shop/collection/975-noah-wyle-s-closet-picks"
"closet:975","Noah Wyle’s Closet Picks","https://www.criterion.com/films/853-this-sporting-life","This Sporting Life","13","https://www.criterion.com/shop/collection/975-noah-wyle-s-closet-picks"
"closet:975","Noah Wyle’s Closet Picks","https://www.criterion.com/films/27512-merry-christmas-mr-lawrence","Merry Christmas Mr. Lawrence","14","https://www.criterion.com/shop/collection/975-noah-wyle-s-closet-picks"
"closet:975","Noah Wyle’s Closet Picks","https://www.criterion.com/boxsets/1179-a-whit-stillman-trilogy-i-metropolitan-barcelona-the-last-days-of-disco-i","A Whit Stillman Trilogy: Metropolitan, Barcelona, The Last Days of Disco","15","https://www.criterion.com/shop/collection/975-noah-wyle-s-closet-picks"
"closet:975","Noah Wyle’s Closet Picks","https://www.criterion.com/films/2104-crumb","Crumb","16","https://www.criterion.com/shop/collection/975-noah-wyle-s-closet-picks"
"closet:975","Noah Wyle’s Closet Picks","https://www.criterion.com/films/27533-the-last-picture-show","The Last Picture Show","17","https://www.criterion.com/shop/collection/975-noah-wyle-s-closet-picks"
"closet:975","Noah Wyle’s Closet Picks","https://www.criterion.com/films/500-shadows","Shadows","18","https://www.criterion.com/shop/collection/975-noah-wyle-s-closet-picks"
"closet:996","Terry Zwigoff’s Closet Picks","https://www.criterion.com/films/28822-dr-strangelove-or-how-i-learned-to-stop-worrying-and-love-the-bomb","Dr. Strangelove, or: How I Learned to Stop Worrying and Love the Bomb","1","https://www.criterion.com/shop/collection/996-terry-zwigoff-s-closet-picks"
"closet:996","Terry Zwigoff’s Closet Picks","https://www.criterion.com/boxsets/334-the-killers","The Killers","2","https://www.criterion.com/shop/collection/996-terry-zwigoff-s-closet-picks"
"closet:996","Terry Zwigoff’s Closet Picks","https://www.criterion.com/films/153-army-of-shadows","Army of Shadows","3","https://www.criterion.com/shop/collection/996-terry-zwigoff-s-closet-picks"
"closet:996","Terry Zwigoff’s Closet Picks","https://www.criterion.com/films/28690-the-asphalt-jungle","The Asphalt Jungle","4","https://www.criterion.com/shop/collection/996-terry-zwigoff-s-closet-picks"
"closet:996","Terry Zwigoff’s Closet Picks","https://www.criterion.com/films/29569-all-about-my-mother","All About My Mother","5","https://www.criterion.com/shop/collection/996-terry-zwigoff-s-closet-picks"
"closet:977","Billy Eichner’s Closet Picks","https://www.criterion.com/films/28609-tootsie","Tootsie","1","https://www.criterion.com/shop/collection/977-billy-eichner-s-closet-picks"
"closet:977","Billy Eichner’s Closet Picks","https://www.criterion.com/films/29154-moonstruck","Moonstruck","2","https://www.criterion.com/shop/collection/977-billy-eichner-s-closet-picks"
"closet:977","Billy Eichner’s Closet Picks","https://www.criterion.com/boxsets/1179-a-whit-stillman-trilogy-i-metropolitan-barcelona-the-last-days-of-disco-i","A Whit Stillman Trilogy: Metropolitan, Barcelona, The Last Days of Disco","3","https://www.criterion.com/shop/collection/977-billy-eichner-s-closet-picks"
"closet:977","Billy Eichner’s Closet Picks","https://www.criterion.com/films/28719-the-fisher-king","The Fisher King","4","https://www.criterion.com/shop/collection/977-billy-eichner-s-closet-picks"
"closet:977","Billy Eichner’s Closet Picks","https://www.criterion.com/films/29571-the-prince-of-tides","The Prince of Tides","5","https://www.criterion.com/shop/collection/977-billy-eichner-s-closet-picks"
"closet:977","Billy Eichner’s Closet Picks","https://www.criterion.com/films/28044-my-beautiful-laundrette","My Beautiful Laundrette","6","https://www.criterion.com/shop/collection/977-billy-eichner-s-closet-picks"
"closet:957","Oscar Isaac’s Closet Picks","https://www.criterion.com/films/612-the-last-temptation-of-christ","The Last Temptation of Christ","1","https://www.criterion.com/shop/collection/957-oscar-isaac-s-closet-picks"
"closet:957","Oscar Isaac’s Closet Picks","https://www.criterion.com/films/333-rushmore","Rushmore","2","https://www.criterion.com/shop/collection/957-oscar-isaac-s-closet-picks"
"closet:957","Oscar Isaac’s Closet Picks","https://www.criterion.com/boxsets/558-john-cassavetes-five-films","John Cassavetes: Five Films","3","https://www.criterion.com/shop/collection/957-oscar-isaac-s-closet-picks"
"closet:957","Oscar Isaac’s Closet Picks","https://www.criterion.com/films/28719-the-fisher-king","The Fisher King","4","https://www.criterion.com/shop/collection/957-oscar-isaac-s-closet-picks"
"closet:957","Oscar Isaac’s Closet Picks","https://www.criterion.com/films/28655-dont-look-back","Dont Look Back","5","https://www.criterion.com/shop/collection/957-oscar-isaac-s-closet-picks"
"closet:957","Oscar Isaac’s Closet Picks","https://www.criterion.com/films/28948-pan-s-labyrinth","Pan’s Labyrinth","6","https://www.criterion.com/shop/collection/957-oscar-isaac-s-closet-picks"
"closet:957","Oscar Isaac’s Closet Picks","https://www.criterion.com/films/28721-inside-llewyn-davis","Inside Llewyn Davis","7","https://www.criterion.com/shop/collection/957-oscar-isaac-s-closet-picks"
"closet:957","Oscar Isaac’s Closet Picks","https://www.criterion.com/films/28700-akira-kurosawa-s-dreams","Akira Kurosawa’s Dreams","8","https://www.criterion.com/shop/collection/957-oscar-isaac-s-closet-picks"
"closet:957","Oscar Isaac’s Closet Picks","https://www.criterion.com/films/735-throne-of-blood","Throne of Blood","9","https://www.criterion.com/shop/collection/957-oscar-isaac-s-closet-picks"
"closet:957","Oscar Isaac’s Closet Picks","https://www.criterion.com/films/28576-the-tree-of-life","The Tree of Life","10","https://www.criterion.com/shop/collection/957-oscar-isaac-s-closet-picks"
"closet:957","Oscar Isaac’s Closet Picks","https://www.criterion.com/films/33103-la-llorona","La Llorona","11","https://www.criterion.com/shop/collection/957-oscar-isaac-s-closet-picks"
"closet:957","Oscar Isaac’s Closet Picks","https://www.criterion.com/films/33828-guillermo-del-toro-s-pinocchio","Guillermo del Toro’s Pinocchio","12","https://www.criterion.com/shop/collection/957-oscar-isaac-s-closet-picks"
"closet:957","Oscar Isaac’s Closet Picks","https://www.criterion.com/films/29158-raging-bull","Raging Bull","13","https://www.criterion.com/shop/collection/957-oscar-isaac-s-closet-picks"
"closet:957","Oscar Isaac’s Closet Picks","https://www.criterion.com/films/30206-you-can-count-on-me","You Can Count on Me","14","https://www.criterion.com/shop/collection/957-oscar-isaac-s-closet-picks"
"closet:974","Hannah Einbinder’s Closet Picks","https://www.criterion.com/films/28880-tampopo","Tampopo","1","https://www.criterion.com/shop/collection/974-hannah-einbinder-s-closet-picks"
"closet:974","Hannah Einbinder’s Closet Picks","https://www.criterion.com/films/29964-paper-moon","Paper Moon","2","https://www.criterion.com/shop/collection/974-hannah-einbinder-s-closet-picks"
"closet:974","Hannah Einbinder’s Closet Picks","https://www.criterion.com/boxsets/1237-the-before-trilogy","The Before Trilogy","3","https://www.criterion.com/shop/collection/974-hannah-einbinder-s-closet-picks"
"closet:974","Hannah Einbinder’s Closet Picks","https://www.criterion.com/films/29164-thelma-louise","Thelma & Louise","4","https://www.criterion.com/shop/collection/974-hannah-einbinder-s-closet-picks"
"closet:974","Hannah Einbinder’s Closet Picks","https://www.criterion.com/films/29029-the-philadelphia-story","The Philadelphia Story","5","https://www.criterion.com/shop/collection/974-hannah-einbinder-s-closet-picks"
"closet:974","Hannah Einbinder’s Closet Picks","https://www.criterion.com/films/27903-his-girl-friday","His Girl Friday","6","https://www.criterion.com/shop/collection/974-hannah-einbinder-s-closet-picks"
"closet:974","Hannah Einbinder’s Closet Picks","https://www.criterion.com/films/27860-valerie-and-her-week-of-wonders","Valerie and Her Week of Wonders","7","https://www.criterion.com/shop/collection/974-hannah-einbinder-s-closet-picks"
"closet:974","Hannah Einbinder’s Closet Picks","https://www.criterion.com/films/29014-crash","Crash","8","https://www.criterion.com/shop/collection/974-hannah-einbinder-s-closet-picks"
"closet:974","Hannah Einbinder’s Closet Picks","https://www.criterion.com/films/31590-lost-highway","Lost Highway","9","https://www.criterion.com/shop/collection/974-hannah-einbinder-s-closet-picks"
"closet:974","Hannah Einbinder’s Closet Picks","https://www.criterion.com/films/29634-defending-your-life","Defending Your Life","10","https://www.criterion.com/shop/collection/974-hannah-einbinder-s-closet-picks"
"closet:974","Hannah Einbinder’s Closet Picks","https://www.criterion.com/films/32507-high-art","High Art","11","https://www.criterion.com/shop/collection/974-hannah-einbinder-s-closet-picks"
"closet:959","Richard Gadd’s Closet Picks","https://www.criterion.com/films/30465-happiness","Happiness","1","https://www.criterion.com/shop/collection/959-richard-gadd-s-closet-picks"
"closet:959","Richard Gadd’s Closet Picks","https://www.criterion.com/films/31458-memories-of-murder","Memories of Murder","2","https://www.criterion.com/shop/collection/959-richard-gadd-s-closet-picks"
"closet:959","Richard Gadd’s Closet Picks","https://www.criterion.com/films/29627-trainspotting","Trainspotting","3","https://www.criterion.com/shop/collection/959-richard-gadd-s-closet-picks"
"closet:959","Richard Gadd’s Closet Picks","https://www.criterion.com/films/29158-raging-bull","Raging Bull","4","https://www.criterion.com/shop/collection/959-richard-gadd-s-closet-picks"
"closet:959","Richard Gadd’s Closet Picks","https://www.criterion.com/films/29460-the-last-waltz","The Last Waltz","5","https://www.criterion.com/shop/collection/959-richard-gadd-s-closet-picks"
"closet:959","Richard Gadd’s Closet Picks","https://www.criterion.com/films/637-gimme-shelter","Gimme Shelter","6","https://www.criterion.com/shop/collection/959-richard-gadd-s-closet-picks"
"closet:959","Richard Gadd’s Closet Picks","https://www.criterion.com/films/27528-easy-rider","Easy Rider","7","https://www.criterion.com/shop/collection/959-richard-gadd-s-closet-picks"
"closet:956","Bob Odenkirk’s Closet Picks","https://www.criterion.com/boxsets/1554-police-story-police-story-2","Police Story / Police Story 2","1","https://www.criterion.com/shop/collection/956-bob-odenkirk-s-closet-picks"
"closet:956","Bob Odenkirk’s Closet Picks","https://www.criterion.com/boxsets/6970-jackie-chan-emergence-of-a-superstar","Jackie Chan: Emergence of a Superstar","2","https://www.criterion.com/shop/collection/956-bob-odenkirk-s-closet-picks"
"closet:956","Bob Odenkirk’s Closet Picks","https://www.criterion.com/boxsets/3205-bruce-lee-his-greatest-hits","Bruce Lee: His Greatest Hits","3","https://www.criterion.com/shop/collection/956-bob-odenkirk-s-closet-picks"
"closet:956","Bob Odenkirk’s Closet Picks","https://www.criterion.com/films/32139-scarface","Scarface","4","https://www.criterion.com/shop/collection/956-bob-odenkirk-s-closet-picks"
"closet:956","Bob Odenkirk’s Closet Picks","https://www.criterion.com/films/31917-uncut-gems","Uncut Gems","5","https://www.criterion.com/shop/collection/956-bob-odenkirk-s-closet-picks"
"closet:956","Bob Odenkirk’s Closet Picks","https://www.criterion.com/films/29681-the-big-heat","The Big Heat","6","https://www.criterion.com/shop/collection/956-bob-odenkirk-s-closet-picks"
"closet:956","Bob Odenkirk’s Closet Picks","https://www.criterion.com/films/27848-a-man-escaped","A Man Escaped","7","https://www.criterion.com/shop/collection/956-bob-odenkirk-s-closet-picks"
"closet:956","Bob Odenkirk’s Closet Picks","https://www.criterion.com/films/27775-quadrophenia","Quadrophenia","8","https://www.criterion.com/shop/collection/956-bob-odenkirk-s-closet-picks"
"closet:956","Bob Odenkirk’s Closet Picks","https://www.criterion.com/films/532-salo-or-the-120-days-of-sodom","Salò, or The 120 Days of Sodom","9","https://www.criterion.com/shop/collection/956-bob-odenkirk-s-closet-picks"
"closet:956","Bob Odenkirk’s Closet Picks","https://www.criterion.com/films/233-the-red-shoes","The Red Shoes","10","https://www.criterion.com/shop/collection/956-bob-odenkirk-s-closet-picks"
"closet:956","Bob Odenkirk’s Closet Picks","https://www.criterion.com/films/727-my-life-as-a-dog","My Life as a Dog","11","https://www.criterion.com/shop/collection/956-bob-odenkirk-s-closet-picks"
"closet:956","Bob Odenkirk’s Closet Picks","https://www.criterion.com/films/27908-in-a-lonely-place","In a Lonely Place","12","https://www.criterion.com/shop/collection/956-bob-odenkirk-s-closet-picks"
"closet:956","Bob Odenkirk’s Closet Picks","https://www.criterion.com/boxsets/769-america-lost-and-found-the-bbs-story","America Lost and Found: The BBS Story","13","https://www.criterion.com/shop/collection/956-bob-odenkirk-s-closet-picks"
"closet:971","John C. Reilly’s Closet Picks","https://www.criterion.com/films/719-down-by-law","Down by Law","1","https://www.criterion.com/shop/collection/971-john-c-reilly-s-closet-picks"
"closet:971","John C. Reilly’s Closet Picks","https://www.criterion.com/films/958-the-killing-of-a-chinese-bookie","The Killing of a Chinese Bookie","2","https://www.criterion.com/shop/collection/971-john-c-reilly-s-closet-picks"
"closet:971","John C. Reilly’s Closet Picks","https://www.criterion.com/films/28439-the-brood","The Brood","3","https://www.criterion.com/shop/collection/971-john-c-reilly-s-closet-picks"
"closet:971","John C. Reilly’s Closet Picks","https://www.criterion.com/films/29634-defending-your-life","Defending Your Life","4","https://www.criterion.com/shop/collection/971-john-c-reilly-s-closet-picks"
"closet:971","John C. Reilly’s Closet Picks","https://www.criterion.com/films/27899-on-the-waterfront","On the Waterfront","5","https://www.criterion.com/shop/collection/971-john-c-reilly-s-closet-picks"
"closet:971","John C. Reilly’s Closet Picks","https://www.criterion.com/films/29149-the-great-escape","The Great Escape","6","https://www.criterion.com/shop/collection/971-john-c-reilly-s-closet-picks"
"closet:963","Boots Riley’s Closet Picks","https://www.criterion.com/boxsets/7304-three-revolutionary-films-by-ousmane-sembene","Three Revolutionary Films by Ousmane Sembène","1","https://www.criterion.com/shop/collection/963-boots-riley-s-closet-picks"
"closet:963","Boots Riley’s Closet Picks","https://www.criterion.com/films/28849-black-girl","Black Girl","2","https://www.criterion.com/shop/collection/963-boots-riley-s-closet-picks"
"closet:963","Boots Riley’s Closet Picks","https://www.criterion.com/boxsets/4787-melvin-van-peebles-essential-films","Melvin Van Peebles: Essential Films","3","https://www.criterion.com/shop/collection/963-boots-riley-s-closet-picks"
"closet:963","Boots Riley’s Closet Picks","https://www.criterion.com/films/29038-true-stories","True Stories","4","https://www.criterion.com/shop/collection/963-boots-riley-s-closet-picks"
"closet:963","Boots Riley’s Closet Picks","https://www.criterion.com/films/29335-election","Election","5","https://www.criterion.com/shop/collection/963-boots-riley-s-closet-picks"
"closet:963","Boots Riley’s Closet Picks","https://www.criterion.com/films/28449-the-hero","The Hero","6","https://www.criterion.com/shop/collection/963-boots-riley-s-closet-picks"
"closet:963","Boots Riley’s Closet Picks","https://www.criterion.com/films/29368-the-princess-bride","The Princess Bride","7","https://www.criterion.com/shop/collection/963-boots-riley-s-closet-picks"
"closet:963","Boots Riley’s Closet Picks","https://www.criterion.com/boxsets/934-the-qatsi-trilogy","The Qatsi Trilogy","8","https://www.criterion.com/shop/collection/963-boots-riley-s-closet-picks"
"closet:963","Boots Riley’s Closet Picks","https://www.criterion.com/films/29569-all-about-my-mother","All About My Mother","9","https://www.criterion.com/shop/collection/963-boots-riley-s-closet-picks"
"closet:963","Boots Riley’s Closet Picks","https://www.criterion.com/films/29101-women-on-the-verge-of-a-nervous-breakdown","Women on the Verge of a Nervous Breakdown","10","https://www.criterion.com/shop/collection/963-boots-riley-s-closet-picks"
"closet:963","Boots Riley’s Closet Picks","https://www.criterion.com/films/588-mishima-a-life-in-four-chapters","Mishima: A Life in Four Chapters","11","https://www.criterion.com/shop/collection/963-boots-riley-s-closet-picks"
"closet:963","Boots Riley’s Closet Picks","https://www.criterion.com/boxsets/3626-essential-fellini","Essential Fellini","12","https://www.criterion.com/shop/collection/963-boots-riley-s-closet-picks"
"closet:955","Jon Hamm’s Closet Picks","https://www.criterion.com/films/29464-the-daytrippers","The Daytrippers","1","https://www.criterion.com/shop/collection/955-jon-hamm-s-closet-picks"
"closet:955","Jon Hamm’s Closet Picks","https://www.criterion.com/films/33246-wall-e","WALL·E","2","https://www.criterion.com/shop/collection/955-jon-hamm-s-closet-picks"
"closet:955","Jon Hamm’s Closet Picks","https://www.criterion.com/films/727-my-life-as-a-dog","My Life as a Dog","3","https://www.criterion.com/shop/collection/955-jon-hamm-s-closet-picks"
"closet:955","Jon Hamm’s Closet Picks","https://www.criterion.com/films/240-videodrome","Videodrome","4","https://www.criterion.com/shop/collection/955-jon-hamm-s-closet-picks"
"closet:955","Jon Hamm’s Closet Picks","https://www.criterion.com/films/660-how-to-get-ahead-in-advertising","How to Get Ahead in Advertising","5","https://www.criterion.com/shop/collection/955-jon-hamm-s-closet-picks"
"closet:955","Jon Hamm’s Closet Picks","https://www.criterion.com/films/677-the-vanishing","The Vanishing","6","https://www.criterion.com/shop/collection/955-jon-hamm-s-closet-picks"
"closet:955","Jon Hamm’s Closet Picks","https://www.criterion.com/films/718-man-bites-dog","Man Bites Dog","7","https://www.criterion.com/shop/collection/955-jon-hamm-s-closet-picks"
"closet:955","Jon Hamm’s Closet Picks","https://www.criterion.com/films/719-down-by-law","Down by Law","8","https://www.criterion.com/shop/collection/955-jon-hamm-s-closet-picks"
"closet:955","Jon Hamm’s Closet Picks","https://www.criterion.com/films/28609-tootsie","Tootsie","9","https://www.criterion.com/shop/collection/955-jon-hamm-s-closet-picks"
"closet:955","Jon Hamm’s Closet Picks","https://www.criterion.com/films/594-bottle-rocket","Bottle Rocket","10","https://www.criterion.com/shop/collection/955-jon-hamm-s-closet-picks"
"closet:962","Eiza González’s Closet Picks","https://www.criterion.com/films/29369-midnight-cowboy","Midnight Cowboy","1","https://www.criterion.com/shop/collection/962-eiza-gonzalez-s-closet-picks"
"closet:962","Eiza González’s Closet Picks","https://www.criterion.com/films/28708-klute","Klute","2","https://www.criterion.com/shop/collection/962-eiza-gonzalez-s-closet-picks"
"closet:962","Eiza González’s Closet Picks","https://www.criterion.com/boxsets/206-fanny-and-alexander","Fanny and Alexander","3","https://www.criterion.com/shop/collection/962-eiza-gonzalez-s-closet-picks"
"closet:962","Eiza González’s Closet Picks","https://www.criterion.com/films/33280-the-mother-and-the-whore","The Mother and the Whore","4","https://www.criterion.com/shop/collection/962-eiza-gonzalez-s-closet-picks"
"closet:962","Eiza González’s Closet Picks","https://www.criterion.com/films/198-in-the-mood-for-love","In the Mood for Love","5","https://www.criterion.com/shop/collection/962-eiza-gonzalez-s-closet-picks"
"closet:962","Eiza González’s Closet Picks","https://www.criterion.com/films/27574-monsieur-verdoux","Monsieur Verdoux","6","https://www.criterion.com/shop/collection/962-eiza-gonzalez-s-closet-picks"
"closet:969","John Cameron Mitchell’s Closet Picks","https://www.criterion.com/films/31689-cooley-high","Cooley High","1","https://www.criterion.com/shop/collection/969-john-cameron-mitchell-s-closet-picks"
"closet:969","John Cameron Mitchell’s Closet Picks","https://www.criterion.com/boxsets/8208-the-wes-anderson-archive-ten-films-twenty-five-years","The Wes Anderson Archive: Ten Films, Twenty-Five Years","2","https://www.criterion.com/shop/collection/969-john-cameron-mitchell-s-closet-picks"
"closet:969","John Cameron Mitchell’s Closet Picks","https://www.criterion.com/boxsets/558-john-cassavetes-five-films","John Cassavetes: Five Films","3","https://www.criterion.com/shop/collection/969-john-cameron-mitchell-s-closet-picks"
"closet:969","John Cameron Mitchell’s Closet Picks","https://www.criterion.com/films/33621-moonage-daydream","Moonage Daydream","4","https://www.criterion.com/shop/collection/969-john-cameron-mitchell-s-closet-picks"
"closet:969","John Cameron Mitchell’s Closet Picks","https://www.criterion.com/films/28561-all-that-jazz","All That Jazz","5","https://www.criterion.com/shop/collection/969-john-cameron-mitchell-s-closet-picks"
"closet:969","John Cameron Mitchell’s Closet Picks","https://www.criterion.com/films/28954-multiple-maniacs","Multiple Maniacs","6","https://www.criterion.com/shop/collection/969-john-cameron-mitchell-s-closet-picks"
"closet:969","John Cameron Mitchell’s Closet Picks","https://www.criterion.com/films/29081-after-life","After Life","7","https://www.criterion.com/shop/collection/969-john-cameron-mitchell-s-closet-picks"
"closet:969","John Cameron Mitchell’s Closet Picks","https://www.criterion.com/films/28821-shampoo","Shampoo","8","https://www.criterion.com/shop/collection/969-john-cameron-mitchell-s-closet-picks"
"closet:969","John Cameron Mitchell’s Closet Picks","https://www.criterion.com/films/29018-hedwig-and-the-angry-inch","Hedwig and the Angry Inch","9","https://www.criterion.com/shop/collection/969-john-cameron-mitchell-s-closet-picks"
"closet:969","John Cameron Mitchell’s Closet Picks","https://www.criterion.com/boxsets/6588-pasolini-101","Pasolini 101","10","https://www.criterion.com/shop/collection/969-john-cameron-mitchell-s-closet-picks"
"closet:969","John Cameron Mitchell’s Closet Picks","https://www.criterion.com/films/34869-network","Network","11","https://www.criterion.com/shop/collection/969-john-cameron-mitchell-s-closet-picks"
"closet:969","John Cameron Mitchell’s Closet Picks","https://www.criterion.com/films/34870-pee-wee-s-big-adventure","Pee-wee’s Big Adventure","12","https://www.criterion.com/shop/collection/969-john-cameron-mitchell-s-closet-picks"
"closet:949","Jack Harlow’s Closet Picks","https://www.criterion.com/boxsets/417-six-moral-tales","Six Moral Tales","1","https://www.criterion.com/shop/collection/949-jack-harlow-s-closet-picks"
"closet:949","Jack Harlow’s Closet Picks","https://www.criterion.com/films/27871-12-angry-men","12 Angry Men","2","https://www.criterion.com/shop/collection/949-jack-harlow-s-closet-picks"
"closet:949","Jack Harlow’s Closet Picks","https://www.criterion.com/films/336-the-ice-storm","The Ice Storm","3","https://www.criterion.com/shop/collection/949-jack-harlow-s-closet-picks"
"closet:949","Jack Harlow’s Closet Picks","https://www.criterion.com/films/28111-la-notte","La notte","4","https://www.criterion.com/shop/collection/949-jack-harlow-s-closet-picks"
"closet:949","Jack Harlow’s Closet Picks","https://www.criterion.com/films/29567-to-sleep-with-anger","To Sleep with Anger","5","https://www.criterion.com/shop/collection/949-jack-harlow-s-closet-picks"
"closet:949","Jack Harlow’s Closet Picks","https://www.criterion.com/films/1092-close-up","Close-up","6","https://www.criterion.com/shop/collection/949-jack-harlow-s-closet-picks"
"closet:949","Jack Harlow’s Closet Picks","https://www.criterion.com/films/150-8-1-2","8½","7","https://www.criterion.com/shop/collection/949-jack-harlow-s-closet-picks"
"closet:949","Jack Harlow’s Closet Picks","https://www.criterion.com/films/28825-fail-safe","Fail Safe","8","https://www.criterion.com/shop/collection/949-jack-harlow-s-closet-picks"
"closet:949","Jack Harlow’s Closet Picks","https://www.criterion.com/boxsets/3432-the-complete-films-of-agnes-varda","The Complete Films of Agnès Varda","9","https://www.criterion.com/shop/collection/949-jack-harlow-s-closet-picks"
"closet:949","Jack Harlow’s Closet Picks","https://www.criterion.com/films/34966-a-man-and-a-woman","A Man and a Woman","10","https://www.criterion.com/shop/collection/949-jack-harlow-s-closet-picks"
"closet:950","Sophy Romvari’s Closet Picks","https://www.criterion.com/films/510-a-woman-under-the-influence","A Woman Under the Influence","1","https://www.criterion.com/shop/collection/950-sophy-romvari-s-closet-picks"
"closet:950","Sophy Romvari’s Closet Picks","https://www.criterion.com/films/30705-the-watermelon-woman","The Watermelon Woman","2","https://www.criterion.com/shop/collection/950-sophy-romvari-s-closet-picks"
"closet:950","Sophy Romvari’s Closet Picks","https://www.criterion.com/films/33619-not-a-pretty-picture","Not a Pretty Picture","3","https://www.criterion.com/shop/collection/950-sophy-romvari-s-closet-picks"
"closet:950","Sophy Romvari’s Closet Picks","https://www.criterion.com/films/218-jules-and-jim","Jules and Jim","4","https://www.criterion.com/shop/collection/950-sophy-romvari-s-closet-picks"
"closet:950","Sophy Romvari’s Closet Picks","https://www.criterion.com/films/29635-girlfriends","Girlfriends","5","https://www.criterion.com/shop/collection/950-sophy-romvari-s-closet-picks"
"closet:958","Steve Zahn’s Closet Picks","https://www.criterion.com/films/408-slacker","Slacker","1","https://www.criterion.com/shop/collection/958-steve-zahn-s-closet-picks"
"closet:958","Steve Zahn’s Closet Picks","https://www.criterion.com/films/2057-mystery-train","Mystery Train","2","https://www.criterion.com/shop/collection/958-steve-zahn-s-closet-picks"
"closet:958","Steve Zahn’s Closet Picks","https://www.criterion.com/films/1502-paris-texas","Paris, Texas","3","https://www.criterion.com/shop/collection/958-steve-zahn-s-closet-picks"
"closet:958","Steve Zahn’s Closet Picks","https://www.criterion.com/films/29604-miller-s-crossing","Miller’s Crossing","4","https://www.criterion.com/shop/collection/958-steve-zahn-s-closet-picks"
"closet:958","Steve Zahn’s Closet Picks","https://www.criterion.com/films/29162-some-like-it-hot","Some Like It Hot","5","https://www.criterion.com/shop/collection/958-steve-zahn-s-closet-picks"
"closet:958","Steve Zahn’s Closet Picks","https://www.criterion.com/films/29009-being-there","Being There","6","https://www.criterion.com/shop/collection/958-steve-zahn-s-closet-picks"
"closet:958","Steve Zahn’s Closet Picks","https://www.criterion.com/films/29331-night-of-the-living-dead","Night of the Living Dead","7","https://www.criterion.com/shop/collection/958-steve-zahn-s-closet-picks"
"closet:960","Elijah Wood’s Closet Picks","https://www.criterion.com/films/677-the-vanishing","The Vanishing","1","https://www.criterion.com/shop/collection/960-elijah-wood-s-closet-picks"
"closet:960","Elijah Wood’s Closet Picks","https://www.criterion.com/films/30908-amores-perros","Amores perros","2","https://www.criterion.com/shop/collection/960-elijah-wood-s-closet-picks"
"closet:960","Elijah Wood’s Closet Picks","https://www.criterion.com/films/28058-the-game","The Game","3","https://www.criterion.com/shop/collection/960-elijah-wood-s-closet-picks"
"closet:960","Elijah Wood’s Closet Picks","https://www.criterion.com/films/28694-blow-up","Blow-Up","4","https://www.criterion.com/shop/collection/960-elijah-wood-s-closet-picks"
"closet:960","Elijah Wood’s Closet Picks","https://www.criterion.com/films/33809-thelonious-monk-straight-no-chaser","Thelonious Monk Straight, No Chaser","5","https://www.criterion.com/shop/collection/960-elijah-wood-s-closet-picks"
"closet:960","Elijah Wood’s Closet Picks","https://www.criterion.com/films/34221-birth","Birth","6","https://www.criterion.com/shop/collection/960-elijah-wood-s-closet-picks"
"closet:960","Elijah Wood’s Closet Picks","https://www.criterion.com/films/34534-eyes-wide-shut","Eyes Wide Shut","7","https://www.criterion.com/shop/collection/960-elijah-wood-s-closet-picks"
"closet:960","Elijah Wood’s Closet Picks","https://www.criterion.com/films/30465-happiness","Happiness","8","https://www.criterion.com/shop/collection/960-elijah-wood-s-closet-picks"
"closet:960","Elijah Wood’s Closet Picks","https://www.criterion.com/films/28836-funny-games","Funny Games","9","https://www.criterion.com/shop/collection/960-elijah-wood-s-closet-picks"
"closet:960","Elijah Wood’s Closet Picks","https://www.criterion.com/boxsets/8208-the-wes-anderson-archive-ten-films-twenty-five-years","The Wes Anderson Archive: Ten Films, Twenty-Five Years","10","https://www.criterion.com/shop/collection/960-elijah-wood-s-closet-picks"
"closet:960","Elijah Wood’s Closet Picks","https://www.criterion.com/films/27899-on-the-waterfront","On the Waterfront","11","https://www.criterion.com/shop/collection/960-elijah-wood-s-closet-picks"
"closet:952","Elisabeth Moss’s Closet Picks","https://www.criterion.com/films/29005-arsenic-and-old-lace","Arsenic and Old Lace","1","https://www.criterion.com/shop/collection/952-elisabeth-moss-s-closet-picks"
"closet:952","Elisabeth Moss’s Closet Picks","https://www.criterion.com/films/29037-swing-time","Swing Time","2","https://www.criterion.com/shop/collection/952-elisabeth-moss-s-closet-picks"
"closet:952","Elisabeth Moss’s Closet Picks","https://www.criterion.com/films/29011-the-cameraman","The Cameraman","3","https://www.criterion.com/shop/collection/952-elisabeth-moss-s-closet-picks"
"closet:952","Elisabeth Moss’s Closet Picks","https://www.criterion.com/films/28829-holiday","Holiday","4","https://www.criterion.com/shop/collection/952-elisabeth-moss-s-closet-picks"
"closet:952","Elisabeth Moss’s Closet Picks","https://www.criterion.com/films/749-sweetie","Sweetie","5","https://www.criterion.com/shop/collection/952-elisabeth-moss-s-closet-picks"
"closet:952","Elisabeth Moss’s Closet Picks","https://www.criterion.com/films/29596-all-about-eve","All About Eve","6","https://www.criterion.com/shop/collection/952-elisabeth-moss-s-closet-picks"
"closet:952","Elisabeth Moss’s Closet Picks","https://www.criterion.com/films/27535-broadcast-news","Broadcast News","7","https://www.criterion.com/shop/collection/952-elisabeth-moss-s-closet-picks"
"closet:952","Elisabeth Moss’s Closet Picks","https://www.criterion.com/films/27928-don-t-look-now","Don’t Look Now","8","https://www.criterion.com/shop/collection/952-elisabeth-moss-s-closet-picks"
"closet:948","Steven Knight’s Closet Picks","https://www.criterion.com/films/345-brief-encounter","Brief Encounter","1","https://www.criterion.com/shop/collection/948-steven-knight-s-closet-picks"
"closet:948","Steven Knight’s Closet Picks","https://www.criterion.com/films/628-le-cercle-rouge","Le cercle rouge","2","https://www.criterion.com/shop/collection/948-steven-knight-s-closet-picks"
"closet:948","Steven Knight’s Closet Picks","https://www.criterion.com/films/860-the-spy-who-came-in-from-the-cold","The Spy Who Came in from the Cold","3","https://www.criterion.com/shop/collection/948-steven-knight-s-closet-picks"
"closet:948","Steven Knight’s Closet Picks","https://www.criterion.com/films/1502-paris-texas","Paris, Texas","4","https://www.criterion.com/shop/collection/948-steven-knight-s-closet-picks"
"closet:948","Steven Knight’s Closet Picks","https://www.criterion.com/films/27910-3-10-to-yuma","3:10 to Yuma","5","https://www.criterion.com/shop/collection/948-steven-knight-s-closet-picks"
"closet:948","Steven Knight’s Closet Picks","https://www.criterion.com/films/28979-one-eyed-jacks","One-Eyed Jacks","6","https://www.criterion.com/shop/collection/948-steven-knight-s-closet-picks"
"closet:948","Steven Knight’s Closet Picks","https://www.criterion.com/films/29079-betty-blue","Betty Blue","7","https://www.criterion.com/shop/collection/948-steven-knight-s-closet-picks"
"closet:948","Steven Knight’s Closet Picks","https://www.criterion.com/films/28655-dont-look-back","Dont Look Back","8","https://www.criterion.com/shop/collection/948-steven-knight-s-closet-picks"
"closet:948","Steven Knight’s Closet Picks","https://www.criterion.com/films/32250-citizen-kane","Citizen Kane","9","https://www.criterion.com/shop/collection/948-steven-knight-s-closet-picks"
"closet:944","Sofia Coppola & Marc Jacobs’s Closet Picks","https://www.criterion.com/films/664-grey-gardens","Grey Gardens","1","https://www.criterion.com/shop/collection/944-sofia-coppola-marc-jacobs-s-closet-picks"
"closet:944","Sofia Coppola & Marc Jacobs’s Closet Picks","https://www.criterion.com/films/246-loves-of-a-blonde","Loves of a Blonde","2","https://www.criterion.com/shop/collection/944-sofia-coppola-marc-jacobs-s-closet-picks"
"closet:944","Sofia Coppola & Marc Jacobs’s Closet Picks","https://www.criterion.com/films/28561-all-that-jazz","All That Jazz","3","https://www.criterion.com/shop/collection/944-sofia-coppola-marc-jacobs-s-closet-picks"
"closet:944","Sofia Coppola & Marc Jacobs’s Closet Picks","https://www.criterion.com/films/27953-the-bitter-tears-of-petra-von-kant","The Bitter Tears of Petra von Kant","4","https://www.criterion.com/shop/collection/944-sofia-coppola-marc-jacobs-s-closet-picks"
"closet:944","Sofia Coppola & Marc Jacobs’s Closet Picks","https://www.criterion.com/films/29647-paris-is-burning","Paris Is Burning","5","https://www.criterion.com/shop/collection/944-sofia-coppola-marc-jacobs-s-closet-picks"
"closet:944","Sofia Coppola & Marc Jacobs’s Closet Picks","https://www.criterion.com/films/28704-female-trouble","Female Trouble","6","https://www.criterion.com/shop/collection/944-sofia-coppola-marc-jacobs-s-closet-picks"
"closet:944","Sofia Coppola & Marc Jacobs’s Closet Picks","https://www.criterion.com/films/28708-klute","Klute","7","https://www.criterion.com/shop/collection/944-sofia-coppola-marc-jacobs-s-closet-picks"
"closet:944","Sofia Coppola & Marc Jacobs’s Closet Picks","https://www.criterion.com/films/29336-the-virgin-suicides","The Virgin Suicides","8","https://www.criterion.com/shop/collection/944-sofia-coppola-marc-jacobs-s-closet-picks"
"closet:944","Sofia Coppola & Marc Jacobs’s Closet Picks","https://www.criterion.com/films/29632-after-hours","After Hours","9","https://www.criterion.com/shop/collection/944-sofia-coppola-marc-jacobs-s-closet-picks"
"closet:944","Sofia Coppola & Marc Jacobs’s Closet Picks","https://www.criterion.com/films/27638-summer-with-monika","Summer with Monika","10","https://www.criterion.com/shop/collection/944-sofia-coppola-marc-jacobs-s-closet-picks"
"closet:944","Sofia Coppola & Marc Jacobs’s Closet Picks","https://www.criterion.com/films/28600-i-knew-her-well","I Knew Her Well","11","https://www.criterion.com/shop/collection/944-sofia-coppola-marc-jacobs-s-closet-picks"
"closet:944","Sofia Coppola & Marc Jacobs’s Closet Picks","https://www.criterion.com/boxsets/1145-the-apu-trilogy","The Apu Trilogy","12","https://www.criterion.com/shop/collection/944-sofia-coppola-marc-jacobs-s-closet-picks"
"closet:944","Sofia Coppola & Marc Jacobs’s Closet Picks","https://www.criterion.com/films/27949-belle-de-jour","Belle de jour","13","https://www.criterion.com/shop/collection/944-sofia-coppola-marc-jacobs-s-closet-picks"
"closet:944","Sofia Coppola & Marc Jacobs’s Closet Picks","https://www.criterion.com/films/34685-flow","Flow","14","https://www.criterion.com/shop/collection/944-sofia-coppola-marc-jacobs-s-closet-picks"
"closet:944","Sofia Coppola & Marc Jacobs’s Closet Picks","https://www.criterion.com/films/34102-ryuichi-sakamoto-opus","Ryuichi Sakamoto | Opus","15","https://www.criterion.com/shop/collection/944-sofia-coppola-marc-jacobs-s-closet-picks"
"closet:944","Sofia Coppola & Marc Jacobs’s Closet Picks","https://www.criterion.com/boxsets/7581-gregg-araki-s-teen-apocalypse-trilogy","Gregg Araki’s Teen Apocalypse Trilogy","16","https://www.criterion.com/shop/collection/944-sofia-coppola-marc-jacobs-s-closet-picks"
"closet:944","Sofia Coppola & Marc Jacobs’s Closet Picks","https://www.criterion.com/films/28986-the-heiress","The Heiress","17","https://www.criterion.com/shop/collection/944-sofia-coppola-marc-jacobs-s-closet-picks"
"closet:944","Sofia Coppola & Marc Jacobs’s Closet Picks","https://www.criterion.com/films/28836-funny-games","Funny Games","18","https://www.criterion.com/shop/collection/944-sofia-coppola-marc-jacobs-s-closet-picks"
"closet:944","Sofia Coppola & Marc Jacobs’s Closet Picks","https://www.criterion.com/films/30464-fast-times-at-ridgemont-high","Fast Times at Ridgemont High","19","https://www.criterion.com/shop/collection/944-sofia-coppola-marc-jacobs-s-closet-picks"
"closet:944","Sofia Coppola & Marc Jacobs’s Closet Picks","https://www.criterion.com/films/30526-the-grifters","The Grifters","20","https://www.criterion.com/shop/collection/944-sofia-coppola-marc-jacobs-s-closet-picks"
"closet:945","John Slattery’s Closet Picks","https://www.criterion.com/films/28821-shampoo","Shampoo","1","https://www.criterion.com/shop/collection/945-john-slattery-s-closet-picks"
"closet:945","John Slattery’s Closet Picks","https://www.criterion.com/films/29429-no-country-for-old-men","No Country for Old Men","2","https://www.criterion.com/shop/collection/945-john-slattery-s-closet-picks"
"closet:945","John Slattery’s Closet Picks","https://www.criterion.com/films/27904-the-awful-truth","The Awful Truth","3","https://www.criterion.com/shop/collection/945-john-slattery-s-closet-picks"
"closet:945","John Slattery’s Closet Picks","https://www.criterion.com/films/1285-the-hit","The Hit","4","https://www.criterion.com/shop/collection/945-john-slattery-s-closet-picks"
"closet:945","John Slattery’s Closet Picks","https://www.criterion.com/films/1426-the-friends-of-eddie-coyle","The Friends of Eddie Coyle","5","https://www.criterion.com/shop/collection/945-john-slattery-s-closet-picks"
"closet:938","Mitski’s Closet Picks","https://www.criterion.com/films/27854-daisies","Daisies","1","https://www.criterion.com/shop/collection/938-mitski-s-closet-picks"
"closet:938","Mitski’s Closet Picks","https://www.criterion.com/films/29154-moonstruck","Moonstruck","2","https://www.criterion.com/shop/collection/938-mitski-s-closet-picks"
"closet:938","Mitski’s Closet Picks","https://www.criterion.com/films/29272-the-breakfast-club","The Breakfast Club","3","https://www.criterion.com/shop/collection/938-mitski-s-closet-picks"
"closet:938","Mitski’s Closet Picks","https://www.criterion.com/films/28739-the-piano-teacher","The Piano Teacher","4","https://www.criterion.com/shop/collection/938-mitski-s-closet-picks"
"closet:938","Mitski’s Closet Picks","https://www.criterion.com/films/249-my-own-private-idaho","My Own Private Idaho","5","https://www.criterion.com/shop/collection/938-mitski-s-closet-picks"
"closet:968","Bob the Drag Queen’s Closet Picks","https://www.criterion.com/films/29018-hedwig-and-the-angry-inch","Hedwig and the Angry Inch","1","https://www.criterion.com/shop/collection/968-bob-the-drag-queen-s-closet-picks"
"closet:968","Bob the Drag Queen’s Closet Picks","https://www.criterion.com/films/30975-jo-jo-dancer-your-life-is-calling","Jo Jo Dancer, Your Life Is Calling","2","https://www.criterion.com/shop/collection/968-bob-the-drag-queen-s-closet-picks"
"closet:968","Bob the Drag Queen’s Closet Picks","https://www.criterion.com/films/34870-pee-wee-s-big-adventure","Pee-wee’s Big Adventure","3","https://www.criterion.com/shop/collection/968-bob-the-drag-queen-s-closet-picks"
"closet:968","Bob the Drag Queen’s Closet Picks","https://www.criterion.com/films/34869-network","Network","4","https://www.criterion.com/shop/collection/968-bob-the-drag-queen-s-closet-picks"
"closet:968","Bob the Drag Queen’s Closet Picks","https://www.criterion.com/films/33810-the-wiz","The Wiz","5","https://www.criterion.com/shop/collection/968-bob-the-drag-queen-s-closet-picks"
"closet:968","Bob the Drag Queen’s Closet Picks","https://www.criterion.com/films/29647-paris-is-burning","Paris Is Burning","6","https://www.criterion.com/shop/collection/968-bob-the-drag-queen-s-closet-picks"
"closet:932","Christoph Waltz’s Closet Picks","https://www.criterion.com/boxsets/1069-the-complete-jacques-tati","The Complete Jacques Tati","1","https://www.criterion.com/shop/collection/932-christoph-waltz-s-closet-picks"
"closet:932","Christoph Waltz’s Closet Picks","https://www.criterion.com/films/33388-werckmeister-harmonies","Werckmeister Harmonies","2","https://www.criterion.com/shop/collection/932-christoph-waltz-s-closet-picks"
"closet:932","Christoph Waltz’s Closet Picks","https://www.criterion.com/films/404-repulsion","Repulsion","3","https://www.criterion.com/shop/collection/932-christoph-waltz-s-closet-picks"
"closet:932","Christoph Waltz’s Closet Picks","https://www.criterion.com/films/298-late-spring","Late Spring","4","https://www.criterion.com/shop/collection/932-christoph-waltz-s-closet-picks"
"closet:932","Christoph Waltz’s Closet Picks","https://www.criterion.com/boxsets/1427-ingmar-bergman-s-cinema","Ingmar Bergman’s Cinema","5","https://www.criterion.com/shop/collection/932-christoph-waltz-s-closet-picks"
"closet:932","Christoph Waltz’s Closet Picks","https://www.criterion.com/films/151-the-400-blows","The 400 Blows","6","https://www.criterion.com/shop/collection/932-christoph-waltz-s-closet-picks"
"closet:931","Halle Berry’s Closet Picks","https://www.criterion.com/films/28603-blue-is-the-warmest-color","Blue Is the Warmest Color","1","https://www.criterion.com/shop/collection/931-halle-berry-s-closet-picks"
"closet:931","Halle Berry’s Closet Picks","https://www.criterion.com/films/28565-fantastic-mr-fox","Fantastic Mr. Fox","2","https://www.criterion.com/shop/collection/931-halle-berry-s-closet-picks"
"closet:931","Halle Berry’s Closet Picks","https://www.criterion.com/films/31501-love-jones","love jones","3","https://www.criterion.com/shop/collection/931-halle-berry-s-closet-picks"
"closet:931","Halle Berry’s Closet Picks","https://www.criterion.com/films/29010-bringing-up-baby","Bringing Up Baby","4","https://www.criterion.com/shop/collection/931-halle-berry-s-closet-picks"
"closet:931","Halle Berry’s Closet Picks","https://www.criterion.com/films/29599-claudine","Claudine","5","https://www.criterion.com/shop/collection/931-halle-berry-s-closet-picks"
"closet:931","Halle Berry’s Closet Picks","https://www.criterion.com/films/30619-parasite","Parasite","6","https://www.criterion.com/shop/collection/931-halle-berry-s-closet-picks"
"closet:931","Halle Berry’s Closet Picks","https://www.criterion.com/films/33245-malcolm-x","Malcolm X","7","https://www.criterion.com/shop/collection/931-halle-berry-s-closet-picks"
"closet:931","Halle Berry’s Closet Picks","https://www.criterion.com/films/31500-love-basketball","Love & Basketball","8","https://www.criterion.com/shop/collection/931-halle-berry-s-closet-picks"
"closet:931","Halle Berry’s Closet Picks","https://www.criterion.com/films/27666-cure","Cure","9","https://www.criterion.com/shop/collection/931-halle-berry-s-closet-picks"
"closet:931","Halle Berry’s Closet Picks","https://www.criterion.com/films/680-rebecca","Rebecca","10","https://www.criterion.com/shop/collection/931-halle-berry-s-closet-picks"
"closet:936","Maggie Gyllenhaal’s Closet Picks","https://www.criterion.com/films/29646-beau-travail","Beau travail","1","https://www.criterion.com/shop/collection/936-maggie-gyllenhaal-s-closet-picks"
"closet:936","Maggie Gyllenhaal’s Closet Picks","https://www.criterion.com/films/28880-tampopo","Tampopo","2","https://www.criterion.com/shop/collection/936-maggie-gyllenhaal-s-closet-picks"
"closet:936","Maggie Gyllenhaal’s Closet Picks","https://www.criterion.com/films/29031--round-midnight","’Round Midnight","3","https://www.criterion.com/shop/collection/936-maggie-gyllenhaal-s-closet-picks"
"closet:936","Maggie Gyllenhaal’s Closet Picks","https://www.criterion.com/boxsets/138-the-brd-trilogy","The BRD Trilogy","4","https://www.criterion.com/shop/collection/936-maggie-gyllenhaal-s-closet-picks"
"closet:936","Maggie Gyllenhaal’s Closet Picks","https://www.criterion.com/films/364-il-posto","Il posto","5","https://www.criterion.com/shop/collection/936-maggie-gyllenhaal-s-closet-picks"
"closet:936","Maggie Gyllenhaal’s Closet Picks","https://www.criterion.com/films/739-i-fidanzati","I fidanzati","6","https://www.criterion.com/shop/collection/936-maggie-gyllenhaal-s-closet-picks"
"closet:936","Maggie Gyllenhaal’s Closet Picks","https://www.criterion.com/films/28491-persona","Persona","7","https://www.criterion.com/shop/collection/936-maggie-gyllenhaal-s-closet-picks"
"closet:936","Maggie Gyllenhaal’s Closet Picks","https://www.criterion.com/films/29627-trainspotting","Trainspotting","8","https://www.criterion.com/shop/collection/936-maggie-gyllenhaal-s-closet-picks"
"closet:936","Maggie Gyllenhaal’s Closet Picks","https://www.criterion.com/films/268-breathless","Breathless","9","https://www.criterion.com/shop/collection/936-maggie-gyllenhaal-s-closet-picks"
"closet:936","Maggie Gyllenhaal’s Closet Picks","https://www.criterion.com/films/3060-vivre-sa-vie","Vivre sa vie","10","https://www.criterion.com/shop/collection/936-maggie-gyllenhaal-s-closet-picks"
"closet:936","Maggie Gyllenhaal’s Closet Picks","https://www.criterion.com/films/27559-white-material","White Material","11","https://www.criterion.com/shop/collection/936-maggie-gyllenhaal-s-closet-picks"
"closet:936","Maggie Gyllenhaal’s Closet Picks","https://www.criterion.com/films/29021-lone-star","Lone Star","12","https://www.criterion.com/shop/collection/936-maggie-gyllenhaal-s-closet-picks"
"closet:947","Jamie Demetriou’s Closet Picks","https://www.criterion.com/films/29202-secrets-lies","Secrets & Lies","1","https://www.criterion.com/shop/collection/947-jamie-demetriou-s-closet-picks"
"closet:947","Jamie Demetriou’s Closet Picks","https://www.criterion.com/films/28059-the-celebration","The Celebration","2","https://www.criterion.com/shop/collection/947-jamie-demetriou-s-closet-picks"
"closet:947","Jamie Demetriou’s Closet Picks","https://www.criterion.com/films/28830-the-squid-and-the-whale","The Squid and the Whale","3","https://www.criterion.com/shop/collection/947-jamie-demetriou-s-closet-picks"
"closet:947","Jamie Demetriou’s Closet Picks","https://www.criterion.com/films/34134-anatomy-of-a-fall","Anatomy of a Fall","4","https://www.criterion.com/shop/collection/947-jamie-demetriou-s-closet-picks"
"closet:947","Jamie Demetriou’s Closet Picks","https://www.criterion.com/films/27916-punch-drunk-love","Punch-Drunk Love","5","https://www.criterion.com/shop/collection/947-jamie-demetriou-s-closet-picks"
"closet:947","Jamie Demetriou’s Closet Picks","https://www.criterion.com/films/32661-the-worst-person-in-the-world","The Worst Person in the World","6","https://www.criterion.com/shop/collection/947-jamie-demetriou-s-closet-picks"
"closet:947","Jamie Demetriou’s Closet Picks","https://www.criterion.com/films/28055-being-john-malkovich","Being John Malkovich","7","https://www.criterion.com/shop/collection/947-jamie-demetriou-s-closet-picks"
"closet:939","Jim Jarmusch’s Closet Picks","https://www.criterion.com/boxsets/6588-pasolini-101","Pasolini 101","1","https://www.criterion.com/shop/collection/939-jim-jarmusch-s-closet-picks"
"closet:939","Jim Jarmusch’s Closet Picks","https://www.criterion.com/films/33388-werckmeister-harmonies","Werckmeister Harmonies","2","https://www.criterion.com/shop/collection/939-jim-jarmusch-s-closet-picks"
"closet:939","Jim Jarmusch’s Closet Picks","https://www.criterion.com/films/28894-mirror","Mirror","3","https://www.criterion.com/shop/collection/939-jim-jarmusch-s-closet-picks"
"closet:939","Jim Jarmusch’s Closet Picks","https://www.criterion.com/films/28849-black-girl","Black Girl","4","https://www.criterion.com/shop/collection/939-jim-jarmusch-s-closet-picks"
"closet:939","Jim Jarmusch’s Closet Picks","https://www.criterion.com/films/28032-love-streams","Love Streams","5","https://www.criterion.com/shop/collection/939-jim-jarmusch-s-closet-picks"
"closet:939","Jim Jarmusch’s Closet Picks","https://www.criterion.com/films/28429-il-sorpasso","Il sorpasso","6","https://www.criterion.com/shop/collection/939-jim-jarmusch-s-closet-picks"
"closet:939","Jim Jarmusch’s Closet Picks","https://www.criterion.com/films/28600-i-knew-her-well","I Knew Her Well","7","https://www.criterion.com/shop/collection/939-jim-jarmusch-s-closet-picks"
"closet:939","Jim Jarmusch’s Closet Picks","https://www.criterion.com/films/446-pickup-on-south-street","Pickup on South Street","8","https://www.criterion.com/shop/collection/939-jim-jarmusch-s-closet-picks"
"closet:943","Cary Elwes’s Closet Picks","https://www.criterion.com/films/248-the-battle-of-algiers","The Battle of Algiers","1","https://www.criterion.com/shop/collection/943-cary-elwes-s-closet-picks"
"closet:943","Cary Elwes’s Closet Picks","https://www.criterion.com/films/28039-roma","Roma","2","https://www.criterion.com/shop/collection/943-cary-elwes-s-closet-picks"
"closet:943","Cary Elwes’s Closet Picks","https://www.criterion.com/films/28561-all-that-jazz","All That Jazz","3","https://www.criterion.com/shop/collection/943-cary-elwes-s-closet-picks"
"closet:943","Cary Elwes’s Closet Picks","https://www.criterion.com/films/1285-the-hit","The Hit","4","https://www.criterion.com/shop/collection/943-cary-elwes-s-closet-picks"
"closet:943","Cary Elwes’s Closet Picks","https://www.criterion.com/films/28173-odd-man-out","Odd Man Out","5","https://www.criterion.com/shop/collection/943-cary-elwes-s-closet-picks"
"closet:928","Laura Dern’s Closet Picks","https://www.criterion.com/films/712-3-women","3 Women","1","https://www.criterion.com/shop/collection/928-laura-dern-s-closet-picks"
"closet:928","Laura Dern’s Closet Picks","https://www.criterion.com/films/28712-mccabe-mrs-miller","McCabe & Mrs. Miller","2","https://www.criterion.com/shop/collection/928-laura-dern-s-closet-picks"
"closet:928","Laura Dern’s Closet Picks","https://www.criterion.com/films/952-tanner-88","Tanner ’88","3","https://www.criterion.com/shop/collection/928-laura-dern-s-closet-picks"
"closet:928","Laura Dern’s Closet Picks","https://www.criterion.com/boxsets/206-fanny-and-alexander","Fanny and Alexander","4","https://www.criterion.com/shop/collection/928-laura-dern-s-closet-picks"
"closet:928","Laura Dern’s Closet Picks","https://www.criterion.com/films/28491-persona","Persona","5","https://www.criterion.com/shop/collection/928-laura-dern-s-closet-picks"
"closet:928","Laura Dern’s Closet Picks","https://www.criterion.com/films/575-diabolique","Diabolique","6","https://www.criterion.com/shop/collection/928-laura-dern-s-closet-picks"
"closet:928","Laura Dern’s Closet Picks","https://www.criterion.com/films/27933-the-umbrellas-of-cherbourg","The Umbrellas of Cherbourg","7","https://www.criterion.com/shop/collection/928-laura-dern-s-closet-picks"
"closet:928","Laura Dern’s Closet Picks","https://www.criterion.com/films/27949-belle-de-jour","Belle de jour","8","https://www.criterion.com/shop/collection/928-laura-dern-s-closet-picks"
"closet:928","Laura Dern’s Closet Picks","https://www.criterion.com/films/29029-the-philadelphia-story","The Philadelphia Story","9","https://www.criterion.com/shop/collection/928-laura-dern-s-closet-picks"
"closet:928","Laura Dern’s Closet Picks","https://www.criterion.com/films/29285-david-lynch-the-art-life","David Lynch: The Art Life","10","https://www.criterion.com/shop/collection/928-laura-dern-s-closet-picks"
"closet:928","Laura Dern’s Closet Picks","https://www.criterion.com/films/30077-inland-empire","Inland Empire","11","https://www.criterion.com/shop/collection/928-laura-dern-s-closet-picks"
"closet:928","Laura Dern’s Closet Picks","https://www.criterion.com/films/29655-smooth-talk","Smooth Talk","12","https://www.criterion.com/shop/collection/928-laura-dern-s-closet-picks"
"closet:928","Laura Dern’s Closet Picks","https://www.criterion.com/films/30974-real-life","Real Life","13","https://www.criterion.com/shop/collection/928-laura-dern-s-closet-picks"
"closet:928","Laura Dern’s Closet Picks","https://www.criterion.com/films/29634-defending-your-life","Defending Your Life","14","https://www.criterion.com/shop/collection/928-laura-dern-s-closet-picks"
"closet:928","Laura Dern’s Closet Picks","https://www.criterion.com/boxsets/3626-essential-fellini","Essential Fellini","15","https://www.criterion.com/shop/collection/928-laura-dern-s-closet-picks"
"closet:928","Laura Dern’s Closet Picks","https://www.criterion.com/films/30616-scorsese-shorts","Scorsese Shorts","16","https://www.criterion.com/shop/collection/928-laura-dern-s-closet-picks"
"closet:928","Laura Dern’s Closet Picks","https://www.criterion.com/films/27904-the-awful-truth","The Awful Truth","17","https://www.criterion.com/shop/collection/928-laura-dern-s-closet-picks"
"closet:928","Laura Dern’s Closet Picks","https://www.criterion.com/films/286-do-the-right-thing","Do the Right Thing","18","https://www.criterion.com/shop/collection/928-laura-dern-s-closet-picks"
"closet:928","Laura Dern’s Closet Picks","https://www.criterion.com/films/27525-the-night-of-the-hunter","The Night of the Hunter","19","https://www.criterion.com/shop/collection/928-laura-dern-s-closet-picks"
"closet:928","Laura Dern’s Closet Picks","https://www.criterion.com/films/27533-the-last-picture-show","The Last Picture Show","20","https://www.criterion.com/shop/collection/928-laura-dern-s-closet-picks"
"closet:928","Laura Dern’s Closet Picks","https://www.criterion.com/boxsets/769-america-lost-and-found-the-bbs-story","America Lost and Found: The BBS Story","21","https://www.criterion.com/shop/collection/928-laura-dern-s-closet-picks"
"closet:965","Thierry Frémaux’s Closet Picks","https://www.criterion.com/films/149-pierrot-le-fou","Pierrot le fou","1","https://www.criterion.com/shop/collection/965-thierry-fremaux-s-closet-picks"
"closet:965","Thierry Frémaux’s Closet Picks","https://www.criterion.com/boxsets/6702-the-ranown-westerns-five-films-directed-by-budd-boetticher","The Ranown Westerns: Five Films Directed by Budd Boetticher","2","https://www.criterion.com/shop/collection/965-thierry-fremaux-s-closet-picks"
"closet:965","Thierry Frémaux’s Closet Picks","https://www.criterion.com/boxsets/564-eclipse-series-12-aki-kaurismaki-s-proletariat-trilogy","Eclipse Series 12: Aki Kaurismäki’s Proletariat Trilogy","3","https://www.criterion.com/shop/collection/965-thierry-fremaux-s-closet-picks"
"closet:965","Thierry Frémaux’s Closet Picks","https://www.criterion.com/films/29031--round-midnight","’Round Midnight","4","https://www.criterion.com/shop/collection/965-thierry-fremaux-s-closet-picks"
"closet:965","Thierry Frémaux’s Closet Picks","https://www.criterion.com/boxsets/2648-godzilla-the-showa-era-films-1954-1975","Godzilla: The Showa-Era Films, 1954–1975","5","https://www.criterion.com/shop/collection/965-thierry-fremaux-s-closet-picks"
"closet:965","Thierry Frémaux’s Closet Picks","https://www.criterion.com/films/364-il-posto","Il posto","6","https://www.criterion.com/shop/collection/965-thierry-fremaux-s-closet-picks"
"closet:965","Thierry Frémaux’s Closet Picks","https://www.criterion.com/films/27913-la-verite","La vérité","7","https://www.criterion.com/shop/collection/965-thierry-fremaux-s-closet-picks"
"closet:929","Diego Calva’s Closet Picks","https://www.criterion.com/films/1502-paris-texas","Paris, Texas","1","https://www.criterion.com/shop/collection/929-diego-calva-s-closet-picks"
"closet:929","Diego Calva’s Closet Picks","https://www.criterion.com/films/27558-city-lights","City Lights","2","https://www.criterion.com/shop/collection/929-diego-calva-s-closet-picks"
"closet:929","Diego Calva’s Closet Picks","https://www.criterion.com/films/150-8-1-2","8½","3","https://www.criterion.com/shop/collection/929-diego-calva-s-closet-picks"
"closet:929","Diego Calva’s Closet Picks","https://www.criterion.com/films/29632-after-hours","After Hours","4","https://www.criterion.com/shop/collection/929-diego-calva-s-closet-picks"
"closet:929","Diego Calva’s Closet Picks","https://www.criterion.com/films/28770-japon","Japón","5","https://www.criterion.com/shop/collection/929-diego-calva-s-closet-picks"
"closet:929","Diego Calva’s Closet Picks","https://www.criterion.com/films/1076-the-exterminating-angel","The Exterminating Angel","6","https://www.criterion.com/shop/collection/929-diego-calva-s-closet-picks"
"closet:929","Diego Calva’s Closet Picks","https://www.criterion.com/films/28980-the-executioner","The Executioner","7","https://www.criterion.com/shop/collection/929-diego-calva-s-closet-picks"
"closet:929","Diego Calva’s Closet Picks","https://www.criterion.com/films/151-the-400-blows","The 400 Blows","8","https://www.criterion.com/shop/collection/929-diego-calva-s-closet-picks"
"closet:929","Diego Calva’s Closet Picks","https://www.criterion.com/films/29016-gummo","Gummo","9","https://www.criterion.com/shop/collection/929-diego-calva-s-closet-picks"
"closet:929","Diego Calva’s Closet Picks","https://www.criterion.com/films/27541-fish-tank","Fish Tank","10","https://www.criterion.com/shop/collection/929-diego-calva-s-closet-picks"
"closet:929","Diego Calva’s Closet Picks","https://www.criterion.com/boxsets/7581-gregg-araki-s-teen-apocalypse-trilogy","Gregg Araki’s Teen Apocalypse Trilogy","11","https://www.criterion.com/shop/collection/929-diego-calva-s-closet-picks"
"closet:929","Diego Calva’s Closet Picks","https://www.criterion.com/films/408-slacker","Slacker","12","https://www.criterion.com/shop/collection/929-diego-calva-s-closet-picks"
"closet:929","Diego Calva’s Closet Picks","https://www.criterion.com/films/240-videodrome","Videodrome","13","https://www.criterion.com/shop/collection/929-diego-calva-s-closet-picks"
"closet:929","Diego Calva’s Closet Picks","https://www.criterion.com/films/29014-crash","Crash","14","https://www.criterion.com/shop/collection/929-diego-calva-s-closet-picks"
"closet:929","Diego Calva’s Closet Picks","https://www.criterion.com/films/31320-pink-flamingos","Pink Flamingos","15","https://www.criterion.com/shop/collection/929-diego-calva-s-closet-picks"
"closet:929","Diego Calva’s Closet Picks","https://www.criterion.com/films/286-do-the-right-thing","Do the Right Thing","16","https://www.criterion.com/shop/collection/929-diego-calva-s-closet-picks"
"closet:920","Jodie Foster’s Closet Picks","https://www.criterion.com/films/30469-portrait-of-a-lady-on-fire","Portrait of a Lady on Fire","1","https://www.criterion.com/shop/collection/920-jodie-foster-s-closet-picks"
"closet:920","Jodie Foster’s Closet Picks","https://www.criterion.com/films/33467-petite-maman","Petite maman","2","https://www.criterion.com/shop/collection/920-jodie-foster-s-closet-picks"
"closet:920","Jodie Foster’s Closet Picks","https://www.criterion.com/films/30424-the-piano","The Piano","3","https://www.criterion.com/shop/collection/920-jodie-foster-s-closet-picks"
"closet:920","Jodie Foster’s Closet Picks","https://www.criterion.com/films/29305-visions-of-eight","Visions of Eight","4","https://www.criterion.com/shop/collection/920-jodie-foster-s-closet-picks"
"closet:920","Jodie Foster’s Closet Picks","https://www.criterion.com/boxsets/6324-three-films-by-mai-zetterling","Three Films by Mai Zetterling","5","https://www.criterion.com/shop/collection/920-jodie-foster-s-closet-picks"
"closet:920","Jodie Foster’s Closet Picks","https://www.criterion.com/films/30619-parasite","Parasite","6","https://www.criterion.com/shop/collection/920-jodie-foster-s-closet-picks"
"closet:920","Jodie Foster’s Closet Picks","https://www.criterion.com/films/216-la-haine","La haine","7","https://www.criterion.com/shop/collection/920-jodie-foster-s-closet-picks"
"closet:920","Jodie Foster’s Closet Picks","https://www.criterion.com/films/185-la-strada","La strada","8","https://www.criterion.com/shop/collection/920-jodie-foster-s-closet-picks"
"closet:920","Jodie Foster’s Closet Picks","https://www.criterion.com/boxsets/3626-essential-fellini","Essential Fellini","9","https://www.criterion.com/shop/collection/920-jodie-foster-s-closet-picks"
"closet:920","Jodie Foster’s Closet Picks","https://www.criterion.com/films/826-woman-in-the-dunes","Woman in the Dunes","10","https://www.criterion.com/shop/collection/920-jodie-foster-s-closet-picks"
"closet:920","Jodie Foster’s Closet Picks","https://www.criterion.com/films/200-wings-of-desire","Wings of Desire","11","https://www.criterion.com/shop/collection/920-jodie-foster-s-closet-picks"
"closet:920","Jodie Foster’s Closet Picks","https://www.criterion.com/films/839-berlin-alexanderplatz","Berlin Alexanderplatz","12","https://www.criterion.com/shop/collection/920-jodie-foster-s-closet-picks"
"closet:920","Jodie Foster’s Closet Picks","https://www.criterion.com/boxsets/558-john-cassavetes-five-films","John Cassavetes: Five Films","13","https://www.criterion.com/shop/collection/920-jodie-foster-s-closet-picks"
"closet:915","Will Arnett’s Closet Picks","https://www.criterion.com/films/252-stranger-than-paradise","Stranger Than Paradise","1","https://www.criterion.com/shop/collection/915-will-arnett-s-closet-picks"
"closet:915","Will Arnett’s Closet Picks","https://www.criterion.com/films/789-the-tin-drum","The Tin Drum","2","https://www.criterion.com/shop/collection/915-will-arnett-s-closet-picks"
"closet:915","Will Arnett’s Closet Picks","https://www.criterion.com/films/28661-dekalog","Dekalog","3","https://www.criterion.com/shop/collection/915-will-arnett-s-closet-picks"
"closet:915","Will Arnett’s Closet Picks","https://www.criterion.com/films/658-withnail-and-i","Withnail and I","4","https://www.criterion.com/shop/collection/915-will-arnett-s-closet-picks"
"closet:915","Will Arnett’s Closet Picks","https://www.criterion.com/boxsets/558-john-cassavetes-five-films","John Cassavetes: Five Films","5","https://www.criterion.com/shop/collection/915-will-arnett-s-closet-picks"
"closet:915","Will Arnett’s Closet Picks","https://www.criterion.com/films/28658-les-blank-always-for-pleasure","Les Blank: Always for Pleasure","6","https://www.criterion.com/shop/collection/915-will-arnett-s-closet-picks"
"closet:946","Kim Morgan’s Closet Picks","https://www.criterion.com/films/30456-merrily-we-go-to-hell","Merrily We Go to Hell","1","https://www.criterion.com/shop/collection/946-kim-morgan-s-closet-picks"
"closet:946","Kim Morgan’s Closet Picks","https://www.criterion.com/films/28777-something-wild","Something Wild","2","https://www.criterion.com/shop/collection/946-kim-morgan-s-closet-picks"
"closet:946","Kim Morgan’s Closet Picks","https://www.criterion.com/films/29602-leave-her-to-heaven","Leave Her to Heaven","3","https://www.criterion.com/shop/collection/946-kim-morgan-s-closet-picks"
"closet:946","Kim Morgan’s Closet Picks","https://www.criterion.com/films/27915-thirty-two-short-films-about-glenn-gould","Thirty Two Short Films About Glenn Gould","4","https://www.criterion.com/shop/collection/946-kim-morgan-s-closet-picks"
"closet:946","Kim Morgan’s Closet Picks","https://www.criterion.com/films/27916-punch-drunk-love","Punch-Drunk Love","5","https://www.criterion.com/shop/collection/946-kim-morgan-s-closet-picks"
"closet:946","Kim Morgan’s Closet Picks","https://www.criterion.com/films/27620-kiss-me-deadly","Kiss Me Deadly","6","https://www.criterion.com/shop/collection/946-kim-morgan-s-closet-picks"
"closet:946","Kim Morgan’s Closet Picks","https://www.criterion.com/films/27751-the-killing","The Killing","7","https://www.criterion.com/shop/collection/946-kim-morgan-s-closet-picks"
"closet:923","Nicholas Britell’s Closet Picks","https://www.criterion.com/films/34073-the-underground-railroad","The Underground Railroad","1","https://www.criterion.com/shop/collection/923-nicholas-britell-s-closet-picks"
"closet:923","Nicholas Britell’s Closet Picks","https://www.criterion.com/films/32250-citizen-kane","Citizen Kane","2","https://www.criterion.com/shop/collection/923-nicholas-britell-s-closet-picks"
"closet:923","Nicholas Britell’s Closet Picks","https://www.criterion.com/films/214-the-double-life-of-veronique","The Double Life of Véronique","3","https://www.criterion.com/shop/collection/923-nicholas-britell-s-closet-picks"
"closet:923","Nicholas Britell’s Closet Picks","https://www.criterion.com/films/709-tokyo-olympiad","Tokyo Olympiad","4","https://www.criterion.com/shop/collection/923-nicholas-britell-s-closet-picks"
"closet:923","Nicholas Britell’s Closet Picks","https://www.criterion.com/boxsets/77-la-jetee-sans-soleil","La Jetée/Sans Soleil","5","https://www.criterion.com/shop/collection/923-nicholas-britell-s-closet-picks"
"closet:923","Nicholas Britell’s Closet Picks","https://www.criterion.com/films/33245-malcolm-x","Malcolm X","6","https://www.criterion.com/shop/collection/923-nicholas-britell-s-closet-picks"
"closet:937","Shinichiro Watanabe’s Closet Picks","https://www.criterion.com/films/958-the-killing-of-a-chinese-bookie","The Killing of a Chinese Bookie","1","https://www.criterion.com/shop/collection/937-shinichiro-watanabe-s-closet-picks"
"closet:937","Shinichiro Watanabe’s Closet Picks","https://www.criterion.com/films/576-branded-to-kill","Branded to Kill","2","https://www.criterion.com/shop/collection/937-shinichiro-watanabe-s-closet-picks"
"closet:937","Shinichiro Watanabe’s Closet Picks","https://www.criterion.com/films/558-m","M","3","https://www.criterion.com/shop/collection/937-shinichiro-watanabe-s-closet-picks"
"closet:937","Shinichiro Watanabe’s Closet Picks","https://www.criterion.com/boxsets/1069-the-complete-jacques-tati","The Complete Jacques Tati","4","https://www.criterion.com/shop/collection/937-shinichiro-watanabe-s-closet-picks"
"closet:937","Shinichiro Watanabe’s Closet Picks","https://www.criterion.com/boxsets/3205-bruce-lee-his-greatest-hits","Bruce Lee: His Greatest Hits","5","https://www.criterion.com/shop/collection/937-shinichiro-watanabe-s-closet-picks"
"closet:926","Alex Winter’s Closet Picks","https://www.criterion.com/boxsets/2363-the-koker-trilogy","The Koker Trilogy","1","https://www.criterion.com/shop/collection/926-alex-winter-s-closet-picks"
"closet:926","Alex Winter’s Closet Picks","https://www.criterion.com/films/33531-no-bears","No Bears","2","https://www.criterion.com/shop/collection/926-alex-winter-s-closet-picks"
"closet:926","Alex Winter’s Closet Picks","https://www.criterion.com/films/34051-saint-omer","Saint Omer","3","https://www.criterion.com/shop/collection/926-alex-winter-s-closet-picks"
"closet:926","Alex Winter’s Closet Picks","https://www.criterion.com/films/369-ugetsu","Ugetsu","4","https://www.criterion.com/shop/collection/926-alex-winter-s-closet-picks"
"closet:926","Alex Winter’s Closet Picks","https://www.criterion.com/films/777-harlan-county-usa","Harlan County USA","5","https://www.criterion.com/shop/collection/926-alex-winter-s-closet-picks"
"closet:926","Alex Winter’s Closet Picks","https://www.criterion.com/films/33695-el","Él","6","https://www.criterion.com/shop/collection/926-alex-winter-s-closet-picks"
"closet:926","Alex Winter’s Closet Picks","https://www.criterion.com/films/29011-the-cameraman","The Cameraman","7","https://www.criterion.com/shop/collection/926-alex-winter-s-closet-picks"
"closet:912","Ted Danson & Mary Steenburgen’s Closet Picks","https://www.criterion.com/films/333-rushmore","Rushmore","1","https://www.criterion.com/shop/collection/912-ted-danson-mary-steenburgen-s-closet-picks"
"closet:912","Ted Danson & Mary Steenburgen’s Closet Picks","https://www.criterion.com/films/28708-klute","Klute","2","https://www.criterion.com/shop/collection/912-ted-danson-mary-steenburgen-s-closet-picks"
"closet:912","Ted Danson & Mary Steenburgen’s Closet Picks","https://www.criterion.com/films/30246-funny-girl","Funny Girl","3","https://www.criterion.com/shop/collection/912-ted-danson-mary-steenburgen-s-closet-picks"
"closet:912","Ted Danson & Mary Steenburgen’s Closet Picks","https://www.criterion.com/films/29009-being-there","Being There","4","https://www.criterion.com/shop/collection/912-ted-danson-mary-steenburgen-s-closet-picks"
"closet:912","Ted Danson & Mary Steenburgen’s Closet Picks","https://www.criterion.com/films/30077-inland-empire","Inland Empire","5","https://www.criterion.com/shop/collection/912-ted-danson-mary-steenburgen-s-closet-picks"
"closet:912","Ted Danson & Mary Steenburgen’s Closet Picks","https://www.criterion.com/films/345-brief-encounter","Brief Encounter","6","https://www.criterion.com/shop/collection/912-ted-danson-mary-steenburgen-s-closet-picks"
"closet:912","Ted Danson & Mary Steenburgen’s Closet Picks","https://www.criterion.com/films/1078-hobson-s-choice","Hobson’s Choice","7","https://www.criterion.com/shop/collection/912-ted-danson-mary-steenburgen-s-closet-picks"
"closet:912","Ted Danson & Mary Steenburgen’s Closet Picks","https://www.criterion.com/films/28570-my-darling-clementine","My Darling Clementine","8","https://www.criterion.com/shop/collection/912-ted-danson-mary-steenburgen-s-closet-picks"
"closet:901","David Remnick’s Closet Picks","https://www.criterion.com/films/27848-a-man-escaped","A Man Escaped","1","https://www.criterion.com/shop/collection/901-david-remnick-s-closet-picks"
"closet:901","David Remnick’s Closet Picks","https://www.criterion.com/films/32250-citizen-kane","Citizen Kane","2","https://www.criterion.com/shop/collection/901-david-remnick-s-closet-picks"
"closet:901","David Remnick’s Closet Picks","https://www.criterion.com/films/33809-thelonious-monk-straight-no-chaser","Thelonious Monk Straight, No Chaser","3","https://www.criterion.com/shop/collection/901-david-remnick-s-closet-picks"
"closet:901","David Remnick’s Closet Picks","https://www.criterion.com/films/546-burden-of-dreams","Burden of Dreams","4","https://www.criterion.com/shop/collection/901-david-remnick-s-closet-picks"
"closet:901","David Remnick’s Closet Picks","https://www.criterion.com/films/764-shoot-the-piano-player","Shoot the Piano Player","5","https://www.criterion.com/shop/collection/901-david-remnick-s-closet-picks"
"closet:901","David Remnick’s Closet Picks","https://www.criterion.com/boxsets/722-by-brakhage-an-anthology-volumes-one-and-two","By Brakhage: An Anthology, Volumes One and Two","6","https://www.criterion.com/shop/collection/901-david-remnick-s-closet-picks"
"closet:901","David Remnick’s Closet Picks","https://www.criterion.com/films/28773-king-lear","King Lear","7","https://www.criterion.com/shop/collection/901-david-remnick-s-closet-picks"
"closet:901","David Remnick’s Closet Picks","https://www.criterion.com/boxsets/8208-the-wes-anderson-archive-ten-films-twenty-five-years","The Wes Anderson Archive: Ten Films, Twenty-Five Years","8","https://www.criterion.com/shop/collection/901-david-remnick-s-closet-picks"
"closet:901","David Remnick’s Closet Picks","https://www.criterion.com/films/34339-the-french-dispatch-of-the-liberty-kansas-evening-sun","The French Dispatch of the Liberty, Kansas Evening Sun","9","https://www.criterion.com/shop/collection/901-david-remnick-s-closet-picks"
"closet:909","Vince Staples’s Closet Picks","https://www.criterion.com/films/29771-hollywood-shuffle","Hollywood Shuffle","1","https://www.criterion.com/shop/collection/909-vince-staples-s-closet-picks"
"closet:909","Vince Staples’s Closet Picks","https://www.criterion.com/films/240-videodrome","Videodrome","2","https://www.criterion.com/shop/collection/909-vince-staples-s-closet-picks"
"closet:909","Vince Staples’s Closet Picks","https://www.criterion.com/films/33636-the-others","The Others","3","https://www.criterion.com/shop/collection/909-vince-staples-s-closet-picks"
"closet:909","Vince Staples’s Closet Picks","https://www.criterion.com/films/33246-wall-e","WALL·E","4","https://www.criterion.com/shop/collection/909-vince-staples-s-closet-picks"
"closet:909","Vince Staples’s Closet Picks","https://www.criterion.com/boxsets/855-eclipse-series-31-three-popular-films-by-jean-pierre-gorin","Eclipse Series 31: Three Popular Films by Jean-Pierre Gorin","5","https://www.criterion.com/shop/collection/909-vince-staples-s-closet-picks"
"closet:909","Vince Staples’s Closet Picks","https://www.criterion.com/films/30975-jo-jo-dancer-your-life-is-calling","Jo Jo Dancer, Your Life Is Calling","6","https://www.criterion.com/shop/collection/909-vince-staples-s-closet-picks"
"closet:909","Vince Staples’s Closet Picks","https://www.criterion.com/boxsets/4787-melvin-van-peebles-essential-films","Melvin Van Peebles: Essential Films","7","https://www.criterion.com/shop/collection/909-vince-staples-s-closet-picks"
"closet:909","Vince Staples’s Closet Picks","https://www.criterion.com/films/33490-lynch-oz","Lynch/Oz","8","https://www.criterion.com/shop/collection/909-vince-staples-s-closet-picks"
"closet:902","Rian Johnson’s Closet Picks","https://www.criterion.com/films/33189-girlfight","Girlfight","1","https://www.criterion.com/shop/collection/902-rian-johnson-s-closet-picks"
"closet:902","Rian Johnson’s Closet Picks","https://www.criterion.com/films/31500-love-basketball","Love & Basketball","2","https://www.criterion.com/shop/collection/902-rian-johnson-s-closet-picks"
"closet:902","Rian Johnson’s Closet Picks","https://www.criterion.com/films/27550-topsy-turvy","Topsy-Turvy","3","https://www.criterion.com/shop/collection/902-rian-johnson-s-closet-picks"
"closet:902","Rian Johnson’s Closet Picks","https://www.criterion.com/films/28987-hell-s-angels","Hell’s Angels","4","https://www.criterion.com/shop/collection/902-rian-johnson-s-closet-picks"
"closet:895","Rachel Sennott’s Closet Picks","https://www.criterion.com/films/28317-tiny-furniture","Tiny Furniture","1","https://www.criterion.com/shop/collection/895-rachel-sennott-s-closet-picks"
"closet:895","Rachel Sennott’s Closet Picks","https://www.criterion.com/films/30465-happiness","Happiness","2","https://www.criterion.com/shop/collection/895-rachel-sennott-s-closet-picks"
"closet:895","Rachel Sennott’s Closet Picks","https://www.criterion.com/films/29101-women-on-the-verge-of-a-nervous-breakdown","Women on the Verge of a Nervous Breakdown","3","https://www.criterion.com/shop/collection/895-rachel-sennott-s-closet-picks"
"closet:895","Rachel Sennott’s Closet Picks","https://www.criterion.com/films/27916-punch-drunk-love","Punch-Drunk Love","4","https://www.criterion.com/shop/collection/895-rachel-sennott-s-closet-picks"
"closet:895","Rachel Sennott’s Closet Picks","https://www.criterion.com/films/32358-to-die-for","To Die For","5","https://www.criterion.com/shop/collection/895-rachel-sennott-s-closet-picks"
"closet:933","Cameron Crowe’s Closet Picks","https://www.criterion.com/boxsets/326-the-complete-monterey-pop-festival","The Complete Monterey Pop Festival","1","https://www.criterion.com/shop/collection/933-cameron-crowe-s-closet-picks"
"closet:933","Cameron Crowe’s Closet Picks","https://www.criterion.com/films/30464-fast-times-at-ridgemont-high","Fast Times at Ridgemont High","2","https://www.criterion.com/shop/collection/933-cameron-crowe-s-closet-picks"
"closet:933","Cameron Crowe’s Closet Picks","https://www.criterion.com/films/32661-the-worst-person-in-the-world","The Worst Person in the World","3","https://www.criterion.com/shop/collection/933-cameron-crowe-s-closet-picks"
"closet:933","Cameron Crowe’s Closet Picks","https://www.criterion.com/films/781-yi-yi","Yi Yi","4","https://www.criterion.com/shop/collection/933-cameron-crowe-s-closet-picks"
"closet:933","Cameron Crowe’s Closet Picks","https://www.criterion.com/films/28109-carnal-knowledge","Carnal Knowledge","5","https://www.criterion.com/shop/collection/933-cameron-crowe-s-closet-picks"
"closet:933","Cameron Crowe’s Closet Picks","https://www.criterion.com/boxsets/8208-the-wes-anderson-archive-ten-films-twenty-five-years","The Wes Anderson Archive: Ten Films, Twenty-Five Years","6","https://www.criterion.com/shop/collection/933-cameron-crowe-s-closet-picks"
"closet:933","Cameron Crowe’s Closet Picks","https://www.criterion.com/films/28426-medium-cool","Medium Cool","7","https://www.criterion.com/shop/collection/933-cameron-crowe-s-closet-picks"
"closet:914","Florence Welch’s Closet Picks","https://www.criterion.com/films/565-picnic-at-hanging-rock","Picnic at Hanging Rock","1","https://www.criterion.com/shop/collection/914-florence-welch-s-closet-picks"
"closet:914","Florence Welch’s Closet Picks","https://www.criterion.com/films/658-withnail-and-i","Withnail and I","2","https://www.criterion.com/shop/collection/914-florence-welch-s-closet-picks"
"closet:914","Florence Welch’s Closet Picks","https://www.criterion.com/films/233-the-red-shoes","The Red Shoes","3","https://www.criterion.com/shop/collection/914-florence-welch-s-closet-picks"
"closet:914","Florence Welch’s Closet Picks","https://www.criterion.com/films/28404-pina","Pina","4","https://www.criterion.com/shop/collection/914-florence-welch-s-closet-picks"
"closet:914","Florence Welch’s Closet Picks","https://www.criterion.com/films/27860-valerie-and-her-week-of-wonders","Valerie and Her Week of Wonders","5","https://www.criterion.com/shop/collection/914-florence-welch-s-closet-picks"
"closet:914","Florence Welch’s Closet Picks","https://www.criterion.com/films/27771-i-married-a-witch","I Married a Witch","6","https://www.criterion.com/shop/collection/914-florence-welch-s-closet-picks"
"closet:914","Florence Welch’s Closet Picks","https://www.criterion.com/films/352-haxan","Häxan","7","https://www.criterion.com/shop/collection/914-florence-welch-s-closet-picks"
"closet:914","Florence Welch’s Closet Picks","https://www.criterion.com/films/317-this-is-spinal-tap","This Is Spinal Tap","8","https://www.criterion.com/shop/collection/914-florence-welch-s-closet-picks"
"closet:910","Lucy Liu’s Closet Picks","https://www.criterion.com/boxsets/6970-jackie-chan-emergence-of-a-superstar","Jackie Chan: Emergence of a Superstar","1","https://www.criterion.com/shop/collection/910-lucy-liu-s-closet-picks"
"closet:910","Lucy Liu’s Closet Picks","https://www.criterion.com/films/30124-roma","Roma","2","https://www.criterion.com/shop/collection/910-lucy-liu-s-closet-picks"
"closet:910","Lucy Liu’s Closet Picks","https://www.criterion.com/boxsets/3205-bruce-lee-his-greatest-hits","Bruce Lee: His Greatest Hits","3","https://www.criterion.com/shop/collection/910-lucy-liu-s-closet-picks"
"closet:910","Lucy Liu’s Closet Picks","https://www.criterion.com/films/27899-on-the-waterfront","On the Waterfront","4","https://www.criterion.com/shop/collection/910-lucy-liu-s-closet-picks"
"closet:910","Lucy Liu’s Closet Picks","https://www.criterion.com/films/30526-the-grifters","The Grifters","5","https://www.criterion.com/shop/collection/910-lucy-liu-s-closet-picks"
"closet:910","Lucy Liu’s Closet Picks","https://www.criterion.com/films/198-in-the-mood-for-love","In the Mood for Love","6","https://www.criterion.com/shop/collection/910-lucy-liu-s-closet-picks"
"closet:882","June Squibb’s Closet Picks","https://www.criterion.com/films/165-seven-samurai","Seven Samurai","1","https://www.criterion.com/shop/collection/882-june-squibb-s-closet-picks"
"closet:882","June Squibb’s Closet Picks","https://www.criterion.com/boxsets/590-yojimbo-sanjuro-two-samurai-films-by-akira-kurosawa","Yojimbo / Sanjuro: Two Samurai Films by Akira Kurosawa","2","https://www.criterion.com/shop/collection/882-june-squibb-s-closet-picks"
"closet:882","June Squibb’s Closet Picks","https://www.criterion.com/films/575-diabolique","Diabolique","3","https://www.criterion.com/shop/collection/882-june-squibb-s-closet-picks"
"closet:882","June Squibb’s Closet Picks","https://www.criterion.com/films/683-children-of-paradise","Children of Paradise","4","https://www.criterion.com/shop/collection/882-june-squibb-s-closet-picks"
"closet:882","June Squibb’s Closet Picks","https://www.criterion.com/films/30643-shaft","Shaft","5","https://www.criterion.com/shop/collection/882-june-squibb-s-closet-picks"
"closet:882","June Squibb’s Closet Picks","https://www.criterion.com/films/28792-buena-vista-social-club","Buena Vista Social Club","6","https://www.criterion.com/shop/collection/882-june-squibb-s-closet-picks"
"closet:882","June Squibb’s Closet Picks","https://www.criterion.com/films/29647-paris-is-burning","Paris Is Burning","7","https://www.criterion.com/shop/collection/882-june-squibb-s-closet-picks"
"closet:882","June Squibb’s Closet Picks","https://www.criterion.com/films/28834-the-age-of-innocence","The Age of Innocence","8","https://www.criterion.com/shop/collection/882-june-squibb-s-closet-picks"
"closet:882","June Squibb’s Closet Picks","https://www.criterion.com/boxsets/2648-godzilla-the-showa-era-films-1954-1975","Godzilla: The Showa-Era Films, 1954–1975","9","https://www.criterion.com/shop/collection/882-june-squibb-s-closet-picks"
"closet:894","Kathryn Bigelow’s Closet Picks","https://www.criterion.com/films/29614-detour","Detour","1","https://www.criterion.com/shop/collection/894-kathryn-bigelow-s-closet-picks"
"closet:894","Kathryn Bigelow’s Closet Picks","https://www.criterion.com/films/248-the-battle-of-algiers","The Battle of Algiers","2","https://www.criterion.com/shop/collection/894-kathryn-bigelow-s-closet-picks"
"closet:894","Kathryn Bigelow’s Closet Picks","https://www.criterion.com/films/730-straw-dogs","Straw Dogs","3","https://www.criterion.com/shop/collection/894-kathryn-bigelow-s-closet-picks"
"closet:894","Kathryn Bigelow’s Closet Picks","https://www.criterion.com/films/153-army-of-shadows","Army of Shadows","4","https://www.criterion.com/shop/collection/894-kathryn-bigelow-s-closet-picks"
"closet:894","Kathryn Bigelow’s Closet Picks","https://www.criterion.com/films/27873-the-confession","The Confession","5","https://www.criterion.com/shop/collection/894-kathryn-bigelow-s-closet-picks"
"closet:894","Kathryn Bigelow’s Closet Picks","https://www.criterion.com/films/217-hiroshima-mon-amour","Hiroshima mon amour","6","https://www.criterion.com/shop/collection/894-kathryn-bigelow-s-closet-picks"
"closet:894","Kathryn Bigelow’s Closet Picks","https://www.criterion.com/films/682-notorious","Notorious","7","https://www.criterion.com/shop/collection/894-kathryn-bigelow-s-closet-picks"
"closet:894","Kathryn Bigelow’s Closet Picks","https://www.criterion.com/films/28001-the-lodger-a-story-of-the-london-fog","The Lodger: A Story of the London Fog","8","https://www.criterion.com/shop/collection/894-kathryn-bigelow-s-closet-picks"
"closet:881","Jason Bateman’s Closet Picks","https://www.criterion.com/films/30908-amores-perros","Amores perros","1","https://www.criterion.com/shop/collection/881-jason-bateman-s-closet-picks"
"closet:881","Jason Bateman’s Closet Picks","https://www.criterion.com/films/29154-moonstruck","Moonstruck","2","https://www.criterion.com/shop/collection/881-jason-bateman-s-closet-picks"
"closet:881","Jason Bateman’s Closet Picks","https://www.criterion.com/boxsets/844-three-colors","Three Colors","3","https://www.criterion.com/shop/collection/881-jason-bateman-s-closet-picks"
"closet:881","Jason Bateman’s Closet Picks","https://www.criterion.com/films/28708-klute","Klute","4","https://www.criterion.com/shop/collection/881-jason-bateman-s-closet-picks"
"closet:881","Jason Bateman’s Closet Picks","https://www.criterion.com/films/29008-barry-lyndon","Barry Lyndon","5","https://www.criterion.com/shop/collection/881-jason-bateman-s-closet-picks"
"closet:881","Jason Bateman’s Closet Picks","https://www.criterion.com/films/28836-funny-games","Funny Games","6","https://www.criterion.com/shop/collection/881-jason-bateman-s-closet-picks"
"closet:881","Jason Bateman’s Closet Picks","https://www.criterion.com/films/29009-being-there","Being There","7","https://www.criterion.com/shop/collection/881-jason-bateman-s-closet-picks"
"closet:881","Jason Bateman’s Closet Picks","https://www.criterion.com/films/28821-shampoo","Shampoo","8","https://www.criterion.com/shop/collection/881-jason-bateman-s-closet-picks"
"closet:898","Nia DaCosta’s Closet Picks","https://www.criterion.com/films/31500-love-basketball","Love & Basketball","1","https://www.criterion.com/shop/collection/898-nia-dacosta-s-closet-picks"
"closet:898","Nia DaCosta’s Closet Picks","https://www.criterion.com/films/28895-come-and-see","Come and See","2","https://www.criterion.com/shop/collection/898-nia-dacosta-s-closet-picks"
"closet:898","Nia DaCosta’s Closet Picks","https://www.criterion.com/films/547-the-cranes-are-flying","The Cranes Are Flying","3","https://www.criterion.com/shop/collection/898-nia-dacosta-s-closet-picks"
"closet:898","Nia DaCosta’s Closet Picks","https://www.criterion.com/films/29008-barry-lyndon","Barry Lyndon","4","https://www.criterion.com/shop/collection/898-nia-dacosta-s-closet-picks"
"closet:898","Nia DaCosta’s Closet Picks","https://www.criterion.com/films/473-summer-hours","Summer Hours","5","https://www.criterion.com/shop/collection/898-nia-dacosta-s-closet-picks"
"closet:898","Nia DaCosta’s Closet Picks","https://www.criterion.com/films/33332-the-power-of-the-dog","The Power of the Dog","6","https://www.criterion.com/shop/collection/898-nia-dacosta-s-closet-picks"
"closet:898","Nia DaCosta’s Closet Picks","https://www.criterion.com/boxsets/3432-the-complete-films-of-agnes-varda","The Complete Films of Agnès Varda","7","https://www.criterion.com/shop/collection/898-nia-dacosta-s-closet-picks"
"closet:898","Nia DaCosta’s Closet Picks","https://www.criterion.com/films/28851-phoenix","Phoenix","8","https://www.criterion.com/shop/collection/898-nia-dacosta-s-closet-picks"
"closet:898","Nia DaCosta’s Closet Picks","https://www.criterion.com/films/29237-twin-peaks-fire-walk-with-me","Twin Peaks: Fire Walk with Me","9","https://www.criterion.com/shop/collection/898-nia-dacosta-s-closet-picks"
"closet:900","Yorgos Lanthimos’s Closet Picks","https://www.criterion.com/films/30077-inland-empire","Inland Empire","1","https://www.criterion.com/shop/collection/900-yorgos-lanthimos-s-closet-picks"
"closet:900","Yorgos Lanthimos’s Closet Picks","https://www.criterion.com/films/28109-carnal-knowledge","Carnal Knowledge","2","https://www.criterion.com/shop/collection/900-yorgos-lanthimos-s-closet-picks"
"closet:900","Yorgos Lanthimos’s Closet Picks","https://www.criterion.com/films/27895-mikey-and-nicky","Mikey and Nicky","3","https://www.criterion.com/shop/collection/900-yorgos-lanthimos-s-closet-picks"
"closet:900","Yorgos Lanthimos’s Closet Picks","https://www.criterion.com/films/33537-black-god-white-devil","Black God, White Devil","4","https://www.criterion.com/shop/collection/900-yorgos-lanthimos-s-closet-picks"
"closet:900","Yorgos Lanthimos’s Closet Picks","https://www.criterion.com/films/28491-persona","Persona","5","https://www.criterion.com/shop/collection/900-yorgos-lanthimos-s-closet-picks"
"closet:900","Yorgos Lanthimos’s Closet Picks","https://www.criterion.com/boxsets/3900-three-films-by-luis-bunuel","Three Films by Luis Buñuel","6","https://www.criterion.com/shop/collection/900-yorgos-lanthimos-s-closet-picks"
"closet:880","Benny Safdie’s Closet Picks","https://www.criterion.com/films/29368-the-princess-bride","The Princess Bride","1","https://www.criterion.com/shop/collection/880-benny-safdie-s-closet-picks"
"closet:880","Benny Safdie’s Closet Picks","https://www.criterion.com/films/28029-the-war-room","The War Room","2","https://www.criterion.com/shop/collection/880-benny-safdie-s-closet-picks"
"closet:880","Benny Safdie’s Closet Picks","https://www.criterion.com/films/30086-when-we-were-kings","When We Were Kings","3","https://www.criterion.com/shop/collection/880-benny-safdie-s-closet-picks"
"closet:880","Benny Safdie’s Closet Picks","https://www.criterion.com/boxsets/1186-wim-wenders-the-road-trilogy","Wim Wenders: The Road Trilogy","4","https://www.criterion.com/shop/collection/880-benny-safdie-s-closet-picks"
"closet:880","Benny Safdie’s Closet Picks","https://www.criterion.com/films/28109-carnal-knowledge","Carnal Knowledge","5","https://www.criterion.com/shop/collection/880-benny-safdie-s-closet-picks"
"closet:880","Benny Safdie’s Closet Picks","https://www.criterion.com/films/34685-flow","Flow","6","https://www.criterion.com/shop/collection/880-benny-safdie-s-closet-picks"
"closet:880","Benny Safdie’s Closet Picks","https://www.criterion.com/boxsets/6993-the-red-balloon-and-other-stories-five-films-by-albert-lamorisse","The Red Balloon and Other Stories: Five Films by Albert Lamorisse","7","https://www.criterion.com/shop/collection/880-benny-safdie-s-closet-picks"
"closet:880","Benny Safdie’s Closet Picks","https://www.criterion.com/films/28827-husbands","Husbands","8","https://www.criterion.com/shop/collection/880-benny-safdie-s-closet-picks"
"closet:880","Benny Safdie’s Closet Picks","https://www.criterion.com/films/29149-the-great-escape","The Great Escape","9","https://www.criterion.com/shop/collection/880-benny-safdie-s-closet-picks"
"closet:879","Tracy Letts’s Closet Picks","https://www.criterion.com/films/629-kwaidan","Kwaidan","1","https://www.criterion.com/shop/collection/879-tracy-letts-s-closet-picks"
"closet:879","Tracy Letts’s Closet Picks","https://www.criterion.com/films/286-do-the-right-thing","Do the Right Thing","2","https://www.criterion.com/shop/collection/879-tracy-letts-s-closet-picks"
"closet:879","Tracy Letts’s Closet Picks","https://www.criterion.com/films/906-hoop-dreams","Hoop Dreams","3","https://www.criterion.com/shop/collection/879-tracy-letts-s-closet-picks"
"closet:879","Tracy Letts’s Closet Picks","https://www.criterion.com/films/839-berlin-alexanderplatz","Berlin Alexanderplatz","4","https://www.criterion.com/shop/collection/879-tracy-letts-s-closet-picks"
"closet:879","Tracy Letts’s Closet Picks","https://www.criterion.com/films/28997-winchester-73","Winchester ’73","5","https://www.criterion.com/shop/collection/879-tracy-letts-s-closet-picks"
"closet:879","Tracy Letts’s Closet Picks","https://www.criterion.com/films/28046-red-river","Red River","6","https://www.criterion.com/shop/collection/879-tracy-letts-s-closet-picks"
"closet:879","Tracy Letts’s Closet Picks","https://www.criterion.com/boxsets/6702-the-ranown-westerns-five-films-directed-by-budd-boetticher","The Ranown Westerns: Five Films Directed by Budd Boetticher","7","https://www.criterion.com/shop/collection/879-tracy-letts-s-closet-picks"
"closet:879","Tracy Letts’s Closet Picks","https://www.criterion.com/films/29031--round-midnight","’Round Midnight","8","https://www.criterion.com/shop/collection/879-tracy-letts-s-closet-picks"
"closet:879","Tracy Letts’s Closet Picks","https://www.criterion.com/films/33809-thelonious-monk-straight-no-chaser","Thelonious Monk Straight, No Chaser","9","https://www.criterion.com/shop/collection/879-tracy-letts-s-closet-picks"
"closet:879","Tracy Letts’s Closet Picks","https://www.criterion.com/films/29146-choose-me","Choose Me","10","https://www.criterion.com/shop/collection/879-tracy-letts-s-closet-picks"
"closet:879","Tracy Letts’s Closet Picks","https://www.criterion.com/films/31501-love-jones","love jones","11","https://www.criterion.com/shop/collection/879-tracy-letts-s-closet-picks"
"closet:879","Tracy Letts’s Closet Picks","https://www.criterion.com/films/767-the-complete-mr-arkadin","The Complete Mr. Arkadin","12","https://www.criterion.com/shop/collection/879-tracy-letts-s-closet-picks"
"closet:916","Lav Diaz’s Closet Picks","https://www.criterion.com/films/31590-lost-highway","Lost Highway","1","https://www.criterion.com/shop/collection/916-lav-diaz-s-closet-picks"
"closet:916","Lav Diaz’s Closet Picks","https://www.criterion.com/boxsets/1145-the-apu-trilogy","The Apu Trilogy","2","https://www.criterion.com/shop/collection/916-lav-diaz-s-closet-picks"
"closet:916","Lav Diaz’s Closet Picks","https://www.criterion.com/films/790-the-leopard","The Leopard","3","https://www.criterion.com/shop/collection/916-lav-diaz-s-closet-picks"
"closet:916","Lav Diaz’s Closet Picks","https://www.criterion.com/films/184-le-samourai","Le samouraï","4","https://www.criterion.com/shop/collection/916-lav-diaz-s-closet-picks"
"closet:916","Lav Diaz’s Closet Picks","https://www.criterion.com/boxsets/3626-essential-fellini","Essential Fellini","5","https://www.criterion.com/shop/collection/916-lav-diaz-s-closet-picks"
"closet:916","Lav Diaz’s Closet Picks","https://www.criterion.com/boxsets/1427-ingmar-bergman-s-cinema","Ingmar Bergman’s Cinema","6","https://www.criterion.com/shop/collection/916-lav-diaz-s-closet-picks"
"closet:916","Lav Diaz’s Closet Picks","https://www.criterion.com/films/33466-i-am-cuba","I Am Cuba","7","https://www.criterion.com/shop/collection/916-lav-diaz-s-closet-picks"
"closet:916","Lav Diaz’s Closet Picks","https://www.criterion.com/films/33388-werckmeister-harmonies","Werckmeister Harmonies","8","https://www.criterion.com/shop/collection/916-lav-diaz-s-closet-picks"
"closet:916","Lav Diaz’s Closet Picks","https://www.criterion.com/films/220-naked","Naked","9","https://www.criterion.com/shop/collection/916-lav-diaz-s-closet-picks"
"closet:916","Lav Diaz’s Closet Picks","https://www.criterion.com/films/28491-persona","Persona","10","https://www.criterion.com/shop/collection/916-lav-diaz-s-closet-picks"
"closet:916","Lav Diaz’s Closet Picks","https://www.criterion.com/films/369-ugetsu","Ugetsu","11","https://www.criterion.com/shop/collection/916-lav-diaz-s-closet-picks"
"closet:916","Lav Diaz’s Closet Picks","https://www.criterion.com/boxsets/704-letters-from-fontainhas-three-films-by-pedro-costa","Letters from Fontainhas: Three Films by Pedro Costa","12","https://www.criterion.com/shop/collection/916-lav-diaz-s-closet-picks"
"closet:916","Lav Diaz’s Closet Picks","https://www.criterion.com/shop/product/18-criterion-collection-tote-bag","Criterion Collection Tote Bag","13","https://www.criterion.com/shop/collection/916-lav-diaz-s-closet-picks"
"closet:917","Jafar Panahi’s Closet Picks","https://www.criterion.com/films/210-bicycle-thieves","Bicycle Thieves","1","https://www.criterion.com/shop/collection/917-jafar-panahi-s-closet-picks"
"closet:924","Charli XCX’s Closet Picks","https://www.criterion.com/films/29639-celine-and-julie-go-boating","Céline and Julie Go Boating","1","https://www.criterion.com/shop/collection/924-charli-xcx-s-closet-picks"
"closet:924","Charli XCX’s Closet Picks","https://www.criterion.com/films/34881-the-shrouds","The Shrouds","2","https://www.criterion.com/shop/collection/924-charli-xcx-s-closet-picks"
"closet:924","Charli XCX’s Closet Picks","https://www.criterion.com/films/28111-la-notte","La notte","3","https://www.criterion.com/shop/collection/924-charli-xcx-s-closet-picks"
"closet:924","Charli XCX’s Closet Picks","https://www.criterion.com/films/605-autumn-sonata","Autumn Sonata","4","https://www.criterion.com/shop/collection/924-charli-xcx-s-closet-picks"
"closet:887","Edgar Wright’s Closet Picks","https://www.criterion.com/films/632-black-narcissus","Black Narcissus","1","https://www.criterion.com/shop/collection/887-edgar-wright-s-closet-picks"
"closet:887","Edgar Wright’s Closet Picks","https://www.criterion.com/films/27603-something-wild","Something Wild","2","https://www.criterion.com/shop/collection/887-edgar-wright-s-closet-picks"
"closet:887","Edgar Wright’s Closet Picks","https://www.criterion.com/films/28547-a-hard-day-s-night","A Hard Day’s Night","3","https://www.criterion.com/shop/collection/887-edgar-wright-s-closet-picks"
"closet:887","Edgar Wright’s Closet Picks","https://www.criterion.com/boxsets/7974-the-three-musketeers-the-four-musketeers-two-films-by-richard-lester","The Three Musketeers / The Four Musketeers: Two Films by Richard Lester","4","https://www.criterion.com/shop/collection/887-edgar-wright-s-closet-picks"
"closet:887","Edgar Wright’s Closet Picks","https://www.criterion.com/boxsets/769-america-lost-and-found-the-bbs-story","America Lost and Found: The BBS Story","5","https://www.criterion.com/shop/collection/887-edgar-wright-s-closet-picks"
"closet:887","Edgar Wright’s Closet Picks","https://www.criterion.com/films/571-the-earrings-of-madame-de","The Earrings of Madame de . . .","6","https://www.criterion.com/shop/collection/887-edgar-wright-s-closet-picks"
"closet:887","Edgar Wright’s Closet Picks","https://www.criterion.com/boxsets/1554-police-story-police-story-2","Police Story / Police Story 2","7","https://www.criterion.com/shop/collection/887-edgar-wright-s-closet-picks"
"closet:905","Bi Gan’s Closet Picks","https://www.criterion.com/films/946-youth-of-the-beast","Youth of the Beast","1","https://www.criterion.com/shop/collection/905-bi-gan-s-closet-picks"
"closet:905","Bi Gan’s Closet Picks","https://www.criterion.com/films/28880-tampopo","Tampopo","2","https://www.criterion.com/shop/collection/905-bi-gan-s-closet-picks"
"closet:905","Bi Gan’s Closet Picks","https://www.criterion.com/boxsets/1069-the-complete-jacques-tati","The Complete Jacques Tati","3","https://www.criterion.com/shop/collection/905-bi-gan-s-closet-picks"
"closet:905","Bi Gan’s Closet Picks","https://www.criterion.com/films/27804-master-of-the-house","Master of the House","4","https://www.criterion.com/shop/collection/905-bi-gan-s-closet-picks"
"closet:905","Bi Gan’s Closet Picks","https://www.criterion.com/films/150-8-1-2","8½","5","https://www.criterion.com/shop/collection/905-bi-gan-s-closet-picks"
"closet:891","Kahlil Joseph’s Closet Picks","https://www.criterion.com/films/213-days-of-heaven","Days of Heaven","1","https://www.criterion.com/shop/collection/891-kahlil-joseph-s-closet-picks"
"closet:891","Kahlil Joseph’s Closet Picks","https://www.criterion.com/films/29219-the-color-of-pomegranates","The Color of Pomegranates","2","https://www.criterion.com/shop/collection/891-kahlil-joseph-s-closet-picks"
"closet:891","Kahlil Joseph’s Closet Picks","https://www.criterion.com/films/781-yi-yi","Yi Yi","3","https://www.criterion.com/shop/collection/891-kahlil-joseph-s-closet-picks"
"closet:891","Kahlil Joseph’s Closet Picks","https://www.criterion.com/films/28880-tampopo","Tampopo","4","https://www.criterion.com/shop/collection/891-kahlil-joseph-s-closet-picks"
"closet:891","Kahlil Joseph’s Closet Picks","https://www.criterion.com/films/709-tokyo-olympiad","Tokyo Olympiad","5","https://www.criterion.com/shop/collection/891-kahlil-joseph-s-closet-picks"
"closet:877","Luca Guadagnino’s Closet Picks","https://www.criterion.com/boxsets/4117-world-of-wong-kar-wai","World of Wong Kar Wai","1","https://www.criterion.com/shop/collection/877-luca-guadagnino-s-closet-picks"
"closet:877","Luca Guadagnino’s Closet Picks","https://www.criterion.com/films/533-the-naked-kiss","The Naked Kiss","2","https://www.criterion.com/shop/collection/877-luca-guadagnino-s-closet-picks"
"closet:877","Luca Guadagnino’s Closet Picks","https://www.criterion.com/films/548-fat-girl","Fat Girl","3","https://www.criterion.com/shop/collection/877-luca-guadagnino-s-closet-picks"
"closet:877","Luca Guadagnino’s Closet Picks","https://www.criterion.com/films/612-the-last-temptation-of-christ","The Last Temptation of Christ","4","https://www.criterion.com/shop/collection/877-luca-guadagnino-s-closet-picks"
"closet:877","Luca Guadagnino’s Closet Picks","https://www.criterion.com/films/32722-cairo-station","Cairo Station","5","https://www.criterion.com/shop/collection/877-luca-guadagnino-s-closet-picks"
"closet:877","Luca Guadagnino’s Closet Picks","https://www.criterion.com/films/34370-sorcerer","Sorcerer","6","https://www.criterion.com/shop/collection/877-luca-guadagnino-s-closet-picks"
"closet:877","Luca Guadagnino’s Closet Picks","https://www.criterion.com/films/29466-night-moves","Night Moves","7","https://www.criterion.com/shop/collection/877-luca-guadagnino-s-closet-picks"
"closet:976","Carla Simón’s Closet Picks","https://www.criterion.com/films/27745-el-sur","El Sur","1","https://www.criterion.com/shop/collection/976-carla-simon-s-closet-picks"
"closet:976","Carla Simón’s Closet Picks","https://www.criterion.com/films/29450-wanda","Wanda","2","https://www.criterion.com/shop/collection/976-carla-simon-s-closet-picks"
"closet:976","Carla Simón’s Closet Picks","https://www.criterion.com/films/522-walkabout","Walkabout","3","https://www.criterion.com/shop/collection/976-carla-simon-s-closet-picks"
"closet:976","Carla Simón’s Closet Picks","https://www.criterion.com/films/371-umberto-d","Umberto D.","4","https://www.criterion.com/shop/collection/976-carla-simon-s-closet-picks"
"closet:976","Carla Simón’s Closet Picks","https://www.criterion.com/films/28599-the-tree-of-wooden-clogs","The Tree of Wooden Clogs","5","https://www.criterion.com/shop/collection/976-carla-simon-s-closet-picks"
"closet:976","Carla Simón’s Closet Picks","https://www.criterion.com/films/34803-vermiglio","Vermiglio","6","https://www.criterion.com/shop/collection/976-carla-simon-s-closet-picks"
"closet:976","Carla Simón’s Closet Picks","https://www.criterion.com/films/29646-beau-travail","Beau travail","7","https://www.criterion.com/shop/collection/976-carla-simon-s-closet-picks"
"closet:976","Carla Simón’s Closet Picks","https://www.criterion.com/boxsets/6324-three-films-by-mai-zetterling","Three Films by Mai Zetterling","8","https://www.criterion.com/shop/collection/976-carla-simon-s-closet-picks"
"closet:897","Derek Cianfrance’s Closet Picks","https://www.criterion.com/films/376-short-cuts","Short Cuts","1","https://www.criterion.com/shop/collection/897-derek-cianfrance-s-closet-picks"
"closet:897","Derek Cianfrance’s Closet Picks","https://www.criterion.com/films/29567-to-sleep-with-anger","To Sleep with Anger","2","https://www.criterion.com/shop/collection/897-derek-cianfrance-s-closet-picks"
"closet:897","Derek Cianfrance’s Closet Picks","https://www.criterion.com/boxsets/6911-freaks-the-unknown-the-mystic-tod-browning-s-sideshow-shockers","Freaks / The Unknown / The Mystic: Tod Browning’s Sideshow Shockers","3","https://www.criterion.com/shop/collection/897-derek-cianfrance-s-closet-picks"
"closet:897","Derek Cianfrance’s Closet Picks","https://www.criterion.com/boxsets/6588-pasolini-101","Pasolini 101","4","https://www.criterion.com/shop/collection/897-derek-cianfrance-s-closet-picks"
"closet:897","Derek Cianfrance’s Closet Picks","https://www.criterion.com/boxsets/722-by-brakhage-an-anthology-volumes-one-and-two","By Brakhage: An Anthology, Volumes One and Two","5","https://www.criterion.com/shop/collection/897-derek-cianfrance-s-closet-picks"
"closet:897","Derek Cianfrance’s Closet Picks","https://www.criterion.com/films/28353-certified-copy","Certified Copy","6","https://www.criterion.com/shop/collection/897-derek-cianfrance-s-closet-picks"
"closet:890","Claire Danes’s Closet Picks","https://www.criterion.com/films/29162-some-like-it-hot","Some Like It Hot","1","https://www.criterion.com/shop/collection/890-claire-danes-s-closet-picks"
"closet:890","Claire Danes’s Closet Picks","https://www.criterion.com/films/29272-the-breakfast-club","The Breakfast Club","2","https://www.criterion.com/shop/collection/890-claire-danes-s-closet-picks"
"closet:890","Claire Danes’s Closet Picks","https://www.criterion.com/films/29634-defending-your-life","Defending Your Life","3","https://www.criterion.com/shop/collection/890-claire-danes-s-closet-picks"
"closet:890","Claire Danes’s Closet Picks","https://www.criterion.com/films/33803-dogfight","Dogfight","4","https://www.criterion.com/shop/collection/890-claire-danes-s-closet-picks"
"closet:890","Claire Danes’s Closet Picks","https://www.criterion.com/boxsets/4430-streetwise-tiny-the-life-of-erin-blackwell","Streetwise / Tiny: The Life of Erin Blackwell","5","https://www.criterion.com/shop/collection/890-claire-danes-s-closet-picks"
"closet:890","Claire Danes’s Closet Picks","https://www.criterion.com/films/510-a-woman-under-the-influence","A Woman Under the Influence","6","https://www.criterion.com/shop/collection/890-claire-danes-s-closet-picks"
"closet:890","Claire Danes’s Closet Picks","https://www.criterion.com/films/30526-the-grifters","The Grifters","7","https://www.criterion.com/shop/collection/890-claire-danes-s-closet-picks"
"closet:941","Sergei Loznitsa’s Closet Picks","https://www.criterion.com/films/684-le-corbeau","Le Corbeau","1","https://www.criterion.com/shop/collection/941-sergei-loznitsa-s-closet-picks"
"closet:941","Sergei Loznitsa’s Closet Picks","https://www.criterion.com/films/532-salo-or-the-120-days-of-sodom","Salò, or The 120 Days of Sodom","2","https://www.criterion.com/shop/collection/941-sergei-loznitsa-s-closet-picks"
"closet:941","Sergei Loznitsa’s Closet Picks","https://www.criterion.com/boxsets/7479-brief-encounters-the-long-farewell-two-films-by-kira-muratova","Brief Encounters / The Long Farewell: Two Films by Kira Muratova","3","https://www.criterion.com/shop/collection/941-sergei-loznitsa-s-closet-picks"
"closet:941","Sergei Loznitsa’s Closet Picks","https://www.criterion.com/films/1201-deep-crimson","Deep Crimson","4","https://www.criterion.com/shop/collection/941-sergei-loznitsa-s-closet-picks"
"closet:941","Sergei Loznitsa’s Closet Picks","https://www.criterion.com/boxsets/75-eclipse-series-11-larisa-shepitko","Eclipse Series 11: Larisa Shepitko","5","https://www.criterion.com/shop/collection/941-sergei-loznitsa-s-closet-picks"
"closet:941","Sergei Loznitsa’s Closet Picks","https://www.criterion.com/boxsets/835-eclipse-series-29-aki-kaurismaki-s-leningrad-cowboys","Eclipse Series 29: Aki Kaurismäki’s Leningrad Cowboys","6","https://www.criterion.com/shop/collection/941-sergei-loznitsa-s-closet-picks"
"closet:925","Mary Bronstein’s Closet Picks","https://www.criterion.com/films/29633-dance-girl-dance","Dance, Girl, Dance","1","https://www.criterion.com/shop/collection/925-mary-bronstein-s-closet-picks"
"closet:925","Mary Bronstein’s Closet Picks","https://www.criterion.com/films/30456-merrily-we-go-to-hell","Merrily We Go to Hell","2","https://www.criterion.com/shop/collection/925-mary-bronstein-s-closet-picks"
"closet:925","Mary Bronstein’s Closet Picks","https://www.criterion.com/films/29434-frownland","Frownland","3","https://www.criterion.com/shop/collection/925-mary-bronstein-s-closet-picks"
"closet:925","Mary Bronstein’s Closet Picks","https://www.criterion.com/boxsets/7045-chantal-akerman-masterpieces-1968-1978","Chantal Akerman Masterpieces, 1968–1978","4","https://www.criterion.com/shop/collection/925-mary-bronstein-s-closet-picks"
"closet:925","Mary Bronstein’s Closet Picks","https://www.criterion.com/films/30077-inland-empire","Inland Empire","5","https://www.criterion.com/shop/collection/925-mary-bronstein-s-closet-picks"
"closet:925","Mary Bronstein’s Closet Picks","https://www.criterion.com/films/317-this-is-spinal-tap","This Is Spinal Tap","6","https://www.criterion.com/shop/collection/925-mary-bronstein-s-closet-picks"
"closet:925","Mary Bronstein’s Closet Picks","https://www.criterion.com/boxsets/417-six-moral-tales","Six Moral Tales","7","https://www.criterion.com/shop/collection/925-mary-bronstein-s-closet-picks"
"closet:925","Mary Bronstein’s Closet Picks","https://www.criterion.com/films/28579-it-s-a-mad-mad-mad-mad-world","It’s a Mad, Mad, Mad, Mad World","8","https://www.criterion.com/shop/collection/925-mary-bronstein-s-closet-picks"
"closet:893","Elle Fanning’s Closet Picks","https://www.criterion.com/films/233-the-red-shoes","The Red Shoes","1","https://www.criterion.com/shop/collection/893-elle-fanning-s-closet-picks"
"closet:893","Elle Fanning’s Closet Picks","https://www.criterion.com/films/29336-the-virgin-suicides","The Virgin Suicides","2","https://www.criterion.com/shop/collection/893-elle-fanning-s-closet-picks"
"closet:893","Elle Fanning’s Closet Picks","https://www.criterion.com/films/27854-daisies","Daisies","3","https://www.criterion.com/shop/collection/893-elle-fanning-s-closet-picks"
"closet:893","Elle Fanning’s Closet Picks","https://www.criterion.com/films/29010-bringing-up-baby","Bringing Up Baby","4","https://www.criterion.com/shop/collection/893-elle-fanning-s-closet-picks"
"closet:893","Elle Fanning’s Closet Picks","https://www.criterion.com/films/32358-to-die-for","To Die For","5","https://www.criterion.com/shop/collection/893-elle-fanning-s-closet-picks"
"closet:893","Elle Fanning’s Closet Picks","https://www.criterion.com/films/33332-the-power-of-the-dog","The Power of the Dog","6","https://www.criterion.com/shop/collection/893-elle-fanning-s-closet-picks"
"closet:893","Elle Fanning’s Closet Picks","https://www.criterion.com/films/32661-the-worst-person-in-the-world","The Worst Person in the World","7","https://www.criterion.com/shop/collection/893-elle-fanning-s-closet-picks"
"closet:893","Elle Fanning’s Closet Picks","https://www.criterion.com/films/30619-parasite","Parasite","8","https://www.criterion.com/shop/collection/893-elle-fanning-s-closet-picks"
"closet:893","Elle Fanning’s Closet Picks","https://www.criterion.com/films/29368-the-princess-bride","The Princess Bride","9","https://www.criterion.com/shop/collection/893-elle-fanning-s-closet-picks"
"closet:893","Elle Fanning’s Closet Picks","https://www.criterion.com/films/28600-i-knew-her-well","I Knew Her Well","10","https://www.criterion.com/shop/collection/893-elle-fanning-s-closet-picks"
"closet:913","Rose Byrne’s Closet Picks","https://www.criterion.com/films/30424-the-piano","The Piano","1","https://www.criterion.com/shop/collection/913-rose-byrne-s-closet-picks"
"closet:913","Rose Byrne’s Closet Picks","https://www.criterion.com/films/29627-trainspotting","Trainspotting","2","https://www.criterion.com/shop/collection/913-rose-byrne-s-closet-picks"
"closet:913","Rose Byrne’s Closet Picks","https://www.criterion.com/films/28050-mulholland-dr","Mulholland Dr.","3","https://www.criterion.com/shop/collection/913-rose-byrne-s-closet-picks"
"closet:913","Rose Byrne’s Closet Picks","https://www.criterion.com/films/1502-paris-texas","Paris, Texas","4","https://www.criterion.com/shop/collection/913-rose-byrne-s-closet-picks"
"closet:913","Rose Byrne’s Closet Picks","https://www.criterion.com/films/29202-secrets-lies","Secrets & Lies","5","https://www.criterion.com/shop/collection/913-rose-byrne-s-closet-picks"
"closet:913","Rose Byrne’s Closet Picks","https://www.criterion.com/films/29597-an-unmarried-woman","An Unmarried Woman","6","https://www.criterion.com/shop/collection/913-rose-byrne-s-closet-picks"
"closet:918","Stellan Skarsgård’s Closet Picks","https://www.criterion.com/films/165-seven-samurai","Seven Samurai","1","https://www.criterion.com/shop/collection/918-stellan-skarsgard-s-closet-picks"
"closet:918","Stellan Skarsgård’s Closet Picks","https://www.criterion.com/boxsets/558-john-cassavetes-five-films","John Cassavetes: Five Films","2","https://www.criterion.com/shop/collection/918-stellan-skarsgard-s-closet-picks"
"closet:918","Stellan Skarsgård’s Closet Picks","https://www.criterion.com/films/185-la-strada","La strada","3","https://www.criterion.com/shop/collection/918-stellan-skarsgard-s-closet-picks"
"closet:918","Stellan Skarsgård’s Closet Picks","https://www.criterion.com/films/220-naked","Naked","4","https://www.criterion.com/shop/collection/918-stellan-skarsgard-s-closet-picks"
"closet:918","Stellan Skarsgård’s Closet Picks","https://www.criterion.com/films/27558-city-lights","City Lights","5","https://www.criterion.com/shop/collection/918-stellan-skarsgard-s-closet-picks"
"closet:918","Stellan Skarsgård’s Closet Picks","https://www.criterion.com/films/683-children-of-paradise","Children of Paradise","6","https://www.criterion.com/shop/collection/918-stellan-skarsgard-s-closet-picks"
"closet:892","Wagner Moura’s Closet Picks","https://www.criterion.com/films/33537-black-god-white-devil","Black God, White Devil","1","https://www.criterion.com/shop/collection/892-wagner-moura-s-closet-picks"
"closet:892","Wagner Moura’s Closet Picks","https://www.criterion.com/films/364-il-posto","Il posto","2","https://www.criterion.com/shop/collection/892-wagner-moura-s-closet-picks"
"closet:892","Wagner Moura’s Closet Picks","https://www.criterion.com/boxsets/3506-martin-scorsese-s-world-cinema-project-no-3","Martin Scorsese’s World Cinema Project No. 3","3","https://www.criterion.com/shop/collection/892-wagner-moura-s-closet-picks"
"closet:892","Wagner Moura’s Closet Picks","https://www.criterion.com/boxsets/1258-martin-scorsese-s-world-cinema-project-no-2","Martin Scorsese’s World Cinema Project No. 2","4","https://www.criterion.com/shop/collection/892-wagner-moura-s-closet-picks"
"closet:892","Wagner Moura’s Closet Picks","https://www.criterion.com/films/29220-memories-of-underdevelopment","Memories of Underdevelopment","5","https://www.criterion.com/shop/collection/892-wagner-moura-s-closet-picks"
"closet:892","Wagner Moura’s Closet Picks","https://www.criterion.com/films/28056-rosetta","Rosetta","6","https://www.criterion.com/shop/collection/892-wagner-moura-s-closet-picks"
"closet:892","Wagner Moura’s Closet Picks","https://www.criterion.com/films/28405-the-kid-with-a-bike","The Kid with a Bike","7","https://www.criterion.com/shop/collection/892-wagner-moura-s-closet-picks"
"closet:885","Ben Whishaw’s Closet Picks","https://www.criterion.com/films/749-sweetie","Sweetie","1","https://www.criterion.com/shop/collection/885-ben-whishaw-s-closet-picks"
"closet:885","Ben Whishaw’s Closet Picks","https://www.criterion.com/films/785-a-canterbury-tale","A Canterbury Tale","2","https://www.criterion.com/shop/collection/885-ben-whishaw-s-closet-picks"
"closet:885","Ben Whishaw’s Closet Picks","https://www.criterion.com/films/736-jubilee","Jubilee","3","https://www.criterion.com/shop/collection/885-ben-whishaw-s-closet-picks"
"closet:885","Ben Whishaw’s Closet Picks","https://www.criterion.com/films/28773-king-lear","King Lear","4","https://www.criterion.com/shop/collection/885-ben-whishaw-s-closet-picks"
"closet:885","Ben Whishaw’s Closet Picks","https://www.criterion.com/films/28074-l-humanite","L’humanité","5","https://www.criterion.com/shop/collection/885-ben-whishaw-s-closet-picks"
"closet:885","Ben Whishaw’s Closet Picks","https://www.criterion.com/films/29018-hedwig-and-the-angry-inch","Hedwig and the Angry Inch","6","https://www.criterion.com/shop/collection/885-ben-whishaw-s-closet-picks"
"closet:870","ANOHNI’s Closet Picks","https://www.criterion.com/films/736-jubilee","Jubilee","1","https://www.criterion.com/shop/collection/870-anohni-s-closet-picks"
"closet:870","ANOHNI’s Closet Picks","https://www.criterion.com/films/238-night-and-fog","Night and Fog","2","https://www.criterion.com/shop/collection/870-anohni-s-closet-picks"
"closet:870","ANOHNI’s Closet Picks","https://www.criterion.com/films/27549-the-times-of-harvey-milk","The Times of Harvey Milk","3","https://www.criterion.com/shop/collection/870-anohni-s-closet-picks"
"closet:870","ANOHNI’s Closet Picks","https://www.criterion.com/boxsets/744-3-silent-classics-by-josef-von-sternberg","3 Silent Classics by Josef von Sternberg","4","https://www.criterion.com/shop/collection/870-anohni-s-closet-picks"
"closet:870","ANOHNI’s Closet Picks","https://www.criterion.com/films/29647-paris-is-burning","Paris Is Burning","5","https://www.criterion.com/shop/collection/870-anohni-s-closet-picks"
"closet:870","ANOHNI’s Closet Picks","https://www.criterion.com/films/29140-1984","1984","6","https://www.criterion.com/shop/collection/870-anohni-s-closet-picks"
"closet:870","ANOHNI’s Closet Picks","https://www.criterion.com/films/1286-science-is-fiction-23-films-by-jean-painleve","Science Is Fiction: 23 Films by Jean Painlevé","7","https://www.criterion.com/shop/collection/870-anohni-s-closet-picks"
"closet:869","Josh Brolin’s Closet Picks","https://www.criterion.com/films/27895-mikey-and-nicky","Mikey and Nicky","1","https://www.criterion.com/shop/collection/869-josh-brolin-s-closet-picks"
"closet:869","Josh Brolin’s Closet Picks","https://www.criterion.com/films/381-traffic","Traffic","2","https://www.criterion.com/shop/collection/869-josh-brolin-s-closet-picks"
"closet:869","Josh Brolin’s Closet Picks","https://www.criterion.com/films/31590-lost-highway","Lost Highway","3","https://www.criterion.com/shop/collection/869-josh-brolin-s-closet-picks"
"closet:869","Josh Brolin’s Closet Picks","https://www.criterion.com/films/28051-repo-man","Repo Man","4","https://www.criterion.com/shop/collection/869-josh-brolin-s-closet-picks"
"closet:869","Josh Brolin’s Closet Picks","https://www.criterion.com/films/535-sid-nancy","Sid & Nancy","5","https://www.criterion.com/shop/collection/869-josh-brolin-s-closet-picks"
"closet:869","Josh Brolin’s Closet Picks","https://www.criterion.com/films/34208-drugstore-cowboy","Drugstore Cowboy","6","https://www.criterion.com/shop/collection/869-josh-brolin-s-closet-picks"
"closet:869","Josh Brolin’s Closet Picks","https://www.criterion.com/films/29429-no-country-for-old-men","No Country for Old Men","7","https://www.criterion.com/shop/collection/869-josh-brolin-s-closet-picks"
"closet:927","Paul Smith’s Closet Picks","https://www.criterion.com/films/658-withnail-and-i","Withnail and I","1","https://www.criterion.com/shop/collection/927-paul-smith-s-closet-picks"
"closet:927","Paul Smith’s Closet Picks","https://www.criterion.com/films/268-breathless","Breathless","2","https://www.criterion.com/shop/collection/927-paul-smith-s-closet-picks"
"closet:927","Paul Smith’s Closet Picks","https://www.criterion.com/films/28044-my-beautiful-laundrette","My Beautiful Laundrette","3","https://www.criterion.com/shop/collection/927-paul-smith-s-closet-picks"
"closet:927","Paul Smith’s Closet Picks","https://www.criterion.com/films/948-kagemusha","Kagemusha","4","https://www.criterion.com/shop/collection/927-paul-smith-s-closet-picks"
"closet:927","Paul Smith’s Closet Picks","https://www.criterion.com/films/28499-the-kid-brother","The Kid Brother","5","https://www.criterion.com/shop/collection/927-paul-smith-s-closet-picks"
"closet:884","Nick Offerman’s Closet Picks","https://www.criterion.com/films/28909-heart-of-a-dog","Heart of a Dog","1","https://www.criterion.com/shop/collection/884-nick-offerman-s-closet-picks"
"closet:884","Nick Offerman’s Closet Picks","https://www.criterion.com/films/307-rashomon","Rashomon","2","https://www.criterion.com/shop/collection/884-nick-offerman-s-closet-picks"
"closet:884","Nick Offerman’s Closet Picks","https://www.criterion.com/films/27560-kes","Kes","3","https://www.criterion.com/shop/collection/884-nick-offerman-s-closet-picks"
"closet:884","Nick Offerman’s Closet Picks","https://www.criterion.com/films/29064-dead-man","Dead Man","4","https://www.criterion.com/shop/collection/884-nick-offerman-s-closet-picks"
"closet:884","Nick Offerman’s Closet Picks","https://www.criterion.com/films/28597-a-room-with-a-view","A Room with a View","5","https://www.criterion.com/shop/collection/884-nick-offerman-s-closet-picks"
"closet:873","Marion Cotillard’s Closet Picks","https://www.criterion.com/films/750-fanfan-la-tulipe","Fanfan la Tulipe","1","https://www.criterion.com/shop/collection/873-marion-cotillard-s-closet-picks"
"closet:873","Marion Cotillard’s Closet Picks","https://www.criterion.com/films/27605-the-great-dictator","The Great Dictator","2","https://www.criterion.com/shop/collection/873-marion-cotillard-s-closet-picks"
"closet:873","Marion Cotillard’s Closet Picks","https://www.criterion.com/films/29018-hedwig-and-the-angry-inch","Hedwig and the Angry Inch","3","https://www.criterion.com/shop/collection/873-marion-cotillard-s-closet-picks"
"closet:873","Marion Cotillard’s Closet Picks","https://www.criterion.com/boxsets/3432-the-complete-films-of-agnes-varda","The Complete Films of Agnès Varda","4","https://www.criterion.com/shop/collection/873-marion-cotillard-s-closet-picks"
"closet:886","Billy Crudup’s Closet Picks","https://www.criterion.com/films/795-kicking-and-screaming","Kicking and Screaming","1","https://www.criterion.com/shop/collection/886-billy-crudup-s-closet-picks"
"closet:886","Billy Crudup’s Closet Picks","https://www.criterion.com/films/28570-my-darling-clementine","My Darling Clementine","2","https://www.criterion.com/shop/collection/886-billy-crudup-s-closet-picks"
"closet:886","Billy Crudup’s Closet Picks","https://www.criterion.com/films/27871-12-angry-men","12 Angry Men","3","https://www.criterion.com/shop/collection/886-billy-crudup-s-closet-picks"
"closet:886","Billy Crudup’s Closet Picks","https://www.criterion.com/films/28109-carnal-knowledge","Carnal Knowledge","4","https://www.criterion.com/shop/collection/886-billy-crudup-s-closet-picks"
"closet:886","Billy Crudup’s Closet Picks","https://www.criterion.com/films/28050-mulholland-dr","Mulholland Dr.","5","https://www.criterion.com/shop/collection/886-billy-crudup-s-closet-picks"
"closet:886","Billy Crudup’s Closet Picks","https://www.criterion.com/films/29429-no-country-for-old-men","No Country for Old Men","6","https://www.criterion.com/shop/collection/886-billy-crudup-s-closet-picks"
"closet:886","Billy Crudup’s Closet Picks","https://www.criterion.com/films/29634-defending-your-life","Defending Your Life","7","https://www.criterion.com/shop/collection/886-billy-crudup-s-closet-picks"
"closet:886","Billy Crudup’s Closet Picks","https://www.criterion.com/films/29461-matewan","Matewan","8","https://www.criterion.com/shop/collection/886-billy-crudup-s-closet-picks"
"closet:872","Mark Duplass’s Closet Picks","https://www.criterion.com/boxsets/558-john-cassavetes-five-films","John Cassavetes: Five Films","1","https://www.criterion.com/shop/collection/872-mark-duplass-s-closet-picks"
"closet:872","Mark Duplass’s Closet Picks","https://www.criterion.com/boxsets/1237-the-before-trilogy","The Before Trilogy","2","https://www.criterion.com/shop/collection/872-mark-duplass-s-closet-picks"
"closet:872","Mark Duplass’s Closet Picks","https://www.criterion.com/films/28661-dekalog","Dekalog","3","https://www.criterion.com/shop/collection/872-mark-duplass-s-closet-picks"
"closet:872","Mark Duplass’s Closet Picks","https://www.criterion.com/boxsets/7045-chantal-akerman-masterpieces-1968-1978","Chantal Akerman Masterpieces, 1968–1978","4","https://www.criterion.com/shop/collection/872-mark-duplass-s-closet-picks"
"closet:872","Mark Duplass’s Closet Picks","https://www.criterion.com/films/29021-lone-star","Lone Star","5","https://www.criterion.com/shop/collection/872-mark-duplass-s-closet-picks"
"closet:872","Mark Duplass’s Closet Picks","https://www.criterion.com/films/34685-flow","Flow","6","https://www.criterion.com/shop/collection/872-mark-duplass-s-closet-picks"
"closet:874","Cillian Murphy’s Closet Picks","https://www.criterion.com/films/30223-la-piscine","La piscine","1","https://www.criterion.com/shop/collection/874-cillian-murphy-s-closet-picks"
"closet:874","Cillian Murphy’s Closet Picks","https://www.criterion.com/films/28056-rosetta","Rosetta","2","https://www.criterion.com/shop/collection/874-cillian-murphy-s-closet-picks"
"closet:874","Cillian Murphy’s Closet Picks","https://www.criterion.com/boxsets/558-john-cassavetes-five-films","John Cassavetes: Five Films","3","https://www.criterion.com/shop/collection/874-cillian-murphy-s-closet-picks"
"closet:874","Cillian Murphy’s Closet Picks","https://www.criterion.com/films/28738-code-unknown","Code Unknown","4","https://www.criterion.com/shop/collection/874-cillian-murphy-s-closet-picks"
"closet:874","Cillian Murphy’s Closet Picks","https://www.criterion.com/boxsets/8208-the-wes-anderson-archive-ten-films-twenty-five-years","The Wes Anderson Archive: Ten Films, Twenty-Five Years","5","https://www.criterion.com/shop/collection/874-cillian-murphy-s-closet-picks"
"closet:911","Guillermo del Toro’s Mobile Closet Picks","https://www.criterion.com/films/233-the-red-shoes","The Red Shoes","1","https://www.criterion.com/shop/collection/911-guillermo-del-toro-s-mobile-closet-picks"
"closet:911","Guillermo del Toro’s Mobile Closet Picks","https://www.criterion.com/films/682-notorious","Notorious","2","https://www.criterion.com/shop/collection/911-guillermo-del-toro-s-mobile-closet-picks"
"closet:911","Guillermo del Toro’s Mobile Closet Picks","https://www.criterion.com/films/632-black-narcissus","Black Narcissus","3","https://www.criterion.com/shop/collection/911-guillermo-del-toro-s-mobile-closet-picks"
"closet:911","Guillermo del Toro’s Mobile Closet Picks","https://www.criterion.com/films/663-salesman","Salesman","4","https://www.criterion.com/shop/collection/911-guillermo-del-toro-s-mobile-closet-picks"
"closet:911","Guillermo del Toro’s Mobile Closet Picks","https://www.criterion.com/films/635-all-that-heaven-allows","All That Heaven Allows","5","https://www.criterion.com/shop/collection/911-guillermo-del-toro-s-mobile-closet-picks"
"closet:911","Guillermo del Toro’s Mobile Closet Picks","https://www.criterion.com/boxsets/8208-the-wes-anderson-archive-ten-films-twenty-five-years","The Wes Anderson Archive: Ten Films, Twenty-Five Years","6","https://www.criterion.com/shop/collection/911-guillermo-del-toro-s-mobile-closet-picks"
"closet:911","Guillermo del Toro’s Mobile Closet Picks","https://www.criterion.com/films/28039-roma","Roma","7","https://www.criterion.com/shop/collection/911-guillermo-del-toro-s-mobile-closet-picks"
"closet:911","Guillermo del Toro’s Mobile Closet Picks","https://www.criterion.com/films/30124-roma","Roma","8","https://www.criterion.com/shop/collection/911-guillermo-del-toro-s-mobile-closet-picks"
"closet:911","Guillermo del Toro’s Mobile Closet Picks","https://www.criterion.com/films/28834-the-age-of-innocence","The Age of Innocence","9","https://www.criterion.com/shop/collection/911-guillermo-del-toro-s-mobile-closet-picks"
"closet:911","Guillermo del Toro’s Mobile Closet Picks","https://www.criterion.com/films/549-au-revoir-les-enfants","Au revoir les enfants","10","https://www.criterion.com/shop/collection/911-guillermo-del-toro-s-mobile-closet-picks"
"closet:921","Reginald Hudlin’s Closet Picks","https://www.criterion.com/films/344-black-orpheus","Black Orpheus","1","https://www.criterion.com/shop/collection/921-reginald-hudlin-s-closet-picks"
"closet:921","Reginald Hudlin’s Closet Picks","https://www.criterion.com/films/34233-killer-of-sheep","Killer of Sheep","2","https://www.criterion.com/shop/collection/921-reginald-hudlin-s-closet-picks"
"closet:921","Reginald Hudlin’s Closet Picks","https://www.criterion.com/films/31502-menace-ii-society","Menace II Society","3","https://www.criterion.com/shop/collection/921-reginald-hudlin-s-closet-picks"
"closet:921","Reginald Hudlin’s Closet Picks","https://www.criterion.com/films/33808-risky-business","Risky Business","4","https://www.criterion.com/shop/collection/921-reginald-hudlin-s-closet-picks"
"closet:921","Reginald Hudlin’s Closet Picks","https://www.criterion.com/films/30738-rouge","Rouge","5","https://www.criterion.com/shop/collection/921-reginald-hudlin-s-closet-picks"
"closet:921","Reginald Hudlin’s Closet Picks","https://www.criterion.com/boxsets/4787-melvin-van-peebles-essential-films","Melvin Van Peebles: Essential Films","6","https://www.criterion.com/shop/collection/921-reginald-hudlin-s-closet-picks"
"closet:921","Reginald Hudlin’s Closet Picks","https://www.criterion.com/boxsets/3205-bruce-lee-his-greatest-hits","Bruce Lee: His Greatest Hits","7","https://www.criterion.com/shop/collection/921-reginald-hudlin-s-closet-picks"
"closet:921","Reginald Hudlin’s Closet Picks","https://www.criterion.com/boxsets/3626-essential-fellini","Essential Fellini","8","https://www.criterion.com/shop/collection/921-reginald-hudlin-s-closet-picks"
"closet:871","Jay Duplass’s Closet Picks","https://www.criterion.com/films/408-slacker","Slacker","1","https://www.criterion.com/shop/collection/871-jay-duplass-s-closet-picks"
"closet:871","Jay Duplass’s Closet Picks","https://www.criterion.com/films/29429-no-country-for-old-men","No Country for Old Men","2","https://www.criterion.com/shop/collection/871-jay-duplass-s-closet-picks"
"closet:871","Jay Duplass’s Closet Picks","https://www.criterion.com/films/28827-husbands","Husbands","3","https://www.criterion.com/shop/collection/871-jay-duplass-s-closet-picks"
"closet:871","Jay Duplass’s Closet Picks","https://www.criterion.com/films/29202-secrets-lies","Secrets & Lies","4","https://www.criterion.com/shop/collection/871-jay-duplass-s-closet-picks"
"closet:871","Jay Duplass’s Closet Picks","https://www.criterion.com/films/1092-close-up","Close-up","5","https://www.criterion.com/shop/collection/871-jay-duplass-s-closet-picks"
"closet:961","Ira Sachs’s Closet Picks","https://www.criterion.com/films/712-3-women","3 Women","1","https://www.criterion.com/shop/collection/961-ira-sachs-s-closet-picks"
"closet:961","Ira Sachs’s Closet Picks","https://www.criterion.com/films/933-night-and-the-city","Night and the City","2","https://www.criterion.com/shop/collection/961-ira-sachs-s-closet-picks"
"closet:961","Ira Sachs’s Closet Picks","https://www.criterion.com/films/29646-beau-travail","Beau travail","3","https://www.criterion.com/shop/collection/961-ira-sachs-s-closet-picks"
"closet:961","Ira Sachs’s Closet Picks","https://www.criterion.com/films/29385-cold-water","Cold Water","4","https://www.criterion.com/shop/collection/961-ira-sachs-s-closet-picks"
"closet:961","Ira Sachs’s Closet Picks","https://www.criterion.com/films/31775-nothing-but-a-man","Nothing but a Man","5","https://www.criterion.com/shop/collection/961-ira-sachs-s-closet-picks"
"closet:961","Ira Sachs’s Closet Picks","https://www.criterion.com/films/28986-the-heiress","The Heiress","6","https://www.criterion.com/shop/collection/961-ira-sachs-s-closet-picks"
"closet:961","Ira Sachs’s Closet Picks","https://www.criterion.com/films/27953-the-bitter-tears-of-petra-von-kant","The Bitter Tears of Petra von Kant","7","https://www.criterion.com/shop/collection/961-ira-sachs-s-closet-picks"
"closet:865","Judd Apatow’s Closet Picks","https://www.criterion.com/films/691-george-washington","George Washington","1","https://www.criterion.com/shop/collection/865-judd-apatow-s-closet-picks"
"closet:865","Judd Apatow’s Closet Picks","https://www.criterion.com/boxsets/558-john-cassavetes-five-films","John Cassavetes: Five Films","2","https://www.criterion.com/shop/collection/865-judd-apatow-s-closet-picks"
"closet:865","Judd Apatow’s Closet Picks","https://www.criterion.com/films/30464-fast-times-at-ridgemont-high","Fast Times at Ridgemont High","3","https://www.criterion.com/shop/collection/865-judd-apatow-s-closet-picks"
"closet:865","Judd Apatow’s Closet Picks","https://www.criterion.com/films/29634-defending-your-life","Defending Your Life","4","https://www.criterion.com/shop/collection/865-judd-apatow-s-closet-picks"
"closet:865","Judd Apatow’s Closet Picks","https://www.criterion.com/films/30212-original-cast-album-company","Original Cast Album: “Company”","5","https://www.criterion.com/shop/collection/865-judd-apatow-s-closet-picks"
"closet:865","Judd Apatow’s Closet Picks","https://www.criterion.com/films/28609-tootsie","Tootsie","6","https://www.criterion.com/shop/collection/865-judd-apatow-s-closet-picks"
"closet:865","Judd Apatow’s Closet Picks","https://www.criterion.com/films/741-the-life-aquatic-with-steve-zissou","The Life Aquatic with Steve Zissou","7","https://www.criterion.com/shop/collection/865-judd-apatow-s-closet-picks"
"closet:865","Judd Apatow’s Closet Picks","https://www.criterion.com/films/198-in-the-mood-for-love","In the Mood for Love","8","https://www.criterion.com/shop/collection/865-judd-apatow-s-closet-picks"
"closet:865","Judd Apatow’s Closet Picks","https://www.criterion.com/films/28834-the-age-of-innocence","The Age of Innocence","9","https://www.criterion.com/shop/collection/865-judd-apatow-s-closet-picks"
"closet:865","Judd Apatow’s Closet Picks","https://www.criterion.com/films/33828-guillermo-del-toro-s-pinocchio","Guillermo del Toro’s Pinocchio","10","https://www.criterion.com/shop/collection/865-judd-apatow-s-closet-picks"
"closet:865","Judd Apatow’s Closet Picks","https://www.criterion.com/films/28184-kameradschaft","Kameradschaft","11","https://www.criterion.com/shop/collection/865-judd-apatow-s-closet-picks"
"closet:868","Alicia Silverstone’s Closet Picks","https://www.criterion.com/films/29018-hedwig-and-the-angry-inch","Hedwig and the Angry Inch","1","https://www.criterion.com/shop/collection/868-alicia-silverstone-s-closet-picks"
"closet:868","Alicia Silverstone’s Closet Picks","https://www.criterion.com/films/28694-blow-up","Blow-Up","2","https://www.criterion.com/shop/collection/868-alicia-silverstone-s-closet-picks"
"closet:868","Alicia Silverstone’s Closet Picks","https://www.criterion.com/films/29202-secrets-lies","Secrets & Lies","3","https://www.criterion.com/shop/collection/868-alicia-silverstone-s-closet-picks"
"closet:868","Alicia Silverstone’s Closet Picks","https://www.criterion.com/films/29655-smooth-talk","Smooth Talk","4","https://www.criterion.com/shop/collection/868-alicia-silverstone-s-closet-picks"
"closet:868","Alicia Silverstone’s Closet Picks","https://www.criterion.com/films/27900-it-happened-one-night","It Happened One Night","5","https://www.criterion.com/shop/collection/868-alicia-silverstone-s-closet-picks"
"closet:868","Alicia Silverstone’s Closet Picks","https://www.criterion.com/films/29964-paper-moon","Paper Moon","6","https://www.criterion.com/shop/collection/868-alicia-silverstone-s-closet-picks"
"closet:868","Alicia Silverstone’s Closet Picks","https://www.criterion.com/films/29596-all-about-eve","All About Eve","7","https://www.criterion.com/shop/collection/868-alicia-silverstone-s-closet-picks"
"closet:864","Kristin Scott Thomas’s Closet Picks","https://www.criterion.com/films/604-the-night-porter","The Night Porter","1","https://www.criterion.com/shop/collection/864-kristin-scott-thomas-s-closet-picks"
"closet:864","Kristin Scott Thomas’s Closet Picks","https://www.criterion.com/films/942-casque-d-or","Casque d’or","2","https://www.criterion.com/shop/collection/864-kristin-scott-thomas-s-closet-picks"
"closet:864","Kristin Scott Thomas’s Closet Picks","https://www.criterion.com/films/27904-the-awful-truth","The Awful Truth","3","https://www.criterion.com/shop/collection/864-kristin-scott-thomas-s-closet-picks"
"closet:864","Kristin Scott Thomas’s Closet Picks","https://www.criterion.com/films/28688-women-in-love","Women in Love","4","https://www.criterion.com/shop/collection/864-kristin-scott-thomas-s-closet-picks"
"closet:864","Kristin Scott Thomas’s Closet Picks","https://www.criterion.com/films/778-elevator-to-the-gallows","Elevator to the Gallows","5","https://www.criterion.com/shop/collection/864-kristin-scott-thomas-s-closet-picks"
"closet:864","Kristin Scott Thomas’s Closet Picks","https://www.criterion.com/films/27810-purple-noon","Purple Noon","6","https://www.criterion.com/shop/collection/864-kristin-scott-thomas-s-closet-picks"
"closet:864","Kristin Scott Thomas’s Closet Picks","https://www.criterion.com/films/30206-you-can-count-on-me","You Can Count on Me","7","https://www.criterion.com/shop/collection/864-kristin-scott-thomas-s-closet-picks"
"closet:864","Kristin Scott Thomas’s Closet Picks","https://www.criterion.com/films/30223-la-piscine","La piscine","8","https://www.criterion.com/shop/collection/864-kristin-scott-thomas-s-closet-picks"
"closet:864","Kristin Scott Thomas’s Closet Picks","https://www.criterion.com/films/830-ivan-s-childhood","Ivan’s Childhood","9","https://www.criterion.com/shop/collection/864-kristin-scott-thomas-s-closet-picks"
"closet:864","Kristin Scott Thomas’s Closet Picks","https://www.criterion.com/boxsets/7045-chantal-akerman-masterpieces-1968-1978","Chantal Akerman Masterpieces, 1968–1978","10","https://www.criterion.com/shop/collection/864-kristin-scott-thomas-s-closet-picks"
"closet:855","Peter Wolf’s Closet Picks","https://www.criterion.com/films/28756-chimes-at-midnight","Chimes at Midnight","1","https://www.criterion.com/shop/collection/855-peter-wolf-s-closet-picks"
"closet:855","Peter Wolf’s Closet Picks","https://www.criterion.com/films/633-i-know-where-i-m-going","I Know Where I’m Going!","2","https://www.criterion.com/shop/collection/855-peter-wolf-s-closet-picks"
"closet:855","Peter Wolf’s Closet Picks","https://www.criterion.com/films/778-elevator-to-the-gallows","Elevator to the Gallows","3","https://www.criterion.com/shop/collection/855-peter-wolf-s-closet-picks"
"closet:855","Peter Wolf’s Closet Picks","https://www.criterion.com/films/571-the-earrings-of-madame-de","The Earrings of Madame de . . .","4","https://www.criterion.com/shop/collection/855-peter-wolf-s-closet-picks"
"closet:855","Peter Wolf’s Closet Picks","https://www.criterion.com/films/291-band-of-outsiders","Band of Outsiders","5","https://www.criterion.com/shop/collection/855-peter-wolf-s-closet-picks"
"closet:855","Peter Wolf’s Closet Picks","https://www.criterion.com/films/165-seven-samurai","Seven Samurai","6","https://www.criterion.com/shop/collection/855-peter-wolf-s-closet-picks"
"closet:853","Ronan Farrow’s Closet Picks","https://www.criterion.com/films/211-brazil","Brazil","1","https://www.criterion.com/shop/collection/853-ronan-farrow-s-closet-picks"
"closet:853","Ronan Farrow’s Closet Picks","https://www.criterion.com/films/682-notorious","Notorious","2","https://www.criterion.com/shop/collection/853-ronan-farrow-s-closet-picks"
"closet:853","Ronan Farrow’s Closet Picks","https://www.criterion.com/films/28708-klute","Klute","3","https://www.criterion.com/shop/collection/853-ronan-farrow-s-closet-picks"
"closet:853","Ronan Farrow’s Closet Picks","https://www.criterion.com/films/29008-barry-lyndon","Barry Lyndon","4","https://www.criterion.com/shop/collection/853-ronan-farrow-s-closet-picks"
"closet:853","Ronan Farrow’s Closet Picks","https://www.criterion.com/boxsets/206-fanny-and-alexander","Fanny and Alexander","5","https://www.criterion.com/shop/collection/853-ronan-farrow-s-closet-picks"
"closet:854","Betsey Johnson’s Closet Picks","https://www.criterion.com/films/233-the-red-shoes","The Red Shoes","1","https://www.criterion.com/shop/collection/854-betsey-johnson-s-closet-picks"
"closet:854","Betsey Johnson’s Closet Picks","https://www.criterion.com/films/29154-moonstruck","Moonstruck","2","https://www.criterion.com/shop/collection/854-betsey-johnson-s-closet-picks"
"closet:854","Betsey Johnson’s Closet Picks","https://www.criterion.com/films/528-the-silence-of-the-lambs","The Silence of the Lambs","3","https://www.criterion.com/shop/collection/854-betsey-johnson-s-closet-picks"
"closet:854","Betsey Johnson’s Closet Picks","https://www.criterion.com/films/29144-blue-velvet","Blue Velvet","4","https://www.criterion.com/shop/collection/854-betsey-johnson-s-closet-picks"
"closet:854","Betsey Johnson’s Closet Picks","https://www.criterion.com/films/28712-mccabe-mrs-miller","McCabe & Mrs. Miller","5","https://www.criterion.com/shop/collection/854-betsey-johnson-s-closet-picks"
"closet:857","Jamie Lee Curtis’s Closet Picks","https://www.criterion.com/films/31917-uncut-gems","Uncut Gems","1","https://www.criterion.com/shop/collection/857-jamie-lee-curtis-s-closet-picks"
"closet:857","Jamie Lee Curtis’s Closet Picks","https://www.criterion.com/films/33246-wall-e","WALL·E","2","https://www.criterion.com/shop/collection/857-jamie-lee-curtis-s-closet-picks"
"closet:857","Jamie Lee Curtis’s Closet Picks","https://www.criterion.com/films/29368-the-princess-bride","The Princess Bride","3","https://www.criterion.com/shop/collection/857-jamie-lee-curtis-s-closet-picks"
"closet:857","Jamie Lee Curtis’s Closet Picks","https://www.criterion.com/films/29158-raging-bull","Raging Bull","4","https://www.criterion.com/shop/collection/857-jamie-lee-curtis-s-closet-picks"
"closet:857","Jamie Lee Curtis’s Closet Picks","https://www.criterion.com/films/555-danton","Danton","5","https://www.criterion.com/shop/collection/857-jamie-lee-curtis-s-closet-picks"
"closet:857","Jamie Lee Curtis’s Closet Picks","https://www.criterion.com/films/2364-monsoon-wedding","Monsoon Wedding","6","https://www.criterion.com/shop/collection/857-jamie-lee-curtis-s-closet-picks"
"closet:857","Jamie Lee Curtis’s Closet Picks","https://www.criterion.com/films/20391-downhill-racer","Downhill Racer","7","https://www.criterion.com/shop/collection/857-jamie-lee-curtis-s-closet-picks"
"closet:857","Jamie Lee Curtis’s Closet Picks","https://www.criterion.com/films/29964-paper-moon","Paper Moon","8","https://www.criterion.com/shop/collection/857-jamie-lee-curtis-s-closet-picks"
"closet:857","Jamie Lee Curtis’s Closet Picks","https://www.criterion.com/films/27542-sweet-smell-of-success","Sweet Smell of Success","9","https://www.criterion.com/shop/collection/857-jamie-lee-curtis-s-closet-picks"
"closet:857","Jamie Lee Curtis’s Closet Picks","https://www.criterion.com/films/28784-the-manchurian-candidate","The Manchurian Candidate","10","https://www.criterion.com/shop/collection/857-jamie-lee-curtis-s-closet-picks"
"closet:857","Jamie Lee Curtis’s Closet Picks","https://www.criterion.com/films/510-a-woman-under-the-influence","A Woman Under the Influence","11","https://www.criterion.com/shop/collection/857-jamie-lee-curtis-s-closet-picks"
"closet:857","Jamie Lee Curtis’s Closet Picks","https://www.criterion.com/films/317-this-is-spinal-tap","This Is Spinal Tap","12","https://www.criterion.com/shop/collection/857-jamie-lee-curtis-s-closet-picks"
"closet:878","Ethel Cain’s Closet Picks","https://www.criterion.com/films/29164-thelma-louise","Thelma & Louise","1","https://www.criterion.com/shop/collection/878-ethel-cain-s-closet-picks"
"closet:878","Ethel Cain’s Closet Picks","https://www.criterion.com/films/29014-crash","Crash","2","https://www.criterion.com/shop/collection/878-ethel-cain-s-closet-picks"
"closet:878","Ethel Cain’s Closet Picks","https://www.criterion.com/films/28382-eraserhead","Eraserhead","3","https://www.criterion.com/shop/collection/878-ethel-cain-s-closet-picks"
"closet:878","Ethel Cain’s Closet Picks","https://www.criterion.com/films/565-picnic-at-hanging-rock","Picnic at Hanging Rock","4","https://www.criterion.com/shop/collection/878-ethel-cain-s-closet-picks"
"closet:878","Ethel Cain’s Closet Picks","https://www.criterion.com/films/213-days-of-heaven","Days of Heaven","5","https://www.criterion.com/shop/collection/878-ethel-cain-s-closet-picks"
"closet:878","Ethel Cain’s Closet Picks","https://www.criterion.com/films/664-grey-gardens","Grey Gardens","6","https://www.criterion.com/shop/collection/878-ethel-cain-s-closet-picks"
"closet:860","Margaret Qualley’s Closet Picks","https://www.criterion.com/films/29646-beau-travail","Beau travail","1","https://www.criterion.com/shop/collection/860-margaret-qualley-s-closet-picks"
"closet:860","Margaret Qualley’s Closet Picks","https://www.criterion.com/films/32358-to-die-for","To Die For","2","https://www.criterion.com/shop/collection/860-margaret-qualley-s-closet-picks"
"closet:860","Margaret Qualley’s Closet Picks","https://www.criterion.com/films/27916-punch-drunk-love","Punch-Drunk Love","3","https://www.criterion.com/shop/collection/860-margaret-qualley-s-closet-picks"
"closet:860","Margaret Qualley’s Closet Picks","https://www.criterion.com/films/29596-all-about-eve","All About Eve","4","https://www.criterion.com/shop/collection/860-margaret-qualley-s-closet-picks"
"closet:860","Margaret Qualley’s Closet Picks","https://www.criterion.com/films/28561-all-that-jazz","All That Jazz","5","https://www.criterion.com/shop/collection/860-margaret-qualley-s-closet-picks"
"closet:860","Margaret Qualley’s Closet Picks","https://www.criterion.com/films/29164-thelma-louise","Thelma & Louise","6","https://www.criterion.com/shop/collection/860-margaret-qualley-s-closet-picks"
"closet:847","Matthew Broderick’s Closet Picks","https://www.criterion.com/films/639-the-lady-eve","The Lady Eve","1","https://www.criterion.com/shop/collection/847-matthew-broderick-s-closet-picks"
"closet:847","Matthew Broderick’s Closet Picks","https://www.criterion.com/films/234-the-39-steps","The 39 Steps","2","https://www.criterion.com/shop/collection/847-matthew-broderick-s-closet-picks"
"closet:847","Matthew Broderick’s Closet Picks","https://www.criterion.com/films/653-my-man-godfrey","My Man Godfrey","3","https://www.criterion.com/shop/collection/847-matthew-broderick-s-closet-picks"
"closet:847","Matthew Broderick’s Closet Picks","https://www.criterion.com/boxsets/861-david-lean-directs-noel-coward","David Lean Directs Noël Coward","4","https://www.criterion.com/shop/collection/847-matthew-broderick-s-closet-picks"
"closet:847","Matthew Broderick’s Closet Picks","https://www.criterion.com/films/29026-now-voyager","Now, Voyager","5","https://www.criterion.com/shop/collection/847-matthew-broderick-s-closet-picks"
"closet:847","Matthew Broderick’s Closet Picks","https://www.criterion.com/films/30460-double-indemnity","Double Indemnity","6","https://www.criterion.com/shop/collection/847-matthew-broderick-s-closet-picks"
"closet:847","Matthew Broderick’s Closet Picks","https://www.criterion.com/films/29011-the-cameraman","The Cameraman","7","https://www.criterion.com/shop/collection/847-matthew-broderick-s-closet-picks"
"closet:856","Ari Aster’s Closet Picks","https://www.criterion.com/films/28997-winchester-73","Winchester ’73","1","https://www.criterion.com/shop/collection/856-ari-aster-s-closet-picks"
"closet:856","Ari Aster’s Closet Picks","https://www.criterion.com/films/30204-the-parallax-view","The Parallax View","2","https://www.criterion.com/shop/collection/856-ari-aster-s-closet-picks"
"closet:856","Ari Aster’s Closet Picks","https://www.criterion.com/films/776-lacombe-lucien","Lacombe, Lucien","3","https://www.criterion.com/shop/collection/856-ari-aster-s-closet-picks"
"closet:856","Ari Aster’s Closet Picks","https://www.criterion.com/films/85-revanche","Revanche","4","https://www.criterion.com/shop/collection/856-ari-aster-s-closet-picks"
"closet:856","Ari Aster’s Closet Picks","https://www.criterion.com/films/730-straw-dogs","Straw Dogs","5","https://www.criterion.com/shop/collection/856-ari-aster-s-closet-picks"
"closet:856","Ari Aster’s Closet Picks","https://www.criterion.com/films/829-ace-in-the-hole","Ace in the Hole","6","https://www.criterion.com/shop/collection/856-ari-aster-s-closet-picks"
"closet:856","Ari Aster’s Closet Picks","https://www.criterion.com/films/28703-a-face-in-the-crowd","A Face in the Crowd","7","https://www.criterion.com/shop/collection/856-ari-aster-s-closet-picks"
"closet:856","Ari Aster’s Closet Picks","https://www.criterion.com/films/29450-wanda","Wanda","8","https://www.criterion.com/shop/collection/856-ari-aster-s-closet-picks"
"closet:856","Ari Aster’s Closet Picks","https://www.criterion.com/films/286-do-the-right-thing","Do the Right Thing","9","https://www.criterion.com/shop/collection/856-ari-aster-s-closet-picks"
"closet:856","Ari Aster’s Closet Picks","https://www.criterion.com/films/29414-graduation","Graduation","10","https://www.criterion.com/shop/collection/856-ari-aster-s-closet-picks"
"closet:856","Ari Aster’s Closet Picks","https://www.criterion.com/films/30526-the-grifters","The Grifters","11","https://www.criterion.com/shop/collection/856-ari-aster-s-closet-picks"
"closet:856","Ari Aster’s Closet Picks","https://www.criterion.com/films/30206-you-can-count-on-me","You Can Count on Me","12","https://www.criterion.com/shop/collection/856-ari-aster-s-closet-picks"
"closet:856","Ari Aster’s Closet Picks","https://www.criterion.com/films/370-the-wages-of-fear","The Wages of Fear","13","https://www.criterion.com/shop/collection/856-ari-aster-s-closet-picks"
"closet:856","Ari Aster’s Closet Picks","https://www.criterion.com/films/29021-lone-star","Lone Star","14","https://www.criterion.com/shop/collection/856-ari-aster-s-closet-picks"
"closet:856","Ari Aster’s Closet Picks","https://www.criterion.com/films/27533-the-last-picture-show","The Last Picture Show","15","https://www.criterion.com/shop/collection/856-ari-aster-s-closet-picks"
"closet:856","Ari Aster’s Closet Picks","https://www.criterion.com/films/29965-targets","Targets","16","https://www.criterion.com/shop/collection/856-ari-aster-s-closet-picks"
"closet:856","Ari Aster’s Closet Picks","https://www.criterion.com/films/766-young-mr-lincoln","Young Mr. Lincoln","17","https://www.criterion.com/shop/collection/856-ari-aster-s-closet-picks"
"closet:856","Ari Aster’s Closet Picks","https://www.criterion.com/films/28570-my-darling-clementine","My Darling Clementine","18","https://www.criterion.com/shop/collection/856-ari-aster-s-closet-picks"
"closet:856","Ari Aster’s Closet Picks","https://www.criterion.com/films/29429-no-country-for-old-men","No Country for Old Men","19","https://www.criterion.com/shop/collection/856-ari-aster-s-closet-picks"
"closet:908","Tom Rothman’s Closet Picks","https://www.criterion.com/films/719-down-by-law","Down by Law","1","https://www.criterion.com/shop/collection/908-tom-rothman-s-closet-picks"
"closet:908","Tom Rothman’s Closet Picks","https://www.criterion.com/films/27690-to-be-or-not-to-be","To Be or Not to Be","2","https://www.criterion.com/shop/collection/908-tom-rothman-s-closet-picks"
"closet:908","Tom Rothman’s Closet Picks","https://www.criterion.com/films/777-harlan-county-usa","Harlan County USA","3","https://www.criterion.com/shop/collection/908-tom-rothman-s-closet-picks"
"closet:908","Tom Rothman’s Closet Picks","https://www.criterion.com/films/28997-winchester-73","Winchester ’73","4","https://www.criterion.com/shop/collection/908-tom-rothman-s-closet-picks"
"closet:908","Tom Rothman’s Closet Picks","https://www.criterion.com/films/29567-to-sleep-with-anger","To Sleep with Anger","5","https://www.criterion.com/shop/collection/908-tom-rothman-s-closet-picks"
"closet:908","Tom Rothman’s Closet Picks","https://www.criterion.com/films/336-the-ice-storm","The Ice Storm","6","https://www.criterion.com/shop/collection/908-tom-rothman-s-closet-picks"
"closet:908","Tom Rothman’s Closet Picks","https://www.criterion.com/films/28610-the-big-chill","The Big Chill","7","https://www.criterion.com/shop/collection/908-tom-rothman-s-closet-picks"
"closet:908","Tom Rothman’s Closet Picks","https://www.criterion.com/films/29029-the-philadelphia-story","The Philadelphia Story","8","https://www.criterion.com/shop/collection/908-tom-rothman-s-closet-picks"
"closet:866","Wyclef Jean’s Closet Picks","https://www.criterion.com/films/449-spartacus","Spartacus","1","https://www.criterion.com/shop/collection/866-wyclef-jean-s-closet-picks"
"closet:866","Wyclef Jean’s Closet Picks","https://www.criterion.com/films/33769-la-bamba","La Bamba","2","https://www.criterion.com/shop/collection/866-wyclef-jean-s-closet-picks"
"closet:866","Wyclef Jean’s Closet Picks","https://www.criterion.com/boxsets/7974-the-three-musketeers-the-four-musketeers-two-films-by-richard-lester","The Three Musketeers / The Four Musketeers: Two Films by Richard Lester","3","https://www.criterion.com/shop/collection/866-wyclef-jean-s-closet-picks"
"closet:866","Wyclef Jean’s Closet Picks","https://www.criterion.com/films/31502-menace-ii-society","Menace II Society","4","https://www.criterion.com/shop/collection/866-wyclef-jean-s-closet-picks"
"closet:866","Wyclef Jean’s Closet Picks","https://www.criterion.com/films/344-black-orpheus","Black Orpheus","5","https://www.criterion.com/shop/collection/866-wyclef-jean-s-closet-picks"
"closet:859","Joseph Kosinski’s Closet Picks","https://www.criterion.com/films/209-l-avventura","L’avventura","1","https://www.criterion.com/shop/collection/859-joseph-kosinski-s-closet-picks"
"closet:859","Joseph Kosinski’s Closet Picks","https://www.criterion.com/films/268-breathless","Breathless","2","https://www.criterion.com/shop/collection/859-joseph-kosinski-s-closet-picks"
"closet:859","Joseph Kosinski’s Closet Picks","https://www.criterion.com/films/184-le-samourai","Le samouraï","3","https://www.criterion.com/shop/collection/859-joseph-kosinski-s-closet-picks"
"closet:859","Joseph Kosinski’s Closet Picks","https://www.criterion.com/films/30204-the-parallax-view","The Parallax View","4","https://www.criterion.com/shop/collection/859-joseph-kosinski-s-closet-picks"
"closet:859","Joseph Kosinski’s Closet Picks","https://www.criterion.com/films/28058-the-game","The Game","5","https://www.criterion.com/shop/collection/859-joseph-kosinski-s-closet-picks"
"closet:859","Joseph Kosinski’s Closet Picks","https://www.criterion.com/films/778-elevator-to-the-gallows","Elevator to the Gallows","6","https://www.criterion.com/shop/collection/859-joseph-kosinski-s-closet-picks"
"closet:863","David Byrne’s Closet Picks","https://www.criterion.com/boxsets/1069-the-complete-jacques-tati","The Complete Jacques Tati","1","https://www.criterion.com/shop/collection/863-david-byrne-s-closet-picks"
"closet:863","David Byrne’s Closet Picks","https://www.criterion.com/films/29219-the-color-of-pomegranates","The Color of Pomegranates","2","https://www.criterion.com/shop/collection/863-david-byrne-s-closet-picks"
"closet:863","David Byrne’s Closet Picks","https://www.criterion.com/films/29064-dead-man","Dead Man","3","https://www.criterion.com/shop/collection/863-david-byrne-s-closet-picks"
"closet:863","David Byrne’s Closet Picks","https://www.criterion.com/films/28833-a-matter-of-life-and-death","A Matter of Life and Death","4","https://www.criterion.com/shop/collection/863-david-byrne-s-closet-picks"
"closet:863","David Byrne’s Closet Picks","https://www.criterion.com/films/234-the-39-steps","The 39 Steps","5","https://www.criterion.com/shop/collection/863-david-byrne-s-closet-picks"
"closet:863","David Byrne’s Closet Picks","https://www.criterion.com/films/29038-true-stories","True Stories","6","https://www.criterion.com/shop/collection/863-david-byrne-s-closet-picks"
"closet:862","Matt Dillon’s Closet Picks","https://www.criterion.com/films/28412-touki-bouki","Touki bouki","1","https://www.criterion.com/shop/collection/862-matt-dillon-s-closet-picks"
"closet:862","Matt Dillon’s Closet Picks","https://www.criterion.com/films/27559-white-material","White Material","2","https://www.criterion.com/shop/collection/862-matt-dillon-s-closet-picks"
"closet:862","Matt Dillon’s Closet Picks","https://www.criterion.com/films/370-the-wages-of-fear","The Wages of Fear","3","https://www.criterion.com/shop/collection/862-matt-dillon-s-closet-picks"
"closet:862","Matt Dillon’s Closet Picks","https://www.criterion.com/films/29220-memories-of-underdevelopment","Memories of Underdevelopment","4","https://www.criterion.com/shop/collection/862-matt-dillon-s-closet-picks"
"closet:862","Matt Dillon’s Closet Picks","https://www.criterion.com/films/446-pickup-on-south-street","Pickup on South Street","5","https://www.criterion.com/shop/collection/862-matt-dillon-s-closet-picks"
"closet:862","Matt Dillon’s Closet Picks","https://www.criterion.com/films/34208-drugstore-cowboy","Drugstore Cowboy","6","https://www.criterion.com/shop/collection/862-matt-dillon-s-closet-picks"
"closet:862","Matt Dillon’s Closet Picks","https://www.criterion.com/boxsets/6588-pasolini-101","Pasolini 101","7","https://www.criterion.com/shop/collection/862-matt-dillon-s-closet-picks"
"closet:850","Danny Boyle’s Closet Picks","https://www.criterion.com/films/28561-all-that-jazz","All That Jazz","1","https://www.criterion.com/shop/collection/850-danny-boyle-s-closet-picks"
"closet:850","Danny Boyle’s Closet Picks","https://www.criterion.com/films/34891-anora","Anora","2","https://www.criterion.com/shop/collection/850-danny-boyle-s-closet-picks"
"closet:850","Danny Boyle’s Closet Picks","https://www.criterion.com/films/30085-prince-of-broadway","Prince of Broadway","3","https://www.criterion.com/shop/collection/850-danny-boyle-s-closet-picks"
"closet:850","Danny Boyle’s Closet Picks","https://www.criterion.com/films/30526-the-grifters","The Grifters","4","https://www.criterion.com/shop/collection/850-danny-boyle-s-closet-picks"
"closet:850","Danny Boyle’s Closet Picks","https://www.criterion.com/films/27541-fish-tank","Fish Tank","5","https://www.criterion.com/shop/collection/850-danny-boyle-s-closet-picks"
"closet:850","Danny Boyle’s Closet Picks","https://www.criterion.com/films/28852-blood-simple","Blood Simple","6","https://www.criterion.com/shop/collection/850-danny-boyle-s-closet-picks"
"closet:850","Danny Boyle’s Closet Picks","https://www.criterion.com/films/33466-i-am-cuba","I Am Cuba","7","https://www.criterion.com/shop/collection/850-danny-boyle-s-closet-picks"
"closet:850","Danny Boyle’s Closet Picks","https://www.criterion.com/films/29220-memories-of-underdevelopment","Memories of Underdevelopment","8","https://www.criterion.com/shop/collection/850-danny-boyle-s-closet-picks"
"closet:852","RZA’s Closet Picks","https://www.criterion.com/boxsets/3205-bruce-lee-his-greatest-hits","Bruce Lee: His Greatest Hits","1","https://www.criterion.com/shop/collection/852-rza-s-closet-picks"
"closet:852","RZA’s Closet Picks","https://www.criterion.com/boxsets/5026-once-upon-a-time-in-china-the-complete-films","Once Upon a Time in China: The Complete Films","2","https://www.criterion.com/shop/collection/852-rza-s-closet-picks"
"closet:852","RZA’s Closet Picks","https://www.criterion.com/films/27895-mikey-and-nicky","Mikey and Nicky","3","https://www.criterion.com/shop/collection/852-rza-s-closet-picks"
"closet:852","RZA’s Closet Picks","https://www.criterion.com/boxsets/558-john-cassavetes-five-films","John Cassavetes: Five Films","4","https://www.criterion.com/shop/collection/852-rza-s-closet-picks"
"closet:852","RZA’s Closet Picks","https://www.criterion.com/films/719-down-by-law","Down by Law","5","https://www.criterion.com/shop/collection/852-rza-s-closet-picks"
"closet:852","RZA’s Closet Picks","https://www.criterion.com/films/31032-ghost-dog-the-way-of-the-samurai","Ghost Dog: The Way of the Samurai","6","https://www.criterion.com/shop/collection/852-rza-s-closet-picks"
"closet:852","RZA’s Closet Picks","https://www.criterion.com/films/27899-on-the-waterfront","On the Waterfront","7","https://www.criterion.com/shop/collection/852-rza-s-closet-picks"
"closet:852","RZA’s Closet Picks","https://www.criterion.com/films/216-la-haine","La haine","8","https://www.criterion.com/shop/collection/852-rza-s-closet-picks"
"closet:852","RZA’s Closet Picks","https://www.criterion.com/boxsets/4787-melvin-van-peebles-essential-films","Melvin Van Peebles: Essential Films","9","https://www.criterion.com/shop/collection/852-rza-s-closet-picks"
"closet:833","Seth Meyers’s Closet Picks","https://www.criterion.com/films/153-army-of-shadows","Army of Shadows","1","https://www.criterion.com/shop/collection/833-seth-meyers-s-closet-picks"
"closet:833","Seth Meyers’s Closet Picks","https://www.criterion.com/films/29601-the-grand-budapest-hotel","The Grand Budapest Hotel","2","https://www.criterion.com/shop/collection/833-seth-meyers-s-closet-picks"
"closet:833","Seth Meyers’s Closet Picks","https://www.criterion.com/films/29604-miller-s-crossing","Miller’s Crossing","3","https://www.criterion.com/shop/collection/833-seth-meyers-s-closet-picks"
"closet:833","Seth Meyers’s Closet Picks","https://www.criterion.com/films/28620-watership-down","Watership Down","4","https://www.criterion.com/shop/collection/833-seth-meyers-s-closet-picks"
"closet:833","Seth Meyers’s Closet Picks","https://www.criterion.com/films/29022-lost-in-america","Lost in America","5","https://www.criterion.com/shop/collection/833-seth-meyers-s-closet-picks"
"closet:833","Seth Meyers’s Closet Picks","https://www.criterion.com/films/658-withnail-and-i","Withnail and I","6","https://www.criterion.com/shop/collection/833-seth-meyers-s-closet-picks"
"closet:833","Seth Meyers’s Closet Picks","https://www.criterion.com/films/559-the-long-good-friday","The Long Good Friday","7","https://www.criterion.com/shop/collection/833-seth-meyers-s-closet-picks"
"closet:833","Seth Meyers’s Closet Picks","https://www.criterion.com/films/664-grey-gardens","Grey Gardens","8","https://www.criterion.com/shop/collection/833-seth-meyers-s-closet-picks"
"closet:833","Seth Meyers’s Closet Picks","https://www.criterion.com/films/663-salesman","Salesman","9","https://www.criterion.com/shop/collection/833-seth-meyers-s-closet-picks"
"closet:843","Lena Dunham’s Closet Picks","https://www.criterion.com/films/30213-town-bloody-hall","Town Bloody Hall","1","https://www.criterion.com/shop/collection/843-lena-dunham-s-closet-picks"
"closet:843","Lena Dunham’s Closet Picks","https://www.criterion.com/films/31500-love-basketball","Love & Basketball","2","https://www.criterion.com/shop/collection/843-lena-dunham-s-closet-picks"
"closet:843","Lena Dunham’s Closet Picks","https://www.criterion.com/films/29631-streetwise","Streetwise","3","https://www.criterion.com/shop/collection/843-lena-dunham-s-closet-picks"
"closet:843","Lena Dunham’s Closet Picks","https://www.criterion.com/films/29065-my-brilliant-career","My Brilliant Career","4","https://www.criterion.com/shop/collection/843-lena-dunham-s-closet-picks"
"closet:843","Lena Dunham’s Closet Picks","https://www.criterion.com/films/29464-the-daytrippers","The Daytrippers","5","https://www.criterion.com/shop/collection/843-lena-dunham-s-closet-picks"
"closet:843","Lena Dunham’s Closet Picks","https://www.criterion.com/films/32600-okja","Okja","6","https://www.criterion.com/shop/collection/843-lena-dunham-s-closet-picks"
"closet:843","Lena Dunham’s Closet Picks","https://www.criterion.com/films/227-night-on-earth","Night on Earth","7","https://www.criterion.com/shop/collection/843-lena-dunham-s-closet-picks"
"closet:843","Lena Dunham’s Closet Picks","https://www.criterion.com/films/29634-defending-your-life","Defending Your Life","8","https://www.criterion.com/shop/collection/843-lena-dunham-s-closet-picks"
"closet:843","Lena Dunham’s Closet Picks","https://www.criterion.com/films/29450-wanda","Wanda","9","https://www.criterion.com/shop/collection/843-lena-dunham-s-closet-picks"
"closet:820","Natasha Lyonne’s Closet Picks","https://www.criterion.com/films/220-naked","Naked","1","https://www.criterion.com/shop/collection/820-natasha-lyonne-s-closet-picks"
"closet:820","Natasha Lyonne’s Closet Picks","https://www.criterion.com/films/906-hoop-dreams","Hoop Dreams","2","https://www.criterion.com/shop/collection/820-natasha-lyonne-s-closet-picks"
"closet:820","Natasha Lyonne’s Closet Picks","https://www.criterion.com/films/878-heaven-can-wait","Heaven Can Wait","3","https://www.criterion.com/shop/collection/820-natasha-lyonne-s-closet-picks"
"closet:820","Natasha Lyonne’s Closet Picks","https://www.criterion.com/films/185-la-strada","La strada","4","https://www.criterion.com/shop/collection/820-natasha-lyonne-s-closet-picks"
"closet:820","Natasha Lyonne’s Closet Picks","https://www.criterion.com/films/634-naked-lunch","Naked Lunch","5","https://www.criterion.com/shop/collection/820-natasha-lyonne-s-closet-picks"
"closet:820","Natasha Lyonne’s Closet Picks","https://www.criterion.com/films/371-umberto-d","Umberto D.","6","https://www.criterion.com/shop/collection/820-natasha-lyonne-s-closet-picks"
"closet:820","Natasha Lyonne’s Closet Picks","https://www.criterion.com/films/31917-uncut-gems","Uncut Gems","7","https://www.criterion.com/shop/collection/820-natasha-lyonne-s-closet-picks"
"closet:820","Natasha Lyonne’s Closet Picks","https://www.criterion.com/films/32355-devil-in-a-blue-dress","Devil in a Blue Dress","8","https://www.criterion.com/shop/collection/820-natasha-lyonne-s-closet-picks"
"closet:820","Natasha Lyonne’s Closet Picks","https://www.criterion.com/films/29158-raging-bull","Raging Bull","9","https://www.criterion.com/shop/collection/820-natasha-lyonne-s-closet-picks"
"closet:820","Natasha Lyonne’s Closet Picks","https://www.criterion.com/films/30213-town-bloody-hall","Town Bloody Hall","10","https://www.criterion.com/shop/collection/820-natasha-lyonne-s-closet-picks"
"closet:820","Natasha Lyonne’s Closet Picks","https://www.criterion.com/films/229-pickpocket","Pickpocket","11","https://www.criterion.com/shop/collection/820-natasha-lyonne-s-closet-picks"
"closet:820","Natasha Lyonne’s Closet Picks","https://www.criterion.com/boxsets/916-trilogy-of-life","Trilogy of Life","12","https://www.criterion.com/shop/collection/820-natasha-lyonne-s-closet-picks"
"closet:820","Natasha Lyonne’s Closet Picks","https://www.criterion.com/films/28025-sunday-bloody-sunday","Sunday Bloody Sunday","13","https://www.criterion.com/shop/collection/820-natasha-lyonne-s-closet-picks"
"closet:820","Natasha Lyonne’s Closet Picks","https://www.criterion.com/boxsets/982-3-films-by-roberto-rossellini-starring-ingrid-bergman","3 Films by Roberto Rossellini Starring Ingrid Bergman","14","https://www.criterion.com/shop/collection/820-natasha-lyonne-s-closet-picks"
"closet:820","Natasha Lyonne’s Closet Picks","https://www.criterion.com/films/27558-city-lights","City Lights","15","https://www.criterion.com/shop/collection/820-natasha-lyonne-s-closet-picks"
"closet:820","Natasha Lyonne’s Closet Picks","https://www.criterion.com/films/362-pandora-s-box","Pandora’s Box","16","https://www.criterion.com/shop/collection/820-natasha-lyonne-s-closet-picks"
"closet:820","Natasha Lyonne’s Closet Picks","https://www.criterion.com/boxsets/417-six-moral-tales","Six Moral Tales","17","https://www.criterion.com/shop/collection/820-natasha-lyonne-s-closet-picks"
"closet:820","Natasha Lyonne’s Closet Picks","https://www.criterion.com/films/27542-sweet-smell-of-success","Sweet Smell of Success","18","https://www.criterion.com/shop/collection/820-natasha-lyonne-s-closet-picks"
"closet:820","Natasha Lyonne’s Closet Picks","https://www.criterion.com/films/30975-jo-jo-dancer-your-life-is-calling","Jo Jo Dancer, Your Life Is Calling","19","https://www.criterion.com/shop/collection/820-natasha-lyonne-s-closet-picks"
"closet:820","Natasha Lyonne’s Closet Picks","https://www.criterion.com/films/28561-all-that-jazz","All That Jazz","20","https://www.criterion.com/shop/collection/820-natasha-lyonne-s-closet-picks"
"closet:834","Ryan Coogler’s Closet Picks","https://www.criterion.com/films/33245-malcolm-x","Malcolm X","1","https://www.criterion.com/shop/collection/834-ryan-coogler-s-closet-picks"
"closet:834","Ryan Coogler’s Closet Picks","https://www.criterion.com/films/31501-love-jones","love jones","2","https://www.criterion.com/shop/collection/834-ryan-coogler-s-closet-picks"
"closet:834","Ryan Coogler’s Closet Picks","https://www.criterion.com/films/28024-thief","Thief","3","https://www.criterion.com/shop/collection/834-ryan-coogler-s-closet-picks"
"closet:834","Ryan Coogler’s Closet Picks","https://www.criterion.com/films/28030-following","Following","4","https://www.criterion.com/shop/collection/834-ryan-coogler-s-closet-picks"
"closet:834","Ryan Coogler’s Closet Picks","https://www.criterion.com/films/165-seven-samurai","Seven Samurai","5","https://www.criterion.com/shop/collection/834-ryan-coogler-s-closet-picks"
"closet:834","Ryan Coogler’s Closet Picks","https://www.criterion.com/films/298-late-spring","Late Spring","6","https://www.criterion.com/shop/collection/834-ryan-coogler-s-closet-picks"
"closet:834","Ryan Coogler’s Closet Picks","https://www.criterion.com/films/32355-devil-in-a-blue-dress","Devil in a Blue Dress","7","https://www.criterion.com/shop/collection/834-ryan-coogler-s-closet-picks"
"closet:834","Ryan Coogler’s Closet Picks","https://www.criterion.com/films/31500-love-basketball","Love & Basketball","8","https://www.criterion.com/shop/collection/834-ryan-coogler-s-closet-picks"
"closet:804","Ben Affleck’s Closet Picks","https://www.criterion.com/films/295-the-rules-of-the-game","The Rules of the Game","1","https://www.criterion.com/shop/collection/804-ben-affleck-s-closet-picks"
"closet:804","Ben Affleck’s Closet Picks","https://www.criterion.com/films/29604-miller-s-crossing","Miller’s Crossing","2","https://www.criterion.com/shop/collection/804-ben-affleck-s-closet-picks"
"closet:804","Ben Affleck’s Closet Picks","https://www.criterion.com/films/314-dazed-and-confused","Dazed and Confused","3","https://www.criterion.com/shop/collection/804-ben-affleck-s-closet-picks"
"closet:804","Ben Affleck’s Closet Picks","https://www.criterion.com/films/28406-badlands","Badlands","4","https://www.criterion.com/shop/collection/804-ben-affleck-s-closet-picks"
"closet:804","Ben Affleck’s Closet Picks","https://www.criterion.com/films/381-traffic","Traffic","5","https://www.criterion.com/shop/collection/804-ben-affleck-s-closet-picks"
"closet:804","Ben Affleck’s Closet Picks","https://www.criterion.com/films/29771-hollywood-shuffle","Hollywood Shuffle","6","https://www.criterion.com/shop/collection/804-ben-affleck-s-closet-picks"
"closet:804","Ben Affleck’s Closet Picks","https://www.criterion.com/films/29627-trainspotting","Trainspotting","7","https://www.criterion.com/shop/collection/804-ben-affleck-s-closet-picks"
"closet:804","Ben Affleck’s Closet Picks","https://www.criterion.com/films/33245-malcolm-x","Malcolm X","8","https://www.criterion.com/shop/collection/804-ben-affleck-s-closet-picks"
"closet:804","Ben Affleck’s Closet Picks","https://www.criterion.com/films/29143-bull-durham","Bull Durham","9","https://www.criterion.com/shop/collection/804-ben-affleck-s-closet-picks"
"closet:804","Ben Affleck’s Closet Picks","https://www.criterion.com/films/30464-fast-times-at-ridgemont-high","Fast Times at Ridgemont High","10","https://www.criterion.com/shop/collection/804-ben-affleck-s-closet-picks"
"closet:804","Ben Affleck’s Closet Picks","https://www.criterion.com/films/528-the-silence-of-the-lambs","The Silence of the Lambs","11","https://www.criterion.com/shop/collection/804-ben-affleck-s-closet-picks"
"closet:804","Ben Affleck’s Closet Picks","https://www.criterion.com/films/578-armageddon","Armageddon","12","https://www.criterion.com/shop/collection/804-ben-affleck-s-closet-picks"
"closet:804","Ben Affleck’s Closet Picks","https://www.criterion.com/films/29677-the-elephant-man","The Elephant Man","13","https://www.criterion.com/shop/collection/804-ben-affleck-s-closet-picks"
"closet:821","Diego Luna’s Closet Picks","https://www.criterion.com/films/208-amarcord","Amarcord","1","https://www.criterion.com/shop/collection/821-diego-luna-s-closet-picks"
"closet:821","Diego Luna’s Closet Picks","https://www.criterion.com/films/151-the-400-blows","The 400 Blows","2","https://www.criterion.com/shop/collection/821-diego-luna-s-closet-picks"
"closet:821","Diego Luna’s Closet Picks","https://www.criterion.com/boxsets/77-la-jetee-sans-soleil","La Jetée/Sans Soleil","3","https://www.criterion.com/shop/collection/821-diego-luna-s-closet-picks"
"closet:821","Diego Luna’s Closet Picks","https://www.criterion.com/films/28005-y-tu-mama-tambien","Y tu mamá también","4","https://www.criterion.com/shop/collection/821-diego-luna-s-closet-picks"
"closet:821","Diego Luna’s Closet Picks","https://www.criterion.com/films/27818-carlos","Carlos","5","https://www.criterion.com/shop/collection/821-diego-luna-s-closet-picks"
"closet:821","Diego Luna’s Closet Picks","https://www.criterion.com/boxsets/844-three-colors","Three Colors","6","https://www.criterion.com/shop/collection/821-diego-luna-s-closet-picks"
"closet:821","Diego Luna’s Closet Picks","https://www.criterion.com/films/33900-totem","Tótem","7","https://www.criterion.com/shop/collection/821-diego-luna-s-closet-picks"
"closet:821","Diego Luna’s Closet Picks","https://www.criterion.com/films/30619-parasite","Parasite","8","https://www.criterion.com/shop/collection/821-diego-luna-s-closet-picks"
"closet:836","Charles Burnett’s Closet Picks","https://www.criterion.com/boxsets/4787-melvin-van-peebles-essential-films","Melvin Van Peebles: Essential Films","1","https://www.criterion.com/shop/collection/836-charles-burnett-s-closet-picks"
"closet:836","Charles Burnett’s Closet Picks","https://www.criterion.com/films/34233-killer-of-sheep","Killer of Sheep","2","https://www.criterion.com/shop/collection/836-charles-burnett-s-closet-picks"
"closet:836","Charles Burnett’s Closet Picks","https://www.criterion.com/films/1083-dodes-ka-den","Dodes’ka-den","3","https://www.criterion.com/shop/collection/836-charles-burnett-s-closet-picks"
"closet:836","Charles Burnett’s Closet Picks","https://www.criterion.com/films/28072-a-day-in-the-country","A Day in the Country","4","https://www.criterion.com/shop/collection/836-charles-burnett-s-closet-picks"
"closet:836","Charles Burnett’s Closet Picks","https://www.criterion.com/films/364-il-posto","Il posto","5","https://www.criterion.com/shop/collection/836-charles-burnett-s-closet-picks"
"closet:836","Charles Burnett’s Closet Picks","https://www.criterion.com/films/739-i-fidanzati","I fidanzati","6","https://www.criterion.com/shop/collection/836-charles-burnett-s-closet-picks"
"closet:836","Charles Burnett’s Closet Picks","https://www.criterion.com/boxsets/7304-three-revolutionary-films-by-ousmane-sembene","Three Revolutionary Films by Ousmane Sembène","7","https://www.criterion.com/shop/collection/836-charles-burnett-s-closet-picks"
"closet:836","Charles Burnett’s Closet Picks","https://www.criterion.com/films/30460-double-indemnity","Double Indemnity","8","https://www.criterion.com/shop/collection/836-charles-burnett-s-closet-picks"
"closet:836","Charles Burnett’s Closet Picks","https://www.criterion.com/boxsets/1427-ingmar-bergman-s-cinema","Ingmar Bergman’s Cinema","9","https://www.criterion.com/shop/collection/836-charles-burnett-s-closet-picks"
"closet:842","David Cronenberg’s Closet Picks","https://www.criterion.com/films/185-la-strada","La strada","1","https://www.criterion.com/shop/collection/842-david-cronenberg-s-closet-picks"
"closet:842","David Cronenberg’s Closet Picks","https://www.criterion.com/films/28173-odd-man-out","Odd Man Out","2","https://www.criterion.com/shop/collection/842-david-cronenberg-s-closet-picks"
"closet:842","David Cronenberg’s Closet Picks","https://www.criterion.com/films/28382-eraserhead","Eraserhead","3","https://www.criterion.com/shop/collection/842-david-cronenberg-s-closet-picks"
"closet:842","David Cronenberg’s Closet Picks","https://www.criterion.com/boxsets/1427-ingmar-bergman-s-cinema","Ingmar Bergman’s Cinema","4","https://www.criterion.com/shop/collection/842-david-cronenberg-s-closet-picks"
"closet:875","Diane Kruger’s Closet Picks","https://www.criterion.com/boxsets/1329-dietrich-von-sternberg-in-hollywood","Dietrich & von Sternberg in Hollywood","1","https://www.criterion.com/shop/collection/875-diane-kruger-s-closet-picks"
"closet:875","Diane Kruger’s Closet Picks","https://www.criterion.com/films/27528-easy-rider","Easy Rider","2","https://www.criterion.com/shop/collection/875-diane-kruger-s-closet-picks"
"closet:875","Diane Kruger’s Closet Picks","https://www.criterion.com/films/27541-fish-tank","Fish Tank","3","https://www.criterion.com/shop/collection/875-diane-kruger-s-closet-picks"
"closet:875","Diane Kruger’s Closet Picks","https://www.criterion.com/films/198-in-the-mood-for-love","In the Mood for Love","4","https://www.criterion.com/shop/collection/875-diane-kruger-s-closet-picks"
"closet:875","Diane Kruger’s Closet Picks","https://www.criterion.com/films/29014-crash","Crash","5","https://www.criterion.com/shop/collection/875-diane-kruger-s-closet-picks"
"closet:845","Paul W. Downs’s Closet Picks","https://www.criterion.com/films/29335-election","Election","1","https://www.criterion.com/shop/collection/845-paul-w-downs-s-closet-picks"
"closet:845","Paul W. Downs’s Closet Picks","https://www.criterion.com/films/28055-being-john-malkovich","Being John Malkovich","2","https://www.criterion.com/shop/collection/845-paul-w-downs-s-closet-picks"
"closet:845","Paul W. Downs’s Closet Picks","https://www.criterion.com/films/28022-vanya-on-42nd-street","Vanya on 42nd Street","3","https://www.criterion.com/shop/collection/845-paul-w-downs-s-closet-picks"
"closet:845","Paul W. Downs’s Closet Picks","https://www.criterion.com/films/28609-tootsie","Tootsie","4","https://www.criterion.com/shop/collection/845-paul-w-downs-s-closet-picks"
"closet:845","Paul W. Downs’s Closet Picks","https://www.criterion.com/films/381-traffic","Traffic","5","https://www.criterion.com/shop/collection/845-paul-w-downs-s-closet-picks"
"closet:848","Tunde Adebimpe’s Closet Picks","https://www.criterion.com/films/28700-akira-kurosawa-s-dreams","Akira Kurosawa’s Dreams","1","https://www.criterion.com/shop/collection/848-tunde-adebimpe-s-closet-picks"
"closet:848","Tunde Adebimpe’s Closet Picks","https://www.criterion.com/films/150-8-1-2","8½","2","https://www.criterion.com/shop/collection/848-tunde-adebimpe-s-closet-picks"
"closet:848","Tunde Adebimpe’s Closet Picks","https://www.criterion.com/boxsets/722-by-brakhage-an-anthology-volumes-one-and-two","By Brakhage: An Anthology, Volumes One and Two","3","https://www.criterion.com/shop/collection/848-tunde-adebimpe-s-closet-picks"
"closet:848","Tunde Adebimpe’s Closet Picks","https://www.criterion.com/films/29038-true-stories","True Stories","4","https://www.criterion.com/shop/collection/848-tunde-adebimpe-s-closet-picks"
"closet:848","Tunde Adebimpe’s Closet Picks","https://www.criterion.com/films/28849-black-girl","Black Girl","5","https://www.criterion.com/shop/collection/848-tunde-adebimpe-s-closet-picks"
"closet:848","Tunde Adebimpe’s Closet Picks","https://www.criterion.com/films/31582-pariah","Pariah","6","https://www.criterion.com/shop/collection/848-tunde-adebimpe-s-closet-picks"
"closet:848","Tunde Adebimpe’s Closet Picks","https://www.criterion.com/films/528-the-silence-of-the-lambs","The Silence of the Lambs","7","https://www.criterion.com/shop/collection/848-tunde-adebimpe-s-closet-picks"
"closet:848","Tunde Adebimpe’s Closet Picks","https://www.criterion.com/boxsets/2648-godzilla-the-showa-era-films-1954-1975","Godzilla: The Showa-Era Films, 1954–1975","8","https://www.criterion.com/shop/collection/848-tunde-adebimpe-s-closet-picks"
"closet:822","Katya Zamolodchikova’s Closet Picks","https://www.criterion.com/films/28894-mirror","Mirror","1","https://www.criterion.com/shop/collection/822-katya-zamolodchikova-s-closet-picks"
"closet:822","Katya Zamolodchikova’s Closet Picks","https://www.criterion.com/films/34514-all-of-us-strangers","All of Us Strangers","2","https://www.criterion.com/shop/collection/822-katya-zamolodchikova-s-closet-picks"
"closet:822","Katya Zamolodchikova’s Closet Picks","https://www.criterion.com/films/27949-belle-de-jour","Belle de jour","3","https://www.criterion.com/shop/collection/822-katya-zamolodchikova-s-closet-picks"
"closet:822","Katya Zamolodchikova’s Closet Picks","https://www.criterion.com/films/28404-pina","Pina","4","https://www.criterion.com/shop/collection/822-katya-zamolodchikova-s-closet-picks"
"closet:822","Katya Zamolodchikova’s Closet Picks","https://www.criterion.com/films/28609-tootsie","Tootsie","5","https://www.criterion.com/shop/collection/822-katya-zamolodchikova-s-closet-picks"
"closet:822","Katya Zamolodchikova’s Closet Picks","https://www.criterion.com/films/30465-happiness","Happiness","6","https://www.criterion.com/shop/collection/822-katya-zamolodchikova-s-closet-picks"
"closet:822","Katya Zamolodchikova’s Closet Picks","https://www.criterion.com/films/28714-polyester","Polyester","7","https://www.criterion.com/shop/collection/822-katya-zamolodchikova-s-closet-picks"
"closet:822","Katya Zamolodchikova’s Closet Picks","https://www.criterion.com/films/27974-querelle","Querelle","8","https://www.criterion.com/shop/collection/822-katya-zamolodchikova-s-closet-picks"
"closet:849","Barbie Ferreira’s Closet Picks","https://www.criterion.com/films/240-videodrome","Videodrome","1","https://www.criterion.com/shop/collection/849-barbie-ferreira-s-closet-picks"
"closet:849","Barbie Ferreira’s Closet Picks","https://www.criterion.com/films/677-the-vanishing","The Vanishing","2","https://www.criterion.com/shop/collection/849-barbie-ferreira-s-closet-picks"
"closet:849","Barbie Ferreira’s Closet Picks","https://www.criterion.com/films/249-my-own-private-idaho","My Own Private Idaho","3","https://www.criterion.com/shop/collection/849-barbie-ferreira-s-closet-picks"
"closet:849","Barbie Ferreira’s Closet Picks","https://www.criterion.com/films/34208-drugstore-cowboy","Drugstore Cowboy","4","https://www.criterion.com/shop/collection/849-barbie-ferreira-s-closet-picks"
"closet:849","Barbie Ferreira’s Closet Picks","https://www.criterion.com/films/29025-mildred-pierce","Mildred Pierce","5","https://www.criterion.com/shop/collection/849-barbie-ferreira-s-closet-picks"
"closet:849","Barbie Ferreira’s Closet Picks","https://www.criterion.com/films/29079-betty-blue","Betty Blue","6","https://www.criterion.com/shop/collection/849-barbie-ferreira-s-closet-picks"
"closet:849","Barbie Ferreira’s Closet Picks","https://www.criterion.com/boxsets/558-john-cassavetes-five-films","John Cassavetes: Five Films","7","https://www.criterion.com/shop/collection/849-barbie-ferreira-s-closet-picks"
"closet:849","Barbie Ferreira’s Closet Picks","https://www.criterion.com/films/28714-polyester","Polyester","8","https://www.criterion.com/shop/collection/849-barbie-ferreira-s-closet-picks"
"closet:849","Barbie Ferreira’s Closet Picks","https://www.criterion.com/boxsets/7581-gregg-araki-s-teen-apocalypse-trilogy","Gregg Araki’s Teen Apocalypse Trilogy","9","https://www.criterion.com/shop/collection/849-barbie-ferreira-s-closet-picks"
"closet:849","Barbie Ferreira’s Closet Picks","https://www.criterion.com/films/1454-red-desert","Red Desert","10","https://www.criterion.com/shop/collection/849-barbie-ferreira-s-closet-picks"
"closet:849","Barbie Ferreira’s Closet Picks","https://www.criterion.com/films/28548-safe","Safe","11","https://www.criterion.com/shop/collection/849-barbie-ferreira-s-closet-picks"
"closet:809","Claude Lelouch’s Closet Picks","https://www.criterion.com/films/29037-swing-time","Swing Time","1","https://www.criterion.com/shop/collection/809-claude-lelouch-s-closet-picks"
"closet:809","Claude Lelouch’s Closet Picks","https://www.criterion.com/boxsets/1069-the-complete-jacques-tati","The Complete Jacques Tati","2","https://www.criterion.com/shop/collection/809-claude-lelouch-s-closet-picks"
"closet:809","Claude Lelouch’s Closet Picks","https://www.criterion.com/films/27563-the-circus","The Circus","3","https://www.criterion.com/shop/collection/809-claude-lelouch-s-closet-picks"
"closet:809","Claude Lelouch’s Closet Picks","https://www.criterion.com/films/28429-il-sorpasso","Il sorpasso","4","https://www.criterion.com/shop/collection/809-claude-lelouch-s-closet-picks"
"closet:809","Claude Lelouch’s Closet Picks","https://www.criterion.com/films/28659-a-special-day","A Special Day","5","https://www.criterion.com/shop/collection/809-claude-lelouch-s-closet-picks"
"closet:808","Aimee Lou Wood’s Closet Picks","https://www.criterion.com/films/27535-broadcast-news","Broadcast News","1","https://www.criterion.com/shop/collection/808-aimee-lou-wood-s-closet-picks"
"closet:808","Aimee Lou Wood’s Closet Picks","https://www.criterion.com/films/30104-cold-war","Cold War","2","https://www.criterion.com/shop/collection/808-aimee-lou-wood-s-closet-picks"
"closet:808","Aimee Lou Wood’s Closet Picks","https://www.criterion.com/films/29164-thelma-louise","Thelma & Louise","3","https://www.criterion.com/shop/collection/808-aimee-lou-wood-s-closet-picks"
"closet:808","Aimee Lou Wood’s Closet Picks","https://www.criterion.com/films/33467-petite-maman","Petite maman","4","https://www.criterion.com/shop/collection/808-aimee-lou-wood-s-closet-picks"
"closet:808","Aimee Lou Wood’s Closet Picks","https://www.criterion.com/films/28610-the-big-chill","The Big Chill","5","https://www.criterion.com/shop/collection/808-aimee-lou-wood-s-closet-picks"
"closet:808","Aimee Lou Wood’s Closet Picks","https://www.criterion.com/films/29154-moonstruck","Moonstruck","6","https://www.criterion.com/shop/collection/808-aimee-lou-wood-s-closet-picks"
"closet:808","Aimee Lou Wood’s Closet Picks","https://www.criterion.com/films/27916-punch-drunk-love","Punch-Drunk Love","7","https://www.criterion.com/shop/collection/808-aimee-lou-wood-s-closet-picks"
"closet:808","Aimee Lou Wood’s Closet Picks","https://www.criterion.com/boxsets/1237-the-before-trilogy","The Before Trilogy","8","https://www.criterion.com/shop/collection/808-aimee-lou-wood-s-closet-picks"
"closet:808","Aimee Lou Wood’s Closet Picks","https://www.criterion.com/films/30246-funny-girl","Funny Girl","9","https://www.criterion.com/shop/collection/808-aimee-lou-wood-s-closet-picks"
"closet:835","Rob Delaney’s Closet Picks","https://www.criterion.com/films/777-harlan-county-usa","Harlan County USA","1","https://www.criterion.com/shop/collection/835-rob-delaney-s-closet-picks"
"closet:835","Rob Delaney’s Closet Picks","https://www.criterion.com/films/27933-the-umbrellas-of-cherbourg","The Umbrellas of Cherbourg","2","https://www.criterion.com/shop/collection/835-rob-delaney-s-closet-picks"
"closet:835","Rob Delaney’s Closet Picks","https://www.criterion.com/boxsets/1237-the-before-trilogy","The Before Trilogy","3","https://www.criterion.com/shop/collection/835-rob-delaney-s-closet-picks"
"closet:835","Rob Delaney’s Closet Picks","https://www.criterion.com/boxsets/1110-andre-gregory-wallace-shawn-3-films","André Gregory & Wallace Shawn: 3 Films","4","https://www.criterion.com/shop/collection/835-rob-delaney-s-closet-picks"
"closet:800","Seth Rogen & Evan Goldberg’s Closet Picks","https://www.criterion.com/films/29634-defending-your-life","Defending Your Life","1","https://www.criterion.com/shop/collection/800-seth-rogen-evan-goldberg-s-closet-picks"
"closet:800","Seth Rogen & Evan Goldberg’s Closet Picks","https://www.criterion.com/films/29464-the-daytrippers","The Daytrippers","2","https://www.criterion.com/shop/collection/800-seth-rogen-evan-goldberg-s-closet-picks"
"closet:800","Seth Rogen & Evan Goldberg’s Closet Picks","https://www.criterion.com/boxsets/6970-jackie-chan-emergence-of-a-superstar","Jackie Chan: Emergence of a Superstar","3","https://www.criterion.com/shop/collection/800-seth-rogen-evan-goldberg-s-closet-picks"
"closet:800","Seth Rogen & Evan Goldberg’s Closet Picks","https://www.criterion.com/films/762-samurai-spy","Samurai Spy","4","https://www.criterion.com/shop/collection/800-seth-rogen-evan-goldberg-s-closet-picks"
"closet:800","Seth Rogen & Evan Goldberg’s Closet Picks","https://www.criterion.com/boxsets/1554-police-story-police-story-2","Police Story / Police Story 2","5","https://www.criterion.com/shop/collection/800-seth-rogen-evan-goldberg-s-closet-picks"
"closet:800","Seth Rogen & Evan Goldberg’s Closet Picks","https://www.criterion.com/films/268-breathless","Breathless","6","https://www.criterion.com/shop/collection/800-seth-rogen-evan-goldberg-s-closet-picks"
"closet:800","Seth Rogen & Evan Goldberg’s Closet Picks","https://www.criterion.com/films/29011-the-cameraman","The Cameraman","7","https://www.criterion.com/shop/collection/800-seth-rogen-evan-goldberg-s-closet-picks"
"closet:800","Seth Rogen & Evan Goldberg’s Closet Picks","https://www.criterion.com/films/28579-it-s-a-mad-mad-mad-mad-world","It’s a Mad, Mad, Mad, Mad World","8","https://www.criterion.com/shop/collection/800-seth-rogen-evan-goldberg-s-closet-picks"
"closet:800","Seth Rogen & Evan Goldberg’s Closet Picks","https://www.criterion.com/boxsets/1069-the-complete-jacques-tati","The Complete Jacques Tati","9","https://www.criterion.com/shop/collection/800-seth-rogen-evan-goldberg-s-closet-picks"
"closet:800","Seth Rogen & Evan Goldberg’s Closet Picks","https://www.criterion.com/films/28836-funny-games","Funny Games","10","https://www.criterion.com/shop/collection/800-seth-rogen-evan-goldberg-s-closet-picks"
"closet:800","Seth Rogen & Evan Goldberg’s Closet Picks","https://www.criterion.com/films/634-naked-lunch","Naked Lunch","11","https://www.criterion.com/shop/collection/800-seth-rogen-evan-goldberg-s-closet-picks"
"closet:800","Seth Rogen & Evan Goldberg’s Closet Picks","https://www.criterion.com/films/29018-hedwig-and-the-angry-inch","Hedwig and the Angry Inch","12","https://www.criterion.com/shop/collection/800-seth-rogen-evan-goldberg-s-closet-picks"
"closet:800","Seth Rogen & Evan Goldberg’s Closet Picks","https://www.criterion.com/films/28406-badlands","Badlands","13","https://www.criterion.com/shop/collection/800-seth-rogen-evan-goldberg-s-closet-picks"
"closet:800","Seth Rogen & Evan Goldberg’s Closet Picks","https://www.criterion.com/films/547-the-cranes-are-flying","The Cranes Are Flying","14","https://www.criterion.com/shop/collection/800-seth-rogen-evan-goldberg-s-closet-picks"
"closet:800","Seth Rogen & Evan Goldberg’s Closet Picks","https://www.criterion.com/films/27751-the-killing","The Killing","15","https://www.criterion.com/shop/collection/800-seth-rogen-evan-goldberg-s-closet-picks"
"closet:800","Seth Rogen & Evan Goldberg’s Closet Picks","https://www.criterion.com/films/336-the-ice-storm","The Ice Storm","16","https://www.criterion.com/shop/collection/800-seth-rogen-evan-goldberg-s-closet-picks"
"closet:800","Seth Rogen & Evan Goldberg’s Closet Picks","https://www.criterion.com/boxsets/6276-the-infernal-affairs-trilogy","The Infernal Affairs Trilogy","17","https://www.criterion.com/shop/collection/800-seth-rogen-evan-goldberg-s-closet-picks"
"closet:800","Seth Rogen & Evan Goldberg’s Closet Picks","https://www.criterion.com/films/28821-shampoo","Shampoo","18","https://www.criterion.com/shop/collection/800-seth-rogen-evan-goldberg-s-closet-picks"
"closet:839","Steve Coogan’s Closet Picks","https://www.criterion.com/films/358-the-lady-vanishes","The Lady Vanishes","1","https://www.criterion.com/shop/collection/839-steve-coogan-s-closet-picks"
"closet:839","Steve Coogan’s Closet Picks","https://www.criterion.com/films/27871-12-angry-men","12 Angry Men","2","https://www.criterion.com/shop/collection/839-steve-coogan-s-closet-picks"
"closet:839","Steve Coogan’s Closet Picks","https://www.criterion.com/films/860-the-spy-who-came-in-from-the-cold","The Spy Who Came in from the Cold","3","https://www.criterion.com/shop/collection/839-steve-coogan-s-closet-picks"
"closet:839","Steve Coogan’s Closet Picks","https://www.criterion.com/films/28833-a-matter-of-life-and-death","A Matter of Life and Death","4","https://www.criterion.com/shop/collection/839-steve-coogan-s-closet-picks"
"closet:839","Steve Coogan’s Closet Picks","https://www.criterion.com/films/31285-the-servant","The Servant","5","https://www.criterion.com/shop/collection/839-steve-coogan-s-closet-picks"
"closet:839","Steve Coogan’s Closet Picks","https://www.criterion.com/films/28708-klute","Klute","6","https://www.criterion.com/shop/collection/839-steve-coogan-s-closet-picks"
"closet:839","Steve Coogan’s Closet Picks","https://www.criterion.com/films/27903-his-girl-friday","His Girl Friday","7","https://www.criterion.com/shop/collection/839-steve-coogan-s-closet-picks"
"closet:801","Rosamund Pike’s Closet Picks","https://www.criterion.com/boxsets/338-i-am-curious","I Am Curious","1","https://www.criterion.com/shop/collection/801-rosamund-pike-s-closet-picks"
"closet:801","Rosamund Pike’s Closet Picks","https://www.criterion.com/films/928-l-eclisse","L’eclisse","2","https://www.criterion.com/shop/collection/801-rosamund-pike-s-closet-picks"
"closet:801","Rosamund Pike’s Closet Picks","https://www.criterion.com/films/28734-a-taste-of-honey","A Taste of Honey","3","https://www.criterion.com/shop/collection/801-rosamund-pike-s-closet-picks"
"closet:801","Rosamund Pike’s Closet Picks","https://www.criterion.com/films/27854-daisies","Daisies","4","https://www.criterion.com/shop/collection/801-rosamund-pike-s-closet-picks"
"closet:801","Rosamund Pike’s Closet Picks","https://www.criterion.com/films/246-loves-of-a-blonde","Loves of a Blonde","5","https://www.criterion.com/shop/collection/801-rosamund-pike-s-closet-picks"
"closet:801","Rosamund Pike’s Closet Picks","https://www.criterion.com/films/29024-mean-streets","Mean Streets","6","https://www.criterion.com/shop/collection/801-rosamund-pike-s-closet-picks"
"closet:801","Rosamund Pike’s Closet Picks","https://www.criterion.com/films/30616-scorsese-shorts","Scorsese Shorts","7","https://www.criterion.com/shop/collection/801-rosamund-pike-s-closet-picks"
"closet:801","Rosamund Pike’s Closet Picks","https://www.criterion.com/boxsets/3432-the-complete-films-of-agnes-varda","The Complete Films of Agnès Varda","8","https://www.criterion.com/shop/collection/801-rosamund-pike-s-closet-picks"
"closet:802","Franklin Leonard’s Closet Picks","https://www.criterion.com/films/29567-to-sleep-with-anger","To Sleep with Anger","1","https://www.criterion.com/shop/collection/802-franklin-leonard-s-closet-picks"
"closet:802","Franklin Leonard’s Closet Picks","https://www.criterion.com/films/32355-devil-in-a-blue-dress","Devil in a Blue Dress","2","https://www.criterion.com/shop/collection/802-franklin-leonard-s-closet-picks"
"closet:802","Franklin Leonard’s Closet Picks","https://www.criterion.com/films/31458-memories-of-murder","Memories of Murder","3","https://www.criterion.com/shop/collection/802-franklin-leonard-s-closet-picks"
"closet:802","Franklin Leonard’s Closet Picks","https://www.criterion.com/films/29007-bamboozled","Bamboozled","4","https://www.criterion.com/shop/collection/802-franklin-leonard-s-closet-picks"
"closet:802","Franklin Leonard’s Closet Picks","https://www.criterion.com/films/28617-4-months-3-weeks-and-2-days","4 Months, 3 Weeks and 2 Days","5","https://www.criterion.com/shop/collection/802-franklin-leonard-s-closet-picks"
"closet:802","Franklin Leonard’s Closet Picks","https://www.criterion.com/films/28609-tootsie","Tootsie","6","https://www.criterion.com/shop/collection/802-franklin-leonard-s-closet-picks"
"closet:802","Franklin Leonard’s Closet Picks","https://www.criterion.com/boxsets/443-paul-robeson-portraits-of-the-artist","Paul Robeson: Portraits of the Artist","7","https://www.criterion.com/shop/collection/802-franklin-leonard-s-closet-picks"
"closet:802","Franklin Leonard’s Closet Picks","https://www.criterion.com/films/34134-anatomy-of-a-fall","Anatomy of a Fall","8","https://www.criterion.com/shop/collection/802-franklin-leonard-s-closet-picks"
"closet:802","Franklin Leonard’s Closet Picks","https://www.criterion.com/films/34051-saint-omer","Saint Omer","9","https://www.criterion.com/shop/collection/802-franklin-leonard-s-closet-picks"
"closet:797","Mark Rylance’s Closet Picks","https://www.criterion.com/films/655-the-hidden-fortress","The Hidden Fortress","1","https://www.criterion.com/shop/collection/797-mark-rylance-s-closet-picks"
"closet:797","Mark Rylance’s Closet Picks","https://www.criterion.com/films/353-ikiru","Ikiru","2","https://www.criterion.com/shop/collection/797-mark-rylance-s-closet-picks"
"closet:797","Mark Rylance’s Closet Picks","https://www.criterion.com/films/28176-miracle-in-milan","Miracle in Milan","3","https://www.criterion.com/shop/collection/797-mark-rylance-s-closet-picks"
"closet:797","Mark Rylance’s Closet Picks","https://www.criterion.com/films/28599-the-tree-of-wooden-clogs","The Tree of Wooden Clogs","4","https://www.criterion.com/shop/collection/797-mark-rylance-s-closet-picks"
"closet:797","Mark Rylance’s Closet Picks","https://www.criterion.com/boxsets/6517-small-axe","Small Axe","5","https://www.criterion.com/shop/collection/797-mark-rylance-s-closet-picks"
"closet:797","Mark Rylance’s Closet Picks","https://www.criterion.com/films/29019-high-sierra","High Sierra","6","https://www.criterion.com/shop/collection/797-mark-rylance-s-closet-picks"
"closet:797","Mark Rylance’s Closet Picks","https://www.criterion.com/films/1083-dodes-ka-den","Dodes’ka-den","7","https://www.criterion.com/shop/collection/797-mark-rylance-s-closet-picks"
"closet:797","Mark Rylance’s Closet Picks","https://www.criterion.com/films/1426-the-friends-of-eddie-coyle","The Friends of Eddie Coyle","8","https://www.criterion.com/shop/collection/797-mark-rylance-s-closet-picks"
"closet:797","Mark Rylance’s Closet Picks","https://www.criterion.com/films/826-woman-in-the-dunes","Woman in the Dunes","9","https://www.criterion.com/shop/collection/797-mark-rylance-s-closet-picks"
"closet:797","Mark Rylance’s Closet Picks","https://www.criterion.com/films/29081-after-life","After Life","10","https://www.criterion.com/shop/collection/797-mark-rylance-s-closet-picks"
"closet:819","Questlove’s Closet Picks","https://www.criterion.com/films/638-beastie-boys-video-anthology","Beastie Boys Video Anthology","1","https://www.criterion.com/shop/collection/819-questlove-s-closet-picks"
"closet:819","Questlove’s Closet Picks","https://www.criterion.com/films/344-black-orpheus","Black Orpheus","2","https://www.criterion.com/shop/collection/819-questlove-s-closet-picks"
"closet:819","Questlove’s Closet Picks","https://www.criterion.com/boxsets/326-the-complete-monterey-pop-festival","The Complete Monterey Pop Festival","3","https://www.criterion.com/shop/collection/819-questlove-s-closet-picks"
"closet:819","Questlove’s Closet Picks","https://www.criterion.com/films/637-gimme-shelter","Gimme Shelter","4","https://www.criterion.com/shop/collection/819-questlove-s-closet-picks"
"closet:819","Questlove’s Closet Picks","https://www.criterion.com/films/286-do-the-right-thing","Do the Right Thing","5","https://www.criterion.com/shop/collection/819-questlove-s-closet-picks"
"closet:819","Questlove’s Closet Picks","https://www.criterion.com/films/29007-bamboozled","Bamboozled","6","https://www.criterion.com/shop/collection/819-questlove-s-closet-picks"
"closet:793","Hans Zimmer’s Closet Picks","https://www.criterion.com/films/248-the-battle-of-algiers","The Battle of Algiers","1","https://www.criterion.com/shop/collection/793-hans-zimmer-s-closet-picks"
"closet:793","Hans Zimmer’s Closet Picks","https://www.criterion.com/films/238-night-and-fog","Night and Fog","2","https://www.criterion.com/shop/collection/793-hans-zimmer-s-closet-picks"
"closet:793","Hans Zimmer’s Closet Picks","https://www.criterion.com/films/300-andrei-rublev","Andrei Rublev","3","https://www.criterion.com/shop/collection/793-hans-zimmer-s-closet-picks"
"closet:793","Hans Zimmer’s Closet Picks","https://www.criterion.com/films/535-sid-nancy","Sid & Nancy","4","https://www.criterion.com/shop/collection/793-hans-zimmer-s-closet-picks"
"closet:793","Hans Zimmer’s Closet Picks","https://www.criterion.com/boxsets/861-david-lean-directs-noel-coward","David Lean Directs Noël Coward","5","https://www.criterion.com/shop/collection/793-hans-zimmer-s-closet-picks"
"closet:793","Hans Zimmer’s Closet Picks","https://www.criterion.com/films/27903-his-girl-friday","His Girl Friday","6","https://www.criterion.com/shop/collection/793-hans-zimmer-s-closet-picks"
"closet:793","Hans Zimmer’s Closet Picks","https://www.criterion.com/films/28658-les-blank-always-for-pleasure","Les Blank: Always for Pleasure","7","https://www.criterion.com/shop/collection/793-hans-zimmer-s-closet-picks"
"closet:793","Hans Zimmer’s Closet Picks","https://www.criterion.com/films/30003-performance","Performance","8","https://www.criterion.com/shop/collection/793-hans-zimmer-s-closet-picks"
"closet:793","Hans Zimmer’s Closet Picks","https://www.criterion.com/films/27523-house","House","9","https://www.criterion.com/shop/collection/793-hans-zimmer-s-closet-picks"
"closet:794","Kevin Bacon’s Closet Picks","https://www.criterion.com/films/165-seven-samurai","Seven Samurai","1","https://www.criterion.com/shop/collection/794-kevin-bacon-s-closet-picks"
"closet:794","Kevin Bacon’s Closet Picks","https://www.criterion.com/films/630-the-blob","The Blob","2","https://www.criterion.com/shop/collection/794-kevin-bacon-s-closet-picks"
"closet:794","Kevin Bacon’s Closet Picks","https://www.criterion.com/films/286-do-the-right-thing","Do the Right Thing","3","https://www.criterion.com/shop/collection/794-kevin-bacon-s-closet-picks"
"closet:794","Kevin Bacon’s Closet Picks","https://www.criterion.com/films/637-gimme-shelter","Gimme Shelter","4","https://www.criterion.com/shop/collection/794-kevin-bacon-s-closet-picks"
"closet:794","Kevin Bacon’s Closet Picks","https://www.criterion.com/films/657-sullivan-s-travels","Sullivan’s Travels","5","https://www.criterion.com/shop/collection/794-kevin-bacon-s-closet-picks"
"closet:794","Kevin Bacon’s Closet Picks","https://www.criterion.com/films/17998-the-fugitive-kind","The Fugitive Kind","6","https://www.criterion.com/shop/collection/794-kevin-bacon-s-closet-picks"
"closet:794","Kevin Bacon’s Closet Picks","https://www.criterion.com/films/218-jules-and-jim","Jules and Jim","7","https://www.criterion.com/shop/collection/794-kevin-bacon-s-closet-picks"
"closet:799","Bowen Yang’s Closet Picks","https://www.criterion.com/boxsets/1554-police-story-police-story-2","Police Story / Police Story 2","1","https://www.criterion.com/shop/collection/799-bowen-yang-s-closet-picks"
"closet:799","Bowen Yang’s Closet Picks","https://www.criterion.com/films/28954-multiple-maniacs","Multiple Maniacs","2","https://www.criterion.com/shop/collection/799-bowen-yang-s-closet-picks"
"closet:799","Bowen Yang’s Closet Picks","https://www.criterion.com/films/29596-all-about-eve","All About Eve","3","https://www.criterion.com/shop/collection/799-bowen-yang-s-closet-picks"
"closet:799","Bowen Yang’s Closet Picks","https://www.criterion.com/films/30974-real-life","Real Life","4","https://www.criterion.com/shop/collection/799-bowen-yang-s-closet-picks"
"closet:799","Bowen Yang’s Closet Picks","https://www.criterion.com/films/2954-the-last-days-of-disco","The Last Days of Disco","5","https://www.criterion.com/shop/collection/799-bowen-yang-s-closet-picks"
"closet:799","Bowen Yang’s Closet Picks","https://www.criterion.com/films/2057-mystery-train","Mystery Train","6","https://www.criterion.com/shop/collection/799-bowen-yang-s-closet-picks"
"closet:799","Bowen Yang’s Closet Picks","https://www.criterion.com/films/1502-paris-texas","Paris, Texas","7","https://www.criterion.com/shop/collection/799-bowen-yang-s-closet-picks"
"closet:799","Bowen Yang’s Closet Picks","https://www.criterion.com/boxsets/3432-the-complete-films-of-agnes-varda","The Complete Films of Agnès Varda","8","https://www.criterion.com/shop/collection/799-bowen-yang-s-closet-picks"
"closet:799","Bowen Yang’s Closet Picks","https://www.criterion.com/boxsets/2648-godzilla-the-showa-era-films-1954-1975","Godzilla: The Showa-Era Films, 1954–1975","9","https://www.criterion.com/shop/collection/799-bowen-yang-s-closet-picks"
"closet:841","Dick Cavett’s Closet Picks","https://www.criterion.com/films/29029-the-philadelphia-story","The Philadelphia Story","1","https://www.criterion.com/shop/collection/841-dick-cavett-s-closet-picks"
"closet:841","Dick Cavett’s Closet Picks","https://www.criterion.com/films/28549-every-man-for-himself","Every Man for Himself","2","https://www.criterion.com/shop/collection/841-dick-cavett-s-closet-picks"
"closet:841","Dick Cavett’s Closet Picks","https://www.criterion.com/films/28831-only-angels-have-wings","Only Angels Have Wings","3","https://www.criterion.com/shop/collection/841-dick-cavett-s-closet-picks"
"closet:841","Dick Cavett’s Closet Picks","https://www.criterion.com/films/980-stagecoach","Stagecoach","4","https://www.criterion.com/shop/collection/841-dick-cavett-s-closet-picks"
"closet:841","Dick Cavett’s Closet Picks","https://www.criterion.com/boxsets/861-david-lean-directs-noel-coward","David Lean Directs Noël Coward","5","https://www.criterion.com/shop/collection/841-dick-cavett-s-closet-picks"
"closet:841","Dick Cavett’s Closet Picks","https://www.criterion.com/films/28173-odd-man-out","Odd Man Out","6","https://www.criterion.com/shop/collection/841-dick-cavett-s-closet-picks"
"closet:841","Dick Cavett’s Closet Picks","https://www.criterion.com/films/28827-husbands","Husbands","7","https://www.criterion.com/shop/collection/841-dick-cavett-s-closet-picks"
"closet:795","Griffin Dunne’s Closet Picks","https://www.criterion.com/films/27904-the-awful-truth","The Awful Truth","1","https://www.criterion.com/shop/collection/795-griffin-dunne-s-closet-picks"
"closet:795","Griffin Dunne’s Closet Picks","https://www.criterion.com/films/28895-come-and-see","Come and See","2","https://www.criterion.com/shop/collection/795-griffin-dunne-s-closet-picks"
"closet:795","Griffin Dunne’s Closet Picks","https://www.criterion.com/films/28712-mccabe-mrs-miller","McCabe & Mrs. Miller","3","https://www.criterion.com/shop/collection/795-griffin-dunne-s-closet-picks"
"closet:795","Griffin Dunne’s Closet Picks","https://www.criterion.com/films/27908-in-a-lonely-place","In a Lonely Place","4","https://www.criterion.com/shop/collection/795-griffin-dunne-s-closet-picks"
"closet:795","Griffin Dunne’s Closet Picks","https://www.criterion.com/films/242-taste-of-cherry","Taste of Cherry","5","https://www.criterion.com/shop/collection/795-griffin-dunne-s-closet-picks"
"closet:795","Griffin Dunne’s Closet Picks","https://www.criterion.com/films/28111-la-notte","La notte","6","https://www.criterion.com/shop/collection/795-griffin-dunne-s-closet-picks"
"closet:790","Carrie Coon’s Closet Picks","https://www.criterion.com/films/220-naked","Naked","1","https://www.criterion.com/shop/collection/790-carrie-coon-s-closet-picks"
"closet:790","Carrie Coon’s Closet Picks","https://www.criterion.com/films/33280-the-mother-and-the-whore","The Mother and the Whore","2","https://www.criterion.com/shop/collection/790-carrie-coon-s-closet-picks"
"closet:790","Carrie Coon’s Closet Picks","https://www.criterion.com/films/30975-jo-jo-dancer-your-life-is-calling","Jo Jo Dancer, Your Life Is Calling","3","https://www.criterion.com/shop/collection/790-carrie-coon-s-closet-picks"
"closet:790","Carrie Coon’s Closet Picks","https://www.criterion.com/films/34764-crossing-delancey","Crossing Delancey","4","https://www.criterion.com/shop/collection/790-carrie-coon-s-closet-picks"
"closet:790","Carrie Coon’s Closet Picks","https://www.criterion.com/films/33023-godzilla-vs-biollante","Godzilla vs. Biollante","5","https://www.criterion.com/shop/collection/790-carrie-coon-s-closet-picks"
"closet:790","Carrie Coon’s Closet Picks","https://www.criterion.com/boxsets/417-six-moral-tales","Six Moral Tales","6","https://www.criterion.com/shop/collection/790-carrie-coon-s-closet-picks"
"closet:790","Carrie Coon’s Closet Picks","https://www.criterion.com/boxsets/7154-eric-rohmer-s-tales-of-the-four-seasons","Eric Rohmer’s Tales of the Four Seasons","7","https://www.criterion.com/shop/collection/790-carrie-coon-s-closet-picks"
"closet:790","Carrie Coon’s Closet Picks","https://www.criterion.com/films/1502-paris-texas","Paris, Texas","8","https://www.criterion.com/shop/collection/790-carrie-coon-s-closet-picks"
"closet:790","Carrie Coon’s Closet Picks","https://www.criterion.com/films/30465-happiness","Happiness","9","https://www.criterion.com/shop/collection/790-carrie-coon-s-closet-picks"
"closet:790","Carrie Coon’s Closet Picks","https://www.criterion.com/films/29450-wanda","Wanda","10","https://www.criterion.com/shop/collection/790-carrie-coon-s-closet-picks"
"closet:790","Carrie Coon’s Closet Picks","https://www.criterion.com/films/27853-the-cremator","The Cremator","11","https://www.criterion.com/shop/collection/790-carrie-coon-s-closet-picks"
"closet:790","Carrie Coon’s Closet Picks","https://www.criterion.com/films/29067-mandabi","Mandabi","12","https://www.criterion.com/shop/collection/790-carrie-coon-s-closet-picks"
"closet:831","Michelle Zauner’s Closet Picks","https://www.criterion.com/boxsets/3626-essential-fellini","Essential Fellini","1","https://www.criterion.com/shop/collection/831-michelle-zauner-s-closet-picks"
"closet:831","Michelle Zauner’s Closet Picks","https://www.criterion.com/films/28596-a-brighter-summer-day","A Brighter Summer Day","2","https://www.criterion.com/shop/collection/831-michelle-zauner-s-closet-picks"
"closet:831","Michelle Zauner’s Closet Picks","https://www.criterion.com/films/27540-still-walking","Still Walking","3","https://www.criterion.com/shop/collection/831-michelle-zauner-s-closet-picks"
"closet:831","Michelle Zauner’s Closet Picks","https://www.criterion.com/boxsets/1021-martin-scorsese-s-world-cinema-project-no-1","Martin Scorsese’s World Cinema Project No. 1","4","https://www.criterion.com/shop/collection/831-michelle-zauner-s-closet-picks"
"closet:831","Michelle Zauner’s Closet Picks","https://www.criterion.com/films/367-the-spirit-of-the-beehive","The Spirit of the Beehive","5","https://www.criterion.com/shop/collection/831-michelle-zauner-s-closet-picks"
"closet:796","Amy Irving’s Closet Picks","https://www.criterion.com/films/29149-the-great-escape","The Great Escape","1","https://www.criterion.com/shop/collection/796-amy-irving-s-closet-picks"
"closet:796","Amy Irving’s Closet Picks","https://www.criterion.com/films/29144-blue-velvet","Blue Velvet","2","https://www.criterion.com/shop/collection/796-amy-irving-s-closet-picks"
"closet:796","Amy Irving’s Closet Picks","https://www.criterion.com/films/237-cries-and-whispers","Cries and Whispers","3","https://www.criterion.com/shop/collection/796-amy-irving-s-closet-picks"
"closet:796","Amy Irving’s Closet Picks","https://www.criterion.com/films/28024-thief","Thief","4","https://www.criterion.com/shop/collection/796-amy-irving-s-closet-picks"
"closet:796","Amy Irving’s Closet Picks","https://www.criterion.com/films/213-days-of-heaven","Days of Heaven","5","https://www.criterion.com/shop/collection/796-amy-irving-s-closet-picks"
"closet:796","Amy Irving’s Closet Picks","https://www.criterion.com/boxsets/6702-the-ranown-westerns-five-films-directed-by-budd-boetticher","The Ranown Westerns: Five Films Directed by Budd Boetticher","6","https://www.criterion.com/shop/collection/796-amy-irving-s-closet-picks"
"closet:796","Amy Irving’s Closet Picks","https://www.criterion.com/films/34764-crossing-delancey","Crossing Delancey","7","https://www.criterion.com/shop/collection/796-amy-irving-s-closet-picks"
"closet:796","Amy Irving’s Closet Picks","https://www.criterion.com/films/295-the-rules-of-the-game","The Rules of the Game","8","https://www.criterion.com/shop/collection/796-amy-irving-s-closet-picks"
"closet:796","Amy Irving’s Closet Picks","https://www.criterion.com/films/28093-le-petit-soldat","Le petit soldat","9","https://www.criterion.com/shop/collection/796-amy-irving-s-closet-picks"
"closet:780","Atom Egoyan’s Closet Picks","https://www.criterion.com/films/200-wings-of-desire","Wings of Desire","1","https://www.criterion.com/shop/collection/780-atom-egoyan-s-closet-picks"
"closet:780","Atom Egoyan’s Closet Picks","https://www.criterion.com/boxsets/6323-michael-haneke-trilogy","Michael Haneke: Trilogy","2","https://www.criterion.com/shop/collection/780-atom-egoyan-s-closet-picks"
"closet:780","Atom Egoyan’s Closet Picks","https://www.criterion.com/films/548-fat-girl","Fat Girl","3","https://www.criterion.com/shop/collection/780-atom-egoyan-s-closet-picks"
"closet:780","Atom Egoyan’s Closet Picks","https://www.criterion.com/films/31084-working-girls","Working Girls","4","https://www.criterion.com/shop/collection/780-atom-egoyan-s-closet-picks"
"closet:780","Atom Egoyan’s Closet Picks","https://www.criterion.com/boxsets/6588-pasolini-101","Pasolini 101","5","https://www.criterion.com/shop/collection/780-atom-egoyan-s-closet-picks"
"closet:780","Atom Egoyan’s Closet Picks","https://www.criterion.com/films/604-the-night-porter","The Night Porter","6","https://www.criterion.com/shop/collection/780-atom-egoyan-s-closet-picks"
"closet:780","Atom Egoyan’s Closet Picks","https://www.criterion.com/films/522-walkabout","Walkabout","7","https://www.criterion.com/shop/collection/780-atom-egoyan-s-closet-picks"
"closet:780","Atom Egoyan’s Closet Picks","https://www.criterion.com/boxsets/1427-ingmar-bergman-s-cinema","Ingmar Bergman’s Cinema","8","https://www.criterion.com/shop/collection/780-atom-egoyan-s-closet-picks"
"closet:788","Julia Fox’s Closet Picks","https://www.criterion.com/films/29336-the-virgin-suicides","The Virgin Suicides","1","https://www.criterion.com/shop/collection/788-julia-fox-s-closet-picks"
"closet:788","Julia Fox’s Closet Picks","https://www.criterion.com/films/28703-a-face-in-the-crowd","A Face in the Crowd","2","https://www.criterion.com/shop/collection/788-julia-fox-s-closet-picks"
"closet:788","Julia Fox’s Closet Picks","https://www.criterion.com/films/664-grey-gardens","Grey Gardens","3","https://www.criterion.com/shop/collection/788-julia-fox-s-closet-picks"
"closet:788","Julia Fox’s Closet Picks","https://www.criterion.com/films/28317-tiny-furniture","Tiny Furniture","4","https://www.criterion.com/shop/collection/788-julia-fox-s-closet-picks"
"closet:788","Julia Fox’s Closet Picks","https://www.criterion.com/films/29569-all-about-my-mother","All About My Mother","5","https://www.criterion.com/shop/collection/788-julia-fox-s-closet-picks"
"closet:788","Julia Fox’s Closet Picks","https://www.criterion.com/films/369-ugetsu","Ugetsu","6","https://www.criterion.com/shop/collection/788-julia-fox-s-closet-picks"
"closet:768","John David Washington and Malcolm Washington’s Closet Picks","https://www.criterion.com/films/28661-dekalog","Dekalog","1","https://www.criterion.com/shop/collection/768-john-david-washington-and-malcolm-washington-s-closet-picks"
"closet:768","John David Washington and Malcolm Washington’s Closet Picks","https://www.criterion.com/films/28894-mirror","Mirror","2","https://www.criterion.com/shop/collection/768-john-david-washington-and-malcolm-washington-s-closet-picks"
"closet:768","John David Washington and Malcolm Washington’s Closet Picks","https://www.criterion.com/films/31502-menace-ii-society","Menace II Society","3","https://www.criterion.com/shop/collection/768-john-david-washington-and-malcolm-washington-s-closet-picks"
"closet:768","John David Washington and Malcolm Washington’s Closet Picks","https://www.criterion.com/films/31648-drylongso","Drylongso","4","https://www.criterion.com/shop/collection/768-john-david-washington-and-malcolm-washington-s-closet-picks"
"closet:768","John David Washington and Malcolm Washington’s Closet Picks","https://www.criterion.com/films/29197-irma-vep","Irma Vep","5","https://www.criterion.com/shop/collection/768-john-david-washington-and-malcolm-washington-s-closet-picks"
"closet:768","John David Washington and Malcolm Washington’s Closet Picks","https://www.criterion.com/films/28056-rosetta","Rosetta","6","https://www.criterion.com/shop/collection/768-john-david-washington-and-malcolm-washington-s-closet-picks"
"closet:768","John David Washington and Malcolm Washington’s Closet Picks","https://www.criterion.com/films/344-black-orpheus","Black Orpheus","7","https://www.criterion.com/shop/collection/768-john-david-washington-and-malcolm-washington-s-closet-picks"
"closet:768","John David Washington and Malcolm Washington’s Closet Picks","https://www.criterion.com/films/34073-the-underground-railroad","The Underground Railroad","8","https://www.criterion.com/shop/collection/768-john-david-washington-and-malcolm-washington-s-closet-picks"
"closet:768","John David Washington and Malcolm Washington’s Closet Picks","https://www.criterion.com/films/915-faces","Faces","9","https://www.criterion.com/shop/collection/768-john-david-washington-and-malcolm-washington-s-closet-picks"
"closet:768","John David Washington and Malcolm Washington’s Closet Picks","https://www.criterion.com/boxsets/1055-the-essential-jacques-demy","The Essential Jacques Demy","10","https://www.criterion.com/shop/collection/768-john-david-washington-and-malcolm-washington-s-closet-picks"
"closet:768","John David Washington and Malcolm Washington’s Closet Picks","https://www.criterion.com/boxsets/3432-the-complete-films-of-agnes-varda","The Complete Films of Agnès Varda","11","https://www.criterion.com/shop/collection/768-john-david-washington-and-malcolm-washington-s-closet-picks"
"closet:768","John David Washington and Malcolm Washington’s Closet Picks","https://www.criterion.com/boxsets/6970-jackie-chan-emergence-of-a-superstar","Jackie Chan: Emergence of a Superstar","12","https://www.criterion.com/shop/collection/768-john-david-washington-and-malcolm-washington-s-closet-picks"
"closet:768","John David Washington and Malcolm Washington’s Closet Picks","https://www.criterion.com/films/33245-malcolm-x","Malcolm X","13","https://www.criterion.com/shop/collection/768-john-david-washington-and-malcolm-washington-s-closet-picks"
"closet:768","John David Washington and Malcolm Washington’s Closet Picks","https://www.criterion.com/films/31032-ghost-dog-the-way-of-the-samurai","Ghost Dog: The Way of the Samurai","14","https://www.criterion.com/shop/collection/768-john-david-washington-and-malcolm-washington-s-closet-picks"
"closet:779","Brady Corbet’s Closet Picks","https://www.criterion.com/films/790-the-leopard","The Leopard","1","https://www.criterion.com/shop/collection/779-brady-corbet-s-closet-picks"
"closet:779","Brady Corbet’s Closet Picks","https://www.criterion.com/films/28699-death-in-venice","Death in Venice","2","https://www.criterion.com/shop/collection/779-brady-corbet-s-closet-picks"
"closet:779","Brady Corbet’s Closet Picks","https://www.criterion.com/films/31319-the-damned","The Damned","3","https://www.criterion.com/shop/collection/779-brady-corbet-s-closet-picks"
"closet:779","Brady Corbet’s Closet Picks","https://www.criterion.com/films/27876-marketa-lazarova","Marketa Lazarová","4","https://www.criterion.com/shop/collection/779-brady-corbet-s-closet-picks"
"closet:779","Brady Corbet’s Closet Picks","https://www.criterion.com/films/532-salo-or-the-120-days-of-sodom","Salò, or The 120 Days of Sodom","5","https://www.criterion.com/shop/collection/779-brady-corbet-s-closet-picks"
"closet:779","Brady Corbet’s Closet Picks","https://www.criterion.com/films/561-the-ascent","The Ascent","6","https://www.criterion.com/shop/collection/779-brady-corbet-s-closet-picks"
"closet:779","Brady Corbet’s Closet Picks","https://www.criterion.com/films/33380-bergman-island","Bergman Island","7","https://www.criterion.com/shop/collection/779-brady-corbet-s-closet-picks"
"closet:779","Brady Corbet’s Closet Picks","https://www.criterion.com/films/33280-the-mother-and-the-whore","The Mother and the Whore","8","https://www.criterion.com/shop/collection/779-brady-corbet-s-closet-picks"
"closet:779","Brady Corbet’s Closet Picks","https://www.criterion.com/boxsets/4117-world-of-wong-kar-wai","World of Wong Kar Wai","9","https://www.criterion.com/shop/collection/779-brady-corbet-s-closet-picks"
"closet:779","Brady Corbet’s Closet Picks","https://www.criterion.com/boxsets/6588-pasolini-101","Pasolini 101","10","https://www.criterion.com/shop/collection/779-brady-corbet-s-closet-picks"
"closet:779","Brady Corbet’s Closet Picks","https://www.criterion.com/films/28661-dekalog","Dekalog","11","https://www.criterion.com/shop/collection/779-brady-corbet-s-closet-picks"
"closet:798","Rosanna Arquette’s Closet Picks","https://www.criterion.com/films/29450-wanda","Wanda","1","https://www.criterion.com/shop/collection/798-rosanna-arquette-s-closet-picks"
"closet:798","Rosanna Arquette’s Closet Picks","https://www.criterion.com/boxsets/3432-the-complete-films-of-agnes-varda","The Complete Films of Agnès Varda","2","https://www.criterion.com/shop/collection/798-rosanna-arquette-s-closet-picks"
"closet:798","Rosanna Arquette’s Closet Picks","https://www.criterion.com/films/31084-working-girls","Working Girls","3","https://www.criterion.com/shop/collection/798-rosanna-arquette-s-closet-picks"
"closet:798","Rosanna Arquette’s Closet Picks","https://www.criterion.com/films/29014-crash","Crash","4","https://www.criterion.com/shop/collection/798-rosanna-arquette-s-closet-picks"
"closet:798","Rosanna Arquette’s Closet Picks","https://www.criterion.com/films/368-summertime","Summertime","5","https://www.criterion.com/shop/collection/798-rosanna-arquette-s-closet-picks"
"closet:798","Rosanna Arquette’s Closet Picks","https://www.criterion.com/films/28821-shampoo","Shampoo","6","https://www.criterion.com/shop/collection/798-rosanna-arquette-s-closet-picks"
"closet:798","Rosanna Arquette’s Closet Picks","https://www.criterion.com/films/233-the-red-shoes","The Red Shoes","7","https://www.criterion.com/shop/collection/798-rosanna-arquette-s-closet-picks"
"closet:798","Rosanna Arquette’s Closet Picks","https://www.criterion.com/films/28708-klute","Klute","8","https://www.criterion.com/shop/collection/798-rosanna-arquette-s-closet-picks"
"closet:798","Rosanna Arquette’s Closet Picks","https://www.criterion.com/films/32237-mississippi-masala","Mississippi Masala","9","https://www.criterion.com/shop/collection/798-rosanna-arquette-s-closet-picks"
"closet:767","Walter Salles’s Closet Picks","https://www.criterion.com/films/300-andrei-rublev","Andrei Rublev","1","https://www.criterion.com/shop/collection/767-walter-salles-s-closet-picks"
"closet:767","Walter Salles’s Closet Picks","https://www.criterion.com/films/252-stranger-than-paradise","Stranger Than Paradise","2","https://www.criterion.com/shop/collection/767-walter-salles-s-closet-picks"
"closet:767","Walter Salles’s Closet Picks","https://www.criterion.com/films/29220-memories-of-underdevelopment","Memories of Underdevelopment","3","https://www.criterion.com/shop/collection/767-walter-salles-s-closet-picks"
"closet:767","Walter Salles’s Closet Picks","https://www.criterion.com/films/28111-la-notte","La notte","4","https://www.criterion.com/shop/collection/767-walter-salles-s-closet-picks"
"closet:767","Walter Salles’s Closet Picks","https://www.criterion.com/films/32170-time","Time","5","https://www.criterion.com/shop/collection/767-walter-salles-s-closet-picks"
"closet:767","Walter Salles’s Closet Picks","https://www.criterion.com/films/29158-raging-bull","Raging Bull","6","https://www.criterion.com/shop/collection/767-walter-salles-s-closet-picks"
"closet:763","Francis Ford Coppola’s Closet Picks","https://www.criterion.com/boxsets/1069-the-complete-jacques-tati","The Complete Jacques Tati","1","https://www.criterion.com/shop/collection/763-francis-ford-coppola-s-closet-picks"
"closet:763","Francis Ford Coppola’s Closet Picks","https://www.criterion.com/films/28993-rumble-fish","Rumble Fish","2","https://www.criterion.com/shop/collection/763-francis-ford-coppola-s-closet-picks"
"closet:763","Francis Ford Coppola’s Closet Picks","https://www.criterion.com/films/29633-dance-girl-dance","Dance, Girl, Dance","3","https://www.criterion.com/shop/collection/763-francis-ford-coppola-s-closet-picks"
"closet:763","Francis Ford Coppola’s Closet Picks","https://www.criterion.com/boxsets/861-david-lean-directs-noel-coward","David Lean Directs Noël Coward","4","https://www.criterion.com/shop/collection/763-francis-ford-coppola-s-closet-picks"
"closet:762","Mikey Madison’s Closet Picks","https://www.criterion.com/films/27529-five-easy-pieces","Five Easy Pieces","1","https://www.criterion.com/shop/collection/762-mikey-madison-s-closet-picks"
"closet:762","Mikey Madison’s Closet Picks","https://www.criterion.com/films/27528-easy-rider","Easy Rider","2","https://www.criterion.com/shop/collection/762-mikey-madison-s-closet-picks"
"closet:762","Mikey Madison’s Closet Picks","https://www.criterion.com/films/30084-take-out","Take Out","3","https://www.criterion.com/shop/collection/762-mikey-madison-s-closet-picks"
"closet:762","Mikey Madison’s Closet Picks","https://www.criterion.com/films/28739-the-piano-teacher","The Piano Teacher","4","https://www.criterion.com/shop/collection/762-mikey-madison-s-closet-picks"
"closet:762","Mikey Madison’s Closet Picks","https://www.criterion.com/films/27909-gilda","Gilda","5","https://www.criterion.com/shop/collection/762-mikey-madison-s-closet-picks"
"closet:762","Mikey Madison’s Closet Picks","https://www.criterion.com/films/950-eyes-without-a-face","Eyes Without a Face","6","https://www.criterion.com/shop/collection/762-mikey-madison-s-closet-picks"
"closet:762","Mikey Madison’s Closet Picks","https://www.criterion.com/films/27566-the-kid","The Kid","7","https://www.criterion.com/shop/collection/762-mikey-madison-s-closet-picks"
"closet:762","Mikey Madison’s Closet Picks","https://www.criterion.com/films/28036-heaven-s-gate","Heaven’s Gate","8","https://www.criterion.com/shop/collection/762-mikey-madison-s-closet-picks"
"closet:769","Robert Eggers’s Closet Picks","https://www.criterion.com/films/29219-the-color-of-pomegranates","The Color of Pomegranates","1","https://www.criterion.com/shop/collection/769-robert-eggers-s-closet-picks"
"closet:769","Robert Eggers’s Closet Picks","https://www.criterion.com/boxsets/6588-pasolini-101","Pasolini 101","2","https://www.criterion.com/shop/collection/769-robert-eggers-s-closet-picks"
"closet:769","Robert Eggers’s Closet Picks","https://www.criterion.com/films/28699-death-in-venice","Death in Venice","3","https://www.criterion.com/shop/collection/769-robert-eggers-s-closet-picks"
"closet:769","Robert Eggers’s Closet Picks","https://www.criterion.com/films/28899-an-actor-s-revenge","An Actor’s Revenge","4","https://www.criterion.com/shop/collection/769-robert-eggers-s-closet-picks"
"closet:769","Robert Eggers’s Closet Picks","https://www.criterion.com/films/33384-demon-pond","Demon Pond","5","https://www.criterion.com/shop/collection/769-robert-eggers-s-closet-picks"
"closet:769","Robert Eggers’s Closet Picks","https://www.criterion.com/boxsets/6911-freaks-the-unknown-the-mystic-tod-browning-s-sideshow-shockers","Freaks / The Unknown / The Mystic: Tod Browning’s Sideshow Shockers","6","https://www.criterion.com/shop/collection/769-robert-eggers-s-closet-picks"
"closet:769","Robert Eggers’s Closet Picks","https://www.criterion.com/films/28569-the-innocents","The Innocents","7","https://www.criterion.com/shop/collection/769-robert-eggers-s-closet-picks"
"closet:770","Nicholas Hoult’s Closet Picks","https://www.criterion.com/films/198-in-the-mood-for-love","In the Mood for Love","1","https://www.criterion.com/shop/collection/770-nicholas-hoult-s-closet-picks"
"closet:770","Nicholas Hoult’s Closet Picks","https://www.criterion.com/films/27981-shallow-grave","Shallow Grave","2","https://www.criterion.com/shop/collection/770-nicholas-hoult-s-closet-picks"
"closet:770","Nicholas Hoult’s Closet Picks","https://www.criterion.com/boxsets/3205-bruce-lee-his-greatest-hits","Bruce Lee: His Greatest Hits","3","https://www.criterion.com/shop/collection/770-nicholas-hoult-s-closet-picks"
"closet:770","Nicholas Hoult’s Closet Picks","https://www.criterion.com/films/28565-fantastic-mr-fox","Fantastic Mr. Fox","4","https://www.criterion.com/shop/collection/770-nicholas-hoult-s-closet-picks"
"closet:770","Nicholas Hoult’s Closet Picks","https://www.criterion.com/films/32250-citizen-kane","Citizen Kane","5","https://www.criterion.com/shop/collection/770-nicholas-hoult-s-closet-picks"
"closet:770","Nicholas Hoult’s Closet Picks","https://www.criterion.com/films/29429-no-country-for-old-men","No Country for Old Men","6","https://www.criterion.com/shop/collection/770-nicholas-hoult-s-closet-picks"
"closet:770","Nicholas Hoult’s Closet Picks","https://www.criterion.com/films/29009-being-there","Being There","7","https://www.criterion.com/shop/collection/770-nicholas-hoult-s-closet-picks"
"closet:770","Nicholas Hoult’s Closet Picks","https://www.criterion.com/films/27871-12-angry-men","12 Angry Men","8","https://www.criterion.com/shop/collection/770-nicholas-hoult-s-closet-picks"
"closet:772","Chiara Mastroianni’s Closet Picks","https://www.criterion.com/films/680-rebecca","Rebecca","1","https://www.criterion.com/shop/collection/772-chiara-mastroianni-s-closet-picks"
"closet:772","Chiara Mastroianni’s Closet Picks","https://www.criterion.com/films/27690-to-be-or-not-to-be","To Be or Not to Be","2","https://www.criterion.com/shop/collection/772-chiara-mastroianni-s-closet-picks"
"closet:772","Chiara Mastroianni’s Closet Picks","https://www.criterion.com/films/877-divorce-italian-style","Divorce Italian Style","3","https://www.criterion.com/shop/collection/772-chiara-mastroianni-s-closet-picks"
"closet:772","Chiara Mastroianni’s Closet Picks","https://www.criterion.com/films/29024-mean-streets","Mean Streets","4","https://www.criterion.com/shop/collection/772-chiara-mastroianni-s-closet-picks"
"closet:772","Chiara Mastroianni’s Closet Picks","https://www.criterion.com/films/27666-cure","Cure","5","https://www.criterion.com/shop/collection/772-chiara-mastroianni-s-closet-picks"
"closet:772","Chiara Mastroianni’s Closet Picks","https://www.criterion.com/films/27525-the-night-of-the-hunter","The Night of the Hunter","6","https://www.criterion.com/shop/collection/772-chiara-mastroianni-s-closet-picks"
"closet:772","Chiara Mastroianni’s Closet Picks","https://www.criterion.com/films/28659-a-special-day","A Special Day","7","https://www.criterion.com/shop/collection/772-chiara-mastroianni-s-closet-picks"
"closet:772","Chiara Mastroianni’s Closet Picks","https://www.criterion.com/films/27612-the-organizer","The Organizer","8","https://www.criterion.com/shop/collection/772-chiara-mastroianni-s-closet-picks"
"closet:772","Chiara Mastroianni’s Closet Picks","https://www.criterion.com/films/27552-things-to-come","Things to Come","9","https://www.criterion.com/shop/collection/772-chiara-mastroianni-s-closet-picks"
"closet:758","Norman Reedus’s Closet Picks","https://www.criterion.com/films/29144-blue-velvet","Blue Velvet","1","https://www.criterion.com/shop/collection/758-norman-reedus-s-closet-picks"
"closet:758","Norman Reedus’s Closet Picks","https://www.criterion.com/films/29219-the-color-of-pomegranates","The Color of Pomegranates","2","https://www.criterion.com/shop/collection/758-norman-reedus-s-closet-picks"
"closet:758","Norman Reedus’s Closet Picks","https://www.criterion.com/films/240-videodrome","Videodrome","3","https://www.criterion.com/shop/collection/758-norman-reedus-s-closet-picks"
"closet:758","Norman Reedus’s Closet Picks","https://www.criterion.com/films/249-my-own-private-idaho","My Own Private Idaho","4","https://www.criterion.com/shop/collection/758-norman-reedus-s-closet-picks"
"closet:765","Juliette Binoche and Ralph Fiennes’s Closet Picks","https://www.criterion.com/films/719-down-by-law","Down by Law","1","https://www.criterion.com/shop/collection/765-juliette-binoche-and-ralph-fiennes-s-closet-picks"
"closet:765","Juliette Binoche and Ralph Fiennes’s Closet Picks","https://www.criterion.com/films/28711-the-magnificent-ambersons","The Magnificent Ambersons","2","https://www.criterion.com/shop/collection/765-juliette-binoche-and-ralph-fiennes-s-closet-picks"
"closet:765","Juliette Binoche and Ralph Fiennes’s Closet Picks","https://www.criterion.com/films/30908-amores-perros","Amores perros","3","https://www.criterion.com/shop/collection/765-juliette-binoche-and-ralph-fiennes-s-closet-picks"
"closet:765","Juliette Binoche and Ralph Fiennes’s Closet Picks","https://www.criterion.com/boxsets/3626-essential-fellini","Essential Fellini","4","https://www.criterion.com/shop/collection/765-juliette-binoche-and-ralph-fiennes-s-closet-picks"
"closet:765","Juliette Binoche and Ralph Fiennes’s Closet Picks","https://www.criterion.com/boxsets/6588-pasolini-101","Pasolini 101","5","https://www.criterion.com/shop/collection/765-juliette-binoche-and-ralph-fiennes-s-closet-picks"
"closet:765","Juliette Binoche and Ralph Fiennes’s Closet Picks","https://www.criterion.com/boxsets/743-eclipse-series-23-the-first-films-of-akira-kurosawa","Eclipse Series 23: The First Films of Akira Kurosawa","6","https://www.criterion.com/shop/collection/765-juliette-binoche-and-ralph-fiennes-s-closet-picks"
"closet:765","Juliette Binoche and Ralph Fiennes’s Closet Picks","https://www.criterion.com/boxsets/427-eclipse-series-3-late-ozu","Eclipse Series 3: Late Ozu","7","https://www.criterion.com/shop/collection/765-juliette-binoche-and-ralph-fiennes-s-closet-picks"
"closet:765","Juliette Binoche and Ralph Fiennes’s Closet Picks","https://www.criterion.com/boxsets/499-eclipse-series-5-the-first-films-of-samuel-fuller","Eclipse Series 5: The First Films of Samuel Fuller","8","https://www.criterion.com/shop/collection/765-juliette-binoche-and-ralph-fiennes-s-closet-picks"
"closet:765","Juliette Binoche and Ralph Fiennes’s Closet Picks","https://www.criterion.com/boxsets/275-eclipse-series-2-the-documentaries-of-louis-malle","Eclipse Series 2: The Documentaries of Louis Malle","9","https://www.criterion.com/shop/collection/765-juliette-binoche-and-ralph-fiennes-s-closet-picks"
"closet:765","Juliette Binoche and Ralph Fiennes’s Closet Picks","https://www.criterion.com/boxsets/789-eclipse-series-26-silent-naruse","Eclipse Series 26: Silent Naruse","10","https://www.criterion.com/shop/collection/765-juliette-binoche-and-ralph-fiennes-s-closet-picks"
"closet:765","Juliette Binoche and Ralph Fiennes’s Closet Picks","https://www.criterion.com/boxsets/776-eclipse-series-25-basil-dearden-s-london-underground","Eclipse Series 25: Basil Dearden’s London Underground","11","https://www.criterion.com/shop/collection/765-juliette-binoche-and-ralph-fiennes-s-closet-picks"
"closet:765","Juliette Binoche and Ralph Fiennes’s Closet Picks","https://www.criterion.com/films/596-the-furies","The Furies","12","https://www.criterion.com/shop/collection/765-juliette-binoche-and-ralph-fiennes-s-closet-picks"
"closet:765","Juliette Binoche and Ralph Fiennes’s Closet Picks","https://www.criterion.com/films/455-au-hasard-balthazar","Au hasard Balthazar","13","https://www.criterion.com/shop/collection/765-juliette-binoche-and-ralph-fiennes-s-closet-picks"
"closet:765","Juliette Binoche and Ralph Fiennes’s Closet Picks","https://www.criterion.com/films/28894-mirror","Mirror","14","https://www.criterion.com/shop/collection/765-juliette-binoche-and-ralph-fiennes-s-closet-picks"
"closet:771","Denis Villeneuve’s Closet Picks","https://www.criterion.com/boxsets/844-three-colors","Three Colors","1","https://www.criterion.com/shop/collection/771-denis-villeneuve-s-closet-picks"
"closet:771","Denis Villeneuve’s Closet Picks","https://www.criterion.com/boxsets/89-a-film-trilogy-by-ingmar-bergman","A Film Trilogy by Ingmar Bergman","2","https://www.criterion.com/shop/collection/771-denis-villeneuve-s-closet-picks"
"closet:771","Denis Villeneuve’s Closet Picks","https://www.criterion.com/films/20987-che","Che","3","https://www.criterion.com/shop/collection/771-denis-villeneuve-s-closet-picks"
"closet:771","Denis Villeneuve’s Closet Picks","https://www.criterion.com/films/370-the-wages-of-fear","The Wages of Fear","4","https://www.criterion.com/shop/collection/771-denis-villeneuve-s-closet-picks"
"closet:771","Denis Villeneuve’s Closet Picks","https://www.criterion.com/boxsets/6344-lars-von-trier-s-europe-trilogy","Lars von Trier’s Europe Trilogy","5","https://www.criterion.com/shop/collection/771-denis-villeneuve-s-closet-picks"
"closet:771","Denis Villeneuve’s Closet Picks","https://www.criterion.com/films/28038-fellini-satyricon","Fellini Satyricon","6","https://www.criterion.com/shop/collection/771-denis-villeneuve-s-closet-picks"
"closet:771","Denis Villeneuve’s Closet Picks","https://www.criterion.com/films/165-seven-samurai","Seven Samurai","7","https://www.criterion.com/shop/collection/771-denis-villeneuve-s-closet-picks"
"closet:761","Andrew Stanton’s Closet Picks","https://www.criterion.com/films/29964-paper-moon","Paper Moon","1","https://www.criterion.com/shop/collection/761-andrew-stanton-s-closet-picks"
"closet:761","Andrew Stanton’s Closet Picks","https://www.criterion.com/films/211-brazil","Brazil","2","https://www.criterion.com/shop/collection/761-andrew-stanton-s-closet-picks"
"closet:761","Andrew Stanton’s Closet Picks","https://www.criterion.com/films/28709-local-hero","Local Hero","3","https://www.criterion.com/shop/collection/761-andrew-stanton-s-closet-picks"
"closet:761","Andrew Stanton’s Closet Picks","https://www.criterion.com/films/32661-the-worst-person-in-the-world","The Worst Person in the World","4","https://www.criterion.com/shop/collection/761-andrew-stanton-s-closet-picks"
"closet:761","Andrew Stanton’s Closet Picks","https://www.criterion.com/films/29634-defending-your-life","Defending Your Life","5","https://www.criterion.com/shop/collection/761-andrew-stanton-s-closet-picks"
"closet:761","Andrew Stanton’s Closet Picks","https://www.criterion.com/films/29461-matewan","Matewan","6","https://www.criterion.com/shop/collection/761-andrew-stanton-s-closet-picks"
"closet:746","Johnnie To’s Closet Picks","https://www.criterion.com/films/30124-roma","Roma","1","https://www.criterion.com/shop/collection/746-johnnie-to-s-closet-picks"
"closet:746","Johnnie To’s Closet Picks","https://www.criterion.com/films/28661-dekalog","Dekalog","2","https://www.criterion.com/shop/collection/746-johnnie-to-s-closet-picks"
"closet:746","Johnnie To’s Closet Picks","https://www.criterion.com/boxsets/844-three-colors","Three Colors","3","https://www.criterion.com/shop/collection/746-johnnie-to-s-closet-picks"
"closet:746","Johnnie To’s Closet Picks","https://www.criterion.com/films/743-harakiri","Harakiri","4","https://www.criterion.com/shop/collection/746-johnnie-to-s-closet-picks"
"closet:746","Johnnie To’s Closet Picks","https://www.criterion.com/boxsets/952-eclipse-series-38-masaki-kobayashi-against-the-system","Eclipse Series 38: Masaki Kobayashi Against the System","5","https://www.criterion.com/shop/collection/746-johnnie-to-s-closet-picks"
"closet:746","Johnnie To’s Closet Picks","https://www.criterion.com/films/730-straw-dogs","Straw Dogs","6","https://www.criterion.com/shop/collection/746-johnnie-to-s-closet-picks"
"closet:746","Johnnie To’s Closet Picks","https://www.criterion.com/films/29158-raging-bull","Raging Bull","7","https://www.criterion.com/shop/collection/746-johnnie-to-s-closet-picks"
"closet:746","Johnnie To’s Closet Picks","https://www.criterion.com/films/30616-scorsese-shorts","Scorsese Shorts","8","https://www.criterion.com/shop/collection/746-johnnie-to-s-closet-picks"
"closet:746","Johnnie To’s Closet Picks","https://www.criterion.com/boxsets/743-eclipse-series-23-the-first-films-of-akira-kurosawa","Eclipse Series 23: The First Films of Akira Kurosawa","9","https://www.criterion.com/shop/collection/746-johnnie-to-s-closet-picks"
"closet:773","John Lithgow’s Closet Picks","https://www.criterion.com/films/657-sullivan-s-travels","Sullivan’s Travels","1","https://www.criterion.com/shop/collection/773-john-lithgow-s-closet-picks"
"closet:773","John Lithgow’s Closet Picks","https://www.criterion.com/films/853-this-sporting-life","This Sporting Life","2","https://www.criterion.com/shop/collection/773-john-lithgow-s-closet-picks"
"closet:773","John Lithgow’s Closet Picks","https://www.criterion.com/films/860-the-spy-who-came-in-from-the-cold","The Spy Who Came in from the Cold","3","https://www.criterion.com/shop/collection/773-john-lithgow-s-closet-picks"
"closet:773","John Lithgow’s Closet Picks","https://www.criterion.com/films/27561-blow-out","Blow Out","4","https://www.criterion.com/shop/collection/773-john-lithgow-s-closet-picks"
"closet:773","John Lithgow’s Closet Picks","https://www.criterion.com/boxsets/1069-the-complete-jacques-tati","The Complete Jacques Tati","5","https://www.criterion.com/shop/collection/773-john-lithgow-s-closet-picks"
"closet:773","John Lithgow’s Closet Picks","https://www.criterion.com/films/358-the-lady-vanishes","The Lady Vanishes","6","https://www.criterion.com/shop/collection/773-john-lithgow-s-closet-picks"
"closet:786","Julia Garner’s Closet Picks","https://www.criterion.com/films/29596-all-about-eve","All About Eve","1","https://www.criterion.com/shop/collection/786-julia-garner-s-closet-picks"
"closet:786","Julia Garner’s Closet Picks","https://www.criterion.com/films/28821-shampoo","Shampoo","2","https://www.criterion.com/shop/collection/786-julia-garner-s-closet-picks"
"closet:786","Julia Garner’s Closet Picks","https://www.criterion.com/films/286-do-the-right-thing","Do the Right Thing","3","https://www.criterion.com/shop/collection/786-julia-garner-s-closet-picks"
"closet:786","Julia Garner’s Closet Picks","https://www.criterion.com/films/30619-parasite","Parasite","4","https://www.criterion.com/shop/collection/786-julia-garner-s-closet-picks"
"closet:786","Julia Garner’s Closet Picks","https://www.criterion.com/boxsets/6344-lars-von-trier-s-europe-trilogy","Lars von Trier’s Europe Trilogy","5","https://www.criterion.com/shop/collection/786-julia-garner-s-closet-picks"
"closet:786","Julia Garner’s Closet Picks","https://www.criterion.com/boxsets/558-john-cassavetes-five-films","John Cassavetes: Five Films","6","https://www.criterion.com/shop/collection/786-julia-garner-s-closet-picks"
"closet:786","Julia Garner’s Closet Picks","https://www.criterion.com/films/29368-the-princess-bride","The Princess Bride","7","https://www.criterion.com/shop/collection/786-julia-garner-s-closet-picks"
"closet:786","Julia Garner’s Closet Picks","https://www.criterion.com/films/29450-wanda","Wanda","8","https://www.criterion.com/shop/collection/786-julia-garner-s-closet-picks"
"closet:789","Karyn Kusama’s Closet Picks","https://www.criterion.com/films/31319-the-damned","The Damned","1","https://www.criterion.com/shop/collection/789-karyn-kusama-s-closet-picks"
"closet:789","Karyn Kusama’s Closet Picks","https://www.criterion.com/films/33619-not-a-pretty-picture","Not a Pretty Picture","2","https://www.criterion.com/shop/collection/789-karyn-kusama-s-closet-picks"
"closet:789","Karyn Kusama’s Closet Picks","https://www.criterion.com/films/29145-chilly-scenes-of-winter","Chilly Scenes of Winter","3","https://www.criterion.com/shop/collection/789-karyn-kusama-s-closet-picks"
"closet:789","Karyn Kusama’s Closet Picks","https://www.criterion.com/boxsets/3900-three-films-by-luis-bunuel","Three Films by Luis Buñuel","4","https://www.criterion.com/shop/collection/789-karyn-kusama-s-closet-picks"
"closet:789","Karyn Kusama’s Closet Picks","https://www.criterion.com/films/29429-no-country-for-old-men","No Country for Old Men","5","https://www.criterion.com/shop/collection/789-karyn-kusama-s-closet-picks"
"closet:789","Karyn Kusama’s Closet Picks","https://www.criterion.com/films/33803-dogfight","Dogfight","6","https://www.criterion.com/shop/collection/789-karyn-kusama-s-closet-picks"
"closet:789","Karyn Kusama’s Closet Picks","https://www.criterion.com/boxsets/427-eclipse-series-3-late-ozu","Eclipse Series 3: Late Ozu","7","https://www.criterion.com/shop/collection/789-karyn-kusama-s-closet-picks"
"closet:789","Karyn Kusama’s Closet Picks","https://www.criterion.com/boxsets/934-the-qatsi-trilogy","The Qatsi Trilogy","8","https://www.criterion.com/shop/collection/789-karyn-kusama-s-closet-picks"
"closet:776","Maura Tierney’s Closet Picks","https://www.criterion.com/films/29018-hedwig-and-the-angry-inch","Hedwig and the Angry Inch","1","https://www.criterion.com/shop/collection/776-maura-tierney-s-closet-picks"
"closet:776","Maura Tierney’s Closet Picks","https://www.criterion.com/films/30213-town-bloody-hall","Town Bloody Hall","2","https://www.criterion.com/shop/collection/776-maura-tierney-s-closet-picks"
"closet:776","Maura Tierney’s Closet Picks","https://www.criterion.com/films/28821-shampoo","Shampoo","3","https://www.criterion.com/shop/collection/776-maura-tierney-s-closet-picks"
"closet:776","Maura Tierney’s Closet Picks","https://www.criterion.com/films/286-do-the-right-thing","Do the Right Thing","4","https://www.criterion.com/shop/collection/776-maura-tierney-s-closet-picks"
"closet:776","Maura Tierney’s Closet Picks","https://www.criterion.com/films/336-the-ice-storm","The Ice Storm","5","https://www.criterion.com/shop/collection/776-maura-tierney-s-closet-picks"
"closet:776","Maura Tierney’s Closet Picks","https://www.criterion.com/films/27523-house","House","6","https://www.criterion.com/shop/collection/776-maura-tierney-s-closet-picks"
"closet:776","Maura Tierney’s Closet Picks","https://www.criterion.com/films/29964-paper-moon","Paper Moon","7","https://www.criterion.com/shop/collection/776-maura-tierney-s-closet-picks"
"closet:757","Pamela Anderson’s Closet Picks","https://www.criterion.com/films/30223-la-piscine","La piscine","1","https://www.criterion.com/shop/collection/757-pamela-anderson-s-closet-picks"
"closet:757","Pamela Anderson’s Closet Picks","https://www.criterion.com/films/29144-blue-velvet","Blue Velvet","2","https://www.criterion.com/shop/collection/757-pamela-anderson-s-closet-picks"
"closet:757","Pamela Anderson’s Closet Picks","https://www.criterion.com/films/27913-la-verite","La vérité","3","https://www.criterion.com/shop/collection/757-pamela-anderson-s-closet-picks"
"closet:757","Pamela Anderson’s Closet Picks","https://www.criterion.com/films/268-breathless","Breathless","4","https://www.criterion.com/shop/collection/757-pamela-anderson-s-closet-picks"
"closet:757","Pamela Anderson’s Closet Picks","https://www.criterion.com/films/185-la-strada","La strada","5","https://www.criterion.com/shop/collection/757-pamela-anderson-s-closet-picks"
"closet:757","Pamela Anderson’s Closet Picks","https://www.criterion.com/films/778-elevator-to-the-gallows","Elevator to the Gallows","6","https://www.criterion.com/shop/collection/757-pamela-anderson-s-closet-picks"
"closet:757","Pamela Anderson’s Closet Picks","https://www.criterion.com/films/29450-wanda","Wanda","7","https://www.criterion.com/shop/collection/757-pamela-anderson-s-closet-picks"
"closet:757","Pamela Anderson’s Closet Picks","https://www.criterion.com/boxsets/2363-the-koker-trilogy","The Koker Trilogy","8","https://www.criterion.com/shop/collection/757-pamela-anderson-s-closet-picks"
"closet:757","Pamela Anderson’s Closet Picks","https://www.criterion.com/films/368-summertime","Summertime","9","https://www.criterion.com/shop/collection/757-pamela-anderson-s-closet-picks"
"closet:757","Pamela Anderson’s Closet Picks","https://www.criterion.com/boxsets/1427-ingmar-bergman-s-cinema","Ingmar Bergman’s Cinema","10","https://www.criterion.com/shop/collection/757-pamela-anderson-s-closet-picks"
"closet:757","Pamela Anderson’s Closet Picks","https://www.criterion.com/films/348-fists-in-the-pocket","Fists in the Pocket","11","https://www.criterion.com/shop/collection/757-pamela-anderson-s-closet-picks"
"closet:766","Pablo Larraín’s Closet Picks","https://www.criterion.com/films/28005-y-tu-mama-tambien","Y tu mamá también","1","https://www.criterion.com/shop/collection/766-pablo-larrain-s-closet-picks"
"closet:766","Pablo Larraín’s Closet Picks","https://www.criterion.com/boxsets/6588-pasolini-101","Pasolini 101","2","https://www.criterion.com/shop/collection/766-pablo-larrain-s-closet-picks"
"closet:766","Pablo Larraín’s Closet Picks","https://www.criterion.com/boxsets/844-three-colors","Three Colors","3","https://www.criterion.com/shop/collection/766-pablo-larrain-s-closet-picks"
"closet:766","Pablo Larraín’s Closet Picks","https://www.criterion.com/films/839-berlin-alexanderplatz","Berlin Alexanderplatz","4","https://www.criterion.com/shop/collection/766-pablo-larrain-s-closet-picks"
"closet:766","Pablo Larraín’s Closet Picks","https://www.criterion.com/films/28820-boyhood","Boyhood","5","https://www.criterion.com/shop/collection/766-pablo-larrain-s-closet-picks"
"closet:766","Pablo Larraín’s Closet Picks","https://www.criterion.com/films/29569-all-about-my-mother","All About My Mother","6","https://www.criterion.com/shop/collection/766-pablo-larrain-s-closet-picks"
"closet:766","Pablo Larraín’s Closet Picks","https://www.criterion.com/films/28353-certified-copy","Certified Copy","7","https://www.criterion.com/shop/collection/766-pablo-larrain-s-closet-picks"
"closet:736","Jeremy Pope’s Closet Picks","https://www.criterion.com/films/32355-devil-in-a-blue-dress","Devil in a Blue Dress","1","https://www.criterion.com/shop/collection/736-jeremy-pope-s-closet-picks"
"closet:736","Jeremy Pope’s Closet Picks","https://www.criterion.com/films/29647-paris-is-burning","Paris Is Burning","2","https://www.criterion.com/shop/collection/736-jeremy-pope-s-closet-picks"
"closet:736","Jeremy Pope’s Closet Picks","https://www.criterion.com/films/286-do-the-right-thing","Do the Right Thing","3","https://www.criterion.com/shop/collection/736-jeremy-pope-s-closet-picks"
"closet:736","Jeremy Pope’s Closet Picks","https://www.criterion.com/films/32171-one-night-in-miami","One Night in Miami . . .","4","https://www.criterion.com/shop/collection/736-jeremy-pope-s-closet-picks"
"closet:736","Jeremy Pope’s Closet Picks","https://www.criterion.com/boxsets/4431-the-signifyin-works-of-marlon-riggs","The Signifyin’ Works of Marlon Riggs","5","https://www.criterion.com/shop/collection/736-jeremy-pope-s-closet-picks"
"closet:736","Jeremy Pope’s Closet Picks","https://www.criterion.com/films/29029-the-philadelphia-story","The Philadelphia Story","6","https://www.criterion.com/shop/collection/736-jeremy-pope-s-closet-picks"
"closet:785","Azazel Jacobs’s Closet Picks","https://www.criterion.com/films/1076-the-exterminating-angel","The Exterminating Angel","1","https://www.criterion.com/shop/collection/785-azazel-jacobs-s-closet-picks"
"closet:785","Azazel Jacobs’s Closet Picks","https://www.criterion.com/films/1078-hobson-s-choice","Hobson’s Choice","2","https://www.criterion.com/shop/collection/785-azazel-jacobs-s-closet-picks"
"closet:785","Azazel Jacobs’s Closet Picks","https://www.criterion.com/films/28086-la-vie-de-boheme","La vie de bohème","3","https://www.criterion.com/shop/collection/785-azazel-jacobs-s-closet-picks"
"closet:785","Azazel Jacobs’s Closet Picks","https://www.criterion.com/films/28113-la-cienaga","La Ciénaga","4","https://www.criterion.com/shop/collection/785-azazel-jacobs-s-closet-picks"
"closet:785","Azazel Jacobs’s Closet Picks","https://www.criterion.com/films/29635-girlfriends","Girlfriends","5","https://www.criterion.com/shop/collection/785-azazel-jacobs-s-closet-picks"
"closet:785","Azazel Jacobs’s Closet Picks","https://www.criterion.com/films/33900-totem","Tótem","6","https://www.criterion.com/shop/collection/785-azazel-jacobs-s-closet-picks"
"closet:785","Azazel Jacobs’s Closet Picks","https://www.criterion.com/films/28176-miracle-in-milan","Miracle in Milan","7","https://www.criterion.com/shop/collection/785-azazel-jacobs-s-closet-picks"
"closet:785","Azazel Jacobs’s Closet Picks","https://www.criterion.com/films/29272-the-breakfast-club","The Breakfast Club","8","https://www.criterion.com/shop/collection/785-azazel-jacobs-s-closet-picks"
"closet:785","Azazel Jacobs’s Closet Picks","https://www.criterion.com/films/362-pandora-s-box","Pandora’s Box","9","https://www.criterion.com/shop/collection/785-azazel-jacobs-s-closet-picks"
"closet:775","Ken Burns’s Closet Picks","https://www.criterion.com/films/28173-odd-man-out","Odd Man Out","1","https://www.criterion.com/shop/collection/775-ken-burns-s-closet-picks"
"closet:775","Ken Burns’s Closet Picks","https://www.criterion.com/films/165-seven-samurai","Seven Samurai","2","https://www.criterion.com/shop/collection/775-ken-burns-s-closet-picks"
"closet:775","Ken Burns’s Closet Picks","https://www.criterion.com/films/27690-to-be-or-not-to-be","To Be or Not to Be","3","https://www.criterion.com/shop/collection/775-ken-burns-s-closet-picks"
"closet:775","Ken Burns’s Closet Picks","https://www.criterion.com/films/680-rebecca","Rebecca","4","https://www.criterion.com/shop/collection/775-ken-burns-s-closet-picks"
"closet:775","Ken Burns’s Closet Picks","https://www.criterion.com/films/477-hunger","Hunger","5","https://www.criterion.com/shop/collection/775-ken-burns-s-closet-picks"
"closet:775","Ken Burns’s Closet Picks","https://www.criterion.com/boxsets/3626-essential-fellini","Essential Fellini","6","https://www.criterion.com/shop/collection/775-ken-burns-s-closet-picks"
"closet:775","Ken Burns’s Closet Picks","https://www.criterion.com/films/28404-pina","Pina","7","https://www.criterion.com/shop/collection/775-ken-burns-s-closet-picks"
"closet:759","Maura Delpero’s Closet Picks","https://www.criterion.com/films/739-i-fidanzati","I fidanzati","1","https://www.criterion.com/shop/collection/759-maura-delpero-s-closet-picks"
"closet:759","Maura Delpero’s Closet Picks","https://www.criterion.com/films/364-il-posto","Il posto","2","https://www.criterion.com/shop/collection/759-maura-delpero-s-closet-picks"
"closet:759","Maura Delpero’s Closet Picks","https://www.criterion.com/films/28599-the-tree-of-wooden-clogs","The Tree of Wooden Clogs","3","https://www.criterion.com/shop/collection/759-maura-delpero-s-closet-picks"
"closet:759","Maura Delpero’s Closet Picks","https://www.criterion.com/boxsets/2363-the-koker-trilogy","The Koker Trilogy","4","https://www.criterion.com/shop/collection/759-maura-delpero-s-closet-picks"
"closet:759","Maura Delpero’s Closet Picks","https://www.criterion.com/films/28739-the-piano-teacher","The Piano Teacher","5","https://www.criterion.com/shop/collection/759-maura-delpero-s-closet-picks"
"closet:759","Maura Delpero’s Closet Picks","https://www.criterion.com/films/30424-the-piano","The Piano","6","https://www.criterion.com/shop/collection/759-maura-delpero-s-closet-picks"
"closet:759","Maura Delpero’s Closet Picks","https://www.criterion.com/films/27541-fish-tank","Fish Tank","7","https://www.criterion.com/shop/collection/759-maura-delpero-s-closet-picks"
"closet:731","Edward Berger’s Closet Picks","https://www.criterion.com/films/286-do-the-right-thing","Do the Right Thing","1","https://www.criterion.com/shop/collection/731-edward-berger-s-closet-picks"
"closet:731","Edward Berger’s Closet Picks","https://www.criterion.com/films/20391-downhill-racer","Downhill Racer","2","https://www.criterion.com/shop/collection/731-edward-berger-s-closet-picks"
"closet:731","Edward Berger’s Closet Picks","https://www.criterion.com/boxsets/982-3-films-by-roberto-rossellini-starring-ingrid-bergman","3 Films by Roberto Rossellini Starring Ingrid Bergman","3","https://www.criterion.com/shop/collection/731-edward-berger-s-closet-picks"
"closet:731","Edward Berger’s Closet Picks","https://www.criterion.com/boxsets/689-roberto-rossellini-s-war-trilogy","Roberto Rossellini’s War Trilogy","4","https://www.criterion.com/shop/collection/731-edward-berger-s-closet-picks"
"closet:731","Edward Berger’s Closet Picks","https://www.criterion.com/films/30104-cold-war","Cold War","5","https://www.criterion.com/shop/collection/731-edward-berger-s-closet-picks"
"closet:731","Edward Berger’s Closet Picks","https://www.criterion.com/films/1076-the-exterminating-angel","The Exterminating Angel","6","https://www.criterion.com/shop/collection/731-edward-berger-s-closet-picks"
"closet:731","Edward Berger’s Closet Picks","https://www.criterion.com/boxsets/206-fanny-and-alexander","Fanny and Alexander","7","https://www.criterion.com/shop/collection/731-edward-berger-s-closet-picks"
"closet:751","Gints Zilbalodis’s Closet Picks","https://www.criterion.com/films/27916-punch-drunk-love","Punch-Drunk Love","1","https://www.criterion.com/shop/collection/751-gints-zilbalodis-s-closet-picks"
"closet:751","Gints Zilbalodis’s Closet Picks","https://www.criterion.com/films/28005-y-tu-mama-tambien","Y tu mamá también","2","https://www.criterion.com/shop/collection/751-gints-zilbalodis-s-closet-picks"
"closet:751","Gints Zilbalodis’s Closet Picks","https://www.criterion.com/films/29009-being-there","Being There","3","https://www.criterion.com/shop/collection/751-gints-zilbalodis-s-closet-picks"
"closet:751","Gints Zilbalodis’s Closet Picks","https://www.criterion.com/films/826-woman-in-the-dunes","Woman in the Dunes","4","https://www.criterion.com/shop/collection/751-gints-zilbalodis-s-closet-picks"
"closet:751","Gints Zilbalodis’s Closet Picks","https://www.criterion.com/films/29632-after-hours","After Hours","5","https://www.criterion.com/shop/collection/751-gints-zilbalodis-s-closet-picks"
"closet:751","Gints Zilbalodis’s Closet Picks","https://www.criterion.com/films/28565-fantastic-mr-fox","Fantastic Mr. Fox","6","https://www.criterion.com/shop/collection/751-gints-zilbalodis-s-closet-picks"
"closet:751","Gints Zilbalodis’s Closet Picks","https://www.criterion.com/boxsets/934-the-qatsi-trilogy","The Qatsi Trilogy","7","https://www.criterion.com/shop/collection/751-gints-zilbalodis-s-closet-picks"
"closet:751","Gints Zilbalodis’s Closet Picks","https://www.criterion.com/films/543-high-and-low","High and Low","8","https://www.criterion.com/shop/collection/751-gints-zilbalodis-s-closet-picks"
"closet:764","Jacques Audiard’s Closet Picks","https://www.criterion.com/films/558-m","M","1","https://www.criterion.com/shop/collection/764-jacques-audiard-s-closet-picks"
"closet:764","Jacques Audiard’s Closet Picks","https://www.criterion.com/films/682-notorious","Notorious","2","https://www.criterion.com/shop/collection/764-jacques-audiard-s-closet-picks"
"closet:764","Jacques Audiard’s Closet Picks","https://www.criterion.com/films/209-l-avventura","L’avventura","3","https://www.criterion.com/shop/collection/764-jacques-audiard-s-closet-picks"
"closet:764","Jacques Audiard’s Closet Picks","https://www.criterion.com/films/28894-mirror","Mirror","4","https://www.criterion.com/shop/collection/764-jacques-audiard-s-closet-picks"
"closet:764","Jacques Audiard’s Closet Picks","https://www.criterion.com/films/376-short-cuts","Short Cuts","5","https://www.criterion.com/shop/collection/764-jacques-audiard-s-closet-picks"
"closet:764","Jacques Audiard’s Closet Picks","https://www.criterion.com/boxsets/3626-essential-fellini","Essential Fellini","6","https://www.criterion.com/shop/collection/764-jacques-audiard-s-closet-picks"
"closet:764","Jacques Audiard’s Closet Picks","https://www.criterion.com/films/573-la-ronde","La ronde","7","https://www.criterion.com/shop/collection/764-jacques-audiard-s-closet-picks"
"closet:764","Jacques Audiard’s Closet Picks","https://www.criterion.com/films/591-classe-tous-risques","Classe tous risques","8","https://www.criterion.com/shop/collection/764-jacques-audiard-s-closet-picks"
"closet:764","Jacques Audiard’s Closet Picks","https://www.criterion.com/films/661-vampyr","Vampyr","9","https://www.criterion.com/shop/collection/764-jacques-audiard-s-closet-picks"
"closet:807","Jia Zhangke’s Closet Picks","https://www.criterion.com/films/30124-roma","Roma","1","https://www.criterion.com/shop/collection/807-jia-zhangke-s-closet-picks"
"closet:807","Jia Zhangke’s Closet Picks","https://www.criterion.com/films/28111-la-notte","La notte","2","https://www.criterion.com/shop/collection/807-jia-zhangke-s-closet-picks"
"closet:807","Jia Zhangke’s Closet Picks","https://www.criterion.com/films/27558-city-lights","City Lights","3","https://www.criterion.com/shop/collection/807-jia-zhangke-s-closet-picks"
"closet:807","Jia Zhangke’s Closet Picks","https://www.criterion.com/films/624-good-morning","Good Morning","4","https://www.criterion.com/shop/collection/807-jia-zhangke-s-closet-picks"
"closet:807","Jia Zhangke’s Closet Picks","https://www.criterion.com/films/229-pickpocket","Pickpocket","5","https://www.criterion.com/shop/collection/807-jia-zhangke-s-closet-picks"
"closet:807","Jia Zhangke’s Closet Picks","https://www.criterion.com/films/781-yi-yi","Yi Yi","6","https://www.criterion.com/shop/collection/807-jia-zhangke-s-closet-picks"
"closet:734","Amelia Dimoldenberg’s Closet Picks","https://www.criterion.com/films/27541-fish-tank","Fish Tank","1","https://www.criterion.com/shop/collection/734-amelia-dimoldenberg-s-closet-picks"
"closet:734","Amelia Dimoldenberg’s Closet Picks","https://www.criterion.com/films/28547-a-hard-day-s-night","A Hard Day’s Night","2","https://www.criterion.com/shop/collection/734-amelia-dimoldenberg-s-closet-picks"
"closet:734","Amelia Dimoldenberg’s Closet Picks","https://www.criterion.com/films/27871-12-angry-men","12 Angry Men","3","https://www.criterion.com/shop/collection/734-amelia-dimoldenberg-s-closet-picks"
"closet:734","Amelia Dimoldenberg’s Closet Picks","https://www.criterion.com/films/28561-all-that-jazz","All That Jazz","4","https://www.criterion.com/shop/collection/734-amelia-dimoldenberg-s-closet-picks"
"closet:734","Amelia Dimoldenberg’s Closet Picks","https://www.criterion.com/films/32661-the-worst-person-in-the-world","The Worst Person in the World","5","https://www.criterion.com/shop/collection/734-amelia-dimoldenberg-s-closet-picks"
"closet:734","Amelia Dimoldenberg’s Closet Picks","https://www.criterion.com/films/30469-portrait-of-a-lady-on-fire","Portrait of a Lady on Fire","6","https://www.criterion.com/shop/collection/734-amelia-dimoldenberg-s-closet-picks"
"closet:734","Amelia Dimoldenberg’s Closet Picks","https://www.criterion.com/films/33467-petite-maman","Petite maman","7","https://www.criterion.com/shop/collection/734-amelia-dimoldenberg-s-closet-picks"
"closet:734","Amelia Dimoldenberg’s Closet Picks","https://www.criterion.com/films/29635-girlfriends","Girlfriends","8","https://www.criterion.com/shop/collection/734-amelia-dimoldenberg-s-closet-picks"
"closet:745","André Holland’s Closet Picks","https://www.criterion.com/films/31582-pariah","Pariah","1","https://www.criterion.com/shop/collection/745-andre-holland-s-closet-picks"
"closet:745","André Holland’s Closet Picks","https://www.criterion.com/boxsets/4787-melvin-van-peebles-essential-films","Melvin Van Peebles: Essential Films","2","https://www.criterion.com/shop/collection/745-andre-holland-s-closet-picks"
"closet:745","André Holland’s Closet Picks","https://www.criterion.com/films/29567-to-sleep-with-anger","To Sleep with Anger","3","https://www.criterion.com/shop/collection/745-andre-holland-s-closet-picks"
"closet:745","André Holland’s Closet Picks","https://www.criterion.com/films/29643-medicine-for-melancholy","Medicine for Melancholy","4","https://www.criterion.com/shop/collection/745-andre-holland-s-closet-picks"
"closet:745","André Holland’s Closet Picks","https://www.criterion.com/films/29599-claudine","Claudine","5","https://www.criterion.com/shop/collection/745-andre-holland-s-closet-picks"
"closet:745","André Holland’s Closet Picks","https://www.criterion.com/films/29461-matewan","Matewan","6","https://www.criterion.com/shop/collection/745-andre-holland-s-closet-picks"
"closet:745","André Holland’s Closet Picks","https://www.criterion.com/films/28826-a-raisin-in-the-sun","A Raisin in the Sun","7","https://www.criterion.com/shop/collection/745-andre-holland-s-closet-picks"
"closet:774","Zeinabu irene Davis’s Closet Picks","https://www.criterion.com/films/344-black-orpheus","Black Orpheus","1","https://www.criterion.com/shop/collection/774-zeinabu-irene-davis-s-closet-picks"
"closet:774","Zeinabu irene Davis’s Closet Picks","https://www.criterion.com/boxsets/3205-bruce-lee-his-greatest-hits","Bruce Lee: His Greatest Hits","2","https://www.criterion.com/shop/collection/774-zeinabu-irene-davis-s-closet-picks"
"closet:774","Zeinabu irene Davis’s Closet Picks","https://www.criterion.com/films/248-the-battle-of-algiers","The Battle of Algiers","3","https://www.criterion.com/shop/collection/774-zeinabu-irene-davis-s-closet-picks"
"closet:774","Zeinabu irene Davis’s Closet Picks","https://www.criterion.com/boxsets/6183-martin-scorsese-s-world-cinema-project-no-4","Martin Scorsese’s World Cinema Project No. 4","4","https://www.criterion.com/shop/collection/774-zeinabu-irene-davis-s-closet-picks"
"closet:774","Zeinabu irene Davis’s Closet Picks","https://www.criterion.com/films/31648-drylongso","Drylongso","5","https://www.criterion.com/shop/collection/774-zeinabu-irene-davis-s-closet-picks"
"closet:774","Zeinabu irene Davis’s Closet Picks","https://www.criterion.com/films/30705-the-watermelon-woman","The Watermelon Woman","6","https://www.criterion.com/shop/collection/774-zeinabu-irene-davis-s-closet-picks"
"closet:774","Zeinabu irene Davis’s Closet Picks","https://www.criterion.com/films/34051-saint-omer","Saint Omer","7","https://www.criterion.com/shop/collection/774-zeinabu-irene-davis-s-closet-picks"
"closet:774","Zeinabu irene Davis’s Closet Picks","https://www.criterion.com/boxsets/7304-three-revolutionary-films-by-ousmane-sembene","Three Revolutionary Films by Ousmane Sembène","8","https://www.criterion.com/shop/collection/774-zeinabu-irene-davis-s-closet-picks"
"closet:737","Payal Kapadia’s Closet Picks","https://www.criterion.com/films/246-loves-of-a-blonde","Loves of a Blonde","1","https://www.criterion.com/shop/collection/737-payal-kapadia-s-closet-picks"
"closet:737","Payal Kapadia’s Closet Picks","https://www.criterion.com/boxsets/77-la-jetee-sans-soleil","La Jetée/Sans Soleil","2","https://www.criterion.com/shop/collection/737-payal-kapadia-s-closet-picks"
"closet:737","Payal Kapadia’s Closet Picks","https://www.criterion.com/films/28447-charulata","Charulata","3","https://www.criterion.com/shop/collection/737-payal-kapadia-s-closet-picks"
"closet:737","Payal Kapadia’s Closet Picks","https://www.criterion.com/boxsets/916-trilogy-of-life","Trilogy of Life","4","https://www.criterion.com/shop/collection/737-payal-kapadia-s-closet-picks"
"closet:737","Payal Kapadia’s Closet Picks","https://www.criterion.com/boxsets/835-eclipse-series-29-aki-kaurismaki-s-leningrad-cowboys","Eclipse Series 29: Aki Kaurismäki’s Leningrad Cowboys","5","https://www.criterion.com/shop/collection/737-payal-kapadia-s-closet-picks"
"closet:737","Payal Kapadia’s Closet Picks","https://www.criterion.com/boxsets/275-eclipse-series-2-the-documentaries-of-louis-malle","Eclipse Series 2: The Documentaries of Louis Malle","6","https://www.criterion.com/shop/collection/737-payal-kapadia-s-closet-picks"
"closet:737","Payal Kapadia’s Closet Picks","https://www.criterion.com/films/29647-paris-is-burning","Paris Is Burning","7","https://www.criterion.com/shop/collection/737-payal-kapadia-s-closet-picks"
"closet:737","Payal Kapadia’s Closet Picks","https://www.criterion.com/boxsets/1258-martin-scorsese-s-world-cinema-project-no-2","Martin Scorsese’s World Cinema Project No. 2","8","https://www.criterion.com/shop/collection/737-payal-kapadia-s-closet-picks"
"closet:749","Marianne Jean-Baptiste & Mike Leigh’s Closet Picks","https://www.criterion.com/boxsets/369-a-story-of-floating-weeds-floating-weeds-two-films-by-yasujiro-ozu","A Story of Floating Weeds / Floating Weeds: Two Films by Yasujiro Ozu","1","https://www.criterion.com/shop/collection/749-marianne-jean-baptiste-mike-leigh-s-closet-picks"
"closet:749","Marianne Jean-Baptiste & Mike Leigh’s Closet Picks","https://www.criterion.com/films/227-night-on-earth","Night on Earth","2","https://www.criterion.com/shop/collection/749-marianne-jean-baptiste-mike-leigh-s-closet-picks"
"closet:749","Marianne Jean-Baptiste & Mike Leigh’s Closet Picks","https://www.criterion.com/boxsets/558-john-cassavetes-five-films","John Cassavetes: Five Films","3","https://www.criterion.com/shop/collection/749-marianne-jean-baptiste-mike-leigh-s-closet-picks"
"closet:749","Marianne Jean-Baptiste & Mike Leigh’s Closet Picks","https://www.criterion.com/films/29202-secrets-lies","Secrets & Lies","4","https://www.criterion.com/shop/collection/749-marianne-jean-baptiste-mike-leigh-s-closet-picks"
"closet:749","Marianne Jean-Baptiste & Mike Leigh’s Closet Picks","https://www.criterion.com/films/29567-to-sleep-with-anger","To Sleep with Anger","5","https://www.criterion.com/shop/collection/749-marianne-jean-baptiste-mike-leigh-s-closet-picks"
"closet:749","Marianne Jean-Baptiste & Mike Leigh’s Closet Picks","https://www.criterion.com/films/246-loves-of-a-blonde","Loves of a Blonde","6","https://www.criterion.com/shop/collection/749-marianne-jean-baptiste-mike-leigh-s-closet-picks"
"closet:749","Marianne Jean-Baptiste & Mike Leigh’s Closet Picks","https://www.criterion.com/films/27560-kes","Kes","7","https://www.criterion.com/shop/collection/749-marianne-jean-baptiste-mike-leigh-s-closet-picks"
"closet:749","Marianne Jean-Baptiste & Mike Leigh’s Closet Picks","https://www.criterion.com/films/27559-white-material","White Material","8","https://www.criterion.com/shop/collection/749-marianne-jean-baptiste-mike-leigh-s-closet-picks"
"closet:749","Marianne Jean-Baptiste & Mike Leigh’s Closet Picks","https://www.criterion.com/films/477-hunger","Hunger","9","https://www.criterion.com/shop/collection/749-marianne-jean-baptiste-mike-leigh-s-closet-picks"
"closet:749","Marianne Jean-Baptiste & Mike Leigh’s Closet Picks","https://www.criterion.com/films/27705-the-life-of-oharu","The Life of Oharu","10","https://www.criterion.com/shop/collection/749-marianne-jean-baptiste-mike-leigh-s-closet-picks"
"closet:749","Marianne Jean-Baptiste & Mike Leigh’s Closet Picks","https://www.criterion.com/boxsets/743-eclipse-series-23-the-first-films-of-akira-kurosawa","Eclipse Series 23: The First Films of Akira Kurosawa","11","https://www.criterion.com/shop/collection/749-marianne-jean-baptiste-mike-leigh-s-closet-picks"
"closet:749","Marianne Jean-Baptiste & Mike Leigh’s Closet Picks","https://www.criterion.com/films/342-ashes-and-diamonds","Ashes and Diamonds","12","https://www.criterion.com/shop/collection/749-marianne-jean-baptiste-mike-leigh-s-closet-picks"
"closet:749","Marianne Jean-Baptiste & Mike Leigh’s Closet Picks","https://www.criterion.com/films/33481-eo","EO","13","https://www.criterion.com/shop/collection/749-marianne-jean-baptiste-mike-leigh-s-closet-picks"
"closet:749","Marianne Jean-Baptiste & Mike Leigh’s Closet Picks","https://www.criterion.com/films/29599-claudine","Claudine","14","https://www.criterion.com/shop/collection/749-marianne-jean-baptiste-mike-leigh-s-closet-picks"
"closet:749","Marianne Jean-Baptiste & Mike Leigh’s Closet Picks","https://www.criterion.com/boxsets/6702-the-ranown-westerns-five-films-directed-by-budd-boetticher","The Ranown Westerns: Five Films Directed by Budd Boetticher","15","https://www.criterion.com/shop/collection/749-marianne-jean-baptiste-mike-leigh-s-closet-picks"
"closet:729","Anna Kendrick’s Closet Picks","https://www.criterion.com/films/28561-all-that-jazz","All That Jazz","1","https://www.criterion.com/shop/collection/729-anna-kendrick-s-closet-picks"
"closet:729","Anna Kendrick’s Closet Picks","https://www.criterion.com/films/28708-klute","Klute","2","https://www.criterion.com/shop/collection/729-anna-kendrick-s-closet-picks"
"closet:729","Anna Kendrick’s Closet Picks","https://www.criterion.com/films/28150-stalker","Stalker","3","https://www.criterion.com/shop/collection/729-anna-kendrick-s-closet-picks"
"closet:729","Anna Kendrick’s Closet Picks","https://www.criterion.com/films/228-the-passion-of-joan-of-arc","The Passion of Joan of Arc","4","https://www.criterion.com/shop/collection/729-anna-kendrick-s-closet-picks"
"closet:729","Anna Kendrick’s Closet Picks","https://www.criterion.com/films/34051-saint-omer","Saint Omer","5","https://www.criterion.com/shop/collection/729-anna-kendrick-s-closet-picks"
"closet:729","Anna Kendrick’s Closet Picks","https://www.criterion.com/boxsets/1427-ingmar-bergman-s-cinema","Ingmar Bergman’s Cinema","6","https://www.criterion.com/shop/collection/729-anna-kendrick-s-closet-picks"
"closet:741","Isabelle Huppert’s Closet Picks","https://www.criterion.com/films/29450-wanda","Wanda","1","https://www.criterion.com/shop/collection/741-isabelle-huppert-s-closet-picks"
"closet:741","Isabelle Huppert’s Closet Picks","https://www.criterion.com/boxsets/982-3-films-by-roberto-rossellini-starring-ingrid-bergman","3 Films by Roberto Rossellini Starring Ingrid Bergman","2","https://www.criterion.com/shop/collection/741-isabelle-huppert-s-closet-picks"
"closet:741","Isabelle Huppert’s Closet Picks","https://www.criterion.com/films/28600-i-knew-her-well","I Knew Her Well","3","https://www.criterion.com/shop/collection/741-isabelle-huppert-s-closet-picks"
"closet:741","Isabelle Huppert’s Closet Picks","https://www.criterion.com/films/689-juliet-of-the-spirits","Juliet of the Spirits","4","https://www.criterion.com/shop/collection/741-isabelle-huppert-s-closet-picks"
"closet:741","Isabelle Huppert’s Closet Picks","https://www.criterion.com/films/27654-la-ceremonie","La cérémonie","5","https://www.criterion.com/shop/collection/741-isabelle-huppert-s-closet-picks"
"closet:741","Isabelle Huppert’s Closet Picks","https://www.criterion.com/films/1333-2-or-3-things-i-know-about-her","2 or 3 Things I Know About Her","6","https://www.criterion.com/shop/collection/741-isabelle-huppert-s-closet-picks"
"closet:741","Isabelle Huppert’s Closet Picks","https://www.criterion.com/boxsets/427-eclipse-series-3-late-ozu","Eclipse Series 3: Late Ozu","7","https://www.criterion.com/shop/collection/741-isabelle-huppert-s-closet-picks"
"closet:741","Isabelle Huppert’s Closet Picks","https://www.criterion.com/films/34051-saint-omer","Saint Omer","8","https://www.criterion.com/shop/collection/741-isabelle-huppert-s-closet-picks"
"closet:741","Isabelle Huppert’s Closet Picks","https://www.criterion.com/films/31775-nothing-but-a-man","Nothing but a Man","9","https://www.criterion.com/shop/collection/741-isabelle-huppert-s-closet-picks"
"closet:756","RaMell Ross’s Closet Picks","https://www.criterion.com/films/789-the-tin-drum","The Tin Drum","1","https://www.criterion.com/shop/collection/756-ramell-ross-s-closet-picks"
"closet:756","RaMell Ross’s Closet Picks","https://www.criterion.com/boxsets/4117-world-of-wong-kar-wai","World of Wong Kar Wai","2","https://www.criterion.com/shop/collection/756-ramell-ross-s-closet-picks"
"closet:756","RaMell Ross’s Closet Picks","https://www.criterion.com/boxsets/77-la-jetee-sans-soleil","La Jetée/Sans Soleil","3","https://www.criterion.com/shop/collection/756-ramell-ross-s-closet-picks"
"closet:756","RaMell Ross’s Closet Picks","https://www.criterion.com/films/28894-mirror","Mirror","4","https://www.criterion.com/shop/collection/756-ramell-ross-s-closet-picks"
"closet:756","RaMell Ross’s Closet Picks","https://www.criterion.com/films/28150-stalker","Stalker","5","https://www.criterion.com/shop/collection/756-ramell-ross-s-closet-picks"
"closet:756","RaMell Ross’s Closet Picks","https://www.criterion.com/films/29003-cameraperson","Cameraperson","6","https://www.criterion.com/shop/collection/756-ramell-ross-s-closet-picks"
"closet:756","RaMell Ross’s Closet Picks","https://www.criterion.com/boxsets/934-the-qatsi-trilogy","The Qatsi Trilogy","7","https://www.criterion.com/shop/collection/756-ramell-ross-s-closet-picks"
"closet:756","RaMell Ross’s Closet Picks","https://www.criterion.com/films/29567-to-sleep-with-anger","To Sleep with Anger","8","https://www.criterion.com/shop/collection/756-ramell-ross-s-closet-picks"
"closet:756","RaMell Ross’s Closet Picks","https://www.criterion.com/films/31032-ghost-dog-the-way-of-the-samurai","Ghost Dog: The Way of the Samurai","9","https://www.criterion.com/shop/collection/756-ramell-ross-s-closet-picks"
"closet:756","RaMell Ross’s Closet Picks","https://www.criterion.com/boxsets/3205-bruce-lee-his-greatest-hits","Bruce Lee: His Greatest Hits","10","https://www.criterion.com/shop/collection/756-ramell-ross-s-closet-picks"
"closet:756","RaMell Ross’s Closet Picks","https://www.criterion.com/films/28492-jubal","Jubal","11","https://www.criterion.com/shop/collection/756-ramell-ross-s-closet-picks"
"closet:730","Andrew Garfield’s Closet Picks","https://www.criterion.com/films/211-brazil","Brazil","1","https://www.criterion.com/shop/collection/730-andrew-garfield-s-closet-picks"
"closet:730","Andrew Garfield’s Closet Picks","https://www.criterion.com/films/233-the-red-shoes","The Red Shoes","2","https://www.criterion.com/shop/collection/730-andrew-garfield-s-closet-picks"
"closet:730","Andrew Garfield’s Closet Picks","https://www.criterion.com/films/663-salesman","Salesman","3","https://www.criterion.com/shop/collection/730-andrew-garfield-s-closet-picks"
"closet:730","Andrew Garfield’s Closet Picks","https://www.criterion.com/films/906-hoop-dreams","Hoop Dreams","4","https://www.criterion.com/shop/collection/730-andrew-garfield-s-closet-picks"
"closet:730","Andrew Garfield’s Closet Picks","https://www.criterion.com/films/220-naked","Naked","5","https://www.criterion.com/shop/collection/730-andrew-garfield-s-closet-picks"
"closet:730","Andrew Garfield’s Closet Picks","https://www.criterion.com/films/27560-kes","Kes","6","https://www.criterion.com/shop/collection/730-andrew-garfield-s-closet-picks"
"closet:730","Andrew Garfield’s Closet Picks","https://www.criterion.com/films/28058-the-game","The Game","7","https://www.criterion.com/shop/collection/730-andrew-garfield-s-closet-picks"
"closet:730","Andrew Garfield’s Closet Picks","https://www.criterion.com/films/30465-happiness","Happiness","8","https://www.criterion.com/shop/collection/730-andrew-garfield-s-closet-picks"
"closet:730","Andrew Garfield’s Closet Picks","https://www.criterion.com/films/30212-original-cast-album-company","Original Cast Album: “Company”","9","https://www.criterion.com/shop/collection/730-andrew-garfield-s-closet-picks"
"closet:730","Andrew Garfield’s Closet Picks","https://www.criterion.com/films/28880-tampopo","Tampopo","10","https://www.criterion.com/shop/collection/730-andrew-garfield-s-closet-picks"
"closet:733","Janelle Monáe’s Closet Picks","https://www.criterion.com/films/630-the-blob","The Blob","1","https://www.criterion.com/shop/collection/733-janelle-monae-s-closet-picks"
"closet:733","Janelle Monáe’s Closet Picks","https://www.criterion.com/films/28382-eraserhead","Eraserhead","2","https://www.criterion.com/shop/collection/733-janelle-monae-s-closet-picks"
"closet:733","Janelle Monáe’s Closet Picks","https://www.criterion.com/films/29140-1984","1984","3","https://www.criterion.com/shop/collection/733-janelle-monae-s-closet-picks"
"closet:733","Janelle Monáe’s Closet Picks","https://www.criterion.com/films/211-brazil","Brazil","4","https://www.criterion.com/shop/collection/733-janelle-monae-s-closet-picks"
"closet:733","Janelle Monáe’s Closet Picks","https://www.criterion.com/films/29331-night-of-the-living-dead","Night of the Living Dead","5","https://www.criterion.com/shop/collection/733-janelle-monae-s-closet-picks"
"closet:752","Barry Sonnenfeld’s Closet Picks","https://www.criterion.com/films/28822-dr-strangelove-or-how-i-learned-to-stop-worrying-and-love-the-bomb","Dr. Strangelove, or: How I Learned to Stop Worrying and Love the Bomb","1","https://www.criterion.com/shop/collection/752-barry-sonnenfeld-s-closet-picks"
"closet:752","Barry Sonnenfeld’s Closet Picks","https://www.criterion.com/films/28825-fail-safe","Fail Safe","2","https://www.criterion.com/shop/collection/752-barry-sonnenfeld-s-closet-picks"
"closet:752","Barry Sonnenfeld’s Closet Picks","https://www.criterion.com/films/29604-miller-s-crossing","Miller’s Crossing","3","https://www.criterion.com/shop/collection/752-barry-sonnenfeld-s-closet-picks"
"closet:752","Barry Sonnenfeld’s Closet Picks","https://www.criterion.com/films/28852-blood-simple","Blood Simple","4","https://www.criterion.com/shop/collection/752-barry-sonnenfeld-s-closet-picks"
"closet:752","Barry Sonnenfeld’s Closet Picks","https://www.criterion.com/films/28355-the-thin-blue-line","The Thin Blue Line","5","https://www.criterion.com/shop/collection/752-barry-sonnenfeld-s-closet-picks"
"closet:792","Alain Guiraudie’s Closet Picks","https://www.criterion.com/films/30465-happiness","Happiness","1","https://www.criterion.com/shop/collection/792-alain-guiraudie-s-closet-picks"
"closet:792","Alain Guiraudie’s Closet Picks","https://www.criterion.com/films/33246-wall-e","WALL·E","2","https://www.criterion.com/shop/collection/792-alain-guiraudie-s-closet-picks"
"closet:792","Alain Guiraudie’s Closet Picks","https://www.criterion.com/boxsets/689-roberto-rossellini-s-war-trilogy","Roberto Rossellini’s War Trilogy","3","https://www.criterion.com/shop/collection/792-alain-guiraudie-s-closet-picks"
"closet:792","Alain Guiraudie’s Closet Picks","https://www.criterion.com/films/28050-mulholland-dr","Mulholland Dr.","4","https://www.criterion.com/shop/collection/792-alain-guiraudie-s-closet-picks"
"closet:792","Alain Guiraudie’s Closet Picks","https://www.criterion.com/films/229-pickpocket","Pickpocket","5","https://www.criterion.com/shop/collection/792-alain-guiraudie-s-closet-picks"
"closet:792","Alain Guiraudie’s Closet Picks","https://www.criterion.com/films/1076-the-exterminating-angel","The Exterminating Angel","6","https://www.criterion.com/shop/collection/792-alain-guiraudie-s-closet-picks"
"closet:760","Kevin Smith’s Closet Picks","https://www.criterion.com/films/27903-his-girl-friday","His Girl Friday","1","https://www.criterion.com/shop/collection/760-kevin-smith-s-closet-picks"
"closet:760","Kevin Smith’s Closet Picks","https://www.criterion.com/films/32250-citizen-kane","Citizen Kane","2","https://www.criterion.com/shop/collection/760-kevin-smith-s-closet-picks"
"closet:760","Kevin Smith’s Closet Picks","https://www.criterion.com/films/29771-hollywood-shuffle","Hollywood Shuffle","3","https://www.criterion.com/shop/collection/760-kevin-smith-s-closet-picks"
"closet:760","Kevin Smith’s Closet Picks","https://www.criterion.com/films/29143-bull-durham","Bull Durham","4","https://www.criterion.com/shop/collection/760-kevin-smith-s-closet-picks"
"closet:760","Kevin Smith’s Closet Picks","https://www.criterion.com/films/29571-the-prince-of-tides","The Prince of Tides","5","https://www.criterion.com/shop/collection/760-kevin-smith-s-closet-picks"
"closet:760","Kevin Smith’s Closet Picks","https://www.criterion.com/films/31499-deep-cover","Deep Cover","6","https://www.criterion.com/shop/collection/760-kevin-smith-s-closet-picks"
"closet:760","Kevin Smith’s Closet Picks","https://www.criterion.com/films/408-slacker","Slacker","7","https://www.criterion.com/shop/collection/760-kevin-smith-s-closet-picks"
"closet:738","Nathalie Emmanuel’s Closet Picks","https://www.criterion.com/films/233-the-red-shoes","The Red Shoes","1","https://www.criterion.com/shop/collection/738-nathalie-emmanuel-s-closet-picks"
"closet:738","Nathalie Emmanuel’s Closet Picks","https://www.criterion.com/boxsets/6517-small-axe","Small Axe","2","https://www.criterion.com/shop/collection/738-nathalie-emmanuel-s-closet-picks"
"closet:738","Nathalie Emmanuel’s Closet Picks","https://www.criterion.com/films/31500-love-basketball","Love & Basketball","3","https://www.criterion.com/shop/collection/738-nathalie-emmanuel-s-closet-picks"
"closet:738","Nathalie Emmanuel’s Closet Picks","https://www.criterion.com/films/29647-paris-is-burning","Paris Is Burning","4","https://www.criterion.com/shop/collection/738-nathalie-emmanuel-s-closet-picks"
"closet:738","Nathalie Emmanuel’s Closet Picks","https://www.criterion.com/films/32661-the-worst-person-in-the-world","The Worst Person in the World","5","https://www.criterion.com/shop/collection/738-nathalie-emmanuel-s-closet-picks"
"closet:726","Jennifer Kent’s Closet Picks","https://www.criterion.com/films/352-haxan","Häxan","1","https://www.criterion.com/shop/collection/726-jennifer-kent-s-closet-picks"
"closet:726","Jennifer Kent’s Closet Picks","https://www.criterion.com/films/685-the-last-wave","The Last Wave","2","https://www.criterion.com/shop/collection/726-jennifer-kent-s-closet-picks"
"closet:726","Jennifer Kent’s Closet Picks","https://www.criterion.com/films/27628-kuroneko","Kuroneko","3","https://www.criterion.com/shop/collection/726-jennifer-kent-s-closet-picks"
"closet:726","Jennifer Kent’s Closet Picks","https://www.criterion.com/films/665-onibaba","Onibaba","4","https://www.criterion.com/shop/collection/726-jennifer-kent-s-closet-picks"
"closet:726","Jennifer Kent’s Closet Picks","https://www.criterion.com/films/28050-mulholland-dr","Mulholland Dr.","5","https://www.criterion.com/shop/collection/726-jennifer-kent-s-closet-picks"
"closet:726","Jennifer Kent’s Closet Picks","https://www.criterion.com/films/27848-a-man-escaped","A Man Escaped","6","https://www.criterion.com/shop/collection/726-jennifer-kent-s-closet-picks"
"closet:726","Jennifer Kent’s Closet Picks","https://www.criterion.com/films/284-tokyo-story","Tokyo Story","7","https://www.criterion.com/shop/collection/726-jennifer-kent-s-closet-picks"
"closet:684","Jude Law’s Closet Picks","https://www.criterion.com/films/28150-stalker","Stalker","1","https://www.criterion.com/shop/collection/684-jude-law-s-closet-picks"
"closet:684","Jude Law’s Closet Picks","https://www.criterion.com/films/27810-purple-noon","Purple Noon","2","https://www.criterion.com/shop/collection/684-jude-law-s-closet-picks"
"closet:684","Jude Law’s Closet Picks","https://www.criterion.com/films/370-the-wages-of-fear","The Wages of Fear","3","https://www.criterion.com/shop/collection/684-jude-law-s-closet-picks"
"closet:684","Jude Law’s Closet Picks","https://www.criterion.com/films/28709-local-hero","Local Hero","4","https://www.criterion.com/shop/collection/684-jude-law-s-closet-picks"
"closet:684","Jude Law’s Closet Picks","https://www.criterion.com/films/648-mona-lisa","Mona Lisa","5","https://www.criterion.com/shop/collection/684-jude-law-s-closet-picks"
"closet:684","Jude Law’s Closet Picks","https://www.criterion.com/films/27525-the-night-of-the-hunter","The Night of the Hunter","6","https://www.criterion.com/shop/collection/684-jude-law-s-closet-picks"
"closet:748","Jarvis Cocker’s Closet Picks","https://www.criterion.com/films/28988-the-incredible-shrinking-man","The Incredible Shrinking Man","1","https://www.criterion.com/shop/collection/748-jarvis-cocker-s-closet-picks"
"closet:748","Jarvis Cocker’s Closet Picks","https://www.criterion.com/films/29144-blue-velvet","Blue Velvet","2","https://www.criterion.com/shop/collection/748-jarvis-cocker-s-closet-picks"
"closet:748","Jarvis Cocker’s Closet Picks","https://www.criterion.com/films/28805-meantime","Meantime","3","https://www.criterion.com/shop/collection/748-jarvis-cocker-s-closet-picks"
"closet:748","Jarvis Cocker’s Closet Picks","https://www.criterion.com/films/29627-trainspotting","Trainspotting","4","https://www.criterion.com/shop/collection/748-jarvis-cocker-s-closet-picks"
"closet:748","Jarvis Cocker’s Closet Picks","https://www.criterion.com/films/532-salo-or-the-120-days-of-sodom","Salò, or The 120 Days of Sodom","5","https://www.criterion.com/shop/collection/748-jarvis-cocker-s-closet-picks"
"closet:748","Jarvis Cocker’s Closet Picks","https://www.criterion.com/films/28565-fantastic-mr-fox","Fantastic Mr. Fox","6","https://www.criterion.com/shop/collection/748-jarvis-cocker-s-closet-picks"
"closet:748","Jarvis Cocker’s Closet Picks","https://www.criterion.com/films/29601-the-grand-budapest-hotel","The Grand Budapest Hotel","7","https://www.criterion.com/shop/collection/748-jarvis-cocker-s-closet-picks"
"closet:806","Joel Potrykus’s Closet Picks","https://www.criterion.com/films/30464-fast-times-at-ridgemont-high","Fast Times at Ridgemont High","1","https://www.criterion.com/shop/collection/806-joel-potrykus-s-closet-picks"
"closet:806","Joel Potrykus’s Closet Picks","https://www.criterion.com/films/780-equinox","Equinox","2","https://www.criterion.com/shop/collection/806-joel-potrykus-s-closet-picks"
"closet:806","Joel Potrykus’s Closet Picks","https://www.criterion.com/films/30616-scorsese-shorts","Scorsese Shorts","3","https://www.criterion.com/shop/collection/806-joel-potrykus-s-closet-picks"
"closet:806","Joel Potrykus’s Closet Picks","https://www.criterion.com/films/29627-trainspotting","Trainspotting","4","https://www.criterion.com/shop/collection/806-joel-potrykus-s-closet-picks"
"closet:806","Joel Potrykus’s Closet Picks","https://www.criterion.com/boxsets/3900-three-films-by-luis-bunuel","Three Films by Luis Buñuel","5","https://www.criterion.com/shop/collection/806-joel-potrykus-s-closet-picks"
"closet:806","Joel Potrykus’s Closet Picks","https://www.criterion.com/films/825-if","If....","6","https://www.criterion.com/shop/collection/806-joel-potrykus-s-closet-picks"
"closet:682","Lee Daniels’s Closet Picks","https://www.criterion.com/films/150-8-1-2","8½","1","https://www.criterion.com/shop/collection/682-lee-daniels-s-closet-picks"
"closet:682","Lee Daniels’s Closet Picks","https://www.criterion.com/boxsets/3626-essential-fellini","Essential Fellini","2","https://www.criterion.com/shop/collection/682-lee-daniels-s-closet-picks"
"closet:682","Lee Daniels’s Closet Picks","https://www.criterion.com/films/286-do-the-right-thing","Do the Right Thing","3","https://www.criterion.com/shop/collection/682-lee-daniels-s-closet-picks"
"closet:682","Lee Daniels’s Closet Picks","https://www.criterion.com/films/27974-querelle","Querelle","4","https://www.criterion.com/shop/collection/682-lee-daniels-s-closet-picks"
"closet:682","Lee Daniels’s Closet Picks","https://www.criterion.com/films/28704-female-trouble","Female Trouble","5","https://www.criterion.com/shop/collection/682-lee-daniels-s-closet-picks"
"closet:682","Lee Daniels’s Closet Picks","https://www.criterion.com/films/446-pickup-on-south-street","Pickup on South Street","6","https://www.criterion.com/shop/collection/682-lee-daniels-s-closet-picks"
"closet:682","Lee Daniels’s Closet Picks","https://www.criterion.com/films/30424-the-piano","The Piano","7","https://www.criterion.com/shop/collection/682-lee-daniels-s-closet-picks"
"closet:682","Lee Daniels’s Closet Picks","https://www.criterion.com/films/29599-claudine","Claudine","8","https://www.criterion.com/shop/collection/682-lee-daniels-s-closet-picks"
"closet:682","Lee Daniels’s Closet Picks","https://www.criterion.com/films/449-spartacus","Spartacus","9","https://www.criterion.com/shop/collection/682-lee-daniels-s-closet-picks"
"closet:778","Nick Lowe’s Closet Picks","https://www.criterion.com/films/566-great-expectations","Great Expectations","1","https://www.criterion.com/shop/collection/778-nick-lowe-s-closet-picks"
"closet:778","Nick Lowe’s Closet Picks","https://www.criterion.com/films/28051-repo-man","Repo Man","2","https://www.criterion.com/shop/collection/778-nick-lowe-s-closet-picks"
"closet:778","Nick Lowe’s Closet Picks","https://www.criterion.com/films/28979-one-eyed-jacks","One-Eyed Jacks","3","https://www.criterion.com/shop/collection/778-nick-lowe-s-closet-picks"
"closet:778","Nick Lowe’s Closet Picks","https://www.criterion.com/films/28566-the-flight-of-the-phoenix","The Flight of the Phoenix","4","https://www.criterion.com/shop/collection/778-nick-lowe-s-closet-picks"
"closet:720","Bill Hader’s Closet Picks","https://www.criterion.com/films/532-salo-or-the-120-days-of-sodom","Salò, or The 120 Days of Sodom","1","https://www.criterion.com/shop/collection/720-bill-hader-s-closet-picks"
"closet:720","Bill Hader’s Closet Picks","https://www.criterion.com/films/781-yi-yi","Yi Yi","2","https://www.criterion.com/shop/collection/720-bill-hader-s-closet-picks"
"closet:720","Bill Hader’s Closet Picks","https://www.criterion.com/films/353-ikiru","Ikiru","3","https://www.criterion.com/shop/collection/720-bill-hader-s-closet-picks"
"closet:720","Bill Hader’s Closet Picks","https://www.criterion.com/films/29008-barry-lyndon","Barry Lyndon","4","https://www.criterion.com/shop/collection/720-bill-hader-s-closet-picks"
"closet:720","Bill Hader’s Closet Picks","https://www.criterion.com/films/30124-roma","Roma","5","https://www.criterion.com/shop/collection/720-bill-hader-s-closet-picks"
"closet:720","Bill Hader’s Closet Picks","https://www.criterion.com/films/30974-real-life","Real Life","6","https://www.criterion.com/shop/collection/720-bill-hader-s-closet-picks"
"closet:720","Bill Hader’s Closet Picks","https://www.criterion.com/films/28570-my-darling-clementine","My Darling Clementine","7","https://www.criterion.com/shop/collection/720-bill-hader-s-closet-picks"
"closet:720","Bill Hader’s Closet Picks","https://www.criterion.com/boxsets/3626-essential-fellini","Essential Fellini","8","https://www.criterion.com/shop/collection/720-bill-hader-s-closet-picks"
"closet:720","Bill Hader’s Closet Picks","https://www.criterion.com/films/30104-cold-war","Cold War","9","https://www.criterion.com/shop/collection/720-bill-hader-s-closet-picks"
"closet:720","Bill Hader’s Closet Picks","https://www.criterion.com/films/687-salvatore-giuliano","Salvatore Giuliano","10","https://www.criterion.com/shop/collection/720-bill-hader-s-closet-picks"
"closet:720","Bill Hader’s Closet Picks","https://www.criterion.com/films/27848-a-man-escaped","A Man Escaped","11","https://www.criterion.com/shop/collection/720-bill-hader-s-closet-picks"
"closet:720","Bill Hader’s Closet Picks","https://www.criterion.com/films/33467-petite-maman","Petite maman","12","https://www.criterion.com/shop/collection/720-bill-hader-s-closet-picks"
"closet:720","Bill Hader’s Closet Picks","https://www.criterion.com/boxsets/752-eclipse-series-24-the-actuality-dramas-of-allan-king","Eclipse Series 24: The Actuality Dramas of Allan King","13","https://www.criterion.com/shop/collection/720-bill-hader-s-closet-picks"
"closet:720","Bill Hader’s Closet Picks","https://www.criterion.com/films/28690-the-asphalt-jungle","The Asphalt Jungle","14","https://www.criterion.com/shop/collection/720-bill-hader-s-closet-picks"
"closet:720","Bill Hader’s Closet Picks","https://www.criterion.com/films/28696-cat-people","Cat People","15","https://www.criterion.com/shop/collection/720-bill-hader-s-closet-picks"
"closet:685","Greg Gonzalez’s Closet Picks","https://www.criterion.com/films/33769-la-bamba","La Bamba","1","https://www.criterion.com/shop/collection/685-greg-gonzalez-s-closet-picks"
"closet:685","Greg Gonzalez’s Closet Picks","https://www.criterion.com/films/27533-the-last-picture-show","The Last Picture Show","2","https://www.criterion.com/shop/collection/685-greg-gonzalez-s-closet-picks"
"closet:685","Greg Gonzalez’s Closet Picks","https://www.criterion.com/boxsets/7154-eric-rohmer-s-tales-of-the-four-seasons","Eric Rohmer’s Tales of the Four Seasons","3","https://www.criterion.com/shop/collection/685-greg-gonzalez-s-closet-picks"
"closet:685","Greg Gonzalez’s Closet Picks","https://www.criterion.com/films/32661-the-worst-person-in-the-world","The Worst Person in the World","4","https://www.criterion.com/shop/collection/685-greg-gonzalez-s-closet-picks"
"closet:685","Greg Gonzalez’s Closet Picks","https://www.criterion.com/films/33808-risky-business","Risky Business","5","https://www.criterion.com/shop/collection/685-greg-gonzalez-s-closet-picks"
"closet:685","Greg Gonzalez’s Closet Picks","https://www.criterion.com/films/748-the-tales-of-hoffmann","The Tales of Hoffmann","6","https://www.criterion.com/shop/collection/685-greg-gonzalez-s-closet-picks"
"closet:675","Zoë Kravitz and Channing Tatum’s Closet Picks","https://www.criterion.com/films/510-a-woman-under-the-influence","A Woman Under the Influence","1","https://www.criterion.com/shop/collection/675-zoe-kravitz-and-channing-tatum-s-closet-picks"
"closet:675","Zoë Kravitz and Channing Tatum’s Closet Picks","https://www.criterion.com/films/777-harlan-county-usa","Harlan County USA","2","https://www.criterion.com/shop/collection/675-zoe-kravitz-and-channing-tatum-s-closet-picks"
"closet:675","Zoë Kravitz and Channing Tatum’s Closet Picks","https://www.criterion.com/films/29647-paris-is-burning","Paris Is Burning","3","https://www.criterion.com/shop/collection/675-zoe-kravitz-and-channing-tatum-s-closet-picks"
"closet:675","Zoë Kravitz and Channing Tatum’s Closet Picks","https://www.criterion.com/films/563-lord-of-the-flies","Lord of the Flies","4","https://www.criterion.com/shop/collection/675-zoe-kravitz-and-channing-tatum-s-closet-picks"
"closet:675","Zoë Kravitz and Channing Tatum’s Closet Picks","https://www.criterion.com/films/677-the-vanishing","The Vanishing","5","https://www.criterion.com/shop/collection/675-zoe-kravitz-and-channing-tatum-s-closet-picks"
"closet:675","Zoë Kravitz and Channing Tatum’s Closet Picks","https://www.criterion.com/films/165-seven-samurai","Seven Samurai","6","https://www.criterion.com/shop/collection/675-zoe-kravitz-and-channing-tatum-s-closet-picks"
"closet:675","Zoë Kravitz and Channing Tatum’s Closet Picks","https://www.criterion.com/films/27751-the-killing","The Killing","7","https://www.criterion.com/shop/collection/675-zoe-kravitz-and-channing-tatum-s-closet-picks"
"closet:675","Zoë Kravitz and Channing Tatum’s Closet Picks","https://www.criterion.com/films/28719-the-fisher-king","The Fisher King","8","https://www.criterion.com/shop/collection/675-zoe-kravitz-and-channing-tatum-s-closet-picks"
"closet:675","Zoë Kravitz and Channing Tatum’s Closet Picks","https://www.criterion.com/films/28572-the-rose","The Rose","9","https://www.criterion.com/shop/collection/675-zoe-kravitz-and-channing-tatum-s-closet-picks"
"closet:675","Zoë Kravitz and Channing Tatum’s Closet Picks","https://www.criterion.com/films/29154-moonstruck","Moonstruck","10","https://www.criterion.com/shop/collection/675-zoe-kravitz-and-channing-tatum-s-closet-picks"
"closet:675","Zoë Kravitz and Channing Tatum’s Closet Picks","https://www.criterion.com/films/29369-midnight-cowboy","Midnight Cowboy","11","https://www.criterion.com/shop/collection/675-zoe-kravitz-and-channing-tatum-s-closet-picks"
"closet:675","Zoë Kravitz and Channing Tatum’s Closet Picks","https://www.criterion.com/boxsets/2363-the-koker-trilogy","The Koker Trilogy","12","https://www.criterion.com/shop/collection/675-zoe-kravitz-and-channing-tatum-s-closet-picks"
"closet:675","Zoë Kravitz and Channing Tatum’s Closet Picks","https://www.criterion.com/films/29164-thelma-louise","Thelma & Louise","13","https://www.criterion.com/shop/collection/675-zoe-kravitz-and-channing-tatum-s-closet-picks"
"closet:671","Gina Gershon’s Closet Picks","https://www.criterion.com/films/27928-don-t-look-now","Don’t Look Now","1","https://www.criterion.com/shop/collection/671-gina-gershon-s-closet-picks"
"closet:671","Gina Gershon’s Closet Picks","https://www.criterion.com/films/33670-bound","Bound","2","https://www.criterion.com/shop/collection/671-gina-gershon-s-closet-picks"
"closet:671","Gina Gershon’s Closet Picks","https://www.criterion.com/films/211-brazil","Brazil","3","https://www.criterion.com/shop/collection/671-gina-gershon-s-closet-picks"
"closet:671","Gina Gershon’s Closet Picks","https://www.criterion.com/films/938-lola-montes","Lola Montès","4","https://www.criterion.com/shop/collection/671-gina-gershon-s-closet-picks"
"closet:671","Gina Gershon’s Closet Picks","https://www.criterion.com/boxsets/2648-godzilla-the-showa-era-films-1954-1975","Godzilla: The Showa-Era Films, 1954–1975","5","https://www.criterion.com/shop/collection/671-gina-gershon-s-closet-picks"
"closet:671","Gina Gershon’s Closet Picks","https://www.criterion.com/films/173-the-seventh-seal","The Seventh Seal","6","https://www.criterion.com/shop/collection/671-gina-gershon-s-closet-picks"
"closet:671","Gina Gershon’s Closet Picks","https://www.criterion.com/films/1426-the-friends-of-eddie-coyle","The Friends of Eddie Coyle","7","https://www.criterion.com/shop/collection/671-gina-gershon-s-closet-picks"
"closet:683","Agnieszka Holland’s Closet Picks","https://www.criterion.com/boxsets/3432-the-complete-films-of-agnes-varda","The Complete Films of Agnès Varda","1","https://www.criterion.com/shop/collection/683-agnieszka-holland-s-closet-picks"
"closet:683","Agnieszka Holland’s Closet Picks","https://www.criterion.com/films/28111-la-notte","La notte","2","https://www.criterion.com/shop/collection/683-agnieszka-holland-s-closet-picks"
"closet:683","Agnieszka Holland’s Closet Picks","https://www.criterion.com/films/30619-parasite","Parasite","3","https://www.criterion.com/shop/collection/683-agnieszka-holland-s-closet-picks"
"closet:683","Agnieszka Holland’s Closet Picks","https://www.criterion.com/films/34274-perfect-days","Perfect Days","4","https://www.criterion.com/shop/collection/683-agnieszka-holland-s-closet-picks"
"closet:683","Agnieszka Holland’s Closet Picks","https://www.criterion.com/films/34134-anatomy-of-a-fall","Anatomy of a Fall","5","https://www.criterion.com/shop/collection/683-agnieszka-holland-s-closet-picks"
"closet:683","Agnieszka Holland’s Closet Picks","https://www.criterion.com/films/29375-diamonds-of-the-night","Diamonds of the Night","6","https://www.criterion.com/shop/collection/683-agnieszka-holland-s-closet-picks"
"closet:666","Ayo Edebiri’s Closet Picks","https://www.criterion.com/films/543-high-and-low","High and Low","1","https://www.criterion.com/shop/collection/666-ayo-edebiri-s-closet-picks"
"closet:666","Ayo Edebiri’s Closet Picks","https://www.criterion.com/films/603-charade","Charade","2","https://www.criterion.com/shop/collection/666-ayo-edebiri-s-closet-picks"
"closet:666","Ayo Edebiri’s Closet Picks","https://www.criterion.com/films/594-bottle-rocket","Bottle Rocket","3","https://www.criterion.com/shop/collection/666-ayo-edebiri-s-closet-picks"
"closet:666","Ayo Edebiri’s Closet Picks","https://www.criterion.com/films/28024-thief","Thief","4","https://www.criterion.com/shop/collection/666-ayo-edebiri-s-closet-picks"
"closet:666","Ayo Edebiri’s Closet Picks","https://www.criterion.com/films/28879-the-funeral","The Funeral","5","https://www.criterion.com/shop/collection/666-ayo-edebiri-s-closet-picks"
"closet:666","Ayo Edebiri’s Closet Picks","https://www.criterion.com/films/29567-to-sleep-with-anger","To Sleep with Anger","6","https://www.criterion.com/shop/collection/666-ayo-edebiri-s-closet-picks"
"closet:666","Ayo Edebiri’s Closet Picks","https://www.criterion.com/films/32158-eyimofe-this-is-my-desire","Eyimofe (This Is My Desire)","7","https://www.criterion.com/shop/collection/666-ayo-edebiri-s-closet-picks"
"closet:677","Winona Ryder’s Closet Picks","https://www.criterion.com/films/549-au-revoir-les-enfants","Au revoir les enfants","1","https://www.criterion.com/shop/collection/677-winona-ryder-s-closet-picks"
"closet:677","Winona Ryder’s Closet Picks","https://www.criterion.com/films/29636-the-learning-tree","The Learning Tree","2","https://www.criterion.com/shop/collection/677-winona-ryder-s-closet-picks"
"closet:677","Winona Ryder’s Closet Picks","https://www.criterion.com/boxsets/558-john-cassavetes-five-films","John Cassavetes: Five Films","3","https://www.criterion.com/shop/collection/677-winona-ryder-s-closet-picks"
"closet:677","Winona Ryder’s Closet Picks","https://www.criterion.com/films/31032-ghost-dog-the-way-of-the-samurai","Ghost Dog: The Way of the Samurai","4","https://www.criterion.com/shop/collection/677-winona-ryder-s-closet-picks"
"closet:677","Winona Ryder’s Closet Picks","https://www.criterion.com/films/719-down-by-law","Down by Law","5","https://www.criterion.com/shop/collection/677-winona-ryder-s-closet-picks"
"closet:677","Winona Ryder’s Closet Picks","https://www.criterion.com/films/29022-lost-in-america","Lost in America","6","https://www.criterion.com/shop/collection/677-winona-ryder-s-closet-picks"
"closet:677","Winona Ryder’s Closet Picks","https://www.criterion.com/films/29461-matewan","Matewan","7","https://www.criterion.com/shop/collection/677-winona-ryder-s-closet-picks"
"closet:677","Winona Ryder’s Closet Picks","https://www.criterion.com/films/29081-after-life","After Life","8","https://www.criterion.com/shop/collection/677-winona-ryder-s-closet-picks"
"closet:674","Lily Gladstone & Erica Tremblay’s Closet Picks","https://www.criterion.com/films/28709-local-hero","Local Hero","1","https://www.criterion.com/shop/collection/674-lily-gladstone-erica-tremblay-s-closet-picks"
"closet:674","Lily Gladstone & Erica Tremblay’s Closet Picks","https://www.criterion.com/films/27775-quadrophenia","Quadrophenia","2","https://www.criterion.com/shop/collection/674-lily-gladstone-erica-tremblay-s-closet-picks"
"closet:674","Lily Gladstone & Erica Tremblay’s Closet Picks","https://www.criterion.com/films/29081-after-life","After Life","3","https://www.criterion.com/shop/collection/674-lily-gladstone-erica-tremblay-s-closet-picks"
"closet:674","Lily Gladstone & Erica Tremblay’s Closet Picks","https://www.criterion.com/films/29062-old-joy","Old Joy","4","https://www.criterion.com/shop/collection/674-lily-gladstone-erica-tremblay-s-closet-picks"
"closet:674","Lily Gladstone & Erica Tremblay’s Closet Picks","https://www.criterion.com/films/30616-scorsese-shorts","Scorsese Shorts","5","https://www.criterion.com/shop/collection/674-lily-gladstone-erica-tremblay-s-closet-picks"
"closet:674","Lily Gladstone & Erica Tremblay’s Closet Picks","https://www.criterion.com/films/29212-certain-women","Certain Women","6","https://www.criterion.com/shop/collection/674-lily-gladstone-erica-tremblay-s-closet-picks"
"closet:674","Lily Gladstone & Erica Tremblay’s Closet Picks","https://www.criterion.com/films/719-down-by-law","Down by Law","7","https://www.criterion.com/shop/collection/674-lily-gladstone-erica-tremblay-s-closet-picks"
"closet:674","Lily Gladstone & Erica Tremblay’s Closet Picks","https://www.criterion.com/films/28560-frances-ha","Frances Ha","8","https://www.criterion.com/shop/collection/674-lily-gladstone-erica-tremblay-s-closet-picks"
"closet:674","Lily Gladstone & Erica Tremblay’s Closet Picks","https://www.criterion.com/films/29570-the-adventures-of-baron-munchausen","The Adventures of Baron Munchausen","9","https://www.criterion.com/shop/collection/674-lily-gladstone-erica-tremblay-s-closet-picks"
"closet:674","Lily Gladstone & Erica Tremblay’s Closet Picks","https://www.criterion.com/films/31036-rolling-thunder-revue-a-bob-dylan-story-by-martin-scorsese","Rolling Thunder Revue: A Bob Dylan Story by Martin Scorsese","10","https://www.criterion.com/shop/collection/674-lily-gladstone-erica-tremblay-s-closet-picks"
"closet:676","Carol Kane’s Closet Picks","https://www.criterion.com/films/29596-all-about-eve","All About Eve","1","https://www.criterion.com/shop/collection/676-carol-kane-s-closet-picks"
"closet:676","Carol Kane’s Closet Picks","https://www.criterion.com/boxsets/558-john-cassavetes-five-films","John Cassavetes: Five Films","2","https://www.criterion.com/shop/collection/676-carol-kane-s-closet-picks"
"closet:676","Carol Kane’s Closet Picks","https://www.criterion.com/films/28709-local-hero","Local Hero","3","https://www.criterion.com/shop/collection/676-carol-kane-s-closet-picks"
"closet:676","Carol Kane’s Closet Picks","https://www.criterion.com/films/29065-my-brilliant-career","My Brilliant Career","4","https://www.criterion.com/shop/collection/676-carol-kane-s-closet-picks"
"closet:676","Carol Kane’s Closet Picks","https://www.criterion.com/films/29368-the-princess-bride","The Princess Bride","5","https://www.criterion.com/shop/collection/676-carol-kane-s-closet-picks"
"closet:676","Carol Kane’s Closet Picks","https://www.criterion.com/films/28821-shampoo","Shampoo","6","https://www.criterion.com/shop/collection/676-carol-kane-s-closet-picks"
"closet:676","Carol Kane’s Closet Picks","https://www.criterion.com/films/1078-hobson-s-choice","Hobson’s Choice","7","https://www.criterion.com/shop/collection/676-carol-kane-s-closet-picks"
"closet:676","Carol Kane’s Closet Picks","https://www.criterion.com/films/249-my-own-private-idaho","My Own Private Idaho","8","https://www.criterion.com/shop/collection/676-carol-kane-s-closet-picks"
"closet:676","Carol Kane’s Closet Picks","https://www.criterion.com/films/28719-the-fisher-king","The Fisher King","9","https://www.criterion.com/shop/collection/676-carol-kane-s-closet-picks"
"closet:676","Carol Kane’s Closet Picks","https://www.criterion.com/films/27558-city-lights","City Lights","10","https://www.criterion.com/shop/collection/676-carol-kane-s-closet-picks"
"closet:676","Carol Kane’s Closet Picks","https://www.criterion.com/films/336-the-ice-storm","The Ice Storm","11","https://www.criterion.com/shop/collection/676-carol-kane-s-closet-picks"
"closet:676","Carol Kane’s Closet Picks","https://www.criterion.com/films/230-the-royal-tenenbaums","The Royal Tenenbaums","12","https://www.criterion.com/shop/collection/676-carol-kane-s-closet-picks"
"closet:670","Viggo Mortensen’s Closet Picks","https://www.criterion.com/films/980-stagecoach","Stagecoach","1","https://www.criterion.com/shop/collection/670-viggo-mortensen-s-closet-picks"
"closet:670","Viggo Mortensen’s Closet Picks","https://www.criterion.com/films/28046-red-river","Red River","2","https://www.criterion.com/shop/collection/670-viggo-mortensen-s-closet-picks"
"closet:670","Viggo Mortensen’s Closet Picks","https://www.criterion.com/films/28567-forty-guns","Forty Guns","3","https://www.criterion.com/shop/collection/670-viggo-mortensen-s-closet-picks"
"closet:670","Viggo Mortensen’s Closet Picks","https://www.criterion.com/films/28568-the-gunfighter","The Gunfighter","4","https://www.criterion.com/shop/collection/670-viggo-mortensen-s-closet-picks"
"closet:670","Viggo Mortensen’s Closet Picks","https://www.criterion.com/films/596-the-furies","The Furies","5","https://www.criterion.com/shop/collection/670-viggo-mortensen-s-closet-picks"
"closet:670","Viggo Mortensen’s Closet Picks","https://www.criterion.com/films/27910-3-10-to-yuma","3:10 to Yuma","6","https://www.criterion.com/shop/collection/670-viggo-mortensen-s-closet-picks"
"closet:670","Viggo Mortensen’s Closet Picks","https://www.criterion.com/films/28712-mccabe-mrs-miller","McCabe & Mrs. Miller","7","https://www.criterion.com/shop/collection/670-viggo-mortensen-s-closet-picks"
"closet:670","Viggo Mortensen’s Closet Picks","https://www.criterion.com/boxsets/6702-the-ranown-westerns-five-films-directed-by-budd-boetticher","The Ranown Westerns: Five Films Directed by Budd Boetticher","8","https://www.criterion.com/shop/collection/670-viggo-mortensen-s-closet-picks"
"closet:681","Jerry Schatzberg’s Closet Picks","https://www.criterion.com/films/219-knife-in-the-water","Knife in the Water","1","https://www.criterion.com/shop/collection/681-jerry-schatzberg-s-closet-picks"
"closet:681","Jerry Schatzberg’s Closet Picks","https://www.criterion.com/boxsets/1329-dietrich-von-sternberg-in-hollywood","Dietrich & von Sternberg in Hollywood","2","https://www.criterion.com/shop/collection/681-jerry-schatzberg-s-closet-picks"
"closet:681","Jerry Schatzberg’s Closet Picks","https://www.criterion.com/films/27899-on-the-waterfront","On the Waterfront","3","https://www.criterion.com/shop/collection/681-jerry-schatzberg-s-closet-picks"
"closet:681","Jerry Schatzberg’s Closet Picks","https://www.criterion.com/films/29031--round-midnight","’Round Midnight","4","https://www.criterion.com/shop/collection/681-jerry-schatzberg-s-closet-picks"
"closet:681","Jerry Schatzberg’s Closet Picks","https://www.criterion.com/films/28580-the-shooting","The Shooting","5","https://www.criterion.com/shop/collection/681-jerry-schatzberg-s-closet-picks"
"closet:681","Jerry Schatzberg’s Closet Picks","https://www.criterion.com/boxsets/3432-the-complete-films-of-agnes-varda","The Complete Films of Agnès Varda","6","https://www.criterion.com/shop/collection/681-jerry-schatzberg-s-closet-picks"
"closet:672","Paul Scheer’s Closet Picks","https://www.criterion.com/films/526-walker","Walker","1","https://www.criterion.com/shop/collection/672-paul-scheer-s-closet-picks"
"closet:672","Paul Scheer’s Closet Picks","https://www.criterion.com/films/27895-mikey-and-nicky","Mikey and Nicky","2","https://www.criterion.com/shop/collection/672-paul-scheer-s-closet-picks"
"closet:672","Paul Scheer’s Closet Picks","https://www.criterion.com/films/847-two-lane-blacktop","Two-Lane Blacktop","3","https://www.criterion.com/shop/collection/672-paul-scheer-s-closet-picks"
"closet:672","Paul Scheer’s Closet Picks","https://www.criterion.com/films/717-hopscotch","Hopscotch","4","https://www.criterion.com/shop/collection/672-paul-scheer-s-closet-picks"
"closet:672","Paul Scheer’s Closet Picks","https://www.criterion.com/films/2350-make-way-for-tomorrow","Make Way for Tomorrow","5","https://www.criterion.com/shop/collection/672-paul-scheer-s-closet-picks"
"closet:672","Paul Scheer’s Closet Picks","https://www.criterion.com/films/28708-klute","Klute","6","https://www.criterion.com/shop/collection/672-paul-scheer-s-closet-picks"
"closet:747","Eric Bana’s Closet Picks","https://www.criterion.com/films/528-the-silence-of-the-lambs","The Silence of the Lambs","1","https://www.criterion.com/shop/collection/747-eric-bana-s-closet-picks"
"closet:747","Eric Bana’s Closet Picks","https://www.criterion.com/films/630-the-blob","The Blob","2","https://www.criterion.com/shop/collection/747-eric-bana-s-closet-picks"
"closet:747","Eric Bana’s Closet Picks","https://www.criterion.com/films/28406-badlands","Badlands","3","https://www.criterion.com/shop/collection/747-eric-bana-s-closet-picks"
"closet:747","Eric Bana’s Closet Picks","https://www.criterion.com/films/27766-breaker-morant","Breaker Morant","4","https://www.criterion.com/shop/collection/747-eric-bana-s-closet-picks"
"closet:747","Eric Bana’s Closet Picks","https://www.criterion.com/films/29149-the-great-escape","The Great Escape","5","https://www.criterion.com/shop/collection/747-eric-bana-s-closet-picks"
"closet:747","Eric Bana’s Closet Picks","https://www.criterion.com/films/227-night-on-earth","Night on Earth","6","https://www.criterion.com/shop/collection/747-eric-bana-s-closet-picks"
"closet:667","Bill and Turner Ross’s Closet Picks","https://www.criterion.com/films/29064-dead-man","Dead Man","1","https://www.criterion.com/shop/collection/667-bill-and-turner-ross-s-closet-picks"
"closet:667","Bill and Turner Ross’s Closet Picks","https://www.criterion.com/films/28412-touki-bouki","Touki bouki","2","https://www.criterion.com/shop/collection/667-bill-and-turner-ross-s-closet-picks"
"closet:667","Bill and Turner Ross’s Closet Picks","https://www.criterion.com/films/28658-les-blank-always-for-pleasure","Les Blank: Always for Pleasure","3","https://www.criterion.com/shop/collection/667-bill-and-turner-ross-s-closet-picks"
"closet:667","Bill and Turner Ross’s Closet Picks","https://www.criterion.com/films/32170-time","Time","4","https://www.criterion.com/shop/collection/667-bill-and-turner-ross-s-closet-picks"
"closet:667","Bill and Turner Ross’s Closet Picks","https://www.criterion.com/films/28661-dekalog","Dekalog","5","https://www.criterion.com/shop/collection/667-bill-and-turner-ross-s-closet-picks"
"closet:667","Bill and Turner Ross’s Closet Picks","https://www.criterion.com/films/29011-the-cameraman","The Cameraman","6","https://www.criterion.com/shop/collection/667-bill-and-turner-ross-s-closet-picks"
"closet:667","Bill and Turner Ross’s Closet Picks","https://www.criterion.com/films/1092-close-up","Close-up","7","https://www.criterion.com/shop/collection/667-bill-and-turner-ross-s-closet-picks"
"closet:667","Bill and Turner Ross’s Closet Picks","https://www.criterion.com/films/777-harlan-county-usa","Harlan County USA","8","https://www.criterion.com/shop/collection/667-bill-and-turner-ross-s-closet-picks"
"closet:721","Dylan Baker’s Closet Picks","https://www.criterion.com/films/29002-destry-rides-again","Destry Rides Again","1","https://www.criterion.com/shop/collection/721-dylan-baker-s-closet-picks"
"closet:721","Dylan Baker’s Closet Picks","https://www.criterion.com/films/28829-holiday","Holiday","2","https://www.criterion.com/shop/collection/721-dylan-baker-s-closet-picks"
"closet:721","Dylan Baker’s Closet Picks","https://www.criterion.com/films/27775-quadrophenia","Quadrophenia","3","https://www.criterion.com/shop/collection/721-dylan-baker-s-closet-picks"
"closet:721","Dylan Baker’s Closet Picks","https://www.criterion.com/films/28579-it-s-a-mad-mad-mad-mad-world","It’s a Mad, Mad, Mad, Mad World","4","https://www.criterion.com/shop/collection/721-dylan-baker-s-closet-picks"
"closet:721","Dylan Baker’s Closet Picks","https://www.criterion.com/films/30717-christ-stopped-at-eboli","Christ Stopped at Eboli","5","https://www.criterion.com/shop/collection/721-dylan-baker-s-closet-picks"
"closet:721","Dylan Baker’s Closet Picks","https://www.criterion.com/films/28709-local-hero","Local Hero","6","https://www.criterion.com/shop/collection/721-dylan-baker-s-closet-picks"
"closet:721","Dylan Baker’s Closet Picks","https://www.criterion.com/films/561-the-ascent","The Ascent","7","https://www.criterion.com/shop/collection/721-dylan-baker-s-closet-picks"
"closet:721","Dylan Baker’s Closet Picks","https://www.criterion.com/films/17282-ride-with-the-devil","Ride with the Devil","8","https://www.criterion.com/shop/collection/721-dylan-baker-s-closet-picks"
"closet:652","Ryusuke Hamaguchi’s Closet Picks","https://www.criterion.com/films/298-late-spring","Late Spring","1","https://www.criterion.com/shop/collection/652-ryusuke-hamaguchi-s-closet-picks"
"closet:652","Ryusuke Hamaguchi’s Closet Picks","https://www.criterion.com/films/153-army-of-shadows","Army of Shadows","2","https://www.criterion.com/shop/collection/652-ryusuke-hamaguchi-s-closet-picks"
"closet:652","Ryusuke Hamaguchi’s Closet Picks","https://www.criterion.com/films/216-la-haine","La haine","3","https://www.criterion.com/shop/collection/652-ryusuke-hamaguchi-s-closet-picks"
"closet:652","Ryusuke Hamaguchi’s Closet Picks","https://www.criterion.com/films/27975-toni","Toni","4","https://www.criterion.com/shop/collection/652-ryusuke-hamaguchi-s-closet-picks"
"closet:652","Ryusuke Hamaguchi’s Closet Picks","https://www.criterion.com/films/29646-beau-travail","Beau travail","5","https://www.criterion.com/shop/collection/652-ryusuke-hamaguchi-s-closet-picks"
"closet:652","Ryusuke Hamaguchi’s Closet Picks","https://www.criterion.com/films/28767-until-the-end-of-the-world","Until the End of the World","6","https://www.criterion.com/shop/collection/652-ryusuke-hamaguchi-s-closet-picks"
"closet:652","Ryusuke Hamaguchi’s Closet Picks","https://www.criterion.com/boxsets/558-john-cassavetes-five-films","John Cassavetes: Five Films","7","https://www.criterion.com/shop/collection/652-ryusuke-hamaguchi-s-closet-picks"
"closet:652","Ryusuke Hamaguchi’s Closet Picks","https://www.criterion.com/films/878-heaven-can-wait","Heaven Can Wait","8","https://www.criterion.com/shop/collection/652-ryusuke-hamaguchi-s-closet-picks"
"closet:652","Ryusuke Hamaguchi’s Closet Picks","https://www.criterion.com/boxsets/369-a-story-of-floating-weeds-floating-weeds-two-films-by-yasujiro-ozu","A Story of Floating Weeds / Floating Weeds: Two Films by Yasujiro Ozu","9","https://www.criterion.com/shop/collection/652-ryusuke-hamaguchi-s-closet-picks"
"closet:652","Ryusuke Hamaguchi’s Closet Picks","https://www.criterion.com/boxsets/1055-the-essential-jacques-demy","The Essential Jacques Demy","10","https://www.criterion.com/shop/collection/652-ryusuke-hamaguchi-s-closet-picks"
"closet:652","Ryusuke Hamaguchi’s Closet Picks","https://www.criterion.com/films/28047-judex","Judex","11","https://www.criterion.com/shop/collection/652-ryusuke-hamaguchi-s-closet-picks"
"closet:652","Ryusuke Hamaguchi’s Closet Picks","https://www.criterion.com/films/1929-bigger-than-life","Bigger Than Life","12","https://www.criterion.com/shop/collection/652-ryusuke-hamaguchi-s-closet-picks"
"closet:652","Ryusuke Hamaguchi’s Closet Picks","https://www.criterion.com/films/348-fists-in-the-pocket","Fists in the Pocket","13","https://www.criterion.com/shop/collection/652-ryusuke-hamaguchi-s-closet-picks"
"closet:652","Ryusuke Hamaguchi’s Closet Picks","https://www.criterion.com/films/27666-cure","Cure","14","https://www.criterion.com/shop/collection/652-ryusuke-hamaguchi-s-closet-picks"
"closet:652","Ryusuke Hamaguchi’s Closet Picks","https://www.criterion.com/films/28570-my-darling-clementine","My Darling Clementine","15","https://www.criterion.com/shop/collection/652-ryusuke-hamaguchi-s-closet-picks"
"closet:658","Jane Schoenbrun’s Closet Picks","https://www.criterion.com/boxsets/1069-the-complete-jacques-tati","The Complete Jacques Tati","1","https://www.criterion.com/shop/collection/658-jane-schoenbrun-s-closet-picks"
"closet:658","Jane Schoenbrun’s Closet Picks","https://www.criterion.com/films/29007-bamboozled","Bamboozled","2","https://www.criterion.com/shop/collection/658-jane-schoenbrun-s-closet-picks"
"closet:658","Jane Schoenbrun’s Closet Picks","https://www.criterion.com/films/33245-malcolm-x","Malcolm X","3","https://www.criterion.com/shop/collection/658-jane-schoenbrun-s-closet-picks"
"closet:658","Jane Schoenbrun’s Closet Picks","https://www.criterion.com/films/27745-el-sur","El Sur","4","https://www.criterion.com/shop/collection/658-jane-schoenbrun-s-closet-picks"
"closet:658","Jane Schoenbrun’s Closet Picks","https://www.criterion.com/films/235-peeping-tom","Peeping Tom","5","https://www.criterion.com/shop/collection/658-jane-schoenbrun-s-closet-picks"
"closet:658","Jane Schoenbrun’s Closet Picks","https://www.criterion.com/films/33388-werckmeister-harmonies","Werckmeister Harmonies","6","https://www.criterion.com/shop/collection/658-jane-schoenbrun-s-closet-picks"
"closet:658","Jane Schoenbrun’s Closet Picks","https://www.criterion.com/films/605-autumn-sonata","Autumn Sonata","7","https://www.criterion.com/shop/collection/658-jane-schoenbrun-s-closet-picks"
"closet:658","Jane Schoenbrun’s Closet Picks","https://www.criterion.com/films/29601-the-grand-budapest-hotel","The Grand Budapest Hotel","8","https://www.criterion.com/shop/collection/658-jane-schoenbrun-s-closet-picks"
"closet:658","Jane Schoenbrun’s Closet Picks","https://www.criterion.com/films/28382-eraserhead","Eraserhead","9","https://www.criterion.com/shop/collection/658-jane-schoenbrun-s-closet-picks"
"closet:661","Jeremy O. Harris’s Closet Picks","https://www.criterion.com/boxsets/4787-melvin-van-peebles-essential-films","Melvin Van Peebles: Essential Films","1","https://www.criterion.com/shop/collection/661-jeremy-o-harris-s-closet-picks"
"closet:661","Jeremy O. Harris’s Closet Picks","https://www.criterion.com/films/30212-original-cast-album-company","Original Cast Album: “Company”","2","https://www.criterion.com/shop/collection/661-jeremy-o-harris-s-closet-picks"
"closet:661","Jeremy O. Harris’s Closet Picks","https://www.criterion.com/films/28059-the-celebration","The Celebration","3","https://www.criterion.com/shop/collection/661-jeremy-o-harris-s-closet-picks"
"closet:661","Jeremy O. Harris’s Closet Picks","https://www.criterion.com/films/28660-teorema","Teorema","4","https://www.criterion.com/shop/collection/661-jeremy-o-harris-s-closet-picks"
"closet:661","Jeremy O. Harris’s Closet Picks","https://www.criterion.com/films/532-salo-or-the-120-days-of-sodom","Salò, or The 120 Days of Sodom","5","https://www.criterion.com/shop/collection/661-jeremy-o-harris-s-closet-picks"
"closet:661","Jeremy O. Harris’s Closet Picks","https://www.criterion.com/films/28317-tiny-furniture","Tiny Furniture","6","https://www.criterion.com/shop/collection/661-jeremy-o-harris-s-closet-picks"
"closet:661","Jeremy O. Harris’s Closet Picks","https://www.criterion.com/films/29635-girlfriends","Girlfriends","7","https://www.criterion.com/shop/collection/661-jeremy-o-harris-s-closet-picks"
"closet:661","Jeremy O. Harris’s Closet Picks","https://www.criterion.com/films/28561-all-that-jazz","All That Jazz","8","https://www.criterion.com/shop/collection/661-jeremy-o-harris-s-closet-picks"
"closet:661","Jeremy O. Harris’s Closet Picks","https://www.criterion.com/films/152-ali-fear-eats-the-soul","Ali: Fear Eats the Soul","9","https://www.criterion.com/shop/collection/661-jeremy-o-harris-s-closet-picks"
"closet:661","Jeremy O. Harris’s Closet Picks","https://www.criterion.com/films/781-yi-yi","Yi Yi","10","https://www.criterion.com/shop/collection/661-jeremy-o-harris-s-closet-picks"
"closet:661","Jeremy O. Harris’s Closet Picks","https://www.criterion.com/films/774-metropolitan","Metropolitan","11","https://www.criterion.com/shop/collection/661-jeremy-o-harris-s-closet-picks"
"closet:662","Annie Baker and Lucian Johnston’s Closet Picks","https://www.criterion.com/films/2337-l-enfance-nue","L’enfance nue","1","https://www.criterion.com/shop/collection/662-annie-baker-and-lucian-johnston-s-closet-picks"
"closet:662","Annie Baker and Lucian Johnston’s Closet Picks","https://www.criterion.com/films/27588-l-argent","L’argent","2","https://www.criterion.com/shop/collection/662-annie-baker-and-lucian-johnston-s-closet-picks"
"closet:662","Annie Baker and Lucian Johnston’s Closet Picks","https://www.criterion.com/films/28833-a-matter-of-life-and-death","A Matter of Life and Death","3","https://www.criterion.com/shop/collection/662-annie-baker-and-lucian-johnston-s-closet-picks"
"closet:662","Annie Baker and Lucian Johnston’s Closet Picks","https://www.criterion.com/films/33485-godland","Godland","4","https://www.criterion.com/shop/collection/662-annie-baker-and-lucian-johnston-s-closet-picks"
"closet:662","Annie Baker and Lucian Johnston’s Closet Picks","https://www.criterion.com/films/27872-design-for-living","Design for Living","5","https://www.criterion.com/shop/collection/662-annie-baker-and-lucian-johnston-s-closet-picks"
"closet:662","Annie Baker and Lucian Johnston’s Closet Picks","https://www.criterion.com/boxsets/3432-the-complete-films-of-agnes-varda","The Complete Films of Agnès Varda","6","https://www.criterion.com/shop/collection/662-annie-baker-and-lucian-johnston-s-closet-picks"
"closet:647","Maya and Ethan Hawke’s Closet Picks","https://www.criterion.com/films/28891-war-and-peace","War and Peace","1","https://www.criterion.com/shop/collection/647-maya-and-ethan-hawke-s-closet-picks"
"closet:647","Maya and Ethan Hawke’s Closet Picks","https://www.criterion.com/films/28560-frances-ha","Frances Ha","2","https://www.criterion.com/shop/collection/647-maya-and-ethan-hawke-s-closet-picks"
"closet:647","Maya and Ethan Hawke’s Closet Picks","https://www.criterion.com/films/683-children-of-paradise","Children of Paradise","3","https://www.criterion.com/shop/collection/647-maya-and-ethan-hawke-s-closet-picks"
"closet:647","Maya and Ethan Hawke’s Closet Picks","https://www.criterion.com/films/712-3-women","3 Women","4","https://www.criterion.com/shop/collection/647-maya-and-ethan-hawke-s-closet-picks"
"closet:647","Maya and Ethan Hawke’s Closet Picks","https://www.criterion.com/films/28827-husbands","Husbands","5","https://www.criterion.com/shop/collection/647-maya-and-ethan-hawke-s-closet-picks"
"closet:647","Maya and Ethan Hawke’s Closet Picks","https://www.criterion.com/films/28711-the-magnificent-ambersons","The Magnificent Ambersons","6","https://www.criterion.com/shop/collection/647-maya-and-ethan-hawke-s-closet-picks"
"closet:647","Maya and Ethan Hawke’s Closet Picks","https://www.criterion.com/films/28404-pina","Pina","7","https://www.criterion.com/shop/collection/647-maya-and-ethan-hawke-s-closet-picks"
"closet:647","Maya and Ethan Hawke’s Closet Picks","https://www.criterion.com/films/742-an-angel-at-my-table","An Angel at My Table","8","https://www.criterion.com/shop/collection/647-maya-and-ethan-hawke-s-closet-picks"
"closet:647","Maya and Ethan Hawke’s Closet Picks","https://www.criterion.com/films/28594-tess","Tess","9","https://www.criterion.com/shop/collection/647-maya-and-ethan-hawke-s-closet-picks"
"closet:647","Maya and Ethan Hawke’s Closet Picks","https://www.criterion.com/films/213-days-of-heaven","Days of Heaven","10","https://www.criterion.com/shop/collection/647-maya-and-ethan-hawke-s-closet-picks"
"closet:647","Maya and Ethan Hawke’s Closet Picks","https://www.criterion.com/films/565-picnic-at-hanging-rock","Picnic at Hanging Rock","11","https://www.criterion.com/shop/collection/647-maya-and-ethan-hawke-s-closet-picks"
"closet:647","Maya and Ethan Hawke’s Closet Picks","https://www.criterion.com/films/795-kicking-and-screaming","Kicking and Screaming","12","https://www.criterion.com/shop/collection/647-maya-and-ethan-hawke-s-closet-picks"
"closet:640","Bertrand Bonello’s Closet Picks","https://www.criterion.com/films/28834-the-age-of-innocence","The Age of Innocence","1","https://www.criterion.com/shop/collection/640-bertrand-bonello-s-closet-picks"
"closet:640","Bertrand Bonello’s Closet Picks","https://www.criterion.com/films/29014-crash","Crash","2","https://www.criterion.com/shop/collection/640-bertrand-bonello-s-closet-picks"
"closet:640","Bertrand Bonello’s Closet Picks","https://www.criterion.com/films/551-clean-shaven","Clean, Shaven","3","https://www.criterion.com/shop/collection/640-bertrand-bonello-s-closet-picks"
"closet:640","Bertrand Bonello’s Closet Picks","https://www.criterion.com/boxsets/6588-pasolini-101","Pasolini 101","4","https://www.criterion.com/shop/collection/640-bertrand-bonello-s-closet-picks"
"closet:640","Bertrand Bonello’s Closet Picks","https://www.criterion.com/films/1092-close-up","Close-up","5","https://www.criterion.com/shop/collection/640-bertrand-bonello-s-closet-picks"
"closet:642","St. Vincent’s Closet Picks","https://www.criterion.com/films/28704-female-trouble","Female Trouble","1","https://www.criterion.com/shop/collection/642-st-vincent-s-closet-picks"
"closet:642","St. Vincent’s Closet Picks","https://www.criterion.com/films/27953-the-bitter-tears-of-petra-von-kant","The Bitter Tears of Petra von Kant","2","https://www.criterion.com/shop/collection/642-st-vincent-s-closet-picks"
"closet:642","St. Vincent’s Closet Picks","https://www.criterion.com/films/29101-women-on-the-verge-of-a-nervous-breakdown","Women on the Verge of a Nervous Breakdown","3","https://www.criterion.com/shop/collection/642-st-vincent-s-closet-picks"
"closet:642","St. Vincent’s Closet Picks","https://www.criterion.com/films/32358-to-die-for","To Die For","4","https://www.criterion.com/shop/collection/642-st-vincent-s-closet-picks"
"closet:642","St. Vincent’s Closet Picks","https://www.criterion.com/films/746-brand-upon-the-brain","Brand upon the Brain!","5","https://www.criterion.com/shop/collection/642-st-vincent-s-closet-picks"
"closet:642","St. Vincent’s Closet Picks","https://www.criterion.com/boxsets/7045-chantal-akerman-masterpieces-1968-1978","Chantal Akerman Masterpieces, 1968–1978","6","https://www.criterion.com/shop/collection/642-st-vincent-s-closet-picks"
"closet:642","St. Vincent’s Closet Picks","https://www.criterion.com/films/314-dazed-and-confused","Dazed and Confused","7","https://www.criterion.com/shop/collection/642-st-vincent-s-closet-picks"
"closet:642","St. Vincent’s Closet Picks","https://www.criterion.com/films/29375-diamonds-of-the-night","Diamonds of the Night","8","https://www.criterion.com/shop/collection/642-st-vincent-s-closet-picks"
"closet:644","Kerry Condon’s Closet Picks","https://www.criterion.com/films/27525-the-night-of-the-hunter","The Night of the Hunter","1","https://www.criterion.com/shop/collection/644-kerry-condon-s-closet-picks"
"closet:644","Kerry Condon’s Closet Picks","https://www.criterion.com/films/27541-fish-tank","Fish Tank","2","https://www.criterion.com/shop/collection/644-kerry-condon-s-closet-picks"
"closet:644","Kerry Condon’s Closet Picks","https://www.criterion.com/films/27560-kes","Kes","3","https://www.criterion.com/shop/collection/644-kerry-condon-s-closet-picks"
"closet:644","Kerry Condon’s Closet Picks","https://www.criterion.com/films/691-george-washington","George Washington","4","https://www.criterion.com/shop/collection/644-kerry-condon-s-closet-picks"
"closet:644","Kerry Condon’s Closet Picks","https://www.criterion.com/films/789-the-tin-drum","The Tin Drum","5","https://www.criterion.com/shop/collection/644-kerry-condon-s-closet-picks"
"closet:644","Kerry Condon’s Closet Picks","https://www.criterion.com/films/29202-secrets-lies","Secrets & Lies","6","https://www.criterion.com/shop/collection/644-kerry-condon-s-closet-picks"
"closet:644","Kerry Condon’s Closet Picks","https://www.criterion.com/films/28712-mccabe-mrs-miller","McCabe & Mrs. Miller","7","https://www.criterion.com/shop/collection/644-kerry-condon-s-closet-picks"
"closet:644","Kerry Condon’s Closet Picks","https://www.criterion.com/films/28577-valley-of-the-dolls","Valley of the Dolls","8","https://www.criterion.com/shop/collection/644-kerry-condon-s-closet-picks"
"closet:644","Kerry Condon’s Closet Picks","https://www.criterion.com/films/33803-dogfight","Dogfight","9","https://www.criterion.com/shop/collection/644-kerry-condon-s-closet-picks"
"closet:644","Kerry Condon’s Closet Picks","https://www.criterion.com/films/29569-all-about-my-mother","All About My Mother","10","https://www.criterion.com/shop/collection/644-kerry-condon-s-closet-picks"
"closet:644","Kerry Condon’s Closet Picks","https://www.criterion.com/films/29571-the-prince-of-tides","The Prince of Tides","11","https://www.criterion.com/shop/collection/644-kerry-condon-s-closet-picks"
"closet:653","Cheryl Dunye’s Closet Picks","https://www.criterion.com/films/27771-i-married-a-witch","I Married a Witch","1","https://www.criterion.com/shop/collection/653-cheryl-dunye-s-closet-picks"
"closet:653","Cheryl Dunye’s Closet Picks","https://www.criterion.com/films/27945-a-hollis-frampton-odyssey","A Hollis Frampton Odyssey","2","https://www.criterion.com/shop/collection/653-cheryl-dunye-s-closet-picks"
"closet:653","Cheryl Dunye’s Closet Picks","https://www.criterion.com/films/33829-mudbound","Mudbound","3","https://www.criterion.com/shop/collection/653-cheryl-dunye-s-closet-picks"
"closet:653","Cheryl Dunye’s Closet Picks","https://www.criterion.com/films/29011-the-cameraman","The Cameraman","4","https://www.criterion.com/shop/collection/653-cheryl-dunye-s-closet-picks"
"closet:653","Cheryl Dunye’s Closet Picks","https://www.criterion.com/boxsets/7045-chantal-akerman-masterpieces-1968-1978","Chantal Akerman Masterpieces, 1968–1978","5","https://www.criterion.com/shop/collection/653-cheryl-dunye-s-closet-picks"
"closet:653","Cheryl Dunye’s Closet Picks","https://www.criterion.com/films/32358-to-die-for","To Die For","6","https://www.criterion.com/shop/collection/653-cheryl-dunye-s-closet-picks"
"closet:653","Cheryl Dunye’s Closet Picks","https://www.criterion.com/boxsets/4431-the-signifyin-works-of-marlon-riggs","The Signifyin’ Works of Marlon Riggs","7","https://www.criterion.com/shop/collection/653-cheryl-dunye-s-closet-picks"
"closet:653","Cheryl Dunye’s Closet Picks","https://www.criterion.com/boxsets/138-the-brd-trilogy","The BRD Trilogy","8","https://www.criterion.com/shop/collection/653-cheryl-dunye-s-closet-picks"
"closet:653","Cheryl Dunye’s Closet Picks","https://www.criterion.com/boxsets/3432-the-complete-films-of-agnes-varda","The Complete Films of Agnès Varda","9","https://www.criterion.com/shop/collection/653-cheryl-dunye-s-closet-picks"
"closet:653","Cheryl Dunye’s Closet Picks","https://www.criterion.com/films/30705-the-watermelon-woman","The Watermelon Woman","10","https://www.criterion.com/shop/collection/653-cheryl-dunye-s-closet-picks"
"closet:639","Molly Ringwald’s Closet Picks","https://www.criterion.com/boxsets/1329-dietrich-von-sternberg-in-hollywood","Dietrich & von Sternberg in Hollywood","1","https://www.criterion.com/shop/collection/639-molly-ringwald-s-closet-picks"
"closet:639","Molly Ringwald’s Closet Picks","https://www.criterion.com/films/28703-a-face-in-the-crowd","A Face in the Crowd","2","https://www.criterion.com/shop/collection/639-molly-ringwald-s-closet-picks"
"closet:639","Molly Ringwald’s Closet Picks","https://www.criterion.com/films/29639-celine-and-julie-go-boating","Céline and Julie Go Boating","3","https://www.criterion.com/shop/collection/639-molly-ringwald-s-closet-picks"
"closet:639","Molly Ringwald’s Closet Picks","https://www.criterion.com/boxsets/7154-eric-rohmer-s-tales-of-the-four-seasons","Eric Rohmer’s Tales of the Four Seasons","4","https://www.criterion.com/shop/collection/639-molly-ringwald-s-closet-picks"
"closet:639","Molly Ringwald’s Closet Picks","https://www.criterion.com/boxsets/517-eclipse-series-8-lubitsch-musicals","Eclipse Series 8: Lubitsch Musicals","5","https://www.criterion.com/shop/collection/639-molly-ringwald-s-closet-picks"
"closet:639","Molly Ringwald’s Closet Picks","https://www.criterion.com/films/291-band-of-outsiders","Band of Outsiders","6","https://www.criterion.com/shop/collection/639-molly-ringwald-s-closet-picks"
"closet:639","Molly Ringwald’s Closet Picks","https://www.criterion.com/films/28075-la-vie-de-jesus","La vie de Jésus","7","https://www.criterion.com/shop/collection/639-molly-ringwald-s-closet-picks"
"closet:639","Molly Ringwald’s Closet Picks","https://www.criterion.com/boxsets/3626-essential-fellini","Essential Fellini","8","https://www.criterion.com/shop/collection/639-molly-ringwald-s-closet-picks"
"closet:639","Molly Ringwald’s Closet Picks","https://www.criterion.com/boxsets/558-john-cassavetes-five-films","John Cassavetes: Five Films","9","https://www.criterion.com/shop/collection/639-molly-ringwald-s-closet-picks"
"closet:639","Molly Ringwald’s Closet Picks","https://www.criterion.com/films/28032-love-streams","Love Streams","10","https://www.criterion.com/shop/collection/639-molly-ringwald-s-closet-picks"
"closet:639","Molly Ringwald’s Closet Picks","https://www.criterion.com/films/371-umberto-d","Umberto D.","11","https://www.criterion.com/shop/collection/639-molly-ringwald-s-closet-picks"
"closet:636","Chelsea Peretti’s Closet Picks","https://www.criterion.com/films/29635-girlfriends","Girlfriends","1","https://www.criterion.com/shop/collection/636-chelsea-peretti-s-closet-picks"
"closet:636","Chelsea Peretti’s Closet Picks","https://www.criterion.com/films/29112-me-and-you-and-everyone-we-know","Me and You and Everyone We Know","2","https://www.criterion.com/shop/collection/636-chelsea-peretti-s-closet-picks"
"closet:636","Chelsea Peretti’s Closet Picks","https://www.criterion.com/films/29627-trainspotting","Trainspotting","3","https://www.criterion.com/shop/collection/636-chelsea-peretti-s-closet-picks"
"closet:636","Chelsea Peretti’s Closet Picks","https://www.criterion.com/films/664-grey-gardens","Grey Gardens","4","https://www.criterion.com/shop/collection/636-chelsea-peretti-s-closet-picks"
"closet:636","Chelsea Peretti’s Closet Picks","https://www.criterion.com/films/2104-crumb","Crumb","5","https://www.criterion.com/shop/collection/636-chelsea-peretti-s-closet-picks"
"closet:636","Chelsea Peretti’s Closet Picks","https://www.criterion.com/films/29771-hollywood-shuffle","Hollywood Shuffle","6","https://www.criterion.com/shop/collection/636-chelsea-peretti-s-closet-picks"
"closet:636","Chelsea Peretti’s Closet Picks","https://www.criterion.com/films/175-wild-strawberries","Wild Strawberries","7","https://www.criterion.com/shop/collection/636-chelsea-peretti-s-closet-picks"
"closet:636","Chelsea Peretti’s Closet Picks","https://www.criterion.com/boxsets/6993-the-red-balloon-and-other-stories-five-films-by-albert-lamorisse","The Red Balloon and Other Stories: Five Films by Albert Lamorisse","8","https://www.criterion.com/shop/collection/636-chelsea-peretti-s-closet-picks"
"closet:636","Chelsea Peretti’s Closet Picks","https://www.criterion.com/films/151-the-400-blows","The 400 Blows","9","https://www.criterion.com/shop/collection/636-chelsea-peretti-s-closet-picks"
"closet:636","Chelsea Peretti’s Closet Picks","https://www.criterion.com/films/27895-mikey-and-nicky","Mikey and Nicky","10","https://www.criterion.com/shop/collection/636-chelsea-peretti-s-closet-picks"
"closet:636","Chelsea Peretti’s Closet Picks","https://www.criterion.com/films/630-the-blob","The Blob","11","https://www.criterion.com/shop/collection/636-chelsea-peretti-s-closet-picks"
"closet:659","Tim Blake Nelson’s Closet Picks","https://www.criterion.com/films/538-blast-of-silence","Blast of Silence","1","https://www.criterion.com/shop/collection/659-tim-blake-nelson-s-closet-picks"
"closet:659","Tim Blake Nelson’s Closet Picks","https://www.criterion.com/films/27550-topsy-turvy","Topsy-Turvy","2","https://www.criterion.com/shop/collection/659-tim-blake-nelson-s-closet-picks"
"closet:659","Tim Blake Nelson’s Closet Picks","https://www.criterion.com/films/958-the-killing-of-a-chinese-bookie","The Killing of a Chinese Bookie","3","https://www.criterion.com/shop/collection/659-tim-blake-nelson-s-closet-picks"
"closet:659","Tim Blake Nelson’s Closet Picks","https://www.criterion.com/films/28721-inside-llewyn-davis","Inside Llewyn Davis","4","https://www.criterion.com/shop/collection/659-tim-blake-nelson-s-closet-picks"
"closet:659","Tim Blake Nelson’s Closet Picks","https://www.criterion.com/films/29604-miller-s-crossing","Miller’s Crossing","5","https://www.criterion.com/shop/collection/659-tim-blake-nelson-s-closet-picks"
"closet:659","Tim Blake Nelson’s Closet Picks","https://www.criterion.com/films/284-tokyo-story","Tokyo Story","6","https://www.criterion.com/shop/collection/659-tim-blake-nelson-s-closet-picks"
"closet:725","JR’s Closet Picks","https://www.criterion.com/boxsets/3432-the-complete-films-of-agnes-varda","The Complete Films of Agnès Varda","1","https://www.criterion.com/shop/collection/725-jr-s-closet-picks"
"closet:725","JR’s Closet Picks","https://www.criterion.com/boxsets/558-john-cassavetes-five-films","John Cassavetes: Five Films","2","https://www.criterion.com/shop/collection/725-jr-s-closet-picks"
"closet:725","JR’s Closet Picks","https://www.criterion.com/films/30908-amores-perros","Amores perros","3","https://www.criterion.com/shop/collection/725-jr-s-closet-picks"
"closet:725","JR’s Closet Picks","https://www.criterion.com/films/33246-wall-e","WALL·E","4","https://www.criterion.com/shop/collection/725-jr-s-closet-picks"
"closet:725","JR’s Closet Picks","https://www.criterion.com/films/29024-mean-streets","Mean Streets","5","https://www.criterion.com/shop/collection/725-jr-s-closet-picks"
"closet:725","JR’s Closet Picks","https://www.criterion.com/films/216-la-haine","La haine","6","https://www.criterion.com/shop/collection/725-jr-s-closet-picks"
"closet:725","JR’s Closet Picks","https://www.criterion.com/films/33649-the-innocent","The Innocent","7","https://www.criterion.com/shop/collection/725-jr-s-closet-picks"
"closet:725","JR’s Closet Picks","https://www.criterion.com/films/33481-eo","EO","8","https://www.criterion.com/shop/collection/725-jr-s-closet-picks"
"closet:725","JR’s Closet Picks","https://www.criterion.com/films/30124-roma","Roma","9","https://www.criterion.com/shop/collection/725-jr-s-closet-picks"
"closet:631","Paul Giamatti’s Closet Picks","https://www.criterion.com/films/607-carnival-of-souls","Carnival of Souls","1","https://www.criterion.com/shop/collection/631-paul-giamatti-s-closet-picks"
"closet:631","Paul Giamatti’s Closet Picks","https://www.criterion.com/films/359-the-life-and-death-of-colonel-blimp","The Life and Death of Colonel Blimp","2","https://www.criterion.com/shop/collection/631-paul-giamatti-s-closet-picks"
"closet:631","Paul Giamatti’s Closet Picks","https://www.criterion.com/films/307-rashomon","Rashomon","3","https://www.criterion.com/shop/collection/631-paul-giamatti-s-closet-picks"
"closet:631","Paul Giamatti’s Closet Picks","https://www.criterion.com/films/553-solaris","Solaris","4","https://www.criterion.com/shop/collection/631-paul-giamatti-s-closet-picks"
"closet:631","Paul Giamatti’s Closet Picks","https://www.criterion.com/films/28696-cat-people","Cat People","5","https://www.criterion.com/shop/collection/631-paul-giamatti-s-closet-picks"
"closet:631","Paul Giamatti’s Closet Picks","https://www.criterion.com/films/28428-seconds","Seconds","6","https://www.criterion.com/shop/collection/631-paul-giamatti-s-closet-picks"
"closet:631","Paul Giamatti’s Closet Picks","https://www.criterion.com/films/29144-blue-velvet","Blue Velvet","7","https://www.criterion.com/shop/collection/631-paul-giamatti-s-closet-picks"
"closet:631","Paul Giamatti’s Closet Picks","https://www.criterion.com/boxsets/75-eclipse-series-11-larisa-shepitko","Eclipse Series 11: Larisa Shepitko","8","https://www.criterion.com/shop/collection/631-paul-giamatti-s-closet-picks"
"closet:660","DEVO: Gerald Casale and Mark Mothersbaugh’s Closet Picks","https://www.criterion.com/films/27861-island-of-lost-souls","Island of Lost Souls","1","https://www.criterion.com/shop/collection/660-devo-gerald-casale-and-mark-mothersbaugh-s-closet-picks"
"closet:660","DEVO: Gerald Casale and Mark Mothersbaugh’s Closet Picks","https://www.criterion.com/boxsets/3626-essential-fellini","Essential Fellini","2","https://www.criterion.com/shop/collection/660-devo-gerald-casale-and-mark-mothersbaugh-s-closet-picks"
"closet:660","DEVO: Gerald Casale and Mark Mothersbaugh’s Closet Picks","https://www.criterion.com/films/27542-sweet-smell-of-success","Sweet Smell of Success","3","https://www.criterion.com/shop/collection/660-devo-gerald-casale-and-mark-mothersbaugh-s-closet-picks"
"closet:660","DEVO: Gerald Casale and Mark Mothersbaugh’s Closet Picks","https://www.criterion.com/boxsets/434-monsters-and-madmen","Monsters and Madmen","4","https://www.criterion.com/shop/collection/660-devo-gerald-casale-and-mark-mothersbaugh-s-closet-picks"
"closet:641","Callum Turner’s Closet Picks","https://www.criterion.com/boxsets/3432-the-complete-films-of-agnes-varda","The Complete Films of Agnès Varda","1","https://www.criterion.com/shop/collection/641-callum-turner-s-closet-picks"
"closet:641","Callum Turner’s Closet Picks","https://www.criterion.com/films/455-au-hasard-balthazar","Au hasard Balthazar","2","https://www.criterion.com/shop/collection/641-callum-turner-s-closet-picks"
"closet:641","Callum Turner’s Closet Picks","https://www.criterion.com/films/27529-five-easy-pieces","Five Easy Pieces","3","https://www.criterion.com/shop/collection/641-callum-turner-s-closet-picks"
"closet:641","Callum Turner’s Closet Picks","https://www.criterion.com/films/29024-mean-streets","Mean Streets","4","https://www.criterion.com/shop/collection/641-callum-turner-s-closet-picks"
"closet:641","Callum Turner’s Closet Picks","https://www.criterion.com/films/28405-the-kid-with-a-bike","The Kid with a Bike","5","https://www.criterion.com/shop/collection/641-callum-turner-s-closet-picks"
"closet:641","Callum Turner’s Closet Picks","https://www.criterion.com/films/547-the-cranes-are-flying","The Cranes Are Flying","6","https://www.criterion.com/shop/collection/641-callum-turner-s-closet-picks"
"closet:641","Callum Turner’s Closet Picks","https://www.criterion.com/films/28895-come-and-see","Come and See","7","https://www.criterion.com/shop/collection/641-callum-turner-s-closet-picks"
"closet:641","Callum Turner’s Closet Picks","https://www.criterion.com/films/220-naked","Naked","8","https://www.criterion.com/shop/collection/641-callum-turner-s-closet-picks"
"closet:641","Callum Turner’s Closet Picks","https://www.criterion.com/films/790-the-leopard","The Leopard","9","https://www.criterion.com/shop/collection/641-callum-turner-s-closet-picks"
"closet:641","Callum Turner’s Closet Picks","https://www.criterion.com/films/185-la-strada","La strada","10","https://www.criterion.com/shop/collection/641-callum-turner-s-closet-picks"
"closet:641","Callum Turner’s Closet Picks","https://www.criterion.com/films/31775-nothing-but-a-man","Nothing but a Man","11","https://www.criterion.com/shop/collection/641-callum-turner-s-closet-picks"
"closet:637","Joel Kim Booster’s Closet Picks","https://www.criterion.com/films/29029-the-philadelphia-story","The Philadelphia Story","1","https://www.criterion.com/shop/collection/637-joel-kim-booster-s-closet-picks"
"closet:637","Joel Kim Booster’s Closet Picks","https://www.criterion.com/films/28610-the-big-chill","The Big Chill","2","https://www.criterion.com/shop/collection/637-joel-kim-booster-s-closet-picks"
"closet:637","Joel Kim Booster’s Closet Picks","https://www.criterion.com/films/33636-the-others","The Others","3","https://www.criterion.com/shop/collection/637-joel-kim-booster-s-closet-picks"
"closet:637","Joel Kim Booster’s Closet Picks","https://www.criterion.com/films/32169-sound-of-metal","Sound of Metal","4","https://www.criterion.com/shop/collection/637-joel-kim-booster-s-closet-picks"
"closet:637","Joel Kim Booster’s Closet Picks","https://www.criterion.com/boxsets/2648-godzilla-the-showa-era-films-1954-1975","Godzilla: The Showa-Era Films, 1954–1975","5","https://www.criterion.com/shop/collection/637-joel-kim-booster-s-closet-picks"
"closet:637","Joel Kim Booster’s Closet Picks","https://www.criterion.com/films/198-in-the-mood-for-love","In the Mood for Love","6","https://www.criterion.com/shop/collection/637-joel-kim-booster-s-closet-picks"
"closet:637","Joel Kim Booster’s Closet Picks","https://www.criterion.com/films/29018-hedwig-and-the-angry-inch","Hedwig and the Angry Inch","7","https://www.criterion.com/shop/collection/637-joel-kim-booster-s-closet-picks"
"closet:621","Charles Melton’s Closet Picks","https://www.criterion.com/films/27895-mikey-and-nicky","Mikey and Nicky","1","https://www.criterion.com/shop/collection/621-charles-melton-s-closet-picks"
"closet:621","Charles Melton’s Closet Picks","https://www.criterion.com/films/29081-after-life","After Life","2","https://www.criterion.com/shop/collection/621-charles-melton-s-closet-picks"
"closet:621","Charles Melton’s Closet Picks","https://www.criterion.com/films/31458-memories-of-murder","Memories of Murder","3","https://www.criterion.com/shop/collection/621-charles-melton-s-closet-picks"
"closet:621","Charles Melton’s Closet Picks","https://www.criterion.com/films/33481-eo","EO","4","https://www.criterion.com/shop/collection/621-charles-melton-s-closet-picks"
"closet:621","Charles Melton’s Closet Picks","https://www.criterion.com/films/950-eyes-without-a-face","Eyes Without a Face","5","https://www.criterion.com/shop/collection/621-charles-melton-s-closet-picks"
"closet:621","Charles Melton’s Closet Picks","https://www.criterion.com/films/184-le-samourai","Le samouraï","6","https://www.criterion.com/shop/collection/621-charles-melton-s-closet-picks"
"closet:621","Charles Melton’s Closet Picks","https://www.criterion.com/films/30223-la-piscine","La piscine","7","https://www.criterion.com/shop/collection/621-charles-melton-s-closet-picks"
"closet:621","Charles Melton’s Closet Picks","https://www.criterion.com/films/27666-cure","Cure","8","https://www.criterion.com/shop/collection/621-charles-melton-s-closet-picks"
"closet:621","Charles Melton’s Closet Picks","https://www.criterion.com/films/32441-drive-my-car","Drive My Car","9","https://www.criterion.com/shop/collection/621-charles-melton-s-closet-picks"
"closet:621","Charles Melton’s Closet Picks","https://www.criterion.com/films/376-short-cuts","Short Cuts","10","https://www.criterion.com/shop/collection/621-charles-melton-s-closet-picks"
"closet:621","Charles Melton’s Closet Picks","https://www.criterion.com/films/712-3-women","3 Women","11","https://www.criterion.com/shop/collection/621-charles-melton-s-closet-picks"
"closet:621","Charles Melton’s Closet Picks","https://www.criterion.com/films/28548-safe","Safe","12","https://www.criterion.com/shop/collection/621-charles-melton-s-closet-picks"
"closet:621","Charles Melton’s Closet Picks","https://www.criterion.com/films/28659-a-special-day","A Special Day","13","https://www.criterion.com/shop/collection/621-charles-melton-s-closet-picks"
"closet:621","Charles Melton’s Closet Picks","https://www.criterion.com/films/33246-wall-e","WALL·E","14","https://www.criterion.com/shop/collection/621-charles-melton-s-closet-picks"
"closet:619","Dan Levy’s Closet Picks","https://www.criterion.com/films/29154-moonstruck","Moonstruck","1","https://www.criterion.com/shop/collection/619-dan-levy-s-closet-picks"
"closet:619","Dan Levy’s Closet Picks","https://www.criterion.com/films/284-tokyo-story","Tokyo Story","2","https://www.criterion.com/shop/collection/619-dan-levy-s-closet-picks"
"closet:619","Dan Levy’s Closet Picks","https://www.criterion.com/films/28739-the-piano-teacher","The Piano Teacher","3","https://www.criterion.com/shop/collection/619-dan-levy-s-closet-picks"
"closet:619","Dan Levy’s Closet Picks","https://www.criterion.com/films/29335-election","Election","4","https://www.criterion.com/shop/collection/619-dan-levy-s-closet-picks"
"closet:619","Dan Levy’s Closet Picks","https://www.criterion.com/films/31500-love-basketball","Love & Basketball","5","https://www.criterion.com/shop/collection/619-dan-levy-s-closet-picks"
"closet:619","Dan Levy’s Closet Picks","https://www.criterion.com/films/27783-weekend","Weekend","6","https://www.criterion.com/shop/collection/619-dan-levy-s-closet-picks"
"closet:619","Dan Levy’s Closet Picks","https://www.criterion.com/films/29464-the-daytrippers","The Daytrippers","7","https://www.criterion.com/shop/collection/619-dan-levy-s-closet-picks"
"closet:619","Dan Levy’s Closet Picks","https://www.criterion.com/films/29336-the-virgin-suicides","The Virgin Suicides","8","https://www.criterion.com/shop/collection/619-dan-levy-s-closet-picks"
"closet:619","Dan Levy’s Closet Picks","https://www.criterion.com/films/948-kagemusha","Kagemusha","9","https://www.criterion.com/shop/collection/619-dan-levy-s-closet-picks"
"closet:638","Ben Gibbards’s Closet PIcks","https://www.criterion.com/films/1076-the-exterminating-angel","The Exterminating Angel","1","https://www.criterion.com/shop/collection/638-ben-gibbards-s-closet-picks"
"closet:638","Ben Gibbards’s Closet PIcks","https://www.criterion.com/boxsets/3900-three-films-by-luis-bunuel","Three Films by Luis Buñuel","2","https://www.criterion.com/shop/collection/638-ben-gibbards-s-closet-picks"
"closet:638","Ben Gibbards’s Closet PIcks","https://www.criterion.com/boxsets/326-the-complete-monterey-pop-festival","The Complete Monterey Pop Festival","3","https://www.criterion.com/shop/collection/638-ben-gibbards-s-closet-picks"
"closet:638","Ben Gibbards’s Closet PIcks","https://www.criterion.com/films/29062-old-joy","Old Joy","4","https://www.criterion.com/shop/collection/638-ben-gibbards-s-closet-picks"
"closet:638","Ben Gibbards’s Closet PIcks","https://www.criterion.com/films/30084-take-out","Take Out","5","https://www.criterion.com/shop/collection/638-ben-gibbards-s-closet-picks"
"closet:638","Ben Gibbards’s Closet PIcks","https://www.criterion.com/films/820-brute-force","Brute Force","6","https://www.criterion.com/shop/collection/638-ben-gibbards-s-closet-picks"
"closet:638","Ben Gibbards’s Closet PIcks","https://www.criterion.com/films/28352-le-havre","Le Havre","7","https://www.criterion.com/shop/collection/638-ben-gibbards-s-closet-picks"
"closet:638","Ben Gibbards’s Closet PIcks","https://www.criterion.com/boxsets/564-eclipse-series-12-aki-kaurismaki-s-proletariat-trilogy","Eclipse Series 12: Aki Kaurismäki’s Proletariat Trilogy","8","https://www.criterion.com/shop/collection/638-ben-gibbards-s-closet-picks"
"closet:638","Ben Gibbards’s Closet PIcks","https://www.criterion.com/boxsets/4430-streetwise-tiny-the-life-of-erin-blackwell","Streetwise / Tiny: The Life of Erin Blackwell","9","https://www.criterion.com/shop/collection/638-ben-gibbards-s-closet-picks"
"closet:668","Koji Yakusho’s Closet Picks","https://www.criterion.com/films/713-red-beard","Red Beard","1","https://www.criterion.com/shop/collection/668-koji-yakusho-s-closet-picks"
"closet:668","Koji Yakusho’s Closet Picks","https://www.criterion.com/films/353-ikiru","Ikiru","2","https://www.criterion.com/shop/collection/668-koji-yakusho-s-closet-picks"
"closet:668","Koji Yakusho’s Closet Picks","https://www.criterion.com/films/743-harakiri","Harakiri","3","https://www.criterion.com/shop/collection/668-koji-yakusho-s-closet-picks"
"closet:668","Koji Yakusho’s Closet Picks","https://www.criterion.com/films/28879-the-funeral","The Funeral","4","https://www.criterion.com/shop/collection/668-koji-yakusho-s-closet-picks"
"closet:668","Koji Yakusho’s Closet Picks","https://www.criterion.com/films/27666-cure","Cure","5","https://www.criterion.com/shop/collection/668-koji-yakusho-s-closet-picks"
"closet:668","Koji Yakusho’s Closet Picks","https://www.criterion.com/films/27558-city-lights","City Lights","6","https://www.criterion.com/shop/collection/668-koji-yakusho-s-closet-picks"
"closet:668","Koji Yakusho’s Closet Picks","https://www.criterion.com/films/1502-paris-texas","Paris, Texas","7","https://www.criterion.com/shop/collection/668-koji-yakusho-s-closet-picks"
"closet:616","Gael Garcia Bernal’s Closet Picks","https://www.criterion.com/films/30908-amores-perros","Amores perros","1","https://www.criterion.com/shop/collection/616-gael-garcia-bernal-s-closet-picks"
"closet:616","Gael Garcia Bernal’s Closet Picks","https://www.criterion.com/films/29220-memories-of-underdevelopment","Memories of Underdevelopment","2","https://www.criterion.com/shop/collection/616-gael-garcia-bernal-s-closet-picks"
"closet:616","Gael Garcia Bernal’s Closet Picks","https://www.criterion.com/films/28694-blow-up","Blow-Up","3","https://www.criterion.com/shop/collection/616-gael-garcia-bernal-s-closet-picks"
"closet:616","Gael Garcia Bernal’s Closet Picks","https://www.criterion.com/films/27810-purple-noon","Purple Noon","4","https://www.criterion.com/shop/collection/616-gael-garcia-bernal-s-closet-picks"
"closet:616","Gael Garcia Bernal’s Closet Picks","https://www.criterion.com/films/28005-y-tu-mama-tambien","Y tu mamá también","5","https://www.criterion.com/shop/collection/616-gael-garcia-bernal-s-closet-picks"
"closet:616","Gael Garcia Bernal’s Closet Picks","https://www.criterion.com/boxsets/3900-three-films-by-luis-bunuel","Three Films by Luis Buñuel","6","https://www.criterion.com/shop/collection/616-gael-garcia-bernal-s-closet-picks"
"closet:634","Wim Wenders’ Closet Picks","https://www.criterion.com/boxsets/369-a-story-of-floating-weeds-floating-weeds-two-films-by-yasujiro-ozu","A Story of Floating Weeds / Floating Weeds: Two Films by Yasujiro Ozu","1","https://www.criterion.com/shop/collection/634-wim-wenders-closet-picks"
"closet:634","Wim Wenders’ Closet Picks","https://www.criterion.com/films/719-down-by-law","Down by Law","2","https://www.criterion.com/shop/collection/634-wim-wenders-closet-picks"
"closet:634","Wim Wenders’ Closet Picks","https://www.criterion.com/films/151-the-400-blows","The 400 Blows","3","https://www.criterion.com/shop/collection/634-wim-wenders-closet-picks"
"closet:634","Wim Wenders’ Closet Picks","https://www.criterion.com/films/29011-the-cameraman","The Cameraman","4","https://www.criterion.com/shop/collection/634-wim-wenders-closet-picks"
"closet:634","Wim Wenders’ Closet Picks","https://www.criterion.com/boxsets/1069-the-complete-jacques-tati","The Complete Jacques Tati","5","https://www.criterion.com/shop/collection/634-wim-wenders-closet-picks"
"closet:634","Wim Wenders’ Closet Picks","https://www.criterion.com/films/948-kagemusha","Kagemusha","6","https://www.criterion.com/shop/collection/634-wim-wenders-closet-picks"
"closet:634","Wim Wenders’ Closet Picks","https://www.criterion.com/films/29450-wanda","Wanda","7","https://www.criterion.com/shop/collection/634-wim-wenders-closet-picks"
"closet:634","Wim Wenders’ Closet Picks","https://www.criterion.com/films/29646-beau-travail","Beau travail","8","https://www.criterion.com/shop/collection/634-wim-wenders-closet-picks"
"closet:634","Wim Wenders’ Closet Picks","https://www.criterion.com/films/28767-until-the-end-of-the-world","Until the End of the World","9","https://www.criterion.com/shop/collection/634-wim-wenders-closet-picks"
"closet:634","Wim Wenders’ Closet Picks","https://www.criterion.com/films/455-au-hasard-balthazar","Au hasard Balthazar","10","https://www.criterion.com/shop/collection/634-wim-wenders-closet-picks"
"closet:634","Wim Wenders’ Closet Picks","https://www.criterion.com/films/456-mouchette","Mouchette","11","https://www.criterion.com/shop/collection/634-wim-wenders-closet-picks"
"closet:618","Willem Dafoe’s Closet Picks","https://www.criterion.com/films/665-onibaba","Onibaba","1","https://www.criterion.com/shop/collection/618-willem-dafoe-s-closet-picks"
"closet:618","Willem Dafoe’s Closet Picks","https://www.criterion.com/films/790-the-leopard","The Leopard","2","https://www.criterion.com/shop/collection/618-willem-dafoe-s-closet-picks"
"closet:618","Willem Dafoe’s Closet Picks","https://www.criterion.com/films/229-pickpocket","Pickpocket","3","https://www.criterion.com/shop/collection/618-willem-dafoe-s-closet-picks"
"closet:618","Willem Dafoe’s Closet Picks","https://www.criterion.com/films/342-ashes-and-diamonds","Ashes and Diamonds","4","https://www.criterion.com/shop/collection/618-willem-dafoe-s-closet-picks"
"closet:618","Willem Dafoe’s Closet Picks","https://www.criterion.com/films/863-gate-of-flesh","Gate of Flesh","5","https://www.criterion.com/shop/collection/618-willem-dafoe-s-closet-picks"
"closet:618","Willem Dafoe’s Closet Picks","https://www.criterion.com/boxsets/982-3-films-by-roberto-rossellini-starring-ingrid-bergman","3 Films by Roberto Rossellini Starring Ingrid Bergman","6","https://www.criterion.com/shop/collection/618-willem-dafoe-s-closet-picks"
"closet:618","Willem Dafoe’s Closet Picks","https://www.criterion.com/films/27914-the-devil-s-backbone","The Devil’s Backbone","7","https://www.criterion.com/shop/collection/618-willem-dafoe-s-closet-picks"
"closet:618","Willem Dafoe’s Closet Picks","https://www.criterion.com/films/28894-mirror","Mirror","8","https://www.criterion.com/shop/collection/618-willem-dafoe-s-closet-picks"
"closet:618","Willem Dafoe’s Closet Picks","https://www.criterion.com/films/28739-the-piano-teacher","The Piano Teacher","9","https://www.criterion.com/shop/collection/618-willem-dafoe-s-closet-picks"
"closet:618","Willem Dafoe’s Closet Picks","https://www.criterion.com/films/150-8-1-2","8½","10","https://www.criterion.com/shop/collection/618-willem-dafoe-s-closet-picks"
"closet:618","Willem Dafoe’s Closet Picks","https://www.criterion.com/films/612-the-last-temptation-of-christ","The Last Temptation of Christ","11","https://www.criterion.com/shop/collection/618-willem-dafoe-s-closet-picks"
"closet:618","Willem Dafoe’s Closet Picks","https://www.criterion.com/films/741-the-life-aquatic-with-steve-zissou","The Life Aquatic with Steve Zissou","12","https://www.criterion.com/shop/collection/618-willem-dafoe-s-closet-picks"
"closet:612","Hlynur Pálmason’s Closet Picks","https://www.criterion.com/films/367-the-spirit-of-the-beehive","The Spirit of the Beehive","1","https://www.criterion.com/shop/collection/612-hlynur-palmason-s-closet-picks"
"closet:612","Hlynur Pálmason’s Closet Picks","https://www.criterion.com/films/519-cria-cuervos","Cría cuervos . . .","2","https://www.criterion.com/shop/collection/612-hlynur-palmason-s-closet-picks"
"closet:612","Hlynur Pálmason’s Closet Picks","https://www.criterion.com/films/220-naked","Naked","3","https://www.criterion.com/shop/collection/612-hlynur-palmason-s-closet-picks"
"closet:612","Hlynur Pálmason’s Closet Picks","https://www.criterion.com/films/716-ratcatcher","Ratcatcher","4","https://www.criterion.com/shop/collection/612-hlynur-palmason-s-closet-picks"
"closet:612","Hlynur Pálmason’s Closet Picks","https://www.criterion.com/films/228-the-passion-of-joan-of-arc","The Passion of Joan of Arc","5","https://www.criterion.com/shop/collection/612-hlynur-palmason-s-closet-picks"
"closet:612","Hlynur Pálmason’s Closet Picks","https://www.criterion.com/films/28894-mirror","Mirror","6","https://www.criterion.com/shop/collection/612-hlynur-palmason-s-closet-picks"
"closet:612","Hlynur Pálmason’s Closet Picks","https://www.criterion.com/films/27588-l-argent","L’argent","7","https://www.criterion.com/shop/collection/612-hlynur-palmason-s-closet-picks"
"closet:612","Hlynur Pálmason’s Closet Picks","https://www.criterion.com/films/28074-l-humanite","L’humanité","8","https://www.criterion.com/shop/collection/612-hlynur-palmason-s-closet-picks"
"closet:612","Hlynur Pálmason’s Closet Picks","https://www.criterion.com/films/28694-blow-up","Blow-Up","9","https://www.criterion.com/shop/collection/612-hlynur-palmason-s-closet-picks"
"closet:612","Hlynur Pálmason’s Closet Picks","https://www.criterion.com/films/29008-barry-lyndon","Barry Lyndon","10","https://www.criterion.com/shop/collection/612-hlynur-palmason-s-closet-picks"
"closet:620","Lila Avilés’s Closet Picks","https://www.criterion.com/films/781-yi-yi","Yi Yi","1","https://www.criterion.com/shop/collection/620-lila-aviles-s-closet-picks"
"closet:620","Lila Avilés’s Closet Picks","https://www.criterion.com/films/665-onibaba","Onibaba","2","https://www.criterion.com/shop/collection/620-lila-aviles-s-closet-picks"
"closet:620","Lila Avilés’s Closet Picks","https://www.criterion.com/boxsets/564-eclipse-series-12-aki-kaurismaki-s-proletariat-trilogy","Eclipse Series 12: Aki Kaurismäki’s Proletariat Trilogy","3","https://www.criterion.com/shop/collection/620-lila-aviles-s-closet-picks"
"closet:620","Lila Avilés’s Closet Picks","https://www.criterion.com/films/30455-boat-people","Boat People","4","https://www.criterion.com/shop/collection/620-lila-aviles-s-closet-picks"
"closet:620","Lila Avilés’s Closet Picks","https://www.criterion.com/films/29571-the-prince-of-tides","The Prince of Tides","5","https://www.criterion.com/shop/collection/620-lila-aviles-s-closet-picks"
"closet:620","Lila Avilés’s Closet Picks","https://www.criterion.com/films/1287-in-the-realm-of-the-senses","In the Realm of the Senses","6","https://www.criterion.com/shop/collection/620-lila-aviles-s-closet-picks"
"closet:620","Lila Avilés’s Closet Picks","https://www.criterion.com/films/546-burden-of-dreams","Burden of Dreams","7","https://www.criterion.com/shop/collection/620-lila-aviles-s-closet-picks"
"closet:611","Brit Marling and Zal Batmanglij’s Closet Picks","https://www.criterion.com/films/28708-klute","Klute","1","https://www.criterion.com/shop/collection/611-brit-marling-and-zal-batmanglij-s-closet-picks"
"closet:611","Brit Marling and Zal Batmanglij’s Closet Picks","https://www.criterion.com/films/232-time-bandits","Time Bandits","2","https://www.criterion.com/shop/collection/611-brit-marling-and-zal-batmanglij-s-closet-picks"
"closet:611","Brit Marling and Zal Batmanglij’s Closet Picks","https://www.criterion.com/films/28852-blood-simple","Blood Simple","3","https://www.criterion.com/shop/collection/611-brit-marling-and-zal-batmanglij-s-closet-picks"
"closet:611","Brit Marling and Zal Batmanglij’s Closet Picks","https://www.criterion.com/films/214-the-double-life-of-veronique","The Double Life of Véronique","4","https://www.criterion.com/shop/collection/611-brit-marling-and-zal-batmanglij-s-closet-picks"
"closet:611","Brit Marling and Zal Batmanglij’s Closet Picks","https://www.criterion.com/films/29081-after-life","After Life","5","https://www.criterion.com/shop/collection/611-brit-marling-and-zal-batmanglij-s-closet-picks"
"closet:611","Brit Marling and Zal Batmanglij’s Closet Picks","https://www.criterion.com/films/32441-drive-my-car","Drive My Car","6","https://www.criterion.com/shop/collection/611-brit-marling-and-zal-batmanglij-s-closet-picks"
"closet:633","Matteo Garrone’s Closet Picks","https://www.criterion.com/films/29011-the-cameraman","The Cameraman","1","https://www.criterion.com/shop/collection/633-matteo-garrone-s-closet-picks"
"closet:633","Matteo Garrone’s Closet Picks","https://www.criterion.com/films/300-andrei-rublev","Andrei Rublev","2","https://www.criterion.com/shop/collection/633-matteo-garrone-s-closet-picks"
"closet:633","Matteo Garrone’s Closet Picks","https://www.criterion.com/films/28160-a-story-from-chikamatsu","A Story from Chikamatsu","3","https://www.criterion.com/shop/collection/633-matteo-garrone-s-closet-picks"
"closet:633","Matteo Garrone’s Closet Picks","https://www.criterion.com/films/27729-the-story-of-the-last-chrysanthemum","The Story of the Last Chrysanthemum","4","https://www.criterion.com/shop/collection/633-matteo-garrone-s-closet-picks"
"closet:633","Matteo Garrone’s Closet Picks","https://www.criterion.com/films/28050-mulholland-dr","Mulholland Dr.","5","https://www.criterion.com/shop/collection/633-matteo-garrone-s-closet-picks"
"closet:633","Matteo Garrone’s Closet Picks","https://www.criterion.com/boxsets/689-roberto-rossellini-s-war-trilogy","Roberto Rossellini’s War Trilogy","6","https://www.criterion.com/shop/collection/633-matteo-garrone-s-closet-picks"
"closet:625","Lina Rodriguez’s Closet Picks","https://www.criterion.com/films/29450-wanda","Wanda","1","https://www.criterion.com/shop/collection/625-lina-rodriguez-s-closet-picks"
"closet:625","Lina Rodriguez’s Closet Picks","https://www.criterion.com/films/29602-leave-her-to-heaven","Leave Her to Heaven","2","https://www.criterion.com/shop/collection/625-lina-rodriguez-s-closet-picks"
"closet:625","Lina Rodriguez’s Closet Picks","https://www.criterion.com/films/30469-portrait-of-a-lady-on-fire","Portrait of a Lady on Fire","3","https://www.criterion.com/shop/collection/625-lina-rodriguez-s-closet-picks"
"closet:625","Lina Rodriguez’s Closet Picks","https://www.criterion.com/boxsets/6737-bo-widerberg-s-new-swedish-cinema","Bo Widerberg’s New Swedish Cinema","4","https://www.criterion.com/shop/collection/625-lina-rodriguez-s-closet-picks"
"closet:625","Lina Rodriguez’s Closet Picks","https://www.criterion.com/films/29400-eight-hours-don-t-make-a-day","Eight Hours Don’t Make a Day","5","https://www.criterion.com/shop/collection/625-lina-rodriguez-s-closet-picks"
"closet:625","Lina Rodriguez’s Closet Picks","https://www.criterion.com/films/30521-flowers-of-shanghai","Flowers of Shanghai","6","https://www.criterion.com/shop/collection/625-lina-rodriguez-s-closet-picks"
"closet:625","Lina Rodriguez’s Closet Picks","https://www.criterion.com/films/29270-exotica","Exotica","7","https://www.criterion.com/shop/collection/625-lina-rodriguez-s-closet-picks"
"closet:591","Todd Haynes’s Closet Picks","https://www.criterion.com/films/345-brief-encounter","Brief Encounter","1","https://www.criterion.com/shop/collection/591-todd-haynes-s-closet-picks"
"closet:591","Todd Haynes’s Closet Picks","https://www.criterion.com/films/249-my-own-private-idaho","My Own Private Idaho","2","https://www.criterion.com/shop/collection/591-todd-haynes-s-closet-picks"
"closet:591","Todd Haynes’s Closet Picks","https://www.criterion.com/films/635-all-that-heaven-allows","All That Heaven Allows","3","https://www.criterion.com/shop/collection/591-todd-haynes-s-closet-picks"
"closet:591","Todd Haynes’s Closet Picks","https://www.criterion.com/films/636-written-on-the-wind","Written on the Wind","4","https://www.criterion.com/shop/collection/591-todd-haynes-s-closet-picks"
"closet:591","Todd Haynes’s Closet Picks","https://www.criterion.com/boxsets/138-the-brd-trilogy","The BRD Trilogy","5","https://www.criterion.com/shop/collection/591-todd-haynes-s-closet-picks"
"closet:591","Todd Haynes’s Closet Picks","https://www.criterion.com/films/508-masculin-feminin","Masculin féminin","6","https://www.criterion.com/shop/collection/591-todd-haynes-s-closet-picks"
"closet:591","Todd Haynes’s Closet Picks","https://www.criterion.com/films/28025-sunday-bloody-sunday","Sunday Bloody Sunday","7","https://www.criterion.com/shop/collection/591-todd-haynes-s-closet-picks"
"closet:591","Todd Haynes’s Closet Picks","https://www.criterion.com/films/27525-the-night-of-the-hunter","The Night of the Hunter","8","https://www.criterion.com/shop/collection/591-todd-haynes-s-closet-picks"
"closet:591","Todd Haynes’s Closet Picks","https://www.criterion.com/films/27984-the-long-day-closes","The Long Day Closes","9","https://www.criterion.com/shop/collection/591-todd-haynes-s-closet-picks"
"closet:591","Todd Haynes’s Closet Picks","https://www.criterion.com/films/29646-beau-travail","Beau travail","10","https://www.criterion.com/shop/collection/591-todd-haynes-s-closet-picks"
"closet:591","Todd Haynes’s Closet Picks","https://www.criterion.com/films/29596-all-about-eve","All About Eve","11","https://www.criterion.com/shop/collection/591-todd-haynes-s-closet-picks"
"closet:591","Todd Haynes’s Closet Picks","https://www.criterion.com/films/29026-now-voyager","Now, Voyager","12","https://www.criterion.com/shop/collection/591-todd-haynes-s-closet-picks"
"closet:591","Todd Haynes’s Closet Picks","https://www.criterion.com/films/29062-old-joy","Old Joy","13","https://www.criterion.com/shop/collection/591-todd-haynes-s-closet-picks"
"closet:591","Todd Haynes’s Closet Picks","https://www.criterion.com/films/31285-the-servant","The Servant","14","https://www.criterion.com/shop/collection/591-todd-haynes-s-closet-picks"
"closet:591","Todd Haynes’s Closet Picks","https://www.criterion.com/films/28120-beyond-the-valley-of-the-dolls","Beyond the Valley of the Dolls","15","https://www.criterion.com/shop/collection/591-todd-haynes-s-closet-picks"
"closet:591","Todd Haynes’s Closet Picks","https://www.criterion.com/films/27908-in-a-lonely-place","In a Lonely Place","16","https://www.criterion.com/shop/collection/591-todd-haynes-s-closet-picks"
"closet:624","Kleber Mendonça Filho’s Closet Picks","https://www.criterion.com/films/29632-after-hours","After Hours","1","https://www.criterion.com/shop/collection/624-kleber-mendonca-filho-s-closet-picks"
"closet:624","Kleber Mendonça Filho’s Closet Picks","https://www.criterion.com/films/367-the-spirit-of-the-beehive","The Spirit of the Beehive","2","https://www.criterion.com/shop/collection/624-kleber-mendonca-filho-s-closet-picks"
"closet:624","Kleber Mendonça Filho’s Closet Picks","https://www.criterion.com/boxsets/4431-the-signifyin-works-of-marlon-riggs","The Signifyin’ Works of Marlon Riggs","3","https://www.criterion.com/shop/collection/624-kleber-mendonca-filho-s-closet-picks"
"closet:624","Kleber Mendonça Filho’s Closet Picks","https://www.criterion.com/films/29008-barry-lyndon","Barry Lyndon","4","https://www.criterion.com/shop/collection/624-kleber-mendonca-filho-s-closet-picks"
"closet:624","Kleber Mendonça Filho’s Closet Picks","https://www.criterion.com/films/29022-lost-in-america","Lost in America","5","https://www.criterion.com/shop/collection/624-kleber-mendonca-filho-s-closet-picks"
"closet:624","Kleber Mendonça Filho’s Closet Picks","https://www.criterion.com/boxsets/3506-martin-scorsese-s-world-cinema-project-no-3","Martin Scorsese’s World Cinema Project No. 3","6","https://www.criterion.com/shop/collection/624-kleber-mendonca-filho-s-closet-picks"
"closet:624","Kleber Mendonça Filho’s Closet Picks","https://www.criterion.com/films/28596-a-brighter-summer-day","A Brighter Summer Day","7","https://www.criterion.com/shop/collection/624-kleber-mendonca-filho-s-closet-picks"
"closet:624","Kleber Mendonça Filho’s Closet Picks","https://www.criterion.com/boxsets/3432-the-complete-films-of-agnes-varda","The Complete Films of Agnès Varda","8","https://www.criterion.com/shop/collection/624-kleber-mendonca-filho-s-closet-picks"
"closet:624","Kleber Mendonça Filho’s Closet Picks","https://www.criterion.com/films/27928-don-t-look-now","Don’t Look Now","9","https://www.criterion.com/shop/collection/624-kleber-mendonca-filho-s-closet-picks"
"closet:664","Catherine Breillat’s Closet Picks","https://www.criterion.com/films/373-viridiana","Viridiana","1","https://www.criterion.com/shop/collection/664-catherine-breillat-s-closet-picks"
"closet:664","Catherine Breillat’s Closet Picks","https://www.criterion.com/films/28382-eraserhead","Eraserhead","2","https://www.criterion.com/shop/collection/664-catherine-breillat-s-closet-picks"
"closet:664","Catherine Breillat’s Closet Picks","https://www.criterion.com/films/27899-on-the-waterfront","On the Waterfront","3","https://www.criterion.com/shop/collection/664-catherine-breillat-s-closet-picks"
"closet:664","Catherine Breillat’s Closet Picks","https://www.criterion.com/films/822-vengeance-is-mine","Vengeance Is Mine","4","https://www.criterion.com/shop/collection/664-catherine-breillat-s-closet-picks"
"closet:664","Catherine Breillat’s Closet Picks","https://www.criterion.com/films/344-black-orpheus","Black Orpheus","5","https://www.criterion.com/shop/collection/664-catherine-breillat-s-closet-picks"
"closet:664","Catherine Breillat’s Closet Picks","https://www.criterion.com/films/300-andrei-rublev","Andrei Rublev","6","https://www.criterion.com/shop/collection/664-catherine-breillat-s-closet-picks"
"closet:664","Catherine Breillat’s Closet Picks","https://www.criterion.com/boxsets/1427-ingmar-bergman-s-cinema","Ingmar Bergman’s Cinema","7","https://www.criterion.com/shop/collection/664-catherine-breillat-s-closet-picks"
"closet:590","Raven Jackson’s Closet Picks","https://www.criterion.com/films/32658-eve-s-bayou","Eve’s Bayou","1","https://www.criterion.com/shop/collection/590-raven-jackson-s-closet-picks"
"closet:590","Raven Jackson’s Closet Picks","https://www.criterion.com/films/716-ratcatcher","Ratcatcher","2","https://www.criterion.com/shop/collection/590-raven-jackson-s-closet-picks"
"closet:590","Raven Jackson’s Closet Picks","https://www.criterion.com/films/28739-the-piano-teacher","The Piano Teacher","3","https://www.criterion.com/shop/collection/590-raven-jackson-s-closet-picks"
"closet:590","Raven Jackson’s Closet Picks","https://www.criterion.com/films/30908-amores-perros","Amores perros","4","https://www.criterion.com/shop/collection/590-raven-jackson-s-closet-picks"
"closet:590","Raven Jackson’s Closet Picks","https://www.criterion.com/films/29643-medicine-for-melancholy","Medicine for Melancholy","5","https://www.criterion.com/shop/collection/590-raven-jackson-s-closet-picks"
"closet:590","Raven Jackson’s Closet Picks","https://www.criterion.com/films/548-fat-girl","Fat Girl","6","https://www.criterion.com/shop/collection/590-raven-jackson-s-closet-picks"
"closet:590","Raven Jackson’s Closet Picks","https://www.criterion.com/films/27783-weekend","Weekend","7","https://www.criterion.com/shop/collection/590-raven-jackson-s-closet-picks"
"closet:590","Raven Jackson’s Closet Picks","https://www.criterion.com/films/32189-faya-dayi","Faya dayi","8","https://www.criterion.com/shop/collection/590-raven-jackson-s-closet-picks"
"closet:590","Raven Jackson’s Closet Picks","https://www.criterion.com/films/28113-la-cienaga","La Ciénaga","9","https://www.criterion.com/shop/collection/590-raven-jackson-s-closet-picks"
"closet:590","Raven Jackson’s Closet Picks","https://www.criterion.com/films/27914-the-devil-s-backbone","The Devil’s Backbone","10","https://www.criterion.com/shop/collection/590-raven-jackson-s-closet-picks"
"closet:623","Justine Triet’s Closet Picks","https://www.criterion.com/films/29597-an-unmarried-woman","An Unmarried Woman","1","https://www.criterion.com/shop/collection/623-justine-triet-s-closet-picks"
"closet:623","Justine Triet’s Closet Picks","https://www.criterion.com/films/27913-la-verite","La vérité","2","https://www.criterion.com/shop/collection/623-justine-triet-s-closet-picks"
"closet:623","Justine Triet’s Closet Picks","https://www.criterion.com/boxsets/736-eclipse-series-22-presenting-sacha-guitry","Eclipse Series 22: Presenting Sacha Guitry","3","https://www.criterion.com/shop/collection/623-justine-triet-s-closet-picks"
"closet:623","Justine Triet’s Closet Picks","https://www.criterion.com/boxsets/752-eclipse-series-24-the-actuality-dramas-of-allan-king","Eclipse Series 24: The Actuality Dramas of Allan King","4","https://www.criterion.com/shop/collection/623-justine-triet-s-closet-picks"
"closet:623","Justine Triet’s Closet Picks","https://www.criterion.com/films/33467-petite-maman","Petite maman","5","https://www.criterion.com/shop/collection/623-justine-triet-s-closet-picks"
"closet:623","Justine Triet’s Closet Picks","https://www.criterion.com/films/28832-sex-lies-and-videotape","sex, lies, and videotape","6","https://www.criterion.com/shop/collection/623-justine-triet-s-closet-picks"
"closet:623","Justine Triet’s Closet Picks","https://www.criterion.com/films/28111-la-notte","La notte","7","https://www.criterion.com/shop/collection/623-justine-triet-s-closet-picks"
"closet:630","Nuri Bilge Ceylan’s Closet Picks","https://www.criterion.com/boxsets/1427-ingmar-bergman-s-cinema","Ingmar Bergman’s Cinema","1","https://www.criterion.com/shop/collection/630-nuri-bilge-ceylan-s-closet-picks"
"closet:630","Nuri Bilge Ceylan’s Closet Picks","https://www.criterion.com/boxsets/417-six-moral-tales","Six Moral Tales","2","https://www.criterion.com/shop/collection/630-nuri-bilge-ceylan-s-closet-picks"
"closet:630","Nuri Bilge Ceylan’s Closet Picks","https://www.criterion.com/films/252-stranger-than-paradise","Stranger Than Paradise","3","https://www.criterion.com/shop/collection/630-nuri-bilge-ceylan-s-closet-picks"
"closet:630","Nuri Bilge Ceylan’s Closet Picks","https://www.criterion.com/films/300-andrei-rublev","Andrei Rublev","4","https://www.criterion.com/shop/collection/630-nuri-bilge-ceylan-s-closet-picks"
"closet:630","Nuri Bilge Ceylan’s Closet Picks","https://www.criterion.com/boxsets/1145-the-apu-trilogy","The Apu Trilogy","5","https://www.criterion.com/shop/collection/630-nuri-bilge-ceylan-s-closet-picks"
"closet:630","Nuri Bilge Ceylan’s Closet Picks","https://www.criterion.com/films/219-knife-in-the-water","Knife in the Water","6","https://www.criterion.com/shop/collection/630-nuri-bilge-ceylan-s-closet-picks"
"closet:630","Nuri Bilge Ceylan’s Closet Picks","https://www.criterion.com/boxsets/2363-the-koker-trilogy","The Koker Trilogy","7","https://www.criterion.com/shop/collection/630-nuri-bilge-ceylan-s-closet-picks"
"closet:622","Rosine Mbakam’s Closet Picks","https://www.criterion.com/films/29067-mandabi","Mandabi","1","https://www.criterion.com/shop/collection/622-rosine-mbakam-s-closet-picks"
"closet:622","Rosine Mbakam’s Closet Picks","https://www.criterion.com/films/28849-black-girl","Black Girl","2","https://www.criterion.com/shop/collection/622-rosine-mbakam-s-closet-picks"
"closet:622","Rosine Mbakam’s Closet Picks","https://www.criterion.com/films/210-bicycle-thieves","Bicycle Thieves","3","https://www.criterion.com/shop/collection/622-rosine-mbakam-s-closet-picks"
"closet:622","Rosine Mbakam’s Closet Picks","https://www.criterion.com/films/1092-close-up","Close-up","4","https://www.criterion.com/shop/collection/622-rosine-mbakam-s-closet-picks"
"closet:587","Alden Ehrenreich’s Closet Picks","https://www.criterion.com/boxsets/752-eclipse-series-24-the-actuality-dramas-of-allan-king","Eclipse Series 24: The Actuality Dramas of Allan King","1","https://www.criterion.com/shop/collection/587-alden-ehrenreich-s-closet-picks"
"closet:587","Alden Ehrenreich’s Closet Picks","https://www.criterion.com/films/29369-midnight-cowboy","Midnight Cowboy","2","https://www.criterion.com/shop/collection/587-alden-ehrenreich-s-closet-picks"
"closet:587","Alden Ehrenreich’s Closet Picks","https://www.criterion.com/boxsets/1237-the-before-trilogy","The Before Trilogy","3","https://www.criterion.com/shop/collection/587-alden-ehrenreich-s-closet-picks"
"closet:587","Alden Ehrenreich’s Closet Picks","https://www.criterion.com/films/29002-destry-rides-again","Destry Rides Again","4","https://www.criterion.com/shop/collection/587-alden-ehrenreich-s-closet-picks"
"closet:587","Alden Ehrenreich’s Closet Picks","https://www.criterion.com/films/27903-his-girl-friday","His Girl Friday","5","https://www.criterion.com/shop/collection/587-alden-ehrenreich-s-closet-picks"
"closet:587","Alden Ehrenreich’s Closet Picks","https://www.criterion.com/films/781-yi-yi","Yi Yi","6","https://www.criterion.com/shop/collection/587-alden-ehrenreich-s-closet-picks"
"closet:587","Alden Ehrenreich’s Closet Picks","https://www.criterion.com/boxsets/558-john-cassavetes-five-films","John Cassavetes: Five Films","7","https://www.criterion.com/shop/collection/587-alden-ehrenreich-s-closet-picks"
"closet:587","Alden Ehrenreich’s Closet Picks","https://www.criterion.com/films/359-the-life-and-death-of-colonel-blimp","The Life and Death of Colonel Blimp","8","https://www.criterion.com/shop/collection/587-alden-ehrenreich-s-closet-picks"
"closet:663","Bill Pope’s Closet Picks","https://www.criterion.com/films/28785-bowling-for-columbine","Bowling for Columbine","1","https://www.criterion.com/shop/collection/663-bill-pope-s-closet-picks"
"closet:663","Bill Pope’s Closet Picks","https://www.criterion.com/films/777-harlan-county-usa","Harlan County USA","2","https://www.criterion.com/shop/collection/663-bill-pope-s-closet-picks"
"closet:663","Bill Pope’s Closet Picks","https://www.criterion.com/films/27523-house","House","3","https://www.criterion.com/shop/collection/663-bill-pope-s-closet-picks"
"closet:663","Bill Pope’s Closet Picks","https://www.criterion.com/films/980-stagecoach","Stagecoach","4","https://www.criterion.com/shop/collection/663-bill-pope-s-closet-picks"
"closet:663","Bill Pope’s Closet Picks","https://www.criterion.com/films/291-band-of-outsiders","Band of Outsiders","5","https://www.criterion.com/shop/collection/663-bill-pope-s-closet-picks"
"closet:663","Bill Pope’s Closet Picks","https://www.criterion.com/films/1333-2-or-3-things-i-know-about-her","2 or 3 Things I Know About Her","6","https://www.criterion.com/shop/collection/663-bill-pope-s-closet-picks"
"closet:663","Bill Pope’s Closet Picks","https://www.criterion.com/films/29460-the-last-waltz","The Last Waltz","7","https://www.criterion.com/shop/collection/663-bill-pope-s-closet-picks"
"closet:585","​Luis Guzmán’s Closet Picks","https://www.criterion.com/films/27871-12-angry-men","12 Angry Men","1","https://www.criterion.com/shop/collection/585--luis-guzman-s-closet-picks"
"closet:585","​Luis Guzmán’s Closet Picks","https://www.criterion.com/films/31689-cooley-high","Cooley High","2","https://www.criterion.com/shop/collection/585--luis-guzman-s-closet-picks"
"closet:585","​Luis Guzmán’s Closet Picks","https://www.criterion.com/films/28822-dr-strangelove-or-how-i-learned-to-stop-worrying-and-love-the-bomb","Dr. Strangelove, or: How I Learned to Stop Worrying and Love the Bomb","3","https://www.criterion.com/shop/collection/585--luis-guzman-s-closet-picks"
"closet:585","​Luis Guzmán’s Closet Picks","https://www.criterion.com/films/29142-the-ballad-of-gregorio-cortez","The Ballad of Gregorio Cortez","4","https://www.criterion.com/shop/collection/585--luis-guzman-s-closet-picks"
"closet:585","​Luis Guzmán’s Closet Picks","https://www.criterion.com/films/27916-punch-drunk-love","Punch-Drunk Love","5","https://www.criterion.com/shop/collection/585--luis-guzman-s-closet-picks"
"closet:585","​Luis Guzmán’s Closet Picks","https://www.criterion.com/films/27899-on-the-waterfront","On the Waterfront","6","https://www.criterion.com/shop/collection/585--luis-guzman-s-closet-picks"
"closet:592","Mark Bridges’s Closet Picks","https://www.criterion.com/films/28036-heaven-s-gate","Heaven’s Gate","1","https://www.criterion.com/shop/collection/592-mark-bridges-s-closet-picks"
"closet:592","Mark Bridges’s Closet Picks","https://www.criterion.com/films/31319-the-damned","The Damned","2","https://www.criterion.com/shop/collection/592-mark-bridges-s-closet-picks"
"closet:592","Mark Bridges’s Closet Picks","https://www.criterion.com/films/29008-barry-lyndon","Barry Lyndon","3","https://www.criterion.com/shop/collection/592-mark-bridges-s-closet-picks"
"closet:592","Mark Bridges’s Closet Picks","https://www.criterion.com/films/790-the-leopard","The Leopard","4","https://www.criterion.com/shop/collection/592-mark-bridges-s-closet-picks"
"closet:592","Mark Bridges’s Closet Picks","https://www.criterion.com/films/818-the-naked-city","The Naked City","5","https://www.criterion.com/shop/collection/592-mark-bridges-s-closet-picks"
"closet:592","Mark Bridges’s Closet Picks","https://www.criterion.com/films/177-beauty-and-the-beast","Beauty and the Beast","6","https://www.criterion.com/shop/collection/592-mark-bridges-s-closet-picks"
"closet:592","Mark Bridges’s Closet Picks","https://www.criterion.com/films/28025-sunday-bloody-sunday","Sunday Bloody Sunday","7","https://www.criterion.com/shop/collection/592-mark-bridges-s-closet-picks"
"closet:592","Mark Bridges’s Closet Picks","https://www.criterion.com/films/28044-my-beautiful-laundrette","My Beautiful Laundrette","8","https://www.criterion.com/shop/collection/592-mark-bridges-s-closet-picks"
"closet:592","Mark Bridges’s Closet Picks","https://www.criterion.com/films/30554-marriage-story","Marriage Story","9","https://www.criterion.com/shop/collection/592-mark-bridges-s-closet-picks"
"closet:592","Mark Bridges’s Closet Picks","https://www.criterion.com/films/27916-punch-drunk-love","Punch-Drunk Love","10","https://www.criterion.com/shop/collection/592-mark-bridges-s-closet-picks"
"closet:588","Paul B. Preciado’s Closet Picks","https://www.criterion.com/films/29101-women-on-the-verge-of-a-nervous-breakdown","Women on the Verge of a Nervous Breakdown","1","https://www.criterion.com/shop/collection/588-paul-b-preciado-s-closet-picks"
"closet:588","Paul B. Preciado’s Closet Picks","https://www.criterion.com/films/519-cria-cuervos","Cría cuervos . . .","2","https://www.criterion.com/shop/collection/588-paul-b-preciado-s-closet-picks"
"closet:588","Paul B. Preciado’s Closet Picks","https://www.criterion.com/boxsets/6588-pasolini-101","Pasolini 101","3","https://www.criterion.com/shop/collection/588-paul-b-preciado-s-closet-picks"
"closet:588","Paul B. Preciado’s Closet Picks","https://www.criterion.com/films/532-salo-or-the-120-days-of-sodom","Salò, or The 120 Days of Sodom","4","https://www.criterion.com/shop/collection/588-paul-b-preciado-s-closet-picks"
"closet:588","Paul B. Preciado’s Closet Picks","https://www.criterion.com/boxsets/1069-the-complete-jacques-tati","The Complete Jacques Tati","5","https://www.criterion.com/shop/collection/588-paul-b-preciado-s-closet-picks"
"closet:588","Paul B. Preciado’s Closet Picks","https://www.criterion.com/boxsets/77-la-jetee-sans-soleil","La Jetée/Sans Soleil","6","https://www.criterion.com/shop/collection/588-paul-b-preciado-s-closet-picks"
"closet:588","Paul B. Preciado’s Closet Picks","https://www.criterion.com/films/1454-red-desert","Red Desert","7","https://www.criterion.com/shop/collection/588-paul-b-preciado-s-closet-picks"
"closet:673","Jeremy Thomas’s Closet Picks","https://www.criterion.com/films/28791-a-touch-of-zen","A Touch of Zen","1","https://www.criterion.com/shop/collection/673-jeremy-thomas-s-closet-picks"
"closet:673","Jeremy Thomas’s Closet Picks","https://www.criterion.com/films/790-the-leopard","The Leopard","2","https://www.criterion.com/shop/collection/673-jeremy-thomas-s-closet-picks"
"closet:673","Jeremy Thomas’s Closet Picks","https://www.criterion.com/films/29646-beau-travail","Beau travail","3","https://www.criterion.com/shop/collection/673-jeremy-thomas-s-closet-picks"
"closet:673","Jeremy Thomas’s Closet Picks","https://www.criterion.com/films/685-the-last-wave","The Last Wave","4","https://www.criterion.com/shop/collection/673-jeremy-thomas-s-closet-picks"
"closet:673","Jeremy Thomas’s Closet Picks","https://www.criterion.com/boxsets/3900-three-films-by-luis-bunuel","Three Films by Luis Buñuel","5","https://www.criterion.com/shop/collection/673-jeremy-thomas-s-closet-picks"
"closet:673","Jeremy Thomas’s Closet Picks","https://www.criterion.com/films/295-the-rules-of-the-game","The Rules of the Game","6","https://www.criterion.com/shop/collection/673-jeremy-thomas-s-closet-picks"
"closet:673","Jeremy Thomas’s Closet Picks","https://www.criterion.com/boxsets/1186-wim-wenders-the-road-trilogy","Wim Wenders: The Road Trilogy","7","https://www.criterion.com/shop/collection/673-jeremy-thomas-s-closet-picks"
"closet:673","Jeremy Thomas’s Closet Picks","https://www.criterion.com/films/185-la-strada","La strada","8","https://www.criterion.com/shop/collection/673-jeremy-thomas-s-closet-picks"
"closet:589","Tyler Mitchell’s Closet Picks","https://www.criterion.com/films/30705-the-watermelon-woman","The Watermelon Woman","1","https://www.criterion.com/shop/collection/589-tyler-mitchell-s-closet-picks"
"closet:589","Tyler Mitchell’s Closet Picks","https://www.criterion.com/films/27588-l-argent","L’argent","2","https://www.criterion.com/shop/collection/589-tyler-mitchell-s-closet-picks"
"closet:589","Tyler Mitchell’s Closet Picks","https://www.criterion.com/boxsets/427-eclipse-series-3-late-ozu","Eclipse Series 3: Late Ozu","3","https://www.criterion.com/shop/collection/589-tyler-mitchell-s-closet-picks"
"closet:589","Tyler Mitchell’s Closet Picks","https://www.criterion.com/films/28596-a-brighter-summer-day","A Brighter Summer Day","4","https://www.criterion.com/shop/collection/589-tyler-mitchell-s-closet-picks"
"closet:589","Tyler Mitchell’s Closet Picks","https://www.criterion.com/films/29599-claudine","Claudine","5","https://www.criterion.com/shop/collection/589-tyler-mitchell-s-closet-picks"
"closet:589","Tyler Mitchell’s Closet Picks","https://www.criterion.com/films/28113-la-cienaga","La Ciénaga","6","https://www.criterion.com/shop/collection/589-tyler-mitchell-s-closet-picks"
"closet:589","Tyler Mitchell’s Closet Picks","https://www.criterion.com/films/27657-the-music-room","The Music Room","7","https://www.criterion.com/shop/collection/589-tyler-mitchell-s-closet-picks"
"closet:589","Tyler Mitchell’s Closet Picks","https://www.criterion.com/films/31500-love-basketball","Love & Basketball","8","https://www.criterion.com/shop/collection/589-tyler-mitchell-s-closet-picks"
"closet:589","Tyler Mitchell’s Closet Picks","https://www.criterion.com/films/27916-punch-drunk-love","Punch-Drunk Love","9","https://www.criterion.com/shop/collection/589-tyler-mitchell-s-closet-picks"
"closet:589","Tyler Mitchell’s Closet Picks","https://www.criterion.com/films/712-3-women","3 Women","10","https://www.criterion.com/shop/collection/589-tyler-mitchell-s-closet-picks"
"closet:589","Tyler Mitchell’s Closet Picks","https://www.criterion.com/films/32170-time","Time","11","https://www.criterion.com/shop/collection/589-tyler-mitchell-s-closet-picks"
"closet:589","Tyler Mitchell’s Closet Picks","https://www.criterion.com/films/682-notorious","Notorious","12","https://www.criterion.com/shop/collection/589-tyler-mitchell-s-closet-picks"
"closet:589","Tyler Mitchell’s Closet Picks","https://www.criterion.com/films/680-rebecca","Rebecca","13","https://www.criterion.com/shop/collection/589-tyler-mitchell-s-closet-picks"
"closet:584","Roger Corman’s Closet Picks","https://www.criterion.com/films/29965-targets","Targets","1","https://www.criterion.com/shop/collection/584-roger-corman-s-closet-picks"
"closet:584","Roger Corman’s Closet Picks","https://www.criterion.com/films/28568-the-gunfighter","The Gunfighter","2","https://www.criterion.com/shop/collection/584-roger-corman-s-closet-picks"
"closet:584","Roger Corman’s Closet Picks","https://www.criterion.com/films/208-amarcord","Amarcord","3","https://www.criterion.com/shop/collection/584-roger-corman-s-closet-picks"
"closet:584","Roger Corman’s Closet Picks","https://www.criterion.com/films/28891-war-and-peace","War and Peace","4","https://www.criterion.com/shop/collection/584-roger-corman-s-closet-picks"
"closet:584","Roger Corman’s Closet Picks","https://www.criterion.com/films/29158-raging-bull","Raging Bull","5","https://www.criterion.com/shop/collection/584-roger-corman-s-closet-picks"
"closet:580","Alan Palomo’s Closet Picks","https://www.criterion.com/films/535-sid-nancy","Sid & Nancy","1","https://www.criterion.com/shop/collection/580-alan-palomo-s-closet-picks"
"closet:580","Alan Palomo’s Closet Picks","https://www.criterion.com/films/554-maitresse","Maîtresse","2","https://www.criterion.com/shop/collection/580-alan-palomo-s-closet-picks"
"closet:580","Alan Palomo’s Closet Picks","https://www.criterion.com/films/215-fear-and-loathing-in-las-vegas","Fear and Loathing in Las Vegas","3","https://www.criterion.com/shop/collection/580-alan-palomo-s-closet-picks"
"closet:580","Alan Palomo’s Closet Picks","https://www.criterion.com/films/28426-medium-cool","Medium Cool","4","https://www.criterion.com/shop/collection/580-alan-palomo-s-closet-picks"
"closet:580","Alan Palomo’s Closet Picks","https://www.criterion.com/films/29038-true-stories","True Stories","5","https://www.criterion.com/shop/collection/580-alan-palomo-s-closet-picks"
"closet:580","Alan Palomo’s Closet Picks","https://www.criterion.com/films/2057-mystery-train","Mystery Train","6","https://www.criterion.com/shop/collection/580-alan-palomo-s-closet-picks"
"closet:580","Alan Palomo’s Closet Picks","https://www.criterion.com/films/29050-canoa-a-shameful-memory","Canoa: A Shameful Memory","7","https://www.criterion.com/shop/collection/580-alan-palomo-s-closet-picks"
"closet:580","Alan Palomo’s Closet Picks","https://www.criterion.com/films/200-wings-of-desire","Wings of Desire","8","https://www.criterion.com/shop/collection/580-alan-palomo-s-closet-picks"
"closet:582","Rebecca Miller’s Closet Picks","https://www.criterion.com/films/27906-devi","Devi","1","https://www.criterion.com/shop/collection/582-rebecca-miller-s-closet-picks"
"closet:582","Rebecca Miller’s Closet Picks","https://www.criterion.com/films/29219-the-color-of-pomegranates","The Color of Pomegranates","2","https://www.criterion.com/shop/collection/582-rebecca-miller-s-closet-picks"
"closet:582","Rebecca Miller’s Closet Picks","https://www.criterion.com/films/28661-dekalog","Dekalog","3","https://www.criterion.com/shop/collection/582-rebecca-miller-s-closet-picks"
"closet:582","Rebecca Miller’s Closet Picks","https://www.criterion.com/films/246-loves-of-a-blonde","Loves of a Blonde","4","https://www.criterion.com/shop/collection/582-rebecca-miller-s-closet-picks"
"closet:582","Rebecca Miller’s Closet Picks","https://www.criterion.com/films/683-children-of-paradise","Children of Paradise","5","https://www.criterion.com/shop/collection/582-rebecca-miller-s-closet-picks"
"closet:570","Christian Petzold’s Closet Picks","https://www.criterion.com/films/29450-wanda","Wanda","1","https://www.criterion.com/shop/collection/570-christian-petzold-s-closet-picks"
"closet:570","Christian Petzold’s Closet Picks","https://www.criterion.com/films/639-the-lady-eve","The Lady Eve","2","https://www.criterion.com/shop/collection/570-christian-petzold-s-closet-picks"
"closet:570","Christian Petzold’s Closet Picks","https://www.criterion.com/films/381-traffic","Traffic","3","https://www.criterion.com/shop/collection/570-christian-petzold-s-closet-picks"
"closet:570","Christian Petzold’s Closet Picks","https://www.criterion.com/films/27625-people-on-sunday","People on Sunday","4","https://www.criterion.com/shop/collection/570-christian-petzold-s-closet-picks"
"closet:570","Christian Petzold’s Closet Picks","https://www.criterion.com/boxsets/417-six-moral-tales","Six Moral Tales","5","https://www.criterion.com/shop/collection/570-christian-petzold-s-closet-picks"
"closet:570","Christian Petzold’s Closet Picks","https://www.criterion.com/boxsets/982-3-films-by-roberto-rossellini-starring-ingrid-bergman","3 Films by Roberto Rossellini Starring Ingrid Bergman","6","https://www.criterion.com/shop/collection/570-christian-petzold-s-closet-picks"
"closet:570","Christian Petzold’s Closet Picks","https://www.criterion.com/films/28833-a-matter-of-life-and-death","A Matter of Life and Death","7","https://www.criterion.com/shop/collection/570-christian-petzold-s-closet-picks"
"closet:632","Julio Torres’s Closet Picks","https://www.criterion.com/boxsets/947-pierre-etaix","Pierre Etaix","1","https://www.criterion.com/shop/collection/632-julio-torres-s-closet-picks"
"closet:632","Julio Torres’s Closet Picks","https://www.criterion.com/boxsets/2363-the-koker-trilogy","The Koker Trilogy","2","https://www.criterion.com/shop/collection/632-julio-torres-s-closet-picks"
"closet:632","Julio Torres’s Closet Picks","https://www.criterion.com/films/33246-wall-e","WALL·E","3","https://www.criterion.com/shop/collection/632-julio-torres-s-closet-picks"
"closet:632","Julio Torres’s Closet Picks","https://www.criterion.com/films/30908-amores-perros","Amores perros","4","https://www.criterion.com/shop/collection/632-julio-torres-s-closet-picks"
"closet:632","Julio Torres’s Closet Picks","https://www.criterion.com/films/29632-after-hours","After Hours","5","https://www.criterion.com/shop/collection/632-julio-torres-s-closet-picks"
"closet:632","Julio Torres’s Closet Picks","https://www.criterion.com/films/28005-y-tu-mama-tambien","Y tu mamá también","6","https://www.criterion.com/shop/collection/632-julio-torres-s-closet-picks"
"closet:632","Julio Torres’s Closet Picks","https://www.criterion.com/films/27523-house","House","7","https://www.criterion.com/shop/collection/632-julio-torres-s-closet-picks"
"closet:632","Julio Torres’s Closet Picks","https://www.criterion.com/films/29336-the-virgin-suicides","The Virgin Suicides","8","https://www.criterion.com/shop/collection/632-julio-torres-s-closet-picks"
"closet:651","Manuel Garcia-Rulfo’s Closet Picks","https://www.criterion.com/films/27853-the-cremator","The Cremator","1","https://www.criterion.com/shop/collection/651-manuel-garcia-rulfo-s-closet-picks"
"closet:651","Manuel Garcia-Rulfo’s Closet Picks","https://www.criterion.com/films/665-onibaba","Onibaba","2","https://www.criterion.com/shop/collection/651-manuel-garcia-rulfo-s-closet-picks"
"closet:651","Manuel Garcia-Rulfo’s Closet Picks","https://www.criterion.com/films/30908-amores-perros","Amores perros","3","https://www.criterion.com/shop/collection/651-manuel-garcia-rulfo-s-closet-picks"
"closet:651","Manuel Garcia-Rulfo’s Closet Picks","https://www.criterion.com/films/29050-canoa-a-shameful-memory","Canoa: A Shameful Memory","4","https://www.criterion.com/shop/collection/651-manuel-garcia-rulfo-s-closet-picks"
"closet:651","Manuel Garcia-Rulfo’s Closet Picks","https://www.criterion.com/films/28713-the-new-world","The New World","5","https://www.criterion.com/shop/collection/651-manuel-garcia-rulfo-s-closet-picks"
"closet:651","Manuel Garcia-Rulfo’s Closet Picks","https://www.criterion.com/films/30104-cold-war","Cold War","6","https://www.criterion.com/shop/collection/651-manuel-garcia-rulfo-s-closet-picks"
"closet:576","Patton Oswalt’s Closet Picks","https://www.criterion.com/films/28567-forty-guns","Forty Guns","1","https://www.criterion.com/shop/collection/576-patton-oswalt-s-closet-picks"
"closet:576","Patton Oswalt’s Closet Picks","https://www.criterion.com/films/29614-detour","Detour","2","https://www.criterion.com/shop/collection/576-patton-oswalt-s-closet-picks"
"closet:576","Patton Oswalt’s Closet Picks","https://www.criterion.com/films/28704-female-trouble","Female Trouble","3","https://www.criterion.com/shop/collection/576-patton-oswalt-s-closet-picks"
"closet:576","Patton Oswalt’s Closet Picks","https://www.criterion.com/films/28229-the-flavor-of-green-tea-over-rice","The Flavor of Green Tea over Rice","4","https://www.criterion.com/shop/collection/576-patton-oswalt-s-closet-picks"
"closet:576","Patton Oswalt’s Closet Picks","https://www.criterion.com/films/184-le-samourai","Le samouraï","5","https://www.criterion.com/shop/collection/576-patton-oswalt-s-closet-picks"
"closet:576","Patton Oswalt’s Closet Picks","https://www.criterion.com/films/29434-frownland","Frownland","6","https://www.criterion.com/shop/collection/576-patton-oswalt-s-closet-picks"
"closet:576","Patton Oswalt’s Closet Picks","https://www.criterion.com/films/27604-pale-flower","Pale Flower","7","https://www.criterion.com/shop/collection/576-patton-oswalt-s-closet-picks"
"closet:576","Patton Oswalt’s Closet Picks","https://www.criterion.com/films/28661-dekalog","Dekalog","8","https://www.criterion.com/shop/collection/576-patton-oswalt-s-closet-picks"
"closet:576","Patton Oswalt’s Closet Picks","https://www.criterion.com/films/31627-one-false-move","One False Move","9","https://www.criterion.com/shop/collection/576-patton-oswalt-s-closet-picks"
"closet:579","Hideo Kojima’s Closet Picks","https://www.criterion.com/films/543-high-and-low","High and Low","1","https://www.criterion.com/shop/collection/579-hideo-kojima-s-closet-picks"
"closet:579","Hideo Kojima’s Closet Picks","https://www.criterion.com/films/298-late-spring","Late Spring","2","https://www.criterion.com/shop/collection/579-hideo-kojima-s-closet-picks"
"closet:579","Hideo Kojima’s Closet Picks","https://www.criterion.com/boxsets/427-eclipse-series-3-late-ozu","Eclipse Series 3: Late Ozu","3","https://www.criterion.com/shop/collection/579-hideo-kojima-s-closet-picks"
"closet:579","Hideo Kojima’s Closet Picks","https://www.criterion.com/films/369-ugetsu","Ugetsu","4","https://www.criterion.com/shop/collection/579-hideo-kojima-s-closet-picks"
"closet:579","Hideo Kojima’s Closet Picks","https://www.criterion.com/films/629-kwaidan","Kwaidan","5","https://www.criterion.com/shop/collection/579-hideo-kojima-s-closet-picks"
"closet:579","Hideo Kojima’s Closet Picks","https://www.criterion.com/films/743-harakiri","Harakiri","6","https://www.criterion.com/shop/collection/579-hideo-kojima-s-closet-picks"
"closet:579","Hideo Kojima’s Closet Picks","https://www.criterion.com/films/797-jigoku","Jigoku","7","https://www.criterion.com/shop/collection/579-hideo-kojima-s-closet-picks"
"closet:579","Hideo Kojima’s Closet Picks","https://www.criterion.com/films/665-onibaba","Onibaba","8","https://www.criterion.com/shop/collection/579-hideo-kojima-s-closet-picks"
"closet:579","Hideo Kojima’s Closet Picks","https://www.criterion.com/films/826-woman-in-the-dunes","Woman in the Dunes","9","https://www.criterion.com/shop/collection/579-hideo-kojima-s-closet-picks"
"closet:595","Jason Schwartzman’s Closet Picks","https://www.criterion.com/films/725-the-killers","The Killers","1","https://www.criterion.com/shop/collection/595-jason-schwartzman-s-closet-picks"
"closet:595","Jason Schwartzman’s Closet Picks","https://www.criterion.com/films/837-under-the-volcano","Under the Volcano","2","https://www.criterion.com/shop/collection/595-jason-schwartzman-s-closet-picks"
"closet:595","Jason Schwartzman’s Closet Picks","https://www.criterion.com/films/730-straw-dogs","Straw Dogs","3","https://www.criterion.com/shop/collection/595-jason-schwartzman-s-closet-picks"
"closet:595","Jason Schwartzman’s Closet Picks","https://www.criterion.com/films/29597-an-unmarried-woman","An Unmarried Woman","4","https://www.criterion.com/shop/collection/595-jason-schwartzman-s-closet-picks"
"closet:595","Jason Schwartzman’s Closet Picks","https://www.criterion.com/films/233-the-red-shoes","The Red Shoes","5","https://www.criterion.com/shop/collection/595-jason-schwartzman-s-closet-picks"
"closet:595","Jason Schwartzman’s Closet Picks","https://www.criterion.com/films/765-the-bad-sleep-well","The Bad Sleep Well","6","https://www.criterion.com/shop/collection/595-jason-schwartzman-s-closet-picks"
"closet:595","Jason Schwartzman’s Closet Picks","https://www.criterion.com/films/28709-local-hero","Local Hero","7","https://www.criterion.com/shop/collection/595-jason-schwartzman-s-closet-picks"
"closet:595","Jason Schwartzman’s Closet Picks","https://www.criterion.com/boxsets/6588-pasolini-101","Pasolini 101","8","https://www.criterion.com/shop/collection/595-jason-schwartzman-s-closet-picks"
"closet:513","Jerzy Skolimowski’s Closet Picks","https://www.criterion.com/films/29375-diamonds-of-the-night","Diamonds of the Night","1","https://www.criterion.com/shop/collection/513-jerzy-skolimowski-s-closet-picks"
"closet:513","Jerzy Skolimowski’s Closet Picks","https://www.criterion.com/films/342-ashes-and-diamonds","Ashes and Diamonds","2","https://www.criterion.com/shop/collection/513-jerzy-skolimowski-s-closet-picks"
"closet:513","Jerzy Skolimowski’s Closet Picks","https://www.criterion.com/films/28895-come-and-see","Come and See","3","https://www.criterion.com/shop/collection/513-jerzy-skolimowski-s-closet-picks"
"closet:513","Jerzy Skolimowski’s Closet Picks","https://www.criterion.com/films/830-ivan-s-childhood","Ivan’s Childhood","4","https://www.criterion.com/shop/collection/513-jerzy-skolimowski-s-closet-picks"
"closet:513","Jerzy Skolimowski’s Closet Picks","https://www.criterion.com/films/185-la-strada","La strada","5","https://www.criterion.com/shop/collection/513-jerzy-skolimowski-s-closet-picks"
"closet:513","Jerzy Skolimowski’s Closet Picks","https://www.criterion.com/films/150-8-1-2","8½","6","https://www.criterion.com/shop/collection/513-jerzy-skolimowski-s-closet-picks"
"closet:513","Jerzy Skolimowski’s Closet Picks","https://www.criterion.com/films/246-loves-of-a-blonde","Loves of a Blonde","7","https://www.criterion.com/shop/collection/513-jerzy-skolimowski-s-closet-picks"
"closet:571","Anton Corbijn’s Closet Picks","https://www.criterion.com/films/27542-sweet-smell-of-success","Sweet Smell of Success","1","https://www.criterion.com/shop/collection/571-anton-corbijn-s-closet-picks"
"closet:571","Anton Corbijn’s Closet Picks","https://www.criterion.com/films/29369-midnight-cowboy","Midnight Cowboy","2","https://www.criterion.com/shop/collection/571-anton-corbijn-s-closet-picks"
"closet:571","Anton Corbijn’s Closet Picks","https://www.criterion.com/films/28763-the-american-friend","The American Friend","3","https://www.criterion.com/shop/collection/571-anton-corbijn-s-closet-picks"
"closet:571","Anton Corbijn’s Closet Picks","https://www.criterion.com/films/29460-the-last-waltz","The Last Waltz","4","https://www.criterion.com/shop/collection/571-anton-corbijn-s-closet-picks"
"closet:571","Anton Corbijn’s Closet Picks","https://www.criterion.com/films/30104-cold-war","Cold War","5","https://www.criterion.com/shop/collection/571-anton-corbijn-s-closet-picks"
"closet:627","Barbara Sukowa’s Closet Picks","https://www.criterion.com/films/712-3-women","3 Women","1","https://www.criterion.com/shop/collection/627-barbara-sukowa-s-closet-picks"
"closet:627","Barbara Sukowa’s Closet Picks","https://www.criterion.com/films/710-scenes-from-a-marriage","Scenes from a Marriage","2","https://www.criterion.com/shop/collection/627-barbara-sukowa-s-closet-picks"
"closet:627","Barbara Sukowa’s Closet Picks","https://www.criterion.com/films/790-the-leopard","The Leopard","3","https://www.criterion.com/shop/collection/627-barbara-sukowa-s-closet-picks"
"closet:627","Barbara Sukowa’s Closet Picks","https://www.criterion.com/films/28827-husbands","Husbands","4","https://www.criterion.com/shop/collection/627-barbara-sukowa-s-closet-picks"
"closet:627","Barbara Sukowa’s Closet Picks","https://www.criterion.com/films/220-naked","Naked","5","https://www.criterion.com/shop/collection/627-barbara-sukowa-s-closet-picks"
"closet:627","Barbara Sukowa’s Closet Picks","https://www.criterion.com/films/839-berlin-alexanderplatz","Berlin Alexanderplatz","6","https://www.criterion.com/shop/collection/627-barbara-sukowa-s-closet-picks"
"closet:627","Barbara Sukowa’s Closet Picks","https://www.criterion.com/films/185-la-strada","La strada","7","https://www.criterion.com/shop/collection/627-barbara-sukowa-s-closet-picks"
"closet:594","Hari Nef’s Closet Picks","https://www.criterion.com/films/533-the-naked-kiss","The Naked Kiss","1","https://www.criterion.com/shop/collection/594-hari-nef-s-closet-picks"
"closet:594","Hari Nef’s Closet Picks","https://www.criterion.com/films/29101-women-on-the-verge-of-a-nervous-breakdown","Women on the Verge of a Nervous Breakdown","2","https://www.criterion.com/shop/collection/594-hari-nef-s-closet-picks"
"closet:594","Hari Nef’s Closet Picks","https://www.criterion.com/films/27949-belle-de-jour","Belle de jour","3","https://www.criterion.com/shop/collection/594-hari-nef-s-closet-picks"
"closet:594","Hari Nef’s Closet Picks","https://www.criterion.com/films/664-grey-gardens","Grey Gardens","4","https://www.criterion.com/shop/collection/594-hari-nef-s-closet-picks"
"closet:594","Hari Nef’s Closet Picks","https://www.criterion.com/films/233-the-red-shoes","The Red Shoes","5","https://www.criterion.com/shop/collection/594-hari-nef-s-closet-picks"
"closet:594","Hari Nef’s Closet Picks","https://www.criterion.com/films/632-black-narcissus","Black Narcissus","6","https://www.criterion.com/shop/collection/594-hari-nef-s-closet-picks"
"closet:594","Hari Nef’s Closet Picks","https://www.criterion.com/films/588-mishima-a-life-in-four-chapters","Mishima: A Life in Four Chapters","7","https://www.criterion.com/shop/collection/594-hari-nef-s-closet-picks"
"closet:594","Hari Nef’s Closet Picks","https://www.criterion.com/films/27872-design-for-living","Design for Living","8","https://www.criterion.com/shop/collection/594-hari-nef-s-closet-picks"
"closet:594","Hari Nef’s Closet Picks","https://www.criterion.com/films/2954-the-last-days-of-disco","The Last Days of Disco","9","https://www.criterion.com/shop/collection/594-hari-nef-s-closet-picks"
"closet:569","Mary Harron’s Closet Picks","https://www.criterion.com/films/818-the-naked-city","The Naked City","1","https://www.criterion.com/shop/collection/569-mary-harron-s-closet-picks"
"closet:569","Mary Harron’s Closet Picks","https://www.criterion.com/films/958-the-killing-of-a-chinese-bookie","The Killing of a Chinese Bookie","2","https://www.criterion.com/shop/collection/569-mary-harron-s-closet-picks"
"closet:569","Mary Harron’s Closet Picks","https://www.criterion.com/films/535-sid-nancy","Sid & Nancy","3","https://www.criterion.com/shop/collection/569-mary-harron-s-closet-picks"
"closet:569","Mary Harron’s Closet Picks","https://www.criterion.com/films/253-mala-noche","Mala Noche","4","https://www.criterion.com/shop/collection/569-mary-harron-s-closet-picks"
"closet:569","Mary Harron’s Closet Picks","https://www.criterion.com/films/31590-lost-highway","Lost Highway","5","https://www.criterion.com/shop/collection/569-mary-harron-s-closet-picks"
"closet:569","Mary Harron’s Closet Picks","https://www.criterion.com/films/653-my-man-godfrey","My Man Godfrey","6","https://www.criterion.com/shop/collection/569-mary-harron-s-closet-picks"
"closet:556","Michael Shannon’s Closet Picks","https://www.criterion.com/films/719-down-by-law","Down by Law","1","https://www.criterion.com/shop/collection/556-michael-shannon-s-closet-picks"
"closet:556","Michael Shannon’s Closet Picks","https://www.criterion.com/films/28055-being-john-malkovich","Being John Malkovich","2","https://www.criterion.com/shop/collection/556-michael-shannon-s-closet-picks"
"closet:556","Michael Shannon’s Closet Picks","https://www.criterion.com/films/28428-seconds","Seconds","3","https://www.criterion.com/shop/collection/556-michael-shannon-s-closet-picks"
"closet:556","Michael Shannon’s Closet Picks","https://www.criterion.com/films/29677-the-elephant-man","The Elephant Man","4","https://www.criterion.com/shop/collection/556-michael-shannon-s-closet-picks"
"closet:556","Michael Shannon’s Closet Picks","https://www.criterion.com/films/29009-being-there","Being There","5","https://www.criterion.com/shop/collection/556-michael-shannon-s-closet-picks"
"closet:556","Michael Shannon’s Closet Picks","https://www.criterion.com/films/27529-five-easy-pieces","Five Easy Pieces","6","https://www.criterion.com/shop/collection/556-michael-shannon-s-closet-picks"
"closet:556","Michael Shannon’s Closet Picks","https://www.criterion.com/boxsets/769-america-lost-and-found-the-bbs-story","America Lost and Found: The BBS Story","7","https://www.criterion.com/shop/collection/556-michael-shannon-s-closet-picks"
"closet:626","Joel Edgerton’s Closet Picks","https://www.criterion.com/boxsets/1554-police-story-police-story-2","Police Story / Police Story 2","1","https://www.criterion.com/shop/collection/626-joel-edgerton-s-closet-picks"
"closet:626","Joel Edgerton’s Closet Picks","https://www.criterion.com/films/727-my-life-as-a-dog","My Life as a Dog","2","https://www.criterion.com/shop/collection/626-joel-edgerton-s-closet-picks"
"closet:626","Joel Edgerton’s Closet Picks","https://www.criterion.com/films/28449-the-hero","The Hero","3","https://www.criterion.com/shop/collection/626-joel-edgerton-s-closet-picks"
"closet:626","Joel Edgerton’s Closet Picks","https://www.criterion.com/films/370-the-wages-of-fear","The Wages of Fear","4","https://www.criterion.com/shop/collection/626-joel-edgerton-s-closet-picks"
"closet:626","Joel Edgerton’s Closet Picks","https://www.criterion.com/boxsets/6323-michael-haneke-trilogy","Michael Haneke: Trilogy","5","https://www.criterion.com/shop/collection/626-joel-edgerton-s-closet-picks"
"closet:626","Joel Edgerton’s Closet Picks","https://www.criterion.com/films/31917-uncut-gems","Uncut Gems","6","https://www.criterion.com/shop/collection/626-joel-edgerton-s-closet-picks"
"closet:626","Joel Edgerton’s Closet Picks","https://www.criterion.com/films/718-man-bites-dog","Man Bites Dog","7","https://www.criterion.com/shop/collection/626-joel-edgerton-s-closet-picks"
"closet:626","Joel Edgerton’s Closet Picks","https://www.criterion.com/films/210-bicycle-thieves","Bicycle Thieves","8","https://www.criterion.com/shop/collection/626-joel-edgerton-s-closet-picks"
"closet:581","Udo Kier’s Closet Picks","https://www.criterion.com/films/564-blood-for-dracula","Blood for Dracula","1","https://www.criterion.com/shop/collection/581-udo-kier-s-closet-picks"
"closet:581","Udo Kier’s Closet Picks","https://www.criterion.com/films/562-flesh-for-frankenstein","Flesh for Frankenstein","2","https://www.criterion.com/shop/collection/581-udo-kier-s-closet-picks"
"closet:581","Udo Kier’s Closet Picks","https://www.criterion.com/films/249-my-own-private-idaho","My Own Private Idaho","3","https://www.criterion.com/shop/collection/581-udo-kier-s-closet-picks"
"closet:581","Udo Kier’s Closet Picks","https://www.criterion.com/films/28350-breaking-the-waves","Breaking the Waves","4","https://www.criterion.com/shop/collection/581-udo-kier-s-closet-picks"
"closet:566","Roger & James Deakins’s Closet Picks","https://www.criterion.com/films/28184-kameradschaft","Kameradschaft","1","https://www.criterion.com/shop/collection/566-roger-james-deakins-s-closet-picks"
"closet:566","Roger & James Deakins’s Closet Picks","https://www.criterion.com/films/28895-come-and-see","Come and See","2","https://www.criterion.com/shop/collection/566-roger-james-deakins-s-closet-picks"
"closet:566","Roger & James Deakins’s Closet Picks","https://www.criterion.com/films/709-tokyo-olympiad","Tokyo Olympiad","3","https://www.criterion.com/shop/collection/566-roger-james-deakins-s-closet-picks"
"closet:566","Roger & James Deakins’s Closet Picks","https://www.criterion.com/films/347-fires-on-the-plain","Fires on the Plain","4","https://www.criterion.com/shop/collection/566-roger-james-deakins-s-closet-picks"
"closet:566","Roger & James Deakins’s Closet Picks","https://www.criterion.com/films/817-the-burmese-harp","The Burmese Harp","5","https://www.criterion.com/shop/collection/566-roger-james-deakins-s-closet-picks"
"closet:566","Roger & James Deakins’s Closet Picks","https://www.criterion.com/films/535-sid-nancy","Sid & Nancy","6","https://www.criterion.com/shop/collection/566-roger-james-deakins-s-closet-picks"
"closet:566","Roger & James Deakins’s Closet Picks","https://www.criterion.com/films/628-le-cercle-rouge","Le cercle rouge","7","https://www.criterion.com/shop/collection/566-roger-james-deakins-s-closet-picks"
"closet:566","Roger & James Deakins’s Closet Picks","https://www.criterion.com/films/27979-le-silence-de-la-mer","Le silence de la mer","8","https://www.criterion.com/shop/collection/566-roger-james-deakins-s-closet-picks"
"closet:566","Roger & James Deakins’s Closet Picks","https://www.criterion.com/films/173-the-seventh-seal","The Seventh Seal","9","https://www.criterion.com/shop/collection/566-roger-james-deakins-s-closet-picks"
"closet:566","Roger & James Deakins’s Closet Picks","https://www.criterion.com/films/209-l-avventura","L’avventura","10","https://www.criterion.com/shop/collection/566-roger-james-deakins-s-closet-picks"
"closet:566","Roger & James Deakins’s Closet Picks","https://www.criterion.com/films/28894-mirror","Mirror","11","https://www.criterion.com/shop/collection/566-roger-james-deakins-s-closet-picks"
"closet:566","Roger & James Deakins’s Closet Picks","https://www.criterion.com/films/553-solaris","Solaris","12","https://www.criterion.com/shop/collection/566-roger-james-deakins-s-closet-picks"
"closet:566","Roger & James Deakins’s Closet Picks","https://www.criterion.com/films/28788-in-cold-blood","In Cold Blood","13","https://www.criterion.com/shop/collection/566-roger-james-deakins-s-closet-picks"
"closet:555","Trace Lysette’s Closet Picks","https://www.criterion.com/films/29597-an-unmarried-woman","An Unmarried Woman","1","https://www.criterion.com/shop/collection/555-trace-lysette-s-closet-picks"
"closet:555","Trace Lysette’s Closet Picks","https://www.criterion.com/boxsets/4787-melvin-van-peebles-essential-films","Melvin Van Peebles: Essential Films","2","https://www.criterion.com/shop/collection/555-trace-lysette-s-closet-picks"
"closet:555","Trace Lysette’s Closet Picks","https://www.criterion.com/films/29154-moonstruck","Moonstruck","3","https://www.criterion.com/shop/collection/555-trace-lysette-s-closet-picks"
"closet:555","Trace Lysette’s Closet Picks","https://www.criterion.com/films/28038-fellini-satyricon","Fellini Satyricon","4","https://www.criterion.com/shop/collection/555-trace-lysette-s-closet-picks"
"closet:555","Trace Lysette’s Closet Picks","https://www.criterion.com/films/29164-thelma-louise","Thelma & Louise","5","https://www.criterion.com/shop/collection/555-trace-lysette-s-closet-picks"
"closet:555","Trace Lysette’s Closet Picks","https://www.criterion.com/films/29647-paris-is-burning","Paris Is Burning","6","https://www.criterion.com/shop/collection/555-trace-lysette-s-closet-picks"
"closet:555","Trace Lysette’s Closet Picks","https://www.criterion.com/films/29101-women-on-the-verge-of-a-nervous-breakdown","Women on the Verge of a Nervous Breakdown","7","https://www.criterion.com/shop/collection/555-trace-lysette-s-closet-picks"
"closet:555","Trace Lysette’s Closet Picks","https://www.criterion.com/films/29569-all-about-my-mother","All About My Mother","8","https://www.criterion.com/shop/collection/555-trace-lysette-s-closet-picks"
"closet:555","Trace Lysette’s Closet Picks","https://www.criterion.com/films/31501-love-jones","love jones","9","https://www.criterion.com/shop/collection/555-trace-lysette-s-closet-picks"
"closet:552","Carl Franklin’s Closet Picks","https://www.criterion.com/boxsets/334-the-killers","The Killers","1","https://www.criterion.com/shop/collection/552-carl-franklin-s-closet-picks"
"closet:552","Carl Franklin’s Closet Picks","https://www.criterion.com/films/727-my-life-as-a-dog","My Life as a Dog","2","https://www.criterion.com/shop/collection/552-carl-franklin-s-closet-picks"
"closet:552","Carl Franklin’s Closet Picks","https://www.criterion.com/films/683-children-of-paradise","Children of Paradise","3","https://www.criterion.com/shop/collection/552-carl-franklin-s-closet-picks"
"closet:552","Carl Franklin’s Closet Picks","https://www.criterion.com/films/284-tokyo-story","Tokyo Story","4","https://www.criterion.com/shop/collection/552-carl-franklin-s-closet-picks"
"closet:552","Carl Franklin’s Closet Picks","https://www.criterion.com/films/298-late-spring","Late Spring","5","https://www.criterion.com/shop/collection/552-carl-franklin-s-closet-picks"
"closet:552","Carl Franklin’s Closet Picks","https://www.criterion.com/films/150-8-1-2","8½","6","https://www.criterion.com/shop/collection/552-carl-franklin-s-closet-picks"
"closet:552","Carl Franklin’s Closet Picks","https://www.criterion.com/films/29567-to-sleep-with-anger","To Sleep with Anger","7","https://www.criterion.com/shop/collection/552-carl-franklin-s-closet-picks"
"closet:552","Carl Franklin’s Closet Picks","https://www.criterion.com/boxsets/3506-martin-scorsese-s-world-cinema-project-no-3","Martin Scorsese’s World Cinema Project No. 3","8","https://www.criterion.com/shop/collection/552-carl-franklin-s-closet-picks"
"closet:552","Carl Franklin’s Closet Picks","https://www.criterion.com/films/28699-death-in-venice","Death in Venice","9","https://www.criterion.com/shop/collection/552-carl-franklin-s-closet-picks"
"closet:552","Carl Franklin’s Closet Picks","https://www.criterion.com/films/31319-the-damned","The Damned","10","https://www.criterion.com/shop/collection/552-carl-franklin-s-closet-picks"
"closet:552","Carl Franklin’s Closet Picks","https://www.criterion.com/films/29031--round-midnight","’Round Midnight","11","https://www.criterion.com/shop/collection/552-carl-franklin-s-closet-picks"
"closet:552","Carl Franklin’s Closet Picks","https://www.criterion.com/films/28756-chimes-at-midnight","Chimes at Midnight","12","https://www.criterion.com/shop/collection/552-carl-franklin-s-closet-picks"
"closet:550","Benjamin Millepied’s Closet Picks","https://www.criterion.com/films/27899-on-the-waterfront","On the Waterfront","1","https://www.criterion.com/shop/collection/550-benjamin-millepied-s-closet-picks"
"closet:550","Benjamin Millepied’s Closet Picks","https://www.criterion.com/films/28576-the-tree-of-life","The Tree of Life","2","https://www.criterion.com/shop/collection/550-benjamin-millepied-s-closet-picks"
"closet:550","Benjamin Millepied’s Closet Picks","https://www.criterion.com/boxsets/743-eclipse-series-23-the-first-films-of-akira-kurosawa","Eclipse Series 23: The First Films of Akira Kurosawa","3","https://www.criterion.com/shop/collection/550-benjamin-millepied-s-closet-picks"
"closet:550","Benjamin Millepied’s Closet Picks","https://www.criterion.com/films/28561-all-that-jazz","All That Jazz","4","https://www.criterion.com/shop/collection/550-benjamin-millepied-s-closet-picks"
"closet:550","Benjamin Millepied’s Closet Picks","https://www.criterion.com/films/209-l-avventura","L’avventura","5","https://www.criterion.com/shop/collection/550-benjamin-millepied-s-closet-picks"
"closet:550","Benjamin Millepied’s Closet Picks","https://www.criterion.com/boxsets/934-the-qatsi-trilogy","The Qatsi Trilogy","6","https://www.criterion.com/shop/collection/550-benjamin-millepied-s-closet-picks"
"closet:564","Rickie Lee Jones’s Closet Picks","https://www.criterion.com/films/653-my-man-godfrey","My Man Godfrey","1","https://www.criterion.com/shop/collection/564-rickie-lee-jones-s-closet-picks"
"closet:564","Rickie Lee Jones’s Closet Picks","https://www.criterion.com/films/29018-hedwig-and-the-angry-inch","Hedwig and the Angry Inch","2","https://www.criterion.com/shop/collection/564-rickie-lee-jones-s-closet-picks"
"closet:564","Rickie Lee Jones’s Closet Picks","https://www.criterion.com/boxsets/326-the-complete-monterey-pop-festival","The Complete Monterey Pop Festival","3","https://www.criterion.com/shop/collection/564-rickie-lee-jones-s-closet-picks"
"closet:564","Rickie Lee Jones’s Closet Picks","https://www.criterion.com/films/630-the-blob","The Blob","4","https://www.criterion.com/shop/collection/564-rickie-lee-jones-s-closet-picks"
"closet:564","Rickie Lee Jones’s Closet Picks","https://www.criterion.com/films/28734-a-taste-of-honey","A Taste of Honey","5","https://www.criterion.com/shop/collection/564-rickie-lee-jones-s-closet-picks"
"closet:564","Rickie Lee Jones’s Closet Picks","https://www.criterion.com/films/32355-devil-in-a-blue-dress","Devil in a Blue Dress","6","https://www.criterion.com/shop/collection/564-rickie-lee-jones-s-closet-picks"
"closet:554","Gregg Araki’s Closet Picks","https://www.criterion.com/films/29010-bringing-up-baby","Bringing Up Baby","1","https://www.criterion.com/shop/collection/554-gregg-araki-s-closet-picks"
"closet:554","Gregg Araki’s Closet Picks","https://www.criterion.com/films/27603-something-wild","Something Wild","2","https://www.criterion.com/shop/collection/554-gregg-araki-s-closet-picks"
"closet:554","Gregg Araki’s Closet Picks","https://www.criterion.com/films/29237-twin-peaks-fire-walk-with-me","Twin Peaks: Fire Walk with Me","3","https://www.criterion.com/shop/collection/554-gregg-araki-s-closet-picks"
"closet:554","Gregg Araki’s Closet Picks","https://www.criterion.com/films/508-masculin-feminin","Masculin féminin","4","https://www.criterion.com/shop/collection/554-gregg-araki-s-closet-picks"
"closet:554","Gregg Araki’s Closet Picks","https://www.criterion.com/films/31320-pink-flamingos","Pink Flamingos","5","https://www.criterion.com/shop/collection/554-gregg-araki-s-closet-picks"
"closet:554","Gregg Araki’s Closet Picks","https://www.criterion.com/films/252-stranger-than-paradise","Stranger Than Paradise","6","https://www.criterion.com/shop/collection/554-gregg-araki-s-closet-picks"
"closet:548","Charlie Day’s Closet Picks","https://www.criterion.com/films/151-the-400-blows","The 400 Blows","1","https://www.criterion.com/shop/collection/548-charlie-day-s-closet-picks"
"closet:548","Charlie Day’s Closet Picks","https://www.criterion.com/films/28835-the-player","The Player","2","https://www.criterion.com/shop/collection/548-charlie-day-s-closet-picks"
"closet:548","Charlie Day’s Closet Picks","https://www.criterion.com/films/29009-being-there","Being There","3","https://www.criterion.com/shop/collection/548-charlie-day-s-closet-picks"
"closet:548","Charlie Day’s Closet Picks","https://www.criterion.com/films/27916-punch-drunk-love","Punch-Drunk Love","4","https://www.criterion.com/shop/collection/548-charlie-day-s-closet-picks"
"closet:548","Charlie Day’s Closet Picks","https://www.criterion.com/films/286-do-the-right-thing","Do the Right Thing","5","https://www.criterion.com/shop/collection/548-charlie-day-s-closet-picks"
"closet:548","Charlie Day’s Closet Picks","https://www.criterion.com/films/29008-barry-lyndon","Barry Lyndon","6","https://www.criterion.com/shop/collection/548-charlie-day-s-closet-picks"
"closet:548","Charlie Day’s Closet Picks","https://www.criterion.com/boxsets/558-john-cassavetes-five-films","John Cassavetes: Five Films","7","https://www.criterion.com/shop/collection/548-charlie-day-s-closet-picks"
"closet:548","Charlie Day’s Closet Picks","https://www.criterion.com/boxsets/3432-the-complete-films-of-agnes-varda","The Complete Films of Agnès Varda","8","https://www.criterion.com/shop/collection/548-charlie-day-s-closet-picks"
"closet:548","Charlie Day’s Closet Picks","https://www.criterion.com/films/284-tokyo-story","Tokyo Story","9","https://www.criterion.com/shop/collection/548-charlie-day-s-closet-picks"
"closet:559","Susanna Hoffs’s Closet Picks","https://www.criterion.com/films/28120-beyond-the-valley-of-the-dolls","Beyond the Valley of the Dolls","1","https://www.criterion.com/shop/collection/559-susanna-hoffs-s-closet-picks"
"closet:559","Susanna Hoffs’s Closet Picks","https://www.criterion.com/films/28428-seconds","Seconds","2","https://www.criterion.com/shop/collection/559-susanna-hoffs-s-closet-picks"
"closet:559","Susanna Hoffs’s Closet Picks","https://www.criterion.com/films/28708-klute","Klute","3","https://www.criterion.com/shop/collection/559-susanna-hoffs-s-closet-picks"
"closet:559","Susanna Hoffs’s Closet Picks","https://www.criterion.com/films/30223-la-piscine","La piscine","4","https://www.criterion.com/shop/collection/559-susanna-hoffs-s-closet-picks"
"closet:559","Susanna Hoffs’s Closet Picks","https://www.criterion.com/films/28032-love-streams","Love Streams","5","https://www.criterion.com/shop/collection/559-susanna-hoffs-s-closet-picks"
"closet:559","Susanna Hoffs’s Closet Picks","https://www.criterion.com/films/29369-midnight-cowboy","Midnight Cowboy","6","https://www.criterion.com/shop/collection/559-susanna-hoffs-s-closet-picks"
"closet:838","François Girard’s Closet Picks","https://www.criterion.com/films/307-rashomon","Rashomon","1","https://www.criterion.com/shop/collection/838-francois-girard-s-closet-picks"
"closet:838","François Girard’s Closet Picks","https://www.criterion.com/films/376-short-cuts","Short Cuts","2","https://www.criterion.com/shop/collection/838-francois-girard-s-closet-picks"
"closet:838","François Girard’s Closet Picks","https://www.criterion.com/films/27513-the-thin-red-line","The Thin Red Line","3","https://www.criterion.com/shop/collection/838-francois-girard-s-closet-picks"
"closet:838","François Girard’s Closet Picks","https://www.criterion.com/films/27512-merry-christmas-mr-lawrence","Merry Christmas Mr. Lawrence","4","https://www.criterion.com/shop/collection/838-francois-girard-s-closet-picks"
"closet:838","François Girard’s Closet Picks","https://www.criterion.com/films/27751-the-killing","The Killing","5","https://www.criterion.com/shop/collection/838-francois-girard-s-closet-picks"
"closet:838","François Girard’s Closet Picks","https://www.criterion.com/films/28020-macbeth","Macbeth","6","https://www.criterion.com/shop/collection/838-francois-girard-s-closet-picks"
"closet:838","François Girard’s Closet Picks","https://www.criterion.com/boxsets/275-eclipse-series-2-the-documentaries-of-louis-malle","Eclipse Series 2: The Documentaries of Louis Malle","7","https://www.criterion.com/shop/collection/838-francois-girard-s-closet-picks"
"closet:838","François Girard’s Closet Picks","https://www.criterion.com/films/28621-othello","Othello","8","https://www.criterion.com/shop/collection/838-francois-girard-s-closet-picks"
"closet:838","François Girard’s Closet Picks","https://www.criterion.com/films/27588-l-argent","L’argent","9","https://www.criterion.com/shop/collection/838-francois-girard-s-closet-picks"
"closet:838","François Girard’s Closet Picks","https://www.criterion.com/films/29270-exotica","Exotica","10","https://www.criterion.com/shop/collection/838-francois-girard-s-closet-picks"
"closet:551","Alessandro Borghi, Felix van Groeningen, and Charlotte Vandermeersch’s Closet Picks","https://www.criterion.com/films/220-naked","Naked","1","https://www.criterion.com/shop/collection/551-alessandro-borghi-felix-van-groeningen-and-charlotte-vandermeersch-s-closet-picks"
"closet:551","Alessandro Borghi, Felix van Groeningen, and Charlotte Vandermeersch’s Closet Picks","https://www.criterion.com/boxsets/1329-dietrich-von-sternberg-in-hollywood","Dietrich & von Sternberg in Hollywood","2","https://www.criterion.com/shop/collection/551-alessandro-borghi-felix-van-groeningen-and-charlotte-vandermeersch-s-closet-picks"
"closet:551","Alessandro Borghi, Felix van Groeningen, and Charlotte Vandermeersch’s Closet Picks","https://www.criterion.com/boxsets/4117-world-of-wong-kar-wai","World of Wong Kar Wai","3","https://www.criterion.com/shop/collection/551-alessandro-borghi-felix-van-groeningen-and-charlotte-vandermeersch-s-closet-picks"
"closet:551","Alessandro Borghi, Felix van Groeningen, and Charlotte Vandermeersch’s Closet Picks","https://www.criterion.com/films/28005-y-tu-mama-tambien","Y tu mamá también","4","https://www.criterion.com/shop/collection/551-alessandro-borghi-felix-van-groeningen-and-charlotte-vandermeersch-s-closet-picks"
"closet:551","Alessandro Borghi, Felix van Groeningen, and Charlotte Vandermeersch’s Closet Picks","https://www.criterion.com/films/30424-the-piano","The Piano","5","https://www.criterion.com/shop/collection/551-alessandro-borghi-felix-van-groeningen-and-charlotte-vandermeersch-s-closet-picks"
"closet:551","Alessandro Borghi, Felix van Groeningen, and Charlotte Vandermeersch’s Closet Picks","https://www.criterion.com/films/28719-the-fisher-king","The Fisher King","6","https://www.criterion.com/shop/collection/551-alessandro-borghi-felix-van-groeningen-and-charlotte-vandermeersch-s-closet-picks"
"closet:544","Ari Aster’s Closet Picks 2023","https://www.criterion.com/films/212-closely-watched-trains","Closely Watched Trains","1","https://www.criterion.com/shop/collection/544-ari-aster-s-closet-picks-2023"
"closet:544","Ari Aster’s Closet Picks 2023","https://www.criterion.com/boxsets/6323-michael-haneke-trilogy","Michael Haneke: Trilogy","2","https://www.criterion.com/shop/collection/544-ari-aster-s-closet-picks-2023"
"closet:544","Ari Aster’s Closet Picks 2023","https://www.criterion.com/films/27854-daisies","Daisies","3","https://www.criterion.com/shop/collection/544-ari-aster-s-closet-picks-2023"
"closet:544","Ari Aster’s Closet Picks 2023","https://www.criterion.com/films/27666-cure","Cure","4","https://www.criterion.com/shop/collection/544-ari-aster-s-closet-picks-2023"
"closet:544","Ari Aster’s Closet Picks 2023","https://www.criterion.com/films/28112-mr-klein","Mr. Klein","5","https://www.criterion.com/shop/collection/544-ari-aster-s-closet-picks-2023"
"closet:544","Ari Aster’s Closet Picks 2023","https://www.criterion.com/boxsets/2363-the-koker-trilogy","The Koker Trilogy","6","https://www.criterion.com/shop/collection/544-ari-aster-s-closet-picks-2023"
"closet:544","Ari Aster’s Closet Picks 2023","https://www.criterion.com/films/28637-la-poison","La poison","7","https://www.criterion.com/shop/collection/544-ari-aster-s-closet-picks-2023"
"closet:544","Ari Aster’s Closet Picks 2023","https://www.criterion.com/boxsets/2880-three-fantastic-journeys-by-karel-zeman","Three Fantastic Journeys by Karel Zeman","8","https://www.criterion.com/shop/collection/544-ari-aster-s-closet-picks-2023"
"closet:544","Ari Aster’s Closet Picks 2023","https://www.criterion.com/films/28713-the-new-world","The New World","9","https://www.criterion.com/shop/collection/544-ari-aster-s-closet-picks-2023"
"closet:544","Ari Aster’s Closet Picks 2023","https://www.criterion.com/films/27750-secret-sunshine","Secret Sunshine","10","https://www.criterion.com/shop/collection/544-ari-aster-s-closet-picks-2023"
"closet:544","Ari Aster’s Closet Picks 2023","https://www.criterion.com/films/826-woman-in-the-dunes","Woman in the Dunes","11","https://www.criterion.com/shop/collection/544-ari-aster-s-closet-picks-2023"
"closet:544","Ari Aster’s Closet Picks 2023","https://www.criterion.com/films/20987-che","Che","12","https://www.criterion.com/shop/collection/544-ari-aster-s-closet-picks-2023"
"closet:544","Ari Aster’s Closet Picks 2023","https://www.criterion.com/films/588-mishima-a-life-in-four-chapters","Mishima: A Life in Four Chapters","13","https://www.criterion.com/shop/collection/544-ari-aster-s-closet-picks-2023"
"closet:544","Ari Aster’s Closet Picks 2023","https://www.criterion.com/films/1929-bigger-than-life","Bigger Than Life","14","https://www.criterion.com/shop/collection/544-ari-aster-s-closet-picks-2023"
"closet:544","Ari Aster’s Closet Picks 2023","https://www.criterion.com/films/746-brand-upon-the-brain","Brand upon the Brain!","15","https://www.criterion.com/shop/collection/544-ari-aster-s-closet-picks-2023"
"closet:544","Ari Aster’s Closet Picks 2023","https://www.criterion.com/films/522-walkabout","Walkabout","16","https://www.criterion.com/shop/collection/544-ari-aster-s-closet-picks-2023"
"closet:565","Jean-Pierre and Luc Dardenne’s Closet Picks","https://www.criterion.com/films/28834-the-age-of-innocence","The Age of Innocence","1","https://www.criterion.com/shop/collection/565-jean-pierre-and-luc-dardenne-s-closet-picks"
"closet:565","Jean-Pierre and Luc Dardenne’s Closet Picks","https://www.criterion.com/boxsets/982-3-films-by-roberto-rossellini-starring-ingrid-bergman","3 Films by Roberto Rossellini Starring Ingrid Bergman","2","https://www.criterion.com/shop/collection/565-jean-pierre-and-luc-dardenne-s-closet-picks"
"closet:565","Jean-Pierre and Luc Dardenne’s Closet Picks","https://www.criterion.com/films/742-an-angel-at-my-table","An Angel at My Table","3","https://www.criterion.com/shop/collection/565-jean-pierre-and-luc-dardenne-s-closet-picks"
"closet:565","Jean-Pierre and Luc Dardenne’s Closet Picks","https://www.criterion.com/films/28617-4-months-3-weeks-and-2-days","4 Months, 3 Weeks and 2 Days","4","https://www.criterion.com/shop/collection/565-jean-pierre-and-luc-dardenne-s-closet-picks"
"closet:565","Jean-Pierre and Luc Dardenne’s Closet Picks","https://www.criterion.com/films/28661-dekalog","Dekalog","5","https://www.criterion.com/shop/collection/565-jean-pierre-and-luc-dardenne-s-closet-picks"
"closet:565","Jean-Pierre and Luc Dardenne’s Closet Picks","https://www.criterion.com/films/29450-wanda","Wanda","6","https://www.criterion.com/shop/collection/565-jean-pierre-and-luc-dardenne-s-closet-picks"
"closet:565","Jean-Pierre and Luc Dardenne’s Closet Picks","https://www.criterion.com/films/537-death-of-a-cyclist","Death of a Cyclist","7","https://www.criterion.com/shop/collection/565-jean-pierre-and-luc-dardenne-s-closet-picks"
"closet:557","Yo La Tengo’s Closet Picks","https://www.criterion.com/films/29464-the-daytrippers","The Daytrippers","1","https://www.criterion.com/shop/collection/557-yo-la-tengo-s-closet-picks"
"closet:557","Yo La Tengo’s Closet Picks","https://www.criterion.com/boxsets/326-the-complete-monterey-pop-festival","The Complete Monterey Pop Festival","2","https://www.criterion.com/shop/collection/557-yo-la-tengo-s-closet-picks"
"closet:557","Yo La Tengo’s Closet Picks","https://www.criterion.com/films/28849-black-girl","Black Girl","3","https://www.criterion.com/shop/collection/557-yo-la-tengo-s-closet-picks"
"closet:557","Yo La Tengo’s Closet Picks","https://www.criterion.com/films/28120-beyond-the-valley-of-the-dolls","Beyond the Valley of the Dolls","4","https://www.criterion.com/shop/collection/557-yo-la-tengo-s-closet-picks"
"closet:557","Yo La Tengo’s Closet Picks","https://www.criterion.com/films/29000-i-wanna-hold-your-hand","I Wanna Hold Your Hand","5","https://www.criterion.com/shop/collection/557-yo-la-tengo-s-closet-picks"
"closet:557","Yo La Tengo’s Closet Picks","https://www.criterion.com/films/33386-the-velvet-underground","The Velvet Underground","6","https://www.criterion.com/shop/collection/557-yo-la-tengo-s-closet-picks"
"closet:557","Yo La Tengo’s Closet Picks","https://www.criterion.com/films/284-tokyo-story","Tokyo Story","7","https://www.criterion.com/shop/collection/557-yo-la-tengo-s-closet-picks"
"closet:557","Yo La Tengo’s Closet Picks","https://www.criterion.com/films/29605-the-girl-can-t-help-it","The Girl Can’t Help It","8","https://www.criterion.com/shop/collection/557-yo-la-tengo-s-closet-picks"
"closet:557","Yo La Tengo’s Closet Picks","https://www.criterion.com/films/28065-ministry-of-fear","Ministry of Fear","9","https://www.criterion.com/shop/collection/557-yo-la-tengo-s-closet-picks"
"closet:557","Yo La Tengo’s Closet Picks","https://www.criterion.com/films/607-carnival-of-souls","Carnival of Souls","10","https://www.criterion.com/shop/collection/557-yo-la-tengo-s-closet-picks"
"closet:532","Sara Dosa’s Closet Picks","https://www.criterion.com/boxsets/77-la-jetee-sans-soleil","La Jetée/Sans Soleil","1","https://www.criterion.com/shop/collection/532-sara-dosa-s-closet-picks"
"closet:532","Sara Dosa’s Closet Picks","https://www.criterion.com/films/546-burden-of-dreams","Burden of Dreams","2","https://www.criterion.com/shop/collection/532-sara-dosa-s-closet-picks"
"closet:532","Sara Dosa’s Closet Picks","https://www.criterion.com/films/32189-faya-dayi","Faya dayi","3","https://www.criterion.com/shop/collection/532-sara-dosa-s-closet-picks"
"closet:532","Sara Dosa’s Closet Picks","https://www.criterion.com/films/218-jules-and-jim","Jules and Jim","4","https://www.criterion.com/shop/collection/532-sara-dosa-s-closet-picks"
"closet:532","Sara Dosa’s Closet Picks","https://www.criterion.com/films/28005-y-tu-mama-tambien","Y tu mamá también","5","https://www.criterion.com/shop/collection/532-sara-dosa-s-closet-picks"
"closet:532","Sara Dosa’s Closet Picks","https://www.criterion.com/films/29112-me-and-you-and-everyone-we-know","Me and You and Everyone We Know","6","https://www.criterion.com/shop/collection/532-sara-dosa-s-closet-picks"
"closet:532","Sara Dosa’s Closet Picks","https://www.criterion.com/boxsets/3432-the-complete-films-of-agnes-varda","The Complete Films of Agnès Varda","7","https://www.criterion.com/shop/collection/532-sara-dosa-s-closet-picks"
"closet:522","Daniels’ Closet Picks","https://www.criterion.com/boxsets/1237-the-before-trilogy","The Before Trilogy","1","https://www.criterion.com/shop/collection/522-daniels-closet-picks"
"closet:522","Daniels’ Closet Picks","https://www.criterion.com/boxsets/1554-police-story-police-story-2","Police Story / Police Story 2","2","https://www.criterion.com/shop/collection/522-daniels-closet-picks"
"closet:522","Daniels’ Closet Picks","https://www.criterion.com/boxsets/2648-godzilla-the-showa-era-films-1954-1975","Godzilla: The Showa-Era Films, 1954–1975","3","https://www.criterion.com/shop/collection/522-daniels-closet-picks"
"closet:522","Daniels’ Closet Picks","https://www.criterion.com/films/28880-tampopo","Tampopo","4","https://www.criterion.com/shop/collection/522-daniels-closet-picks"
"closet:522","Daniels’ Closet Picks","https://www.criterion.com/films/33245-malcolm-x","Malcolm X","5","https://www.criterion.com/shop/collection/522-daniels-closet-picks"
"closet:522","Daniels’ Closet Picks","https://www.criterion.com/films/28051-repo-man","Repo Man","6","https://www.criterion.com/shop/collection/522-daniels-closet-picks"
"closet:536","Pauline Chalamet’s Closet Picks","https://www.criterion.com/boxsets/558-john-cassavetes-five-films","John Cassavetes: Five Films","1","https://www.criterion.com/shop/collection/536-pauline-chalamet-s-closet-picks"
"closet:536","Pauline Chalamet’s Closet Picks","https://www.criterion.com/films/548-fat-girl","Fat Girl","2","https://www.criterion.com/shop/collection/536-pauline-chalamet-s-closet-picks"
"closet:536","Pauline Chalamet’s Closet Picks","https://www.criterion.com/films/29450-wanda","Wanda","3","https://www.criterion.com/shop/collection/536-pauline-chalamet-s-closet-picks"
"closet:536","Pauline Chalamet’s Closet Picks","https://www.criterion.com/films/29635-girlfriends","Girlfriends","4","https://www.criterion.com/shop/collection/536-pauline-chalamet-s-closet-picks"
"closet:536","Pauline Chalamet’s Closet Picks","https://www.criterion.com/boxsets/417-six-moral-tales","Six Moral Tales","5","https://www.criterion.com/shop/collection/536-pauline-chalamet-s-closet-picks"
"closet:536","Pauline Chalamet’s Closet Picks","https://www.criterion.com/boxsets/3432-the-complete-films-of-agnes-varda","The Complete Films of Agnès Varda","6","https://www.criterion.com/shop/collection/536-pauline-chalamet-s-closet-picks"
"closet:536","Pauline Chalamet’s Closet Picks","https://www.criterion.com/films/779-a-nos-amours","À nos amours","7","https://www.criterion.com/shop/collection/536-pauline-chalamet-s-closet-picks"
"closet:536","Pauline Chalamet’s Closet Picks","https://www.criterion.com/films/28698-day-for-night","Day for Night","8","https://www.criterion.com/shop/collection/536-pauline-chalamet-s-closet-picks"
"closet:536","Pauline Chalamet’s Closet Picks","https://www.criterion.com/films/29253-the-other-side-of-hope","The Other Side of Hope","9","https://www.criterion.com/shop/collection/536-pauline-chalamet-s-closet-picks"
"closet:512","Amir Naderi’s Closet Picks","https://www.criterion.com/films/28596-a-brighter-summer-day","A Brighter Summer Day","1","https://www.criterion.com/shop/collection/512-amir-naderi-s-closet-picks"
"closet:512","Amir Naderi’s Closet Picks","https://www.criterion.com/boxsets/3900-three-films-by-luis-bunuel","Three Films by Luis Buñuel","2","https://www.criterion.com/shop/collection/512-amir-naderi-s-closet-picks"
"closet:512","Amir Naderi’s Closet Picks","https://www.criterion.com/boxsets/89-a-film-trilogy-by-ingmar-bergman","A Film Trilogy by Ingmar Bergman","3","https://www.criterion.com/shop/collection/512-amir-naderi-s-closet-picks"
"closet:512","Amir Naderi’s Closet Picks","https://www.criterion.com/films/28661-dekalog","Dekalog","4","https://www.criterion.com/shop/collection/512-amir-naderi-s-closet-picks"
"closet:512","Amir Naderi’s Closet Picks","https://www.criterion.com/boxsets/1145-the-apu-trilogy","The Apu Trilogy","5","https://www.criterion.com/shop/collection/512-amir-naderi-s-closet-picks"
"closet:527","Floyd Norman’s Closet Picks","https://www.criterion.com/boxsets/847-eclipse-series-30-sabu","Eclipse Series 30: Sabu!","1","https://www.criterion.com/shop/collection/527-floyd-norman-s-closet-picks"
"closet:527","Floyd Norman’s Closet Picks","https://www.criterion.com/films/544-the-thief-of-bagdad","The Thief of Bagdad","2","https://www.criterion.com/shop/collection/527-floyd-norman-s-closet-picks"
"closet:527","Floyd Norman’s Closet Picks","https://www.criterion.com/films/655-the-hidden-fortress","The Hidden Fortress","3","https://www.criterion.com/shop/collection/527-floyd-norman-s-closet-picks"
"closet:527","Floyd Norman’s Closet Picks","https://www.criterion.com/films/680-rebecca","Rebecca","4","https://www.criterion.com/shop/collection/527-floyd-norman-s-closet-picks"
"closet:527","Floyd Norman’s Closet Picks","https://www.criterion.com/films/33245-malcolm-x","Malcolm X","5","https://www.criterion.com/shop/collection/527-floyd-norman-s-closet-picks"
"closet:527","Floyd Norman’s Closet Picks","https://www.criterion.com/films/653-my-man-godfrey","My Man Godfrey","6","https://www.criterion.com/shop/collection/527-floyd-norman-s-closet-picks"
"closet:628","Neal Brennan’s Closet Picks","https://www.criterion.com/films/29008-barry-lyndon","Barry Lyndon","1","https://www.criterion.com/shop/collection/628-neal-brennan-s-closet-picks"
"closet:628","Neal Brennan’s Closet Picks","https://www.criterion.com/films/28821-shampoo","Shampoo","2","https://www.criterion.com/shop/collection/628-neal-brennan-s-closet-picks"
"closet:628","Neal Brennan’s Closet Picks","https://www.criterion.com/films/29112-me-and-you-and-everyone-we-know","Me and You and Everyone We Know","3","https://www.criterion.com/shop/collection/628-neal-brennan-s-closet-picks"
"closet:628","Neal Brennan’s Closet Picks","https://www.criterion.com/films/28703-a-face-in-the-crowd","A Face in the Crowd","4","https://www.criterion.com/shop/collection/628-neal-brennan-s-closet-picks"
"closet:628","Neal Brennan’s Closet Picks","https://www.criterion.com/films/29647-paris-is-burning","Paris Is Burning","5","https://www.criterion.com/shop/collection/628-neal-brennan-s-closet-picks"
"closet:628","Neal Brennan’s Closet Picks","https://www.criterion.com/films/29007-bamboozled","Bamboozled","6","https://www.criterion.com/shop/collection/628-neal-brennan-s-closet-picks"
"closet:628","Neal Brennan’s Closet Picks","https://www.criterion.com/films/29010-bringing-up-baby","Bringing Up Baby","7","https://www.criterion.com/shop/collection/628-neal-brennan-s-closet-picks"
"closet:628","Neal Brennan’s Closet Picks","https://www.criterion.com/films/31502-menace-ii-society","Menace II Society","8","https://www.criterion.com/shop/collection/628-neal-brennan-s-closet-picks"
"closet:561","Raúl Castillo’s Closet Picks","https://www.criterion.com/films/184-le-samourai","Le samouraï","1","https://www.criterion.com/shop/collection/561-raul-castillo-s-closet-picks"
"closet:561","Raúl Castillo’s Closet Picks","https://www.criterion.com/films/381-traffic","Traffic","2","https://www.criterion.com/shop/collection/561-raul-castillo-s-closet-picks"
"closet:561","Raúl Castillo’s Closet Picks","https://www.criterion.com/films/908-f-for-fake","F for Fake","3","https://www.criterion.com/shop/collection/561-raul-castillo-s-closet-picks"
"closet:561","Raúl Castillo’s Closet Picks","https://www.criterion.com/films/28694-blow-up","Blow-Up","4","https://www.criterion.com/shop/collection/561-raul-castillo-s-closet-picks"
"closet:561","Raúl Castillo’s Closet Picks","https://www.criterion.com/films/29331-night-of-the-living-dead","Night of the Living Dead","5","https://www.criterion.com/shop/collection/561-raul-castillo-s-closet-picks"
"closet:561","Raúl Castillo’s Closet Picks","https://www.criterion.com/films/249-my-own-private-idaho","My Own Private Idaho","6","https://www.criterion.com/shop/collection/561-raul-castillo-s-closet-picks"
"closet:575","Park Chan-wook’s Closet Picks","https://www.criterion.com/films/27521-the-magician","The Magician","1","https://www.criterion.com/shop/collection/575-park-chan-wook-s-closet-picks"
"closet:575","Park Chan-wook’s Closet Picks","https://www.criterion.com/films/1454-red-desert","Red Desert","2","https://www.criterion.com/shop/collection/575-park-chan-wook-s-closet-picks"
"closet:575","Park Chan-wook’s Closet Picks","https://www.criterion.com/films/980-stagecoach","Stagecoach","3","https://www.criterion.com/shop/collection/575-park-chan-wook-s-closet-picks"
"closet:575","Park Chan-wook’s Closet Picks","https://www.criterion.com/films/27619-the-makioka-sisters","The Makioka Sisters","4","https://www.criterion.com/shop/collection/575-park-chan-wook-s-closet-picks"
"closet:575","Park Chan-wook’s Closet Picks","https://www.criterion.com/films/27561-blow-out","Blow Out","5","https://www.criterion.com/shop/collection/575-park-chan-wook-s-closet-picks"
"closet:575","Park Chan-wook’s Closet Picks","https://www.criterion.com/films/27816-les-cousins","Les cousins","6","https://www.criterion.com/shop/collection/575-park-chan-wook-s-closet-picks"
"closet:575","Park Chan-wook’s Closet Picks","https://www.criterion.com/boxsets/2648-godzilla-the-showa-era-films-1954-1975","Godzilla: The Showa-Era Films, 1954–1975","7","https://www.criterion.com/shop/collection/575-park-chan-wook-s-closet-picks"
"closet:575","Park Chan-wook’s Closet Picks","https://www.criterion.com/films/27982-life-is-sweet","Life Is Sweet","8","https://www.criterion.com/shop/collection/575-park-chan-wook-s-closet-picks"
"closet:575","Park Chan-wook’s Closet Picks","https://www.criterion.com/films/28111-la-notte","La notte","9","https://www.criterion.com/shop/collection/575-park-chan-wook-s-closet-picks"
"closet:575","Park Chan-wook’s Closet Picks","https://www.criterion.com/films/28551-riot-in-cell-block-11","Riot in Cell Block 11","10","https://www.criterion.com/shop/collection/575-park-chan-wook-s-closet-picks"
"closet:575","Park Chan-wook’s Closet Picks","https://www.criterion.com/films/27979-le-silence-de-la-mer","Le silence de la mer","11","https://www.criterion.com/shop/collection/575-park-chan-wook-s-closet-picks"
"closet:575","Park Chan-wook’s Closet Picks","https://www.criterion.com/films/345-brief-encounter","Brief Encounter","12","https://www.criterion.com/shop/collection/575-park-chan-wook-s-closet-picks"
"closet:519","Elegance Bratton’s Closet Picks","https://www.criterion.com/films/535-sid-nancy","Sid & Nancy","1","https://www.criterion.com/shop/collection/519-elegance-bratton-s-closet-picks"
"closet:519","Elegance Bratton’s Closet Picks","https://www.criterion.com/films/368-summertime","Summertime","2","https://www.criterion.com/shop/collection/519-elegance-bratton-s-closet-picks"
"closet:519","Elegance Bratton’s Closet Picks","https://www.criterion.com/films/716-ratcatcher","Ratcatcher","3","https://www.criterion.com/shop/collection/519-elegance-bratton-s-closet-picks"
"closet:519","Elegance Bratton’s Closet Picks","https://www.criterion.com/films/636-written-on-the-wind","Written on the Wind","4","https://www.criterion.com/shop/collection/519-elegance-bratton-s-closet-picks"
"closet:519","Elegance Bratton’s Closet Picks","https://www.criterion.com/films/635-all-that-heaven-allows","All That Heaven Allows","5","https://www.criterion.com/shop/collection/519-elegance-bratton-s-closet-picks"
"closet:519","Elegance Bratton’s Closet Picks","https://www.criterion.com/films/307-rashomon","Rashomon","6","https://www.criterion.com/shop/collection/519-elegance-bratton-s-closet-picks"
"closet:519","Elegance Bratton’s Closet Picks","https://www.criterion.com/boxsets/4787-melvin-van-peebles-essential-films","Melvin Van Peebles: Essential Films","7","https://www.criterion.com/shop/collection/519-elegance-bratton-s-closet-picks"
"closet:519","Elegance Bratton’s Closet Picks","https://www.criterion.com/films/29647-paris-is-burning","Paris Is Burning","8","https://www.criterion.com/shop/collection/519-elegance-bratton-s-closet-picks"
"closet:519","Elegance Bratton’s Closet Picks","https://www.criterion.com/films/29007-bamboozled","Bamboozled","9","https://www.criterion.com/shop/collection/519-elegance-bratton-s-closet-picks"
"closet:519","Elegance Bratton’s Closet Picks","https://www.criterion.com/films/248-the-battle-of-algiers","The Battle of Algiers","10","https://www.criterion.com/shop/collection/519-elegance-bratton-s-closet-picks"
"closet:519","Elegance Bratton’s Closet Picks","https://www.criterion.com/films/29162-some-like-it-hot","Some Like It Hot","11","https://www.criterion.com/shop/collection/519-elegance-bratton-s-closet-picks"
"closet:509","Marc Maron’s Closet Picks","https://www.criterion.com/films/637-gimme-shelter","Gimme Shelter","1","https://www.criterion.com/shop/collection/509-marc-maron-s-closet-picks"
"closet:509","Marc Maron’s Closet Picks","https://www.criterion.com/films/546-burden-of-dreams","Burden of Dreams","2","https://www.criterion.com/shop/collection/509-marc-maron-s-closet-picks"
"closet:509","Marc Maron’s Closet Picks","https://www.criterion.com/films/29009-being-there","Being There","3","https://www.criterion.com/shop/collection/509-marc-maron-s-closet-picks"
"closet:509","Marc Maron’s Closet Picks","https://www.criterion.com/films/28704-female-trouble","Female Trouble","4","https://www.criterion.com/shop/collection/509-marc-maron-s-closet-picks"
"closet:509","Marc Maron’s Closet Picks","https://www.criterion.com/films/28712-mccabe-mrs-miller","McCabe & Mrs. Miller","5","https://www.criterion.com/shop/collection/509-marc-maron-s-closet-picks"
"closet:509","Marc Maron’s Closet Picks","https://www.criterion.com/films/28763-the-american-friend","The American Friend","6","https://www.criterion.com/shop/collection/509-marc-maron-s-closet-picks"
"closet:509","Marc Maron’s Closet Picks","https://www.criterion.com/films/28570-my-darling-clementine","My Darling Clementine","7","https://www.criterion.com/shop/collection/509-marc-maron-s-closet-picks"
"closet:509","Marc Maron’s Closet Picks","https://www.criterion.com/films/28657-burroughs-the-movie","Burroughs: The Movie","8","https://www.criterion.com/shop/collection/509-marc-maron-s-closet-picks"
"closet:509","Marc Maron’s Closet Picks","https://www.criterion.com/films/28703-a-face-in-the-crowd","A Face in the Crowd","9","https://www.criterion.com/shop/collection/509-marc-maron-s-closet-picks"
"closet:509","Marc Maron’s Closet Picks","https://www.criterion.com/films/829-ace-in-the-hole","Ace in the Hole","10","https://www.criterion.com/shop/collection/509-marc-maron-s-closet-picks"
"closet:509","Marc Maron’s Closet Picks","https://www.criterion.com/films/28877-shame","Shame","11","https://www.criterion.com/shop/collection/509-marc-maron-s-closet-picks"
"closet:520","Charlotte Wells’s Closet Picks","https://www.criterion.com/films/30515-minding-the-gap","Minding the Gap","1","https://www.criterion.com/shop/collection/520-charlotte-wells-s-closet-picks"
"closet:520","Charlotte Wells’s Closet Picks","https://www.criterion.com/boxsets/861-david-lean-directs-noel-coward","David Lean Directs Noël Coward","2","https://www.criterion.com/shop/collection/520-charlotte-wells-s-closet-picks"
"closet:520","Charlotte Wells’s Closet Picks","https://www.criterion.com/films/510-a-woman-under-the-influence","A Woman Under the Influence","3","https://www.criterion.com/shop/collection/520-charlotte-wells-s-closet-picks"
"closet:520","Charlotte Wells’s Closet Picks","https://www.criterion.com/boxsets/691-eclipse-series-19-chantal-akerman-in-the-seventies","Eclipse Series 19: Chantal Akerman in the Seventies","4","https://www.criterion.com/shop/collection/520-charlotte-wells-s-closet-picks"
"closet:510","Sally Potter’s Closet Picks","https://www.criterion.com/boxsets/1145-the-apu-trilogy","The Apu Trilogy","1","https://www.criterion.com/shop/collection/510-sally-potter-s-closet-picks"
"closet:510","Sally Potter’s Closet Picks","https://www.criterion.com/films/28895-come-and-see","Come and See","2","https://www.criterion.com/shop/collection/510-sally-potter-s-closet-picks"
"closet:510","Sally Potter’s Closet Picks","https://www.criterion.com/films/28833-a-matter-of-life-and-death","A Matter of Life and Death","3","https://www.criterion.com/shop/collection/510-sally-potter-s-closet-picks"
"closet:510","Sally Potter’s Closet Picks","https://www.criterion.com/films/29633-dance-girl-dance","Dance, Girl, Dance","4","https://www.criterion.com/shop/collection/510-sally-potter-s-closet-picks"
"closet:510","Sally Potter’s Closet Picks","https://www.criterion.com/films/27541-fish-tank","Fish Tank","5","https://www.criterion.com/shop/collection/510-sally-potter-s-closet-picks"
"closet:510","Sally Potter’s Closet Picks","https://www.criterion.com/films/185-la-strada","La strada","6","https://www.criterion.com/shop/collection/510-sally-potter-s-closet-picks"
"closet:514","Frederick Wiseman’s Closet Picks","https://www.criterion.com/films/210-bicycle-thieves","Bicycle Thieves","1","https://www.criterion.com/shop/collection/514-frederick-wiseman-s-closet-picks"
"closet:514","Frederick Wiseman’s Closet Picks","https://www.criterion.com/films/185-la-strada","La strada","2","https://www.criterion.com/shop/collection/514-frederick-wiseman-s-closet-picks"
"closet:514","Frederick Wiseman’s Closet Picks","https://www.criterion.com/films/219-knife-in-the-water","Knife in the Water","3","https://www.criterion.com/shop/collection/514-frederick-wiseman-s-closet-picks"
"closet:514","Frederick Wiseman’s Closet Picks","https://www.criterion.com/films/719-down-by-law","Down by Law","4","https://www.criterion.com/shop/collection/514-frederick-wiseman-s-closet-picks"
"closet:514","Frederick Wiseman’s Closet Picks","https://www.criterion.com/films/27522-paths-of-glory","Paths of Glory","5","https://www.criterion.com/shop/collection/514-frederick-wiseman-s-closet-picks"
"closet:486","Cate Blanchett and Todd Field’s Closet Picks","https://www.criterion.com/films/29103-dheepan","Dheepan","1","https://www.criterion.com/shop/collection/486-cate-blanchett-and-todd-field-s-closet-picks"
"closet:486","Cate Blanchett and Todd Field’s Closet Picks","https://www.criterion.com/films/28788-in-cold-blood","In Cold Blood","2","https://www.criterion.com/shop/collection/486-cate-blanchett-and-todd-field-s-closet-picks"
"closet:486","Cate Blanchett and Todd Field’s Closet Picks","https://www.criterion.com/films/32355-devil-in-a-blue-dress","Devil in a Blue Dress","3","https://www.criterion.com/shop/collection/486-cate-blanchett-and-todd-field-s-closet-picks"
"closet:486","Cate Blanchett and Todd Field’s Closet Picks","https://www.criterion.com/films/880-wooden-crosses","Wooden Crosses","4","https://www.criterion.com/shop/collection/486-cate-blanchett-and-todd-field-s-closet-picks"
"closet:486","Cate Blanchett and Todd Field’s Closet Picks","https://www.criterion.com/films/561-the-ascent","The Ascent","5","https://www.criterion.com/shop/collection/486-cate-blanchett-and-todd-field-s-closet-picks"
"closet:486","Cate Blanchett and Todd Field’s Closet Picks","https://www.criterion.com/films/28609-tootsie","Tootsie","6","https://www.criterion.com/shop/collection/486-cate-blanchett-and-todd-field-s-closet-picks"
"closet:486","Cate Blanchett and Todd Field’s Closet Picks","https://www.criterion.com/films/547-the-cranes-are-flying","The Cranes Are Flying","7","https://www.criterion.com/shop/collection/486-cate-blanchett-and-todd-field-s-closet-picks"
"closet:486","Cate Blanchett and Todd Field’s Closet Picks","https://www.criterion.com/films/27969-my-winnipeg","My Winnipeg","8","https://www.criterion.com/shop/collection/486-cate-blanchett-and-todd-field-s-closet-picks"
"closet:486","Cate Blanchett and Todd Field’s Closet Picks","https://www.criterion.com/films/27673-letter-never-sent","Letter Never Sent","9","https://www.criterion.com/shop/collection/486-cate-blanchett-and-todd-field-s-closet-picks"
"closet:486","Cate Blanchett and Todd Field’s Closet Picks","https://www.criterion.com/films/27638-summer-with-monika","Summer with Monika","10","https://www.criterion.com/shop/collection/486-cate-blanchett-and-todd-field-s-closet-picks"
"closet:486","Cate Blanchett and Todd Field’s Closet Picks","https://www.criterion.com/boxsets/1427-ingmar-bergman-s-cinema","Ingmar Bergman’s Cinema","11","https://www.criterion.com/shop/collection/486-cate-blanchett-and-todd-field-s-closet-picks"
"closet:486","Cate Blanchett and Todd Field’s Closet Picks","https://www.criterion.com/boxsets/3626-essential-fellini","Essential Fellini","12","https://www.criterion.com/shop/collection/486-cate-blanchett-and-todd-field-s-closet-picks"
"closet:486","Cate Blanchett and Todd Field’s Closet Picks","https://www.criterion.com/films/352-haxan","Häxan","13","https://www.criterion.com/shop/collection/486-cate-blanchett-and-todd-field-s-closet-picks"
"closet:486","Cate Blanchett and Todd Field’s Closet Picks","https://www.criterion.com/films/27848-a-man-escaped","A Man Escaped","14","https://www.criterion.com/shop/collection/486-cate-blanchett-and-todd-field-s-closet-picks"
"closet:486","Cate Blanchett and Todd Field’s Closet Picks","https://www.criterion.com/films/28646-a-master-builder","A Master Builder","15","https://www.criterion.com/shop/collection/486-cate-blanchett-and-todd-field-s-closet-picks"
"closet:486","Cate Blanchett and Todd Field’s Closet Picks","https://www.criterion.com/films/1093-my-dinner-with-andre","My Dinner with André","16","https://www.criterion.com/shop/collection/486-cate-blanchett-and-todd-field-s-closet-picks"
"closet:535","Cauleen Smith’s Closet Picks","https://www.criterion.com/films/286-do-the-right-thing","Do the Right Thing","1","https://www.criterion.com/shop/collection/535-cauleen-smith-s-closet-picks"
"closet:535","Cauleen Smith’s Closet Picks","https://www.criterion.com/boxsets/77-la-jetee-sans-soleil","La Jetée/Sans Soleil","2","https://www.criterion.com/shop/collection/535-cauleen-smith-s-closet-picks"
"closet:535","Cauleen Smith’s Closet Picks","https://www.criterion.com/films/28229-the-flavor-of-green-tea-over-rice","The Flavor of Green Tea over Rice","3","https://www.criterion.com/shop/collection/535-cauleen-smith-s-closet-picks"
"closet:535","Cauleen Smith’s Closet Picks","https://www.criterion.com/boxsets/855-eclipse-series-31-three-popular-films-by-jean-pierre-gorin","Eclipse Series 31: Three Popular Films by Jean-Pierre Gorin","4","https://www.criterion.com/shop/collection/535-cauleen-smith-s-closet-picks"
"closet:535","Cauleen Smith’s Closet Picks","https://www.criterion.com/films/28150-stalker","Stalker","5","https://www.criterion.com/shop/collection/535-cauleen-smith-s-closet-picks"
"closet:535","Cauleen Smith’s Closet Picks","https://www.criterion.com/films/28694-blow-up","Blow-Up","6","https://www.criterion.com/shop/collection/535-cauleen-smith-s-closet-picks"
"closet:535","Cauleen Smith’s Closet Picks","https://www.criterion.com/films/29219-the-color-of-pomegranates","The Color of Pomegranates","7","https://www.criterion.com/shop/collection/535-cauleen-smith-s-closet-picks"
"closet:535","Cauleen Smith’s Closet Picks","https://www.criterion.com/films/28849-black-girl","Black Girl","8","https://www.criterion.com/shop/collection/535-cauleen-smith-s-closet-picks"
"closet:535","Cauleen Smith’s Closet Picks","https://www.criterion.com/films/29567-to-sleep-with-anger","To Sleep with Anger","9","https://www.criterion.com/shop/collection/535-cauleen-smith-s-closet-picks"
"closet:535","Cauleen Smith’s Closet Picks","https://www.criterion.com/films/751-symbiopsychotaxiplasm-two-takes-by-william-greaves","Symbiopsychotaxiplasm: Two Takes by William Greaves","10","https://www.criterion.com/shop/collection/535-cauleen-smith-s-closet-picks"
"closet:535","Cauleen Smith’s Closet Picks","https://www.criterion.com/films/29368-the-princess-bride","The Princess Bride","11","https://www.criterion.com/shop/collection/535-cauleen-smith-s-closet-picks"
"closet:517","Vicky Krieps’s Closet Picks","https://www.criterion.com/films/28704-female-trouble","Female Trouble","1","https://www.criterion.com/shop/collection/517-vicky-krieps-s-closet-picks"
"closet:517","Vicky Krieps’s Closet Picks","https://www.criterion.com/films/353-ikiru","Ikiru","2","https://www.criterion.com/shop/collection/517-vicky-krieps-s-closet-picks"
"closet:517","Vicky Krieps’s Closet Picks","https://www.criterion.com/films/314-dazed-and-confused","Dazed and Confused","3","https://www.criterion.com/shop/collection/517-vicky-krieps-s-closet-picks"
"closet:517","Vicky Krieps’s Closet Picks","https://www.criterion.com/films/29144-blue-velvet","Blue Velvet","4","https://www.criterion.com/shop/collection/517-vicky-krieps-s-closet-picks"
"closet:517","Vicky Krieps’s Closet Picks","https://www.criterion.com/films/28075-la-vie-de-jesus","La vie de Jésus","5","https://www.criterion.com/shop/collection/517-vicky-krieps-s-closet-picks"
"closet:517","Vicky Krieps’s Closet Picks","https://www.criterion.com/films/30223-la-piscine","La piscine","6","https://www.criterion.com/shop/collection/517-vicky-krieps-s-closet-picks"
"closet:517","Vicky Krieps’s Closet Picks","https://www.criterion.com/films/185-la-strada","La strada","7","https://www.criterion.com/shop/collection/517-vicky-krieps-s-closet-picks"
"closet:515","Elvis Mitchell’s Closet Picks","https://www.criterion.com/films/28827-husbands","Husbands","1","https://www.criterion.com/shop/collection/515-elvis-mitchell-s-closet-picks"
"closet:515","Elvis Mitchell’s Closet Picks","https://www.criterion.com/boxsets/4787-melvin-van-peebles-essential-films","Melvin Van Peebles: Essential Films","2","https://www.criterion.com/shop/collection/515-elvis-mitchell-s-closet-picks"
"closet:515","Elvis Mitchell’s Closet Picks","https://www.criterion.com/films/29031--round-midnight","’Round Midnight","3","https://www.criterion.com/shop/collection/515-elvis-mitchell-s-closet-picks"
"closet:515","Elvis Mitchell’s Closet Picks","https://www.criterion.com/films/29567-to-sleep-with-anger","To Sleep with Anger","4","https://www.criterion.com/shop/collection/515-elvis-mitchell-s-closet-picks"
"closet:515","Elvis Mitchell’s Closet Picks","https://www.criterion.com/films/31501-love-jones","love jones","5","https://www.criterion.com/shop/collection/515-elvis-mitchell-s-closet-picks"
"closet:515","Elvis Mitchell’s Closet Picks","https://www.criterion.com/films/30204-the-parallax-view","The Parallax View","6","https://www.criterion.com/shop/collection/515-elvis-mitchell-s-closet-picks"
"closet:515","Elvis Mitchell’s Closet Picks","https://www.criterion.com/films/29604-miller-s-crossing","Miller’s Crossing","7","https://www.criterion.com/shop/collection/515-elvis-mitchell-s-closet-picks"
"closet:516","Rodrigo Prieto’s Closet Picks","https://www.criterion.com/films/30908-amores-perros","Amores perros","1","https://www.criterion.com/shop/collection/516-rodrigo-prieto-s-closet-picks"
"closet:516","Rodrigo Prieto’s Closet Picks","https://www.criterion.com/films/29101-women-on-the-verge-of-a-nervous-breakdown","Women on the Verge of a Nervous Breakdown","2","https://www.criterion.com/shop/collection/516-rodrigo-prieto-s-closet-picks"
"closet:516","Rodrigo Prieto’s Closet Picks","https://www.criterion.com/films/629-kwaidan","Kwaidan","3","https://www.criterion.com/shop/collection/516-rodrigo-prieto-s-closet-picks"
"closet:516","Rodrigo Prieto’s Closet Picks","https://www.criterion.com/films/29158-raging-bull","Raging Bull","4","https://www.criterion.com/shop/collection/516-rodrigo-prieto-s-closet-picks"
"closet:516","Rodrigo Prieto’s Closet Picks","https://www.criterion.com/films/28993-rumble-fish","Rumble Fish","5","https://www.criterion.com/shop/collection/516-rodrigo-prieto-s-closet-picks"
"closet:516","Rodrigo Prieto’s Closet Picks","https://www.criterion.com/films/29081-after-life","After Life","6","https://www.criterion.com/shop/collection/516-rodrigo-prieto-s-closet-picks"
"closet:492","Gina Prince-Bythewood's Closet Picks","https://www.criterion.com/films/31500-love-basketball","Love & Basketball","1","https://www.criterion.com/shop/collection/492-gina-prince-bythewood-s-closet-picks"
"closet:492","Gina Prince-Bythewood's Closet Picks","https://www.criterion.com/films/344-black-orpheus","Black Orpheus","2","https://www.criterion.com/shop/collection/492-gina-prince-bythewood-s-closet-picks"
"closet:492","Gina Prince-Bythewood's Closet Picks","https://www.criterion.com/films/198-in-the-mood-for-love","In the Mood for Love","3","https://www.criterion.com/shop/collection/492-gina-prince-bythewood-s-closet-picks"
"closet:492","Gina Prince-Bythewood's Closet Picks","https://www.criterion.com/films/27535-broadcast-news","Broadcast News","4","https://www.criterion.com/shop/collection/492-gina-prince-bythewood-s-closet-picks"
"closet:492","Gina Prince-Bythewood's Closet Picks","https://www.criterion.com/films/29148-a-dry-white-season","A Dry White Season","5","https://www.criterion.com/shop/collection/492-gina-prince-bythewood-s-closet-picks"
"closet:492","Gina Prince-Bythewood's Closet Picks","https://www.criterion.com/boxsets/558-john-cassavetes-five-films","John Cassavetes: Five Films","6","https://www.criterion.com/shop/collection/492-gina-prince-bythewood-s-closet-picks"
"closet:492","Gina Prince-Bythewood's Closet Picks","https://www.criterion.com/films/716-ratcatcher","Ratcatcher","7","https://www.criterion.com/shop/collection/492-gina-prince-bythewood-s-closet-picks"
"closet:492","Gina Prince-Bythewood's Closet Picks","https://www.criterion.com/films/27541-fish-tank","Fish Tank","8","https://www.criterion.com/shop/collection/492-gina-prince-bythewood-s-closet-picks"
"closet:492","Gina Prince-Bythewood's Closet Picks","https://www.criterion.com/films/32355-devil-in-a-blue-dress","Devil in a Blue Dress","9","https://www.criterion.com/shop/collection/492-gina-prince-bythewood-s-closet-picks"
"closet:492","Gina Prince-Bythewood's Closet Picks","https://www.criterion.com/films/29599-claudine","Claudine","10","https://www.criterion.com/shop/collection/492-gina-prince-bythewood-s-closet-picks"
"closet:492","Gina Prince-Bythewood's Closet Picks","https://www.criterion.com/films/215-fear-and-loathing-in-las-vegas","Fear and Loathing in Las Vegas","11","https://www.criterion.com/shop/collection/492-gina-prince-bythewood-s-closet-picks"
"closet:492","Gina Prince-Bythewood's Closet Picks","https://www.criterion.com/films/28899-an-actor-s-revenge","An Actor’s Revenge","12","https://www.criterion.com/shop/collection/492-gina-prince-bythewood-s-closet-picks"
"closet:521","John Darnielle’s Closet Picks","https://www.criterion.com/boxsets/40-the-samurai-trilogy","The Samurai Trilogy","1","https://www.criterion.com/shop/collection/521-john-darnielle-s-closet-picks"
"closet:521","John Darnielle’s Closet Picks","https://www.criterion.com/films/30212-original-cast-album-company","Original Cast Album: “Company”","2","https://www.criterion.com/shop/collection/521-john-darnielle-s-closet-picks"
"closet:521","John Darnielle’s Closet Picks","https://www.criterion.com/films/687-salvatore-giuliano","Salvatore Giuliano","3","https://www.criterion.com/shop/collection/521-john-darnielle-s-closet-picks"
"closet:521","John Darnielle’s Closet Picks","https://www.criterion.com/films/366-richard-iii","Richard III","4","https://www.criterion.com/shop/collection/521-john-darnielle-s-closet-picks"
"closet:521","John Darnielle’s Closet Picks","https://www.criterion.com/films/948-kagemusha","Kagemusha","5","https://www.criterion.com/shop/collection/521-john-darnielle-s-closet-picks"
"closet:521","John Darnielle’s Closet Picks","https://www.criterion.com/boxsets/4431-the-signifyin-works-of-marlon-riggs","The Signifyin’ Works of Marlon Riggs","6","https://www.criterion.com/shop/collection/521-john-darnielle-s-closet-picks"
"closet:521","John Darnielle’s Closet Picks","https://www.criterion.com/boxsets/3205-bruce-lee-his-greatest-hits","Bruce Lee: His Greatest Hits","7","https://www.criterion.com/shop/collection/521-john-darnielle-s-closet-picks"
"closet:521","John Darnielle’s Closet Picks","https://www.criterion.com/films/946-youth-of-the-beast","Youth of the Beast","8","https://www.criterion.com/shop/collection/521-john-darnielle-s-closet-picks"
"closet:521","John Darnielle’s Closet Picks","https://www.criterion.com/films/28240-the-ballad-of-narayama","The Ballad of Narayama","9","https://www.criterion.com/shop/collection/521-john-darnielle-s-closet-picks"
"closet:487","Kyle MacLachlan’s Closet Picks","https://www.criterion.com/films/28832-sex-lies-and-videotape","sex, lies, and videotape","1","https://www.criterion.com/shop/collection/487-kyle-maclachlan-s-closet-picks"
"closet:487","Kyle MacLachlan’s Closet Picks","https://www.criterion.com/films/628-le-cercle-rouge","Le cercle rouge","2","https://www.criterion.com/shop/collection/487-kyle-maclachlan-s-closet-picks"
"closet:487","Kyle MacLachlan’s Closet Picks","https://www.criterion.com/films/28784-the-manchurian-candidate","The Manchurian Candidate","3","https://www.criterion.com/shop/collection/487-kyle-maclachlan-s-closet-picks"
"closet:487","Kyle MacLachlan’s Closet Picks","https://www.criterion.com/films/29009-being-there","Being There","4","https://www.criterion.com/shop/collection/487-kyle-maclachlan-s-closet-picks"
"closet:487","Kyle MacLachlan’s Closet Picks","https://www.criterion.com/films/30124-roma","Roma","5","https://www.criterion.com/shop/collection/487-kyle-maclachlan-s-closet-picks"
"closet:487","Kyle MacLachlan’s Closet Picks","https://www.criterion.com/films/29677-the-elephant-man","The Elephant Man","6","https://www.criterion.com/shop/collection/487-kyle-maclachlan-s-closet-picks"
"closet:487","Kyle MacLachlan’s Closet Picks","https://www.criterion.com/films/29144-blue-velvet","Blue Velvet","7","https://www.criterion.com/shop/collection/487-kyle-maclachlan-s-closet-picks"
"closet:511","Ron Shelton’s Closet Picks","https://www.criterion.com/films/358-the-lady-vanishes","The Lady Vanishes","1","https://www.criterion.com/shop/collection/511-ron-shelton-s-closet-picks"
"closet:511","Ron Shelton’s Closet Picks","https://www.criterion.com/films/730-straw-dogs","Straw Dogs","2","https://www.criterion.com/shop/collection/511-ron-shelton-s-closet-picks"
"closet:511","Ron Shelton’s Closet Picks","https://www.criterion.com/films/28406-badlands","Badlands","3","https://www.criterion.com/shop/collection/511-ron-shelton-s-closet-picks"
"closet:511","Ron Shelton’s Closet Picks","https://www.criterion.com/films/29162-some-like-it-hot","Some Like It Hot","4","https://www.criterion.com/shop/collection/511-ron-shelton-s-closet-picks"
"closet:511","Ron Shelton’s Closet Picks","https://www.criterion.com/films/27903-his-girl-friday","His Girl Friday","5","https://www.criterion.com/shop/collection/511-ron-shelton-s-closet-picks"
"closet:511","Ron Shelton’s Closet Picks","https://www.criterion.com/films/27899-on-the-waterfront","On the Waterfront","6","https://www.criterion.com/shop/collection/511-ron-shelton-s-closet-picks"
"closet:494","Saul Williams and Anisia Uzeyman’s Closet Picks","https://www.criterion.com/films/240-videodrome","Videodrome","1","https://www.criterion.com/shop/collection/494-saul-williams-and-anisia-uzeyman-s-closet-picks"
"closet:494","Saul Williams and Anisia Uzeyman’s Closet Picks","https://www.criterion.com/films/286-do-the-right-thing","Do the Right Thing","2","https://www.criterion.com/shop/collection/494-saul-williams-and-anisia-uzeyman-s-closet-picks"
"closet:494","Saul Williams and Anisia Uzeyman’s Closet Picks","https://www.criterion.com/films/28894-mirror","Mirror","3","https://www.criterion.com/shop/collection/494-saul-williams-and-anisia-uzeyman-s-closet-picks"
"closet:494","Saul Williams and Anisia Uzeyman’s Closet Picks","https://www.criterion.com/films/32170-time","Time","4","https://www.criterion.com/shop/collection/494-saul-williams-and-anisia-uzeyman-s-closet-picks"
"closet:494","Saul Williams and Anisia Uzeyman’s Closet Picks","https://www.criterion.com/films/198-in-the-mood-for-love","In the Mood for Love","5","https://www.criterion.com/shop/collection/494-saul-williams-and-anisia-uzeyman-s-closet-picks"
"closet:494","Saul Williams and Anisia Uzeyman’s Closet Picks","https://www.criterion.com/films/28412-touki-bouki","Touki bouki","6","https://www.criterion.com/shop/collection/494-saul-williams-and-anisia-uzeyman-s-closet-picks"
"closet:494","Saul Williams and Anisia Uzeyman’s Closet Picks","https://www.criterion.com/boxsets/916-trilogy-of-life","Trilogy of Life","7","https://www.criterion.com/shop/collection/494-saul-williams-and-anisia-uzeyman-s-closet-picks"
"closet:539","Minnie Driver’s Closet Picks","https://www.criterion.com/films/29596-all-about-eve","All About Eve","1","https://www.criterion.com/shop/collection/539-minnie-driver-s-closet-picks"
"closet:539","Minnie Driver’s Closet Picks","https://www.criterion.com/films/29079-betty-blue","Betty Blue","2","https://www.criterion.com/shop/collection/539-minnie-driver-s-closet-picks"
"closet:539","Minnie Driver’s Closet Picks","https://www.criterion.com/films/742-an-angel-at-my-table","An Angel at My Table","3","https://www.criterion.com/shop/collection/539-minnie-driver-s-closet-picks"
"closet:539","Minnie Driver’s Closet Picks","https://www.criterion.com/films/31917-uncut-gems","Uncut Gems","4","https://www.criterion.com/shop/collection/539-minnie-driver-s-closet-picks"
"closet:539","Minnie Driver’s Closet Picks","https://www.criterion.com/films/719-down-by-law","Down by Law","5","https://www.criterion.com/shop/collection/539-minnie-driver-s-closet-picks"
"closet:539","Minnie Driver’s Closet Picks","https://www.criterion.com/films/28045-la-cage-aux-folles","La Cage aux Folles","6","https://www.criterion.com/shop/collection/539-minnie-driver-s-closet-picks"
"closet:493","Wilco’s Closet Picks","https://www.criterion.com/films/29009-being-there","Being There","1","https://www.criterion.com/shop/collection/493-wilco-s-closet-picks"
"closet:493","Wilco’s Closet Picks","https://www.criterion.com/films/28755-a-poem-is-a-naked-person","A Poem Is a Naked Person","2","https://www.criterion.com/shop/collection/493-wilco-s-closet-picks"
"closet:493","Wilco’s Closet Picks","https://www.criterion.com/films/28993-rumble-fish","Rumble Fish","3","https://www.criterion.com/shop/collection/493-wilco-s-closet-picks"
"closet:493","Wilco’s Closet Picks","https://www.criterion.com/films/28909-heart-of-a-dog","Heart of a Dog","4","https://www.criterion.com/shop/collection/493-wilco-s-closet-picks"
"closet:493","Wilco’s Closet Picks","https://www.criterion.com/films/30204-the-parallax-view","The Parallax View","5","https://www.criterion.com/shop/collection/493-wilco-s-closet-picks"
"closet:493","Wilco’s Closet Picks","https://www.criterion.com/films/27969-my-winnipeg","My Winnipeg","6","https://www.criterion.com/shop/collection/493-wilco-s-closet-picks"
"closet:493","Wilco’s Closet Picks","https://www.criterion.com/films/31036-rolling-thunder-revue-a-bob-dylan-story-by-martin-scorsese","Rolling Thunder Revue: A Bob Dylan Story by Martin Scorsese","7","https://www.criterion.com/shop/collection/493-wilco-s-closet-picks"
"closet:493","Wilco’s Closet Picks","https://www.criterion.com/films/760-le-deuxieme-souffle","Le deuxième souffle","8","https://www.criterion.com/shop/collection/493-wilco-s-closet-picks"
"closet:493","Wilco’s Closet Picks","https://www.criterion.com/boxsets/769-america-lost-and-found-the-bbs-story","America Lost and Found: The BBS Story","9","https://www.criterion.com/shop/collection/493-wilco-s-closet-picks"
"closet:493","Wilco’s Closet Picks","https://www.criterion.com/boxsets/521-eclipse-series-9-the-delirious-fictions-of-william-klein","Eclipse Series 9: The Delirious Fictions of William Klein","10","https://www.criterion.com/shop/collection/493-wilco-s-closet-picks"
"closet:483","Sarita Choudhury’s Closet Picks","https://www.criterion.com/films/284-tokyo-story","Tokyo Story","1","https://www.criterion.com/shop/collection/483-sarita-choudhury-s-closet-picks"
"closet:483","Sarita Choudhury’s Closet Picks","https://www.criterion.com/films/928-l-eclisse","L’eclisse","2","https://www.criterion.com/shop/collection/483-sarita-choudhury-s-closet-picks"
"closet:483","Sarita Choudhury’s Closet Picks","https://www.criterion.com/films/28044-my-beautiful-laundrette","My Beautiful Laundrette","3","https://www.criterion.com/shop/collection/483-sarita-choudhury-s-closet-picks"
"closet:483","Sarita Choudhury’s Closet Picks","https://www.criterion.com/films/28448-the-big-city","The Big City","4","https://www.criterion.com/shop/collection/483-sarita-choudhury-s-closet-picks"
"closet:483","Sarita Choudhury’s Closet Picks","https://www.criterion.com/films/28449-the-hero","The Hero","5","https://www.criterion.com/shop/collection/483-sarita-choudhury-s-closet-picks"
"closet:483","Sarita Choudhury’s Closet Picks","https://www.criterion.com/films/28659-a-special-day","A Special Day","6","https://www.criterion.com/shop/collection/483-sarita-choudhury-s-closet-picks"
"closet:483","Sarita Choudhury’s Closet Picks","https://www.criterion.com/films/28698-day-for-night","Day for Night","7","https://www.criterion.com/shop/collection/483-sarita-choudhury-s-closet-picks"
"closet:483","Sarita Choudhury’s Closet Picks","https://www.criterion.com/films/31084-working-girls","Working Girls","8","https://www.criterion.com/shop/collection/483-sarita-choudhury-s-closet-picks"
"closet:483","Sarita Choudhury’s Closet Picks","https://www.criterion.com/boxsets/916-trilogy-of-life","Trilogy of Life","9","https://www.criterion.com/shop/collection/483-sarita-choudhury-s-closet-picks"
"closet:482","Charlotte Gainsbourg’s Closet Picks","https://www.criterion.com/films/815-green-for-danger","Green for Danger","1","https://www.criterion.com/shop/collection/482-charlotte-gainsbourg-s-closet-picks"
"closet:482","Charlotte Gainsbourg’s Closet Picks","https://www.criterion.com/films/27524-antichrist","Antichrist","2","https://www.criterion.com/shop/collection/482-charlotte-gainsbourg-s-closet-picks"
"closet:482","Charlotte Gainsbourg’s Closet Picks","https://www.criterion.com/films/27525-the-night-of-the-hunter","The Night of the Hunter","3","https://www.criterion.com/shop/collection/482-charlotte-gainsbourg-s-closet-picks"
"closet:482","Charlotte Gainsbourg’s Closet Picks","https://www.criterion.com/films/27949-belle-de-jour","Belle de jour","4","https://www.criterion.com/shop/collection/482-charlotte-gainsbourg-s-closet-picks"
"closet:482","Charlotte Gainsbourg’s Closet Picks","https://www.criterion.com/films/28055-being-john-malkovich","Being John Malkovich","5","https://www.criterion.com/shop/collection/482-charlotte-gainsbourg-s-closet-picks"
"closet:482","Charlotte Gainsbourg’s Closet Picks","https://www.criterion.com/boxsets/3432-the-complete-films-of-agnes-varda","The Complete Films of Agnès Varda","6","https://www.criterion.com/shop/collection/482-charlotte-gainsbourg-s-closet-picks"
"closet:560","Agnès B.’s Closet Picks","https://www.criterion.com/films/31590-lost-highway","Lost Highway","1","https://www.criterion.com/shop/collection/560-agnes-b-s-closet-picks"
"closet:560","Agnès B.’s Closet Picks","https://www.criterion.com/films/28690-the-asphalt-jungle","The Asphalt Jungle","2","https://www.criterion.com/shop/collection/560-agnes-b-s-closet-picks"
"closet:560","Agnès B.’s Closet Picks","https://www.criterion.com/films/28660-teorema","Teorema","3","https://www.criterion.com/shop/collection/560-agnes-b-s-closet-picks"
"closet:560","Agnès B.’s Closet Picks","https://www.criterion.com/films/27658-cul-de-sac","Cul-de-sac","4","https://www.criterion.com/shop/collection/560-agnes-b-s-closet-picks"
"closet:560","Agnès B.’s Closet Picks","https://www.criterion.com/films/27525-the-night-of-the-hunter","The Night of the Hunter","5","https://www.criterion.com/shop/collection/560-agnes-b-s-closet-picks"
"closet:560","Agnès B.’s Closet Picks","https://www.criterion.com/films/29569-all-about-my-mother","All About My Mother","6","https://www.criterion.com/shop/collection/560-agnes-b-s-closet-picks"
"closet:560","Agnès B.’s Closet Picks","https://www.criterion.com/boxsets/3432-the-complete-films-of-agnes-varda","The Complete Films of Agnès Varda","7","https://www.criterion.com/shop/collection/560-agnes-b-s-closet-picks"
"closet:484","Renate Reinsve’s Closet Picks","https://www.criterion.com/films/229-pickpocket","Pickpocket","1","https://www.criterion.com/shop/collection/484-renate-reinsve-s-closet-picks"
"closet:484","Renate Reinsve’s Closet Picks","https://www.criterion.com/films/27559-white-material","White Material","2","https://www.criterion.com/shop/collection/484-renate-reinsve-s-closet-picks"
"closet:484","Renate Reinsve’s Closet Picks","https://www.criterion.com/films/28050-mulholland-dr","Mulholland Dr.","3","https://www.criterion.com/shop/collection/484-renate-reinsve-s-closet-picks"
"closet:484","Renate Reinsve’s Closet Picks","https://www.criterion.com/films/28353-certified-copy","Certified Copy","4","https://www.criterion.com/shop/collection/484-renate-reinsve-s-closet-picks"
"closet:484","Renate Reinsve’s Closet Picks","https://www.criterion.com/films/28739-the-piano-teacher","The Piano Teacher","5","https://www.criterion.com/shop/collection/484-renate-reinsve-s-closet-picks"
"closet:484","Renate Reinsve’s Closet Picks","https://www.criterion.com/films/28894-mirror","Mirror","6","https://www.criterion.com/shop/collection/484-renate-reinsve-s-closet-picks"
"closet:484","Renate Reinsve’s Closet Picks","https://www.criterion.com/boxsets/89-a-film-trilogy-by-ingmar-bergman","A Film Trilogy by Ingmar Bergman","7","https://www.criterion.com/shop/collection/484-renate-reinsve-s-closet-picks"
"closet:484","Renate Reinsve’s Closet Picks","https://www.criterion.com/boxsets/540-stage-and-spectacle-three-films-by-jean-renoir","Stage and Spectacle: Three Films by Jean Renoir","8","https://www.criterion.com/shop/collection/484-renate-reinsve-s-closet-picks"
"closet:484","Renate Reinsve’s Closet Picks","https://www.criterion.com/boxsets/947-pierre-etaix","Pierre Etaix","9","https://www.criterion.com/shop/collection/484-renate-reinsve-s-closet-picks"
"closet:480","Theodore Witcher’s Closet Picks","https://www.criterion.com/films/218-jules-and-jim","Jules and Jim","1","https://www.criterion.com/shop/collection/480-theodore-witcher-s-closet-picks"
"closet:480","Theodore Witcher’s Closet Picks","https://www.criterion.com/films/295-the-rules-of-the-game","The Rules of the Game","2","https://www.criterion.com/shop/collection/480-theodore-witcher-s-closet-picks"
"closet:480","Theodore Witcher’s Closet Picks","https://www.criterion.com/films/682-notorious","Notorious","3","https://www.criterion.com/shop/collection/480-theodore-witcher-s-closet-picks"
"closet:480","Theodore Witcher’s Closet Picks","https://www.criterion.com/films/28555-blind-chance","Blind Chance","4","https://www.criterion.com/shop/collection/480-theodore-witcher-s-closet-picks"
"closet:480","Theodore Witcher’s Closet Picks","https://www.criterion.com/films/31499-deep-cover","Deep Cover","5","https://www.criterion.com/shop/collection/480-theodore-witcher-s-closet-picks"
"closet:480","Theodore Witcher’s Closet Picks","https://www.criterion.com/boxsets/89-a-film-trilogy-by-ingmar-bergman","A Film Trilogy by Ingmar Bergman","6","https://www.criterion.com/shop/collection/480-theodore-witcher-s-closet-picks"
"closet:480","Theodore Witcher’s Closet Picks","https://www.criterion.com/films/298-late-spring","Late Spring","7","https://www.criterion.com/shop/collection/480-theodore-witcher-s-closet-picks"
"closet:421","Kemp Powers’s Closet Picks","https://www.criterion.com/films/27534-cronos","Cronos","1","https://www.criterion.com/shop/collection/421-kemp-powers-s-closet-picks"
"closet:421","Kemp Powers’s Closet Picks","https://www.criterion.com/films/27871-12-angry-men","12 Angry Men","2","https://www.criterion.com/shop/collection/421-kemp-powers-s-closet-picks"
"closet:421","Kemp Powers’s Closet Picks","https://www.criterion.com/films/28620-watership-down","Watership Down","3","https://www.criterion.com/shop/collection/421-kemp-powers-s-closet-picks"
"closet:421","Kemp Powers’s Closet Picks","https://www.criterion.com/films/29461-matewan","Matewan","4","https://www.criterion.com/shop/collection/421-kemp-powers-s-closet-picks"
"closet:421","Kemp Powers’s Closet Picks","https://www.criterion.com/films/31499-deep-cover","Deep Cover","5","https://www.criterion.com/shop/collection/421-kemp-powers-s-closet-picks"
"closet:421","Kemp Powers’s Closet Picks","https://www.criterion.com/films/32171-one-night-in-miami","One Night in Miami . . .","6","https://www.criterion.com/shop/collection/421-kemp-powers-s-closet-picks"
"closet:426","Colin Quinn’s Closet Picks","https://www.criterion.com/films/220-naked","Naked","1","https://www.criterion.com/shop/collection/426-colin-quinn-s-closet-picks"
"closet:426","Colin Quinn’s Closet Picks","https://www.criterion.com/films/648-mona-lisa","Mona Lisa","2","https://www.criterion.com/shop/collection/426-colin-quinn-s-closet-picks"
"closet:426","Colin Quinn’s Closet Picks","https://www.criterion.com/films/727-my-life-as-a-dog","My Life as a Dog","3","https://www.criterion.com/shop/collection/426-colin-quinn-s-closet-picks"
"closet:426","Colin Quinn’s Closet Picks","https://www.criterion.com/films/28039-roma","Roma","4","https://www.criterion.com/shop/collection/426-colin-quinn-s-closet-picks"
"closet:426","Colin Quinn’s Closet Picks","https://www.criterion.com/films/28093-le-petit-soldat","Le petit soldat","5","https://www.criterion.com/shop/collection/426-colin-quinn-s-closet-picks"
"closet:426","Colin Quinn’s Closet Picks","https://www.criterion.com/films/28777-something-wild","Something Wild","6","https://www.criterion.com/shop/collection/426-colin-quinn-s-closet-picks"
"closet:426","Colin Quinn’s Closet Picks","https://www.criterion.com/films/29044-smithereens","Smithereens","7","https://www.criterion.com/shop/collection/426-colin-quinn-s-closet-picks"
"closet:426","Colin Quinn’s Closet Picks","https://www.criterion.com/films/29599-claudine","Claudine","8","https://www.criterion.com/shop/collection/426-colin-quinn-s-closet-picks"
"closet:481","Garrett Bradley’s Closet Picks","https://www.criterion.com/films/248-the-battle-of-algiers","The Battle of Algiers","1","https://www.criterion.com/shop/collection/481-garrett-bradley-s-closet-picks"
"closet:481","Garrett Bradley’s Closet Picks","https://www.criterion.com/films/567-oliver-twist","Oliver Twist","2","https://www.criterion.com/shop/collection/481-garrett-bradley-s-closet-picks"
"closet:481","Garrett Bradley’s Closet Picks","https://www.criterion.com/films/27848-a-man-escaped","A Man Escaped","3","https://www.criterion.com/shop/collection/481-garrett-bradley-s-closet-picks"
"closet:481","Garrett Bradley’s Closet Picks","https://www.criterion.com/films/28686-dressed-to-kill","Dressed to Kill","4","https://www.criterion.com/shop/collection/481-garrett-bradley-s-closet-picks"
"closet:481","Garrett Bradley’s Closet Picks","https://www.criterion.com/films/28700-akira-kurosawa-s-dreams","Akira Kurosawa’s Dreams","5","https://www.criterion.com/shop/collection/481-garrett-bradley-s-closet-picks"
"closet:481","Garrett Bradley’s Closet Picks","https://www.criterion.com/films/29079-betty-blue","Betty Blue","6","https://www.criterion.com/shop/collection/481-garrett-bradley-s-closet-picks"
"closet:481","Garrett Bradley’s Closet Picks","https://www.criterion.com/films/29154-moonstruck","Moonstruck","7","https://www.criterion.com/shop/collection/481-garrett-bradley-s-closet-picks"
"closet:481","Garrett Bradley’s Closet Picks","https://www.criterion.com/films/31500-love-basketball","Love & Basketball","8","https://www.criterion.com/shop/collection/481-garrett-bradley-s-closet-picks"
"closet:481","Garrett Bradley’s Closet Picks","https://www.criterion.com/films/543-high-and-low","High and Low","9","https://www.criterion.com/shop/collection/481-garrett-bradley-s-closet-picks"
"closet:481","Garrett Bradley’s Closet Picks","https://www.criterion.com/boxsets/1186-wim-wenders-the-road-trilogy","Wim Wenders: The Road Trilogy","10","https://www.criterion.com/shop/collection/481-garrett-bradley-s-closet-picks"
"closet:481","Garrett Bradley’s Closet Picks","https://www.criterion.com/boxsets/4787-melvin-van-peebles-essential-films","Melvin Van Peebles: Essential Films","11","https://www.criterion.com/shop/collection/481-garrett-bradley-s-closet-picks"
"closet:481","Garrett Bradley’s Closet Picks","https://www.criterion.com/films/28603-blue-is-the-warmest-color","Blue Is the Warmest Color","12","https://www.criterion.com/shop/collection/481-garrett-bradley-s-closet-picks"
"closet:481","Garrett Bradley’s Closet Picks","https://www.criterion.com/boxsets/4431-the-signifyin-works-of-marlon-riggs","The Signifyin’ Works of Marlon Riggs","13","https://www.criterion.com/shop/collection/481-garrett-bradley-s-closet-picks"
"closet:481","Garrett Bradley’s Closet Picks","https://www.criterion.com/boxsets/382-rebel-samurai-sixties-swordplay-classics","Rebel Samurai: Sixties Swordplay Classics","14","https://www.criterion.com/shop/collection/481-garrett-bradley-s-closet-picks"
"closet:427","Nathan Lane’s Closet Picks","https://www.criterion.com/films/654-rififi","Rififi","1","https://www.criterion.com/shop/collection/427-nathan-lane-s-closet-picks"
"closet:427","Nathan Lane’s Closet Picks","https://www.criterion.com/films/878-heaven-can-wait","Heaven Can Wait","2","https://www.criterion.com/shop/collection/427-nathan-lane-s-closet-picks"
"closet:427","Nathan Lane’s Closet Picks","https://www.criterion.com/films/27525-the-night-of-the-hunter","The Night of the Hunter","3","https://www.criterion.com/shop/collection/427-nathan-lane-s-closet-picks"
"closet:427","Nathan Lane’s Closet Picks","https://www.criterion.com/films/27542-sweet-smell-of-success","Sweet Smell of Success","4","https://www.criterion.com/shop/collection/427-nathan-lane-s-closet-picks"
"closet:427","Nathan Lane’s Closet Picks","https://www.criterion.com/films/27566-the-kid","The Kid","5","https://www.criterion.com/shop/collection/427-nathan-lane-s-closet-picks"
"closet:427","Nathan Lane’s Closet Picks","https://www.criterion.com/films/27805-bitter-rice","Bitter Rice","6","https://www.criterion.com/shop/collection/427-nathan-lane-s-closet-picks"
"closet:427","Nathan Lane’s Closet Picks","https://www.criterion.com/films/27895-mikey-and-nicky","Mikey and Nicky","7","https://www.criterion.com/shop/collection/427-nathan-lane-s-closet-picks"
"closet:427","Nathan Lane’s Closet Picks","https://www.criterion.com/films/27902-here-comes-mr-jordan","Here Comes Mr. Jordan","8","https://www.criterion.com/shop/collection/427-nathan-lane-s-closet-picks"
"closet:427","Nathan Lane’s Closet Picks","https://www.criterion.com/films/28173-odd-man-out","Odd Man Out","9","https://www.criterion.com/shop/collection/427-nathan-lane-s-closet-picks"
"closet:427","Nathan Lane’s Closet Picks","https://www.criterion.com/films/28577-valley-of-the-dolls","Valley of the Dolls","10","https://www.criterion.com/shop/collection/427-nathan-lane-s-closet-picks"
"closet:427","Nathan Lane’s Closet Picks","https://www.criterion.com/films/28707-the-in-laws","The In-Laws","11","https://www.criterion.com/shop/collection/427-nathan-lane-s-closet-picks"
"closet:427","Nathan Lane’s Closet Picks","https://www.criterion.com/films/29009-being-there","Being There","12","https://www.criterion.com/shop/collection/427-nathan-lane-s-closet-picks"
"closet:427","Nathan Lane’s Closet Picks","https://www.criterion.com/boxsets/338-i-am-curious","I Am Curious","13","https://www.criterion.com/shop/collection/427-nathan-lane-s-closet-picks"
"closet:441","Isabel Sandoval’s Closet Picks","https://www.criterion.com/films/314-dazed-and-confused","Dazed and Confused","1","https://www.criterion.com/shop/collection/441-isabel-sandoval-s-closet-picks"
"closet:441","Isabel Sandoval’s Closet Picks","https://www.criterion.com/films/547-the-cranes-are-flying","The Cranes Are Flying","2","https://www.criterion.com/shop/collection/441-isabel-sandoval-s-closet-picks"
"closet:441","Isabel Sandoval’s Closet Picks","https://www.criterion.com/films/588-mishima-a-life-in-four-chapters","Mishima: A Life in Four Chapters","3","https://www.criterion.com/shop/collection/441-isabel-sandoval-s-closet-picks"
"closet:441","Isabel Sandoval’s Closet Picks","https://www.criterion.com/films/632-black-narcissus","Black Narcissus","4","https://www.criterion.com/shop/collection/441-isabel-sandoval-s-closet-picks"
"closet:441","Isabel Sandoval’s Closet Picks","https://www.criterion.com/films/27775-quadrophenia","Quadrophenia","5","https://www.criterion.com/shop/collection/441-isabel-sandoval-s-closet-picks"
"closet:441","Isabel Sandoval’s Closet Picks","https://www.criterion.com/films/28688-women-in-love","Women in Love","6","https://www.criterion.com/shop/collection/441-isabel-sandoval-s-closet-picks"
"closet:441","Isabel Sandoval’s Closet Picks","https://www.criterion.com/films/28834-the-age-of-innocence","The Age of Innocence","7","https://www.criterion.com/shop/collection/441-isabel-sandoval-s-closet-picks"
"closet:441","Isabel Sandoval’s Closet Picks","https://www.criterion.com/boxsets/558-john-cassavetes-five-films","John Cassavetes: Five Films","8","https://www.criterion.com/shop/collection/441-isabel-sandoval-s-closet-picks"
"closet:441","Isabel Sandoval’s Closet Picks","https://www.criterion.com/boxsets/3432-the-complete-films-of-agnes-varda","The Complete Films of Agnès Varda","9","https://www.criterion.com/shop/collection/441-isabel-sandoval-s-closet-picks"
"closet:434","Peter Sarsgaard’s Closet Picks","https://www.criterion.com/films/185-la-strada","La strada","1","https://www.criterion.com/shop/collection/434-peter-sarsgaard-s-closet-picks"
"closet:434","Peter Sarsgaard’s Closet Picks","https://www.criterion.com/films/604-the-night-porter","The Night Porter","2","https://www.criterion.com/shop/collection/434-peter-sarsgaard-s-closet-picks"
"closet:434","Peter Sarsgaard’s Closet Picks","https://www.criterion.com/films/27767-eating-raoul","Eating Raoul","3","https://www.criterion.com/shop/collection/434-peter-sarsgaard-s-closet-picks"
"closet:434","Peter Sarsgaard’s Closet Picks","https://www.criterion.com/films/28350-breaking-the-waves","Breaking the Waves","4","https://www.criterion.com/shop/collection/434-peter-sarsgaard-s-closet-picks"
"closet:434","Peter Sarsgaard’s Closet Picks","https://www.criterion.com/films/28548-safe","Safe","5","https://www.criterion.com/shop/collection/434-peter-sarsgaard-s-closet-picks"
"closet:434","Peter Sarsgaard’s Closet Picks","https://www.criterion.com/films/29038-true-stories","True Stories","6","https://www.criterion.com/shop/collection/434-peter-sarsgaard-s-closet-picks"
"closet:434","Peter Sarsgaard’s Closet Picks","https://www.criterion.com/films/29450-wanda","Wanda","7","https://www.criterion.com/shop/collection/434-peter-sarsgaard-s-closet-picks"
"closet:445","Marco Bellocchio’s Closet Picks","https://www.criterion.com/films/229-pickpocket","Pickpocket","1","https://www.criterion.com/shop/collection/445-marco-bellocchio-s-closet-picks"
"closet:445","Marco Bellocchio’s Closet Picks","https://www.criterion.com/films/371-umberto-d","Umberto D.","2","https://www.criterion.com/shop/collection/445-marco-bellocchio-s-closet-picks"
"closet:445","Marco Bellocchio’s Closet Picks","https://www.criterion.com/films/735-throne-of-blood","Throne of Blood","3","https://www.criterion.com/shop/collection/445-marco-bellocchio-s-closet-picks"
"closet:445","Marco Bellocchio’s Closet Picks","https://www.criterion.com/films/28621-othello","Othello","4","https://www.criterion.com/shop/collection/445-marco-bellocchio-s-closet-picks"
"closet:445","Marco Bellocchio’s Closet Picks","https://www.criterion.com/films/29008-barry-lyndon","Barry Lyndon","5","https://www.criterion.com/shop/collection/445-marco-bellocchio-s-closet-picks"
"closet:443","Five Comics’ Closet Picks","https://www.criterion.com/boxsets/1069-the-complete-jacques-tati","The Complete Jacques Tati","1","https://www.criterion.com/shop/collection/443-five-comics-closet-picks"
"closet:443","Five Comics’ Closet Picks","https://www.criterion.com/films/624-good-morning","Good Morning","2","https://www.criterion.com/shop/collection/443-five-comics-closet-picks"
"closet:443","Five Comics’ Closet Picks","https://www.criterion.com/films/597-yojimbo","Yojimbo","3","https://www.criterion.com/shop/collection/443-five-comics-closet-picks"
"closet:443","Five Comics’ Closet Picks","https://www.criterion.com/films/28560-frances-ha","Frances Ha","4","https://www.criterion.com/shop/collection/443-five-comics-closet-picks"
"closet:443","Five Comics’ Closet Picks","https://www.criterion.com/films/638-beastie-boys-video-anthology","Beastie Boys Video Anthology","5","https://www.criterion.com/shop/collection/443-five-comics-closet-picks"
"closet:443","Five Comics’ Closet Picks","https://www.criterion.com/films/29162-some-like-it-hot","Some Like It Hot","6","https://www.criterion.com/shop/collection/443-five-comics-closet-picks"
"closet:443","Five Comics’ Closet Picks","https://www.criterion.com/films/27927-rosemary-s-baby","Rosemary’s Baby","7","https://www.criterion.com/shop/collection/443-five-comics-closet-picks"
"closet:443","Five Comics’ Closet Picks","https://www.criterion.com/films/29331-night-of-the-living-dead","Night of the Living Dead","8","https://www.criterion.com/shop/collection/443-five-comics-closet-picks"
"closet:443","Five Comics’ Closet Picks","https://www.criterion.com/films/28025-sunday-bloody-sunday","Sunday Bloody Sunday","9","https://www.criterion.com/shop/collection/443-five-comics-closet-picks"
"closet:443","Five Comics’ Closet Picks","https://www.criterion.com/films/28948-pan-s-labyrinth","Pan’s Labyrinth","10","https://www.criterion.com/shop/collection/443-five-comics-closet-picks"
"closet:443","Five Comics’ Closet Picks","https://www.criterion.com/films/2104-crumb","Crumb","11","https://www.criterion.com/shop/collection/443-five-comics-closet-picks"
"closet:443","Five Comics’ Closet Picks","https://www.criterion.com/films/29038-true-stories","True Stories","12","https://www.criterion.com/shop/collection/443-five-comics-closet-picks"
"closet:443","Five Comics’ Closet Picks","https://www.criterion.com/films/29399-24-frames","24 Frames","13","https://www.criterion.com/shop/collection/443-five-comics-closet-picks"
"closet:443","Five Comics’ Closet Picks","https://www.criterion.com/films/2109-made-in-u-s-a","Made in U.S.A","14","https://www.criterion.com/shop/collection/443-five-comics-closet-picks"
"closet:443","Five Comics’ Closet Picks","https://www.criterion.com/films/718-man-bites-dog","Man Bites Dog","15","https://www.criterion.com/shop/collection/443-five-comics-closet-picks"
"closet:443","Five Comics’ Closet Picks","https://www.criterion.com/films/28832-sex-lies-and-videotape","sex, lies, and videotape","16","https://www.criterion.com/shop/collection/443-five-comics-closet-picks"
"closet:443","Five Comics’ Closet Picks","https://www.criterion.com/films/353-ikiru","Ikiru","17","https://www.criterion.com/shop/collection/443-five-comics-closet-picks"
"closet:443","Five Comics’ Closet Picks","https://www.criterion.com/films/28610-the-big-chill","The Big Chill","18","https://www.criterion.com/shop/collection/443-five-comics-closet-picks"
"closet:443","Five Comics’ Closet Picks","https://www.criterion.com/films/28821-shampoo","Shampoo","19","https://www.criterion.com/shop/collection/443-five-comics-closet-picks"
"closet:424","Ben Sinclair’s Closet Picks","https://www.criterion.com/films/376-short-cuts","Short Cuts","1","https://www.criterion.com/shop/collection/424-ben-sinclair-s-closet-picks"
"closet:424","Ben Sinclair’s Closet Picks","https://www.criterion.com/films/744-bad-timing","Bad Timing","2","https://www.criterion.com/shop/collection/424-ben-sinclair-s-closet-picks"
"closet:424","Ben Sinclair’s Closet Picks","https://www.criterion.com/films/1092-close-up","Close-up","3","https://www.criterion.com/shop/collection/424-ben-sinclair-s-closet-picks"
"closet:424","Ben Sinclair’s Closet Picks","https://www.criterion.com/films/27916-punch-drunk-love","Punch-Drunk Love","4","https://www.criterion.com/shop/collection/424-ben-sinclair-s-closet-picks"
"closet:424","Ben Sinclair’s Closet Picks","https://www.criterion.com/films/28055-being-john-malkovich","Being John Malkovich","5","https://www.criterion.com/shop/collection/424-ben-sinclair-s-closet-picks"
"closet:424","Ben Sinclair’s Closet Picks","https://www.criterion.com/films/28836-funny-games","Funny Games","6","https://www.criterion.com/shop/collection/424-ben-sinclair-s-closet-picks"
"closet:424","Ben Sinclair’s Closet Picks","https://www.criterion.com/films/29062-old-joy","Old Joy","7","https://www.criterion.com/shop/collection/424-ben-sinclair-s-closet-picks"
"closet:424","Ben Sinclair’s Closet Picks","https://www.criterion.com/films/29368-the-princess-bride","The Princess Bride","8","https://www.criterion.com/shop/collection/424-ben-sinclair-s-closet-picks"
"closet:424","Ben Sinclair’s Closet Picks","https://www.criterion.com/films/29369-midnight-cowboy","Midnight Cowboy","9","https://www.criterion.com/shop/collection/424-ben-sinclair-s-closet-picks"
"closet:420","Rodarte’s Closet Picks","https://www.criterion.com/films/198-in-the-mood-for-love","In the Mood for Love","1","https://www.criterion.com/shop/collection/420-rodarte-s-closet-picks"
"closet:420","Rodarte’s Closet Picks","https://www.criterion.com/films/214-the-double-life-of-veronique","The Double Life of Véronique","2","https://www.criterion.com/shop/collection/420-rodarte-s-closet-picks"
"closet:420","Rodarte’s Closet Picks","https://www.criterion.com/films/240-videodrome","Videodrome","3","https://www.criterion.com/shop/collection/420-rodarte-s-closet-picks"
"closet:420","Rodarte’s Closet Picks","https://www.criterion.com/films/377-sisters","Sisters","4","https://www.criterion.com/shop/collection/420-rodarte-s-closet-picks"
"closet:420","Rodarte’s Closet Picks","https://www.criterion.com/films/27908-in-a-lonely-place","In a Lonely Place","5","https://www.criterion.com/shop/collection/420-rodarte-s-closet-picks"
"closet:420","Rodarte’s Closet Picks","https://www.criterion.com/films/28714-polyester","Polyester","6","https://www.criterion.com/shop/collection/420-rodarte-s-closet-picks"
"closet:420","Rodarte’s Closet Picks","https://www.criterion.com/films/28821-shampoo","Shampoo","7","https://www.criterion.com/shop/collection/420-rodarte-s-closet-picks"
"closet:420","Rodarte’s Closet Picks","https://www.criterion.com/films/28954-multiple-maniacs","Multiple Maniacs","8","https://www.criterion.com/shop/collection/420-rodarte-s-closet-picks"
"closet:420","Rodarte’s Closet Picks","https://www.criterion.com/films/233-the-red-shoes","The Red Shoes","9","https://www.criterion.com/shop/collection/420-rodarte-s-closet-picks"
"closet:430","Jenni Olson’s Closet Picks","https://www.criterion.com/films/302-jeanne-dielman-23-quai-du-commerce-1080-bruxelles","Jeanne Dielman, 23, quai du Commerce, 1080 Bruxelles","1","https://www.criterion.com/shop/collection/430-jenni-olson-s-closet-picks"
"closet:430","Jenni Olson’s Closet Picks","https://www.criterion.com/films/27542-sweet-smell-of-success","Sweet Smell of Success","2","https://www.criterion.com/shop/collection/430-jenni-olson-s-closet-picks"
"closet:430","Jenni Olson’s Closet Picks","https://www.criterion.com/films/29139-desert-hearts","Desert Hearts","3","https://www.criterion.com/shop/collection/430-jenni-olson-s-closet-picks"
"closet:430","Jenni Olson’s Closet Picks","https://www.criterion.com/films/29220-memories-of-underdevelopment","Memories of Underdevelopment","4","https://www.criterion.com/shop/collection/430-jenni-olson-s-closet-picks"
"closet:430","Jenni Olson’s Closet Picks","https://www.criterion.com/boxsets/275-eclipse-series-2-the-documentaries-of-louis-malle","Eclipse Series 2: The Documentaries of Louis Malle","5","https://www.criterion.com/shop/collection/430-jenni-olson-s-closet-picks"
"closet:435","Desiree Akhavan’s Closet Picks","https://www.criterion.com/films/219-knife-in-the-water","Knife in the Water","1","https://www.criterion.com/shop/collection/435-desiree-akhavan-s-closet-picks"
"closet:435","Desiree Akhavan’s Closet Picks","https://www.criterion.com/films/286-do-the-right-thing","Do the Right Thing","2","https://www.criterion.com/shop/collection/435-desiree-akhavan-s-closet-picks"
"closet:435","Desiree Akhavan’s Closet Picks","https://www.criterion.com/films/367-the-spirit-of-the-beehive","The Spirit of the Beehive","3","https://www.criterion.com/shop/collection/435-desiree-akhavan-s-closet-picks"
"closet:435","Desiree Akhavan’s Closet Picks","https://www.criterion.com/films/716-ratcatcher","Ratcatcher","4","https://www.criterion.com/shop/collection/435-desiree-akhavan-s-closet-picks"
"closet:435","Desiree Akhavan’s Closet Picks","https://www.criterion.com/films/915-faces","Faces","5","https://www.criterion.com/shop/collection/435-desiree-akhavan-s-closet-picks"
"closet:435","Desiree Akhavan’s Closet Picks","https://www.criterion.com/films/28032-love-streams","Love Streams","6","https://www.criterion.com/shop/collection/435-desiree-akhavan-s-closet-picks"
"closet:435","Desiree Akhavan’s Closet Picks","https://www.criterion.com/films/28317-tiny-furniture","Tiny Furniture","7","https://www.criterion.com/shop/collection/435-desiree-akhavan-s-closet-picks"
"closet:435","Desiree Akhavan’s Closet Picks","https://www.criterion.com/films/28548-safe","Safe","8","https://www.criterion.com/shop/collection/435-desiree-akhavan-s-closet-picks"
"closet:435","Desiree Akhavan’s Closet Picks","https://www.criterion.com/films/28600-i-knew-her-well","I Knew Her Well","9","https://www.criterion.com/shop/collection/435-desiree-akhavan-s-closet-picks"
"closet:435","Desiree Akhavan’s Closet Picks","https://www.criterion.com/films/28698-day-for-night","Day for Night","10","https://www.criterion.com/shop/collection/435-desiree-akhavan-s-closet-picks"
"closet:435","Desiree Akhavan’s Closet Picks","https://www.criterion.com/films/27982-life-is-sweet","Life Is Sweet","11","https://www.criterion.com/shop/collection/435-desiree-akhavan-s-closet-picks"
"closet:436","Matthew Modine’s Closet Picks","https://www.criterion.com/films/543-high-and-low","High and Low","1","https://www.criterion.com/shop/collection/436-matthew-modine-s-closet-picks"
"closet:436","Matthew Modine’s Closet Picks","https://www.criterion.com/films/952-tanner-88","Tanner ’88","2","https://www.criterion.com/shop/collection/436-matthew-modine-s-closet-picks"
"closet:436","Matthew Modine’s Closet Picks","https://www.criterion.com/films/28685-the-black-stallion","The Black Stallion","3","https://www.criterion.com/shop/collection/436-matthew-modine-s-closet-picks"
"closet:436","Matthew Modine’s Closet Picks","https://www.criterion.com/films/28822-dr-strangelove-or-how-i-learned-to-stop-worrying-and-love-the-bomb","Dr. Strangelove, or: How I Learned to Stop Worrying and Love the Bomb","4","https://www.criterion.com/shop/collection/436-matthew-modine-s-closet-picks"
"closet:436","Matthew Modine’s Closet Picks","https://www.criterion.com/films/29331-night-of-the-living-dead","Night of the Living Dead","5","https://www.criterion.com/shop/collection/436-matthew-modine-s-closet-picks"
"closet:436","Matthew Modine’s Closet Picks","https://www.criterion.com/films/29369-midnight-cowboy","Midnight Cowboy","6","https://www.criterion.com/shop/collection/436-matthew-modine-s-closet-picks"
"closet:436","Matthew Modine’s Closet Picks","https://www.criterion.com/films/28835-the-player","The Player","7","https://www.criterion.com/shop/collection/436-matthew-modine-s-closet-picks"
"closet:433","John Dwyer’s Closet Picks","https://www.criterion.com/films/634-naked-lunch","Naked Lunch","1","https://www.criterion.com/shop/collection/433-john-dwyer-s-closet-picks"
"closet:433","John Dwyer’s Closet Picks","https://www.criterion.com/films/664-grey-gardens","Grey Gardens","2","https://www.criterion.com/shop/collection/433-john-dwyer-s-closet-picks"
"closet:433","John Dwyer’s Closet Picks","https://www.criterion.com/films/28051-repo-man","Repo Man","3","https://www.criterion.com/shop/collection/433-john-dwyer-s-closet-picks"
"closet:433","John Dwyer’s Closet Picks","https://www.criterion.com/films/28173-odd-man-out","Odd Man Out","4","https://www.criterion.com/shop/collection/433-john-dwyer-s-closet-picks"
"closet:433","John Dwyer’s Closet Picks","https://www.criterion.com/films/28784-the-manchurian-candidate","The Manchurian Candidate","5","https://www.criterion.com/shop/collection/433-john-dwyer-s-closet-picks"
"closet:433","John Dwyer’s Closet Picks","https://www.criterion.com/films/29038-true-stories","True Stories","6","https://www.criterion.com/shop/collection/433-john-dwyer-s-closet-picks"
"closet:433","John Dwyer’s Closet Picks","https://www.criterion.com/films/29331-night-of-the-living-dead","Night of the Living Dead","7","https://www.criterion.com/shop/collection/433-john-dwyer-s-closet-picks"
"closet:454","Leslie Harris’s Closet Picks","https://www.criterion.com/films/295-the-rules-of-the-game","The Rules of the Game","1","https://www.criterion.com/shop/collection/454-leslie-harris-s-closet-picks"
"closet:454","Leslie Harris’s Closet Picks","https://www.criterion.com/films/710-scenes-from-a-marriage","Scenes from a Marriage","2","https://www.criterion.com/shop/collection/454-leslie-harris-s-closet-picks"
"closet:454","Leslie Harris’s Closet Picks","https://www.criterion.com/boxsets/8-4-by-agnes-varda","4 by Agnès Varda","3","https://www.criterion.com/shop/collection/454-leslie-harris-s-closet-picks"
"closet:454","Leslie Harris’s Closet Picks","https://www.criterion.com/films/877-divorce-italian-style","Divorce Italian Style","4","https://www.criterion.com/shop/collection/454-leslie-harris-s-closet-picks"
"closet:454","Leslie Harris’s Closet Picks","https://www.criterion.com/films/150-8-1-2","8½","5","https://www.criterion.com/shop/collection/454-leslie-harris-s-closet-picks"
"closet:449","Jacqueline Novak and John Early’s Closet Picks","https://www.criterion.com/films/565-picnic-at-hanging-rock","Picnic at Hanging Rock","1","https://www.criterion.com/shop/collection/449-jacqueline-novak-and-john-early-s-closet-picks"
"closet:449","Jacqueline Novak and John Early’s Closet Picks","https://www.criterion.com/films/712-3-women","3 Women","2","https://www.criterion.com/shop/collection/449-jacqueline-novak-and-john-early-s-closet-picks"
"closet:449","Jacqueline Novak and John Early’s Closet Picks","https://www.criterion.com/films/27964-the-uninvited","The Uninvited","3","https://www.criterion.com/shop/collection/449-jacqueline-novak-and-john-early-s-closet-picks"
"closet:449","Jacqueline Novak and John Early’s Closet Picks","https://www.criterion.com/films/29331-night-of-the-living-dead","Night of the Living Dead","4","https://www.criterion.com/shop/collection/449-jacqueline-novak-and-john-early-s-closet-picks"
"closet:449","Jacqueline Novak and John Early’s Closet Picks","https://www.criterion.com/films/548-fat-girl","Fat Girl","5","https://www.criterion.com/shop/collection/449-jacqueline-novak-and-john-early-s-closet-picks"
"closet:449","Jacqueline Novak and John Early’s Closet Picks","https://www.criterion.com/films/29237-twin-peaks-fire-walk-with-me","Twin Peaks: Fire Walk with Me","6","https://www.criterion.com/shop/collection/449-jacqueline-novak-and-john-early-s-closet-picks"
"closet:449","Jacqueline Novak and John Early’s Closet Picks","https://www.criterion.com/films/973-magnificent-obsession","Magnificent Obsession","7","https://www.criterion.com/shop/collection/449-jacqueline-novak-and-john-early-s-closet-picks"
"closet:449","Jacqueline Novak and John Early’s Closet Picks","https://www.criterion.com/films/27861-island-of-lost-souls","Island of Lost Souls","8","https://www.criterion.com/shop/collection/449-jacqueline-novak-and-john-early-s-closet-picks"
"closet:449","Jacqueline Novak and John Early’s Closet Picks","https://www.criterion.com/films/27559-white-material","White Material","9","https://www.criterion.com/shop/collection/449-jacqueline-novak-and-john-early-s-closet-picks"
"closet:449","Jacqueline Novak and John Early’s Closet Picks","https://www.criterion.com/films/28704-female-trouble","Female Trouble","10","https://www.criterion.com/shop/collection/449-jacqueline-novak-and-john-early-s-closet-picks"
"closet:449","Jacqueline Novak and John Early’s Closet Picks","https://www.criterion.com/films/28593-tie-me-up-tie-me-down","Tie Me Up! Tie Me Down!","11","https://www.criterion.com/shop/collection/449-jacqueline-novak-and-john-early-s-closet-picks"
"closet:429","John Sayles’s Closet Picks","https://www.criterion.com/films/185-la-strada","La strada","1","https://www.criterion.com/shop/collection/429-john-sayles-s-closet-picks"
"closet:429","John Sayles’s Closet Picks","https://www.criterion.com/films/27612-the-organizer","The Organizer","2","https://www.criterion.com/shop/collection/429-john-sayles-s-closet-picks"
"closet:429","John Sayles’s Closet Picks","https://www.criterion.com/films/27903-his-girl-friday","His Girl Friday","3","https://www.criterion.com/shop/collection/429-john-sayles-s-closet-picks"
"closet:429","John Sayles’s Closet Picks","https://www.criterion.com/films/28048-state-of-siege","State of Siege","4","https://www.criterion.com/shop/collection/429-john-sayles-s-closet-picks"
"closet:419","Joanna Hogg’s Closet Picks","https://www.criterion.com/films/150-8-1-2","8½","1","https://www.criterion.com/shop/collection/419-joanna-hogg-s-closet-picks"
"closet:419","Joanna Hogg’s Closet Picks","https://www.criterion.com/films/185-la-strada","La strada","2","https://www.criterion.com/shop/collection/419-joanna-hogg-s-closet-picks"
"closet:419","Joanna Hogg’s Closet Picks","https://www.criterion.com/films/233-the-red-shoes","The Red Shoes","3","https://www.criterion.com/shop/collection/419-joanna-hogg-s-closet-picks"
"closet:419","Joanna Hogg’s Closet Picks","https://www.criterion.com/films/744-bad-timing","Bad Timing","4","https://www.criterion.com/shop/collection/419-joanna-hogg-s-closet-picks"
"closet:419","Joanna Hogg’s Closet Picks","https://www.criterion.com/films/28561-all-that-jazz","All That Jazz","5","https://www.criterion.com/shop/collection/419-joanna-hogg-s-closet-picks"
"closet:419","Joanna Hogg’s Closet Picks","https://www.criterion.com/films/28834-the-age-of-innocence","The Age of Innocence","6","https://www.criterion.com/shop/collection/419-joanna-hogg-s-closet-picks"
"closet:431","Kim Cattrall’s Closet Picks","https://www.criterion.com/films/218-jules-and-jim","Jules and Jim","1","https://www.criterion.com/shop/collection/431-kim-cattrall-s-closet-picks"
"closet:431","Kim Cattrall’s Closet Picks","https://www.criterion.com/films/657-sullivan-s-travels","Sullivan’s Travels","2","https://www.criterion.com/shop/collection/431-kim-cattrall-s-closet-picks"
"closet:431","Kim Cattrall’s Closet Picks","https://www.criterion.com/films/878-heaven-can-wait","Heaven Can Wait","3","https://www.criterion.com/shop/collection/431-kim-cattrall-s-closet-picks"
"closet:431","Kim Cattrall’s Closet Picks","https://www.criterion.com/films/27557-limelight","Limelight","4","https://www.criterion.com/shop/collection/431-kim-cattrall-s-closet-picks"
"closet:431","Kim Cattrall’s Closet Picks","https://www.criterion.com/films/28734-a-taste-of-honey","A Taste of Honey","5","https://www.criterion.com/shop/collection/431-kim-cattrall-s-closet-picks"
"closet:431","Kim Cattrall’s Closet Picks","https://www.criterion.com/films/29450-wanda","Wanda","6","https://www.criterion.com/shop/collection/431-kim-cattrall-s-closet-picks"
"closet:431","Kim Cattrall’s Closet Picks","https://www.criterion.com/boxsets/206-fanny-and-alexander","Fanny and Alexander","7","https://www.criterion.com/shop/collection/431-kim-cattrall-s-closet-picks"
"closet:431","Kim Cattrall’s Closet Picks","https://www.criterion.com/boxsets/1069-the-complete-jacques-tati","The Complete Jacques Tati","8","https://www.criterion.com/shop/collection/431-kim-cattrall-s-closet-picks"
"closet:431","Kim Cattrall’s Closet Picks","https://www.criterion.com/films/28736-tom-jones","Tom Jones","9","https://www.criterion.com/shop/collection/431-kim-cattrall-s-closet-picks"
"closet:431","Kim Cattrall’s Closet Picks","https://www.criterion.com/films/28427-nashville","Nashville","10","https://www.criterion.com/shop/collection/431-kim-cattrall-s-closet-picks"
"closet:431","Kim Cattrall’s Closet Picks","https://www.criterion.com/films/404-repulsion","Repulsion","11","https://www.criterion.com/shop/collection/431-kim-cattrall-s-closet-picks"
"closet:431","Kim Cattrall’s Closet Picks","https://www.criterion.com/films/28696-cat-people","Cat People","12","https://www.criterion.com/shop/collection/431-kim-cattrall-s-closet-picks"
"closet:442","Terry Gilliam’s Closet Picks","https://www.criterion.com/boxsets/590-yojimbo-sanjuro-two-samurai-films-by-akira-kurosawa","Yojimbo / Sanjuro: Two Samurai Films by Akira Kurosawa","1","https://www.criterion.com/shop/collection/442-terry-gilliam-s-closet-picks"
"closet:442","Terry Gilliam’s Closet Picks","https://www.criterion.com/boxsets/1069-the-complete-jacques-tati","The Complete Jacques Tati","2","https://www.criterion.com/shop/collection/442-terry-gilliam-s-closet-picks"
"closet:442","Terry Gilliam’s Closet Picks","https://www.criterion.com/films/654-rififi","Rififi","3","https://www.criterion.com/shop/collection/442-terry-gilliam-s-closet-picks"
"closet:442","Terry Gilliam’s Closet Picks","https://www.criterion.com/films/150-8-1-2","8½","4","https://www.criterion.com/shop/collection/442-terry-gilliam-s-closet-picks"
"closet:442","Terry Gilliam’s Closet Picks","https://www.criterion.com/films/27522-paths-of-glory","Paths of Glory","5","https://www.criterion.com/shop/collection/442-terry-gilliam-s-closet-picks"
"closet:442","Terry Gilliam’s Closet Picks","https://www.criterion.com/boxsets/1427-ingmar-bergman-s-cinema","Ingmar Bergman’s Cinema","6","https://www.criterion.com/shop/collection/442-terry-gilliam-s-closet-picks"
"closet:425","Richard E. Grant’s Closet Picks","https://www.criterion.com/films/218-jules-and-jim","Jules and Jim","1","https://www.criterion.com/shop/collection/425-richard-e-grant-s-closet-picks"
"closet:425","Richard E. Grant’s Closet Picks","https://www.criterion.com/films/237-cries-and-whispers","Cries and Whispers","2","https://www.criterion.com/shop/collection/425-richard-e-grant-s-closet-picks"
"closet:425","Richard E. Grant’s Closet Picks","https://www.criterion.com/films/621-hamlet","Hamlet","3","https://www.criterion.com/shop/collection/425-richard-e-grant-s-closet-picks"
"closet:425","Richard E. Grant’s Closet Picks","https://www.criterion.com/films/789-the-tin-drum","The Tin Drum","4","https://www.criterion.com/shop/collection/425-richard-e-grant-s-closet-picks"
"closet:425","Richard E. Grant’s Closet Picks","https://www.criterion.com/films/27558-city-lights","City Lights","5","https://www.criterion.com/shop/collection/425-richard-e-grant-s-closet-picks"
"closet:425","Richard E. Grant’s Closet Picks","https://www.criterion.com/films/28037-the-french-lieutenant-s-woman","The French Lieutenant’s Woman","6","https://www.criterion.com/shop/collection/425-richard-e-grant-s-closet-picks"
"closet:425","Richard E. Grant’s Closet Picks","https://www.criterion.com/films/28427-nashville","Nashville","7","https://www.criterion.com/shop/collection/425-richard-e-grant-s-closet-picks"
"closet:425","Richard E. Grant’s Closet Picks","https://www.criterion.com/films/28578-the-graduate","The Graduate","8","https://www.criterion.com/shop/collection/425-richard-e-grant-s-closet-picks"
"closet:425","Richard E. Grant’s Closet Picks","https://www.criterion.com/films/28698-day-for-night","Day for Night","9","https://www.criterion.com/shop/collection/425-richard-e-grant-s-closet-picks"
"closet:425","Richard E. Grant’s Closet Picks","https://www.criterion.com/films/29162-some-like-it-hot","Some Like It Hot","10","https://www.criterion.com/shop/collection/425-richard-e-grant-s-closet-picks"
"closet:425","Richard E. Grant’s Closet Picks","https://www.criterion.com/films/185-la-strada","La strada","11","https://www.criterion.com/shop/collection/425-richard-e-grant-s-closet-picks"
"closet:455","Karina Longworth’s Closet Picks","https://www.criterion.com/films/246-loves-of-a-blonde","Loves of a Blonde","1","https://www.criterion.com/shop/collection/455-karina-longworth-s-closet-picks"
"closet:455","Karina Longworth’s Closet Picks","https://www.criterion.com/films/375-mamma-roma","Mamma Roma","2","https://www.criterion.com/shop/collection/455-karina-longworth-s-closet-picks"
"closet:455","Karina Longworth’s Closet Picks","https://www.criterion.com/films/431-the-scarlet-empress","The Scarlet Empress","3","https://www.criterion.com/shop/collection/455-karina-longworth-s-closet-picks"
"closet:455","Karina Longworth’s Closet Picks","https://www.criterion.com/films/728-i-am-curious-yellow","I Am Curious—Yellow","4","https://www.criterion.com/shop/collection/455-karina-longworth-s-closet-picks"
"closet:455","Karina Longworth’s Closet Picks","https://www.criterion.com/films/802-border-radio","Border Radio","5","https://www.criterion.com/shop/collection/455-karina-longworth-s-closet-picks"
"closet:455","Karina Longworth’s Closet Picks","https://www.criterion.com/films/27625-people-on-sunday","People on Sunday","6","https://www.criterion.com/shop/collection/455-karina-longworth-s-closet-picks"
"closet:455","Karina Longworth’s Closet Picks","https://www.criterion.com/films/28394-chronicle-of-a-summer","Chronicle of a Summer","7","https://www.criterion.com/shop/collection/455-karina-longworth-s-closet-picks"
"closet:455","Karina Longworth’s Closet Picks","https://www.criterion.com/films/29139-desert-hearts","Desert Hearts","8","https://www.criterion.com/shop/collection/455-karina-longworth-s-closet-picks"
"closet:455","Karina Longworth’s Closet Picks","https://www.criterion.com/films/29252-personal-shopper","Personal Shopper","9","https://www.criterion.com/shop/collection/455-karina-longworth-s-closet-picks"
"closet:455","Karina Longworth’s Closet Picks","https://www.criterion.com/boxsets/1264-the-marseille-trilogy","The Marseille Trilogy","10","https://www.criterion.com/shop/collection/455-karina-longworth-s-closet-picks"
"closet:437","James L. Brooks’s Closet Picks","https://www.criterion.com/films/355-the-importance-of-being-earnest","The Importance of Being Earnest","1","https://www.criterion.com/shop/collection/437-james-l-brooks-s-closet-picks"
"closet:437","James L. Brooks’s Closet Picks","https://www.criterion.com/films/639-the-lady-eve","The Lady Eve","2","https://www.criterion.com/shop/collection/437-james-l-brooks-s-closet-picks"
"closet:437","James L. Brooks’s Closet Picks","https://www.criterion.com/films/657-sullivan-s-travels","Sullivan’s Travels","3","https://www.criterion.com/shop/collection/437-james-l-brooks-s-closet-picks"
"closet:437","James L. Brooks’s Closet Picks","https://www.criterion.com/films/28821-shampoo","Shampoo","4","https://www.criterion.com/shop/collection/437-james-l-brooks-s-closet-picks"
"closet:437","James L. Brooks’s Closet Picks","https://www.criterion.com/films/29022-lost-in-america","Lost in America","5","https://www.criterion.com/shop/collection/437-james-l-brooks-s-closet-picks"
"closet:437","James L. Brooks’s Closet Picks","https://www.criterion.com/boxsets/558-john-cassavetes-five-films","John Cassavetes: Five Films","6","https://www.criterion.com/shop/collection/437-james-l-brooks-s-closet-picks"
"closet:423","M.I.A. and Stephen Loveridge’s Closet Picks","https://www.criterion.com/films/220-naked","Naked","1","https://www.criterion.com/shop/collection/423-m-i-a-and-stephen-loveridge-s-closet-picks"
"closet:423","M.I.A. and Stephen Loveridge’s Closet Picks","https://www.criterion.com/films/769-missing","Missing","2","https://www.criterion.com/shop/collection/423-m-i-a-and-stephen-loveridge-s-closet-picks"
"closet:423","M.I.A. and Stephen Loveridge’s Closet Picks","https://www.criterion.com/films/27560-kes","Kes","3","https://www.criterion.com/shop/collection/423-m-i-a-and-stephen-loveridge-s-closet-picks"
"closet:423","M.I.A. and Stephen Loveridge’s Closet Picks","https://www.criterion.com/films/28406-badlands","Badlands","4","https://www.criterion.com/shop/collection/423-m-i-a-and-stephen-loveridge-s-closet-picks"
"closet:423","M.I.A. and Stephen Loveridge’s Closet Picks","https://www.criterion.com/films/29103-dheepan","Dheepan","5","https://www.criterion.com/shop/collection/423-m-i-a-and-stephen-loveridge-s-closet-picks"
"closet:423","M.I.A. and Stephen Loveridge’s Closet Picks","https://www.criterion.com/films/594-bottle-rocket","Bottle Rocket","6","https://www.criterion.com/shop/collection/423-m-i-a-and-stephen-loveridge-s-closet-picks"
"closet:447","Paul Dano’s Closet Picks","https://www.criterion.com/films/28979-one-eyed-jacks","One-Eyed Jacks","1","https://www.criterion.com/shop/collection/447-paul-dano-s-closet-picks"
"closet:447","Paul Dano’s Closet Picks","https://www.criterion.com/boxsets/1055-the-essential-jacques-demy","The Essential Jacques Demy","2","https://www.criterion.com/shop/collection/447-paul-dano-s-closet-picks"
"closet:447","Paul Dano’s Closet Picks","https://www.criterion.com/films/28596-a-brighter-summer-day","A Brighter Summer Day","3","https://www.criterion.com/shop/collection/447-paul-dano-s-closet-picks"
"closet:447","Paul Dano’s Closet Picks","https://www.criterion.com/films/624-good-morning","Good Morning","4","https://www.criterion.com/shop/collection/447-paul-dano-s-closet-picks"
"closet:447","Paul Dano’s Closet Picks","https://www.criterion.com/films/2350-make-way-for-tomorrow","Make Way for Tomorrow","5","https://www.criterion.com/shop/collection/447-paul-dano-s-closet-picks"
"closet:447","Paul Dano’s Closet Picks","https://www.criterion.com/films/853-this-sporting-life","This Sporting Life","6","https://www.criterion.com/shop/collection/447-paul-dano-s-closet-picks"
"closet:447","Paul Dano’s Closet Picks","https://www.criterion.com/films/781-yi-yi","Yi Yi","7","https://www.criterion.com/shop/collection/447-paul-dano-s-closet-picks"
"closet:447","Paul Dano’s Closet Picks","https://www.criterion.com/films/249-my-own-private-idaho","My Own Private Idaho","8","https://www.criterion.com/shop/collection/447-paul-dano-s-closet-picks"
"closet:440","Euzhan Palcy’s Closet Picks","https://www.criterion.com/films/344-black-orpheus","Black Orpheus","1","https://www.criterion.com/shop/collection/440-euzhan-palcy-s-closet-picks"
"closet:440","Euzhan Palcy’s Closet Picks","https://www.criterion.com/films/358-the-lady-vanishes","The Lady Vanishes","2","https://www.criterion.com/shop/collection/440-euzhan-palcy-s-closet-picks"
"closet:440","Euzhan Palcy’s Closet Picks","https://www.criterion.com/films/27534-cronos","Cronos","3","https://www.criterion.com/shop/collection/440-euzhan-palcy-s-closet-picks"
"closet:440","Euzhan Palcy’s Closet Picks","https://www.criterion.com/films/27774-the-naked-island","The Naked Island","4","https://www.criterion.com/shop/collection/440-euzhan-palcy-s-closet-picks"
"closet:440","Euzhan Palcy’s Closet Picks","https://www.criterion.com/films/27914-the-devil-s-backbone","The Devil’s Backbone","5","https://www.criterion.com/shop/collection/440-euzhan-palcy-s-closet-picks"
"closet:440","Euzhan Palcy’s Closet Picks","https://www.criterion.com/films/28948-pan-s-labyrinth","Pan’s Labyrinth","6","https://www.criterion.com/shop/collection/440-euzhan-palcy-s-closet-picks"
"closet:440","Euzhan Palcy’s Closet Picks","https://www.criterion.com/films/29148-a-dry-white-season","A Dry White Season","7","https://www.criterion.com/shop/collection/440-euzhan-palcy-s-closet-picks"
"closet:440","Euzhan Palcy’s Closet Picks","https://www.criterion.com/films/151-the-400-blows","The 400 Blows","8","https://www.criterion.com/shop/collection/440-euzhan-palcy-s-closet-picks"
"closet:440","Euzhan Palcy’s Closet Picks","https://www.criterion.com/boxsets/558-john-cassavetes-five-films","John Cassavetes: Five Films","9","https://www.criterion.com/shop/collection/440-euzhan-palcy-s-closet-picks"
"closet:440","Euzhan Palcy’s Closet Picks","https://www.criterion.com/boxsets/89-a-film-trilogy-by-ingmar-bergman","A Film Trilogy by Ingmar Bergman","10","https://www.criterion.com/shop/collection/440-euzhan-palcy-s-closet-picks"
"closet:440","Euzhan Palcy’s Closet Picks","https://www.criterion.com/films/28032-love-streams","Love Streams","11","https://www.criterion.com/shop/collection/440-euzhan-palcy-s-closet-picks"
"closet:428","Claire Denis’ Closet Picks","https://www.criterion.com/films/441-ordet","Ordet","1","https://www.criterion.com/shop/collection/428-claire-denis-closet-picks"
"closet:428","Claire Denis’ Closet Picks","https://www.criterion.com/films/442-day-of-wrath","Day of Wrath","2","https://www.criterion.com/shop/collection/428-claire-denis-closet-picks"
"closet:428","Claire Denis’ Closet Picks","https://www.criterion.com/films/443-gertrud","Gertrud","3","https://www.criterion.com/shop/collection/428-claire-denis-closet-picks"
"closet:428","Claire Denis’ Closet Picks","https://www.criterion.com/films/863-gate-of-flesh","Gate of Flesh","4","https://www.criterion.com/shop/collection/428-claire-denis-closet-picks"
"closet:428","Claire Denis’ Closet Picks","https://www.criterion.com/films/929-tout-va-bien","Tout va bien","5","https://www.criterion.com/shop/collection/428-claire-denis-closet-picks"
"closet:428","Claire Denis’ Closet Picks","https://www.criterion.com/films/27638-summer-with-monika","Summer with Monika","6","https://www.criterion.com/shop/collection/428-claire-denis-closet-picks"
"closet:428","Claire Denis’ Closet Picks","https://www.criterion.com/films/27903-his-girl-friday","His Girl Friday","7","https://www.criterion.com/shop/collection/428-claire-denis-closet-picks"
"closet:439","Lucrecia Martel’s Closet Picks","https://www.criterion.com/films/358-the-lady-vanishes","The Lady Vanishes","1","https://www.criterion.com/shop/collection/439-lucrecia-martel-s-closet-picks"
"closet:439","Lucrecia Martel’s Closet Picks","https://www.criterion.com/films/165-seven-samurai","Seven Samurai","2","https://www.criterion.com/shop/collection/439-lucrecia-martel-s-closet-picks"
"closet:439","Lucrecia Martel’s Closet Picks","https://www.criterion.com/films/208-amarcord","Amarcord","3","https://www.criterion.com/shop/collection/439-lucrecia-martel-s-closet-picks"
"closet:439","Lucrecia Martel’s Closet Picks","https://www.criterion.com/films/177-beauty-and-the-beast","Beauty and the Beast","4","https://www.criterion.com/shop/collection/439-lucrecia-martel-s-closet-picks"
"closet:439","Lucrecia Martel’s Closet Picks","https://www.criterion.com/films/28032-love-streams","Love Streams","5","https://www.criterion.com/shop/collection/439-lucrecia-martel-s-closet-picks"
"closet:439","Lucrecia Martel’s Closet Picks","https://www.criterion.com/films/232-time-bandits","Time Bandits","6","https://www.criterion.com/shop/collection/439-lucrecia-martel-s-closet-picks"
"closet:439","Lucrecia Martel’s Closet Picks","https://www.criterion.com/films/950-eyes-without-a-face","Eyes Without a Face","7","https://www.criterion.com/shop/collection/439-lucrecia-martel-s-closet-picks"
"closet:439","Lucrecia Martel’s Closet Picks","https://www.criterion.com/films/634-naked-lunch","Naked Lunch","8","https://www.criterion.com/shop/collection/439-lucrecia-martel-s-closet-picks"
"closet:439","Lucrecia Martel’s Closet Picks","https://www.criterion.com/films/607-carnival-of-souls","Carnival of Souls","9","https://www.criterion.com/shop/collection/439-lucrecia-martel-s-closet-picks"
"closet:439","Lucrecia Martel’s Closet Picks","https://www.criterion.com/films/233-the-red-shoes","The Red Shoes","10","https://www.criterion.com/shop/collection/439-lucrecia-martel-s-closet-picks"
"closet:439","Lucrecia Martel’s Closet Picks","https://www.criterion.com/films/28696-cat-people","Cat People","11","https://www.criterion.com/shop/collection/439-lucrecia-martel-s-closet-picks"
"closet:422","John Waters’ Closet Picks","https://www.criterion.com/films/150-8-1-2","8½","1","https://www.criterion.com/shop/collection/422-john-waters-closet-picks"
"closet:422","John Waters’ Closet Picks","https://www.criterion.com/films/582-the-honeymoon-killers","The Honeymoon Killers","2","https://www.criterion.com/shop/collection/422-john-waters-closet-picks"
"closet:422","John Waters’ Closet Picks","https://www.criterion.com/films/630-the-blob","The Blob","3","https://www.criterion.com/shop/collection/422-john-waters-closet-picks"
"closet:422","John Waters’ Closet Picks","https://www.criterion.com/films/28120-beyond-the-valley-of-the-dolls","Beyond the Valley of the Dolls","4","https://www.criterion.com/shop/collection/422-john-waters-closet-picks"
"closet:422","John Waters’ Closet Picks","https://www.criterion.com/films/29237-twin-peaks-fire-walk-with-me","Twin Peaks: Fire Walk with Me","5","https://www.criterion.com/shop/collection/422-john-waters-closet-picks"
"closet:474","Aubrey Plaza and Jeff Baena’s Closet Picks","https://www.criterion.com/films/639-the-lady-eve","The Lady Eve","1","https://www.criterion.com/shop/collection/474-aubrey-plaza-and-jeff-baena-s-closet-picks"
"closet:474","Aubrey Plaza and Jeff Baena’s Closet Picks","https://www.criterion.com/films/599-for-all-mankind","For All Mankind","2","https://www.criterion.com/shop/collection/474-aubrey-plaza-and-jeff-baena-s-closet-picks"
"closet:474","Aubrey Plaza and Jeff Baena’s Closet Picks","https://www.criterion.com/films/27896-harold-and-maude","Harold and Maude","3","https://www.criterion.com/shop/collection/474-aubrey-plaza-and-jeff-baena-s-closet-picks"
"closet:474","Aubrey Plaza and Jeff Baena’s Closet Picks","https://www.criterion.com/films/29009-being-there","Being There","4","https://www.criterion.com/shop/collection/474-aubrey-plaza-and-jeff-baena-s-closet-picks"
"closet:474","Aubrey Plaza and Jeff Baena’s Closet Picks","https://www.criterion.com/boxsets/769-america-lost-and-found-the-bbs-story","America Lost and Found: The BBS Story","5","https://www.criterion.com/shop/collection/474-aubrey-plaza-and-jeff-baena-s-closet-picks"
"closet:474","Aubrey Plaza and Jeff Baena’s Closet Picks","https://www.criterion.com/films/837-under-the-volcano","Under the Volcano","6","https://www.criterion.com/shop/collection/474-aubrey-plaza-and-jeff-baena-s-closet-picks"
"closet:474","Aubrey Plaza and Jeff Baena’s Closet Picks","https://www.criterion.com/films/710-scenes-from-a-marriage","Scenes from a Marriage","7","https://www.criterion.com/shop/collection/474-aubrey-plaza-and-jeff-baena-s-closet-picks"
"closet:474","Aubrey Plaza and Jeff Baena’s Closet Picks","https://www.criterion.com/films/28830-the-squid-and-the-whale","The Squid and the Whale","8","https://www.criterion.com/shop/collection/474-aubrey-plaza-and-jeff-baena-s-closet-picks"
"closet:474","Aubrey Plaza and Jeff Baena’s Closet Picks","https://www.criterion.com/films/712-3-women","3 Women","9","https://www.criterion.com/shop/collection/474-aubrey-plaza-and-jeff-baena-s-closet-picks"
"closet:474","Aubrey Plaza and Jeff Baena’s Closet Picks","https://www.criterion.com/films/28698-day-for-night","Day for Night","10","https://www.criterion.com/shop/collection/474-aubrey-plaza-and-jeff-baena-s-closet-picks"
"closet:474","Aubrey Plaza and Jeff Baena’s Closet Picks","https://www.criterion.com/films/27558-city-lights","City Lights","11","https://www.criterion.com/shop/collection/474-aubrey-plaza-and-jeff-baena-s-closet-picks"
"closet:474","Aubrey Plaza and Jeff Baena’s Closet Picks","https://www.criterion.com/films/28734-a-taste-of-honey","A Taste of Honey","12","https://www.criterion.com/shop/collection/474-aubrey-plaza-and-jeff-baena-s-closet-picks"
"closet:474","Aubrey Plaza and Jeff Baena’s Closet Picks","https://www.criterion.com/films/27927-rosemary-s-baby","Rosemary’s Baby","13","https://www.criterion.com/shop/collection/474-aubrey-plaza-and-jeff-baena-s-closet-picks"
"closet:474","Aubrey Plaza and Jeff Baena’s Closet Picks","https://www.criterion.com/films/28687-ghost-world","Ghost World","14","https://www.criterion.com/shop/collection/474-aubrey-plaza-and-jeff-baena-s-closet-picks"
"closet:474","Aubrey Plaza and Jeff Baena’s Closet Picks","https://www.criterion.com/films/28610-the-big-chill","The Big Chill","15","https://www.criterion.com/shop/collection/474-aubrey-plaza-and-jeff-baena-s-closet-picks"
"closet:474","Aubrey Plaza and Jeff Baena’s Closet Picks","https://www.criterion.com/films/28835-the-player","The Player","16","https://www.criterion.com/shop/collection/474-aubrey-plaza-and-jeff-baena-s-closet-picks"
"closet:474","Aubrey Plaza and Jeff Baena’s Closet Picks","https://www.criterion.com/films/27771-i-married-a-witch","I Married a Witch","17","https://www.criterion.com/shop/collection/474-aubrey-plaza-and-jeff-baena-s-closet-picks"
"closet:474","Aubrey Plaza and Jeff Baena’s Closet Picks","https://www.criterion.com/films/28548-safe","Safe","18","https://www.criterion.com/shop/collection/474-aubrey-plaza-and-jeff-baena-s-closet-picks"
"closet:477","Lee Unkrich’s Closet Picks","https://www.criterion.com/boxsets/844-three-colors","Three Colors","1","https://www.criterion.com/shop/collection/477-lee-unkrich-s-closet-picks"
"closet:477","Lee Unkrich’s Closet Picks","https://www.criterion.com/films/210-bicycle-thieves","Bicycle Thieves","2","https://www.criterion.com/shop/collection/477-lee-unkrich-s-closet-picks"
"closet:477","Lee Unkrich’s Closet Picks","https://www.criterion.com/films/246-loves-of-a-blonde","Loves of a Blonde","3","https://www.criterion.com/shop/collection/477-lee-unkrich-s-closet-picks"
"closet:477","Lee Unkrich’s Closet Picks","https://www.criterion.com/films/28578-the-graduate","The Graduate","4","https://www.criterion.com/shop/collection/477-lee-unkrich-s-closet-picks"
"closet:477","Lee Unkrich’s Closet Picks","https://www.criterion.com/films/27916-punch-drunk-love","Punch-Drunk Love","5","https://www.criterion.com/shop/collection/477-lee-unkrich-s-closet-picks"
"closet:477","Lee Unkrich’s Closet Picks","https://www.criterion.com/films/742-an-angel-at-my-table","An Angel at My Table","6","https://www.criterion.com/shop/collection/477-lee-unkrich-s-closet-picks"
"closet:477","Lee Unkrich’s Closet Picks","https://www.criterion.com/films/28428-seconds","Seconds","7","https://www.criterion.com/shop/collection/477-lee-unkrich-s-closet-picks"
"closet:477","Lee Unkrich’s Closet Picks","https://www.criterion.com/films/28561-all-that-jazz","All That Jazz","8","https://www.criterion.com/shop/collection/477-lee-unkrich-s-closet-picks"
"closet:448","Tavi Gevinson’s Closet Picks","https://www.criterion.com/films/150-8-1-2","8½","1","https://www.criterion.com/shop/collection/448-tavi-gevinson-s-closet-picks"
"closet:448","Tavi Gevinson’s Closet Picks","https://www.criterion.com/films/29335-election","Election","2","https://www.criterion.com/shop/collection/448-tavi-gevinson-s-closet-picks"
"closet:448","Tavi Gevinson’s Closet Picks","https://www.criterion.com/films/28686-dressed-to-kill","Dressed to Kill","3","https://www.criterion.com/shop/collection/448-tavi-gevinson-s-closet-picks"
"closet:448","Tavi Gevinson’s Closet Picks","https://www.criterion.com/films/27957-fox-and-his-friends","Fox and His Friends","4","https://www.criterion.com/shop/collection/448-tavi-gevinson-s-closet-picks"
"closet:448","Tavi Gevinson’s Closet Picks","https://www.criterion.com/films/774-metropolitan","Metropolitan","5","https://www.criterion.com/shop/collection/448-tavi-gevinson-s-closet-picks"
"closet:448","Tavi Gevinson’s Closet Picks","https://www.criterion.com/films/28691-barcelona","Barcelona","6","https://www.criterion.com/shop/collection/448-tavi-gevinson-s-closet-picks"
"closet:448","Tavi Gevinson’s Closet Picks","https://www.criterion.com/films/27860-valerie-and-her-week-of-wonders","Valerie and Her Week of Wonders","7","https://www.criterion.com/shop/collection/448-tavi-gevinson-s-closet-picks"
"closet:448","Tavi Gevinson’s Closet Picks","https://www.criterion.com/boxsets/691-eclipse-series-19-chantal-akerman-in-the-seventies","Eclipse Series 19: Chantal Akerman in the Seventies","8","https://www.criterion.com/shop/collection/448-tavi-gevinson-s-closet-picks"
"closet:448","Tavi Gevinson’s Closet Picks","https://www.criterion.com/films/835-martha-graham-dance-on-film","Martha Graham: Dance on Film","9","https://www.criterion.com/shop/collection/448-tavi-gevinson-s-closet-picks"
"closet:448","Tavi Gevinson’s Closet Picks","https://www.criterion.com/films/27535-broadcast-news","Broadcast News","10","https://www.criterion.com/shop/collection/448-tavi-gevinson-s-closet-picks"
"closet:448","Tavi Gevinson’s Closet Picks","https://www.criterion.com/films/28757-moonrise-kingdom","Moonrise Kingdom","11","https://www.criterion.com/shop/collection/448-tavi-gevinson-s-closet-picks"
"closet:446","Ethan Hawke and Jonathan Marc Sherman’s Closet Picks","https://www.criterion.com/boxsets/1237-the-before-trilogy","The Before Trilogy","1","https://www.criterion.com/shop/collection/446-ethan-hawke-and-jonathan-marc-sherman-s-closet-picks"
"closet:446","Ethan Hawke and Jonathan Marc Sherman’s Closet Picks","https://www.criterion.com/films/344-black-orpheus","Black Orpheus","2","https://www.criterion.com/shop/collection/446-ethan-hawke-and-jonathan-marc-sherman-s-closet-picks"
"closet:446","Ethan Hawke and Jonathan Marc Sherman’s Closet Picks","https://www.criterion.com/films/151-the-400-blows","The 400 Blows","3","https://www.criterion.com/shop/collection/446-ethan-hawke-and-jonathan-marc-sherman-s-closet-picks"
"closet:446","Ethan Hawke and Jonathan Marc Sherman’s Closet Picks","https://www.criterion.com/films/28609-tootsie","Tootsie","4","https://www.criterion.com/shop/collection/446-ethan-hawke-and-jonathan-marc-sherman-s-closet-picks"
"closet:446","Ethan Hawke and Jonathan Marc Sherman’s Closet Picks","https://www.criterion.com/films/27766-breaker-morant","Breaker Morant","5","https://www.criterion.com/shop/collection/446-ethan-hawke-and-jonathan-marc-sherman-s-closet-picks"
"closet:446","Ethan Hawke and Jonathan Marc Sherman’s Closet Picks","https://www.criterion.com/films/28993-rumble-fish","Rumble Fish","6","https://www.criterion.com/shop/collection/446-ethan-hawke-and-jonathan-marc-sherman-s-closet-picks"
"closet:446","Ethan Hawke and Jonathan Marc Sherman’s Closet Picks","https://www.criterion.com/films/839-berlin-alexanderplatz","Berlin Alexanderplatz","7","https://www.criterion.com/shop/collection/446-ethan-hawke-and-jonathan-marc-sherman-s-closet-picks"
"closet:446","Ethan Hawke and Jonathan Marc Sherman’s Closet Picks","https://www.criterion.com/films/829-ace-in-the-hole","Ace in the Hole","8","https://www.criterion.com/shop/collection/446-ethan-hawke-and-jonathan-marc-sherman-s-closet-picks"
"closet:446","Ethan Hawke and Jonathan Marc Sherman’s Closet Picks","https://www.criterion.com/films/1502-paris-texas","Paris, Texas","9","https://www.criterion.com/shop/collection/446-ethan-hawke-and-jonathan-marc-sherman-s-closet-picks"
"closet:446","Ethan Hawke and Jonathan Marc Sherman’s Closet Picks","https://www.criterion.com/films/657-sullivan-s-travels","Sullivan’s Travels","10","https://www.criterion.com/shop/collection/446-ethan-hawke-and-jonathan-marc-sherman-s-closet-picks"
"closet:446","Ethan Hawke and Jonathan Marc Sherman’s Closet Picks","https://www.criterion.com/films/28979-one-eyed-jacks","One-Eyed Jacks","11","https://www.criterion.com/shop/collection/446-ethan-hawke-and-jonathan-marc-sherman-s-closet-picks"
"closet:446","Ethan Hawke and Jonathan Marc Sherman’s Closet Picks","https://www.criterion.com/films/27529-five-easy-pieces","Five Easy Pieces","12","https://www.criterion.com/shop/collection/446-ethan-hawke-and-jonathan-marc-sherman-s-closet-picks"
"closet:446","Ethan Hawke and Jonathan Marc Sherman’s Closet Picks","https://www.criterion.com/films/27523-house","House","13","https://www.criterion.com/shop/collection/446-ethan-hawke-and-jonathan-marc-sherman-s-closet-picks"
"closet:446","Ethan Hawke and Jonathan Marc Sherman’s Closet Picks","https://www.criterion.com/boxsets/1055-the-essential-jacques-demy","The Essential Jacques Demy","14","https://www.criterion.com/shop/collection/446-ethan-hawke-and-jonathan-marc-sherman-s-closet-picks"
"closet:478","Alexander Payne’s Closet Picks","https://www.criterion.com/films/532-salo-or-the-120-days-of-sodom","Salò, or The 120 Days of Sodom","1","https://www.criterion.com/shop/collection/478-alexander-payne-s-closet-picks"
"closet:478","Alexander Payne’s Closet Picks","https://www.criterion.com/films/829-ace-in-the-hole","Ace in the Hole","2","https://www.criterion.com/shop/collection/478-alexander-payne-s-closet-picks"
"closet:478","Alexander Payne’s Closet Picks","https://www.criterion.com/films/712-3-women","3 Women","3","https://www.criterion.com/shop/collection/478-alexander-payne-s-closet-picks"
"closet:478","Alexander Payne’s Closet Picks","https://www.criterion.com/films/209-l-avventura","L’avventura","4","https://www.criterion.com/shop/collection/478-alexander-payne-s-closet-picks"
"closet:478","Alexander Payne’s Closet Picks","https://www.criterion.com/films/572-le-plaisir","Le plaisir","5","https://www.criterion.com/shop/collection/478-alexander-payne-s-closet-picks"
"closet:478","Alexander Payne’s Closet Picks","https://www.criterion.com/films/28101--alambrista","¡Alambrista!","6","https://www.criterion.com/shop/collection/478-alexander-payne-s-closet-picks"
"closet:478","Alexander Payne’s Closet Picks","https://www.criterion.com/films/28695-the-breaking-point","The Breaking Point","7","https://www.criterion.com/shop/collection/478-alexander-payne-s-closet-picks"
"closet:478","Alexander Payne’s Closet Picks","https://www.criterion.com/films/28497-speedy","Speedy","8","https://www.criterion.com/shop/collection/478-alexander-payne-s-closet-picks"
"closet:478","Alexander Payne’s Closet Picks","https://www.criterion.com/films/713-red-beard","Red Beard","9","https://www.criterion.com/shop/collection/478-alexander-payne-s-closet-picks"
"closet:478","Alexander Payne’s Closet Picks","https://www.criterion.com/films/28659-a-special-day","A Special Day","10","https://www.criterion.com/shop/collection/478-alexander-payne-s-closet-picks"
"closet:478","Alexander Payne’s Closet Picks","https://www.criterion.com/films/28980-the-executioner","The Executioner","11","https://www.criterion.com/shop/collection/478-alexander-payne-s-closet-picks"
"closet:476","Josh and Benny Safdie’s Closet Picks","https://www.criterion.com/films/28805-meantime","Meantime","1","https://www.criterion.com/shop/collection/476-josh-and-benny-safdie-s-closet-picks"
"closet:476","Josh and Benny Safdie’s Closet Picks","https://www.criterion.com/films/27848-a-man-escaped","A Man Escaped","2","https://www.criterion.com/shop/collection/476-josh-and-benny-safdie-s-closet-picks"
"closet:476","Josh and Benny Safdie’s Closet Picks","https://www.criterion.com/films/28044-my-beautiful-laundrette","My Beautiful Laundrette","3","https://www.criterion.com/shop/collection/476-josh-and-benny-safdie-s-closet-picks"
"closet:476","Josh and Benny Safdie’s Closet Picks","https://www.criterion.com/films/27957-fox-and-his-friends","Fox and His Friends","4","https://www.criterion.com/shop/collection/476-josh-and-benny-safdie-s-closet-picks"
"closet:476","Josh and Benny Safdie’s Closet Picks","https://www.criterion.com/films/210-bicycle-thieves","Bicycle Thieves","5","https://www.criterion.com/shop/collection/476-josh-and-benny-safdie-s-closet-picks"
"closet:476","Josh and Benny Safdie’s Closet Picks","https://www.criterion.com/films/522-walkabout","Walkabout","6","https://www.criterion.com/shop/collection/476-josh-and-benny-safdie-s-closet-picks"
"closet:476","Josh and Benny Safdie’s Closet Picks","https://www.criterion.com/films/27674-the-moment-of-truth","The Moment of Truth","7","https://www.criterion.com/shop/collection/476-josh-and-benny-safdie-s-closet-picks"
"closet:476","Josh and Benny Safdie’s Closet Picks","https://www.criterion.com/films/28852-blood-simple","Blood Simple","8","https://www.criterion.com/shop/collection/476-josh-and-benny-safdie-s-closet-picks"
"closet:476","Josh and Benny Safdie’s Closet Picks","https://www.criterion.com/films/28835-the-player","The Player","9","https://www.criterion.com/shop/collection/476-josh-and-benny-safdie-s-closet-picks"
"closet:476","Josh and Benny Safdie’s Closet Picks","https://www.criterion.com/films/364-il-posto","Il posto","10","https://www.criterion.com/shop/collection/476-josh-and-benny-safdie-s-closet-picks"
"closet:476","Josh and Benny Safdie’s Closet Picks","https://www.criterion.com/films/27588-l-argent","L’argent","11","https://www.criterion.com/shop/collection/476-josh-and-benny-safdie-s-closet-picks"
"closet:476","Josh and Benny Safdie’s Closet Picks","https://www.criterion.com/films/28594-tess","Tess","12","https://www.criterion.com/shop/collection/476-josh-and-benny-safdie-s-closet-picks"
"closet:438","Flying Lotus’s Closet Picks","https://www.criterion.com/films/211-brazil","Brazil","1","https://www.criterion.com/shop/collection/438-flying-lotus-s-closet-picks"
"closet:438","Flying Lotus’s Closet Picks","https://www.criterion.com/films/333-rushmore","Rushmore","2","https://www.criterion.com/shop/collection/438-flying-lotus-s-closet-picks"
"closet:438","Flying Lotus’s Closet Picks","https://www.criterion.com/films/634-naked-lunch","Naked Lunch","3","https://www.criterion.com/shop/collection/438-flying-lotus-s-closet-picks"
"closet:438","Flying Lotus’s Closet Picks","https://www.criterion.com/films/28759-jellyfish-eyes","Jellyfish Eyes","4","https://www.criterion.com/shop/collection/438-flying-lotus-s-closet-picks"
"closet:438","Flying Lotus’s Closet Picks","https://www.criterion.com/films/607-carnival-of-souls","Carnival of Souls","5","https://www.criterion.com/shop/collection/438-flying-lotus-s-closet-picks"
"closet:438","Flying Lotus’s Closet Picks","https://www.criterion.com/films/28206-dreams","Dreams","6","https://www.criterion.com/shop/collection/438-flying-lotus-s-closet-picks"
"closet:438","Flying Lotus’s Closet Picks","https://www.criterion.com/films/508-masculin-feminin","Masculin féminin","7","https://www.criterion.com/shop/collection/438-flying-lotus-s-closet-picks"
"closet:438","Flying Lotus’s Closet Picks","https://www.criterion.com/films/28791-a-touch-of-zen","A Touch of Zen","8","https://www.criterion.com/shop/collection/438-flying-lotus-s-closet-picks"
"closet:438","Flying Lotus’s Closet Picks","https://www.criterion.com/films/28150-stalker","Stalker","9","https://www.criterion.com/shop/collection/438-flying-lotus-s-closet-picks"
"closet:438","Flying Lotus’s Closet Picks","https://www.criterion.com/films/28565-fantastic-mr-fox","Fantastic Mr. Fox","10","https://www.criterion.com/shop/collection/438-flying-lotus-s-closet-picks"
"closet:457","Alicia Malone’s Closet Picks","https://www.criterion.com/films/27766-breaker-morant","Breaker Morant","1","https://www.criterion.com/shop/collection/457-alicia-malone-s-closet-picks"
"closet:457","Alicia Malone’s Closet Picks","https://www.criterion.com/films/28382-eraserhead","Eraserhead","2","https://www.criterion.com/shop/collection/457-alicia-malone-s-closet-picks"
"closet:457","Alicia Malone’s Closet Picks","https://www.criterion.com/films/353-ikiru","Ikiru","3","https://www.criterion.com/shop/collection/457-alicia-malone-s-closet-picks"
"closet:457","Alicia Malone’s Closet Picks","https://www.criterion.com/films/28589-lady-snowblood","Lady Snowblood","4","https://www.criterion.com/shop/collection/457-alicia-malone-s-closet-picks"
"closet:457","Alicia Malone’s Closet Picks","https://www.criterion.com/films/28441-weekend","Weekend","5","https://www.criterion.com/shop/collection/457-alicia-malone-s-closet-picks"
"closet:457","Alicia Malone’s Closet Picks","https://www.criterion.com/films/27909-gilda","Gilda","6","https://www.criterion.com/shop/collection/457-alicia-malone-s-closet-picks"
"closet:457","Alicia Malone’s Closet Picks","https://www.criterion.com/films/27903-his-girl-friday","His Girl Friday","7","https://www.criterion.com/shop/collection/457-alicia-malone-s-closet-picks"
"closet:457","Alicia Malone’s Closet Picks","https://www.criterion.com/films/522-walkabout","Walkabout","8","https://www.criterion.com/shop/collection/457-alicia-malone-s-closet-picks"
"closet:471","Ben Wheatley’s Closet Picks","https://www.criterion.com/films/695-the-horse-s-mouth","The Horse’s Mouth","1","https://www.criterion.com/shop/collection/471-ben-wheatley-s-closet-picks"
"closet:471","Ben Wheatley’s Closet Picks","https://www.criterion.com/films/664-grey-gardens","Grey Gardens","2","https://www.criterion.com/shop/collection/471-ben-wheatley-s-closet-picks"
"closet:471","Ben Wheatley’s Closet Picks","https://www.criterion.com/films/847-two-lane-blacktop","Two-Lane Blacktop","3","https://www.criterion.com/shop/collection/471-ben-wheatley-s-closet-picks"
"closet:471","Ben Wheatley’s Closet Picks","https://www.criterion.com/films/27552-things-to-come","Things to Come","4","https://www.criterion.com/shop/collection/471-ben-wheatley-s-closet-picks"
"closet:471","Ben Wheatley’s Closet Picks","https://www.criterion.com/films/580-fishing-with-john","Fishing with John","5","https://www.criterion.com/shop/collection/471-ben-wheatley-s-closet-picks"
"closet:471","Ben Wheatley’s Closet Picks","https://www.criterion.com/films/165-seven-samurai","Seven Samurai","6","https://www.criterion.com/shop/collection/471-ben-wheatley-s-closet-picks"
"closet:471","Ben Wheatley’s Closet Picks","https://www.criterion.com/boxsets/1012-zatoichi-the-blind-swordsman","Zatoichi: The Blind Swordsman","7","https://www.criterion.com/shop/collection/471-ben-wheatley-s-closet-picks"
"closet:471","Ben Wheatley’s Closet Picks","https://www.criterion.com/films/28428-seconds","Seconds","8","https://www.criterion.com/shop/collection/471-ben-wheatley-s-closet-picks"
"closet:471","Ben Wheatley’s Closet Picks","https://www.criterion.com/films/27542-sweet-smell-of-success","Sweet Smell of Success","9","https://www.criterion.com/shop/collection/471-ben-wheatley-s-closet-picks"
"closet:471","Ben Wheatley’s Closet Picks","https://www.criterion.com/films/2104-crumb","Crumb","10","https://www.criterion.com/shop/collection/471-ben-wheatley-s-closet-picks"
"closet:471","Ben Wheatley’s Closet Picks","https://www.criterion.com/films/28993-rumble-fish","Rumble Fish","11","https://www.criterion.com/shop/collection/471-ben-wheatley-s-closet-picks"
"closet:471","Ben Wheatley’s Closet Picks","https://www.criterion.com/films/28620-watership-down","Watership Down","12","https://www.criterion.com/shop/collection/471-ben-wheatley-s-closet-picks"
"closet:485","Owen Kline’s Closet Picks","https://www.criterion.com/films/636-written-on-the-wind","Written on the Wind","1","https://www.criterion.com/shop/collection/485-owen-kline-s-closet-picks"
"closet:485","Owen Kline’s Closet Picks","https://www.criterion.com/films/2104-crumb","Crumb","2","https://www.criterion.com/shop/collection/485-owen-kline-s-closet-picks"
"closet:485","Owen Kline’s Closet Picks","https://www.criterion.com/boxsets/1073-the-shooting-ride-in-the-whirlwind","The Shooting/Ride in the Whirlwind","3","https://www.criterion.com/shop/collection/485-owen-kline-s-closet-picks"
"closet:485","Owen Kline’s Closet Picks","https://www.criterion.com/films/695-the-horse-s-mouth","The Horse’s Mouth","4","https://www.criterion.com/shop/collection/485-owen-kline-s-closet-picks"
"closet:485","Owen Kline’s Closet Picks","https://www.criterion.com/films/229-pickpocket","Pickpocket","5","https://www.criterion.com/shop/collection/485-owen-kline-s-closet-picks"
"closet:485","Owen Kline’s Closet Picks","https://www.criterion.com/boxsets/887-eclipse-series-33-up-all-night-with-robert-downey-sr","Eclipse Series 33: Up All Night with Robert Downey Sr.","6","https://www.criterion.com/shop/collection/485-owen-kline-s-closet-picks"
"closet:485","Owen Kline’s Closet Picks","https://www.criterion.com/films/3560-the-golden-age-of-television","The Golden Age of Television","7","https://www.criterion.com/shop/collection/485-owen-kline-s-closet-picks"
"closet:485","Owen Kline’s Closet Picks","https://www.criterion.com/films/27522-paths-of-glory","Paths of Glory","8","https://www.criterion.com/shop/collection/485-owen-kline-s-closet-picks"
"closet:485","Owen Kline’s Closet Picks","https://www.criterion.com/films/533-the-naked-kiss","The Naked Kiss","9","https://www.criterion.com/shop/collection/485-owen-kline-s-closet-picks"
"closet:475","Barry Levinson’s Closet Picks","https://www.criterion.com/films/218-jules-and-jim","Jules and Jim","1","https://www.criterion.com/shop/collection/475-barry-levinson-s-closet-picks"
"closet:475","Barry Levinson’s Closet Picks","https://www.criterion.com/films/449-spartacus","Spartacus","2","https://www.criterion.com/shop/collection/475-barry-levinson-s-closet-picks"
"closet:475","Barry Levinson’s Closet Picks","https://www.criterion.com/films/28655-dont-look-back","Dont Look Back","3","https://www.criterion.com/shop/collection/475-barry-levinson-s-closet-picks"
"closet:475","Barry Levinson’s Closet Picks","https://www.criterion.com/films/28979-one-eyed-jacks","One-Eyed Jacks","4","https://www.criterion.com/shop/collection/475-barry-levinson-s-closet-picks"
"closet:475","Barry Levinson’s Closet Picks","https://www.criterion.com/films/28756-chimes-at-midnight","Chimes at Midnight","5","https://www.criterion.com/shop/collection/475-barry-levinson-s-closet-picks"
"closet:475","Barry Levinson’s Closet Picks","https://www.criterion.com/films/500-shadows","Shadows","6","https://www.criterion.com/shop/collection/475-barry-levinson-s-closet-picks"
"closet:470","Barry Jenkins’s  Closet Picks","https://www.criterion.com/boxsets/1145-the-apu-trilogy","The Apu Trilogy","1","https://www.criterion.com/shop/collection/470-barry-jenkins-s-closet-picks"
"closet:470","Barry Jenkins’s  Closet Picks","https://www.criterion.com/films/27783-weekend","Weekend","2","https://www.criterion.com/shop/collection/470-barry-jenkins-s-closet-picks"
"closet:470","Barry Jenkins’s  Closet Picks","https://www.criterion.com/boxsets/558-john-cassavetes-five-films","John Cassavetes: Five Films","3","https://www.criterion.com/shop/collection/470-barry-jenkins-s-closet-picks"
"closet:470","Barry Jenkins’s  Closet Picks","https://www.criterion.com/films/28661-dekalog","Dekalog","4","https://www.criterion.com/shop/collection/470-barry-jenkins-s-closet-picks"
"closet:470","Barry Jenkins’s  Closet Picks","https://www.criterion.com/boxsets/844-three-colors","Three Colors","5","https://www.criterion.com/shop/collection/470-barry-jenkins-s-closet-picks"
"closet:470","Barry Jenkins’s  Closet Picks","https://www.criterion.com/films/216-la-haine","La haine","6","https://www.criterion.com/shop/collection/470-barry-jenkins-s-closet-picks"
"closet:470","Barry Jenkins’s  Closet Picks","https://www.criterion.com/films/28852-blood-simple","Blood Simple","7","https://www.criterion.com/shop/collection/470-barry-jenkins-s-closet-picks"
"closet:470","Barry Jenkins’s  Closet Picks","https://www.criterion.com/films/548-fat-girl","Fat Girl","8","https://www.criterion.com/shop/collection/470-barry-jenkins-s-closet-picks"
"closet:470","Barry Jenkins’s  Closet Picks","https://www.criterion.com/films/2364-monsoon-wedding","Monsoon Wedding","9","https://www.criterion.com/shop/collection/470-barry-jenkins-s-closet-picks"
"closet:470","Barry Jenkins’s  Closet Picks","https://www.criterion.com/films/28113-la-cienaga","La Ciénaga","10","https://www.criterion.com/shop/collection/470-barry-jenkins-s-closet-picks"
"closet:470","Barry Jenkins’s  Closet Picks","https://www.criterion.com/films/716-ratcatcher","Ratcatcher","11","https://www.criterion.com/shop/collection/470-barry-jenkins-s-closet-picks"
"closet:470","Barry Jenkins’s  Closet Picks","https://www.criterion.com/films/691-george-washington","George Washington","12","https://www.criterion.com/shop/collection/470-barry-jenkins-s-closet-picks"
"closet:470","Barry Jenkins’s  Closet Picks","https://www.criterion.com/films/307-rashomon","Rashomon","13","https://www.criterion.com/shop/collection/470-barry-jenkins-s-closet-picks"
"closet:470","Barry Jenkins’s  Closet Picks","https://www.criterion.com/films/268-breathless","Breathless","14","https://www.criterion.com/shop/collection/470-barry-jenkins-s-closet-picks"
"closet:470","Barry Jenkins’s  Closet Picks","https://www.criterion.com/boxsets/1055-the-essential-jacques-demy","The Essential Jacques Demy","15","https://www.criterion.com/shop/collection/470-barry-jenkins-s-closet-picks"
"closet:470","Barry Jenkins’s  Closet Picks","https://www.criterion.com/boxsets/1069-the-complete-jacques-tati","The Complete Jacques Tati","16","https://www.criterion.com/shop/collection/470-barry-jenkins-s-closet-picks"
"closet:470","Barry Jenkins’s  Closet Picks","https://www.criterion.com/films/28596-a-brighter-summer-day","A Brighter Summer Day","17","https://www.criterion.com/shop/collection/470-barry-jenkins-s-closet-picks"
"closet:469","Phil Rosenthal’s Closet Picks","https://www.criterion.com/films/27894-babette-s-feast","Babette’s Feast","1","https://www.criterion.com/shop/collection/469-phil-rosenthal-s-closet-picks"
"closet:469","Phil Rosenthal’s Closet Picks","https://www.criterion.com/films/980-stagecoach","Stagecoach","2","https://www.criterion.com/shop/collection/469-phil-rosenthal-s-closet-picks"
"closet:469","Phil Rosenthal’s Closet Picks","https://www.criterion.com/films/27692-foreign-correspondent","Foreign Correspondent","3","https://www.criterion.com/shop/collection/469-phil-rosenthal-s-closet-picks"
"closet:469","Phil Rosenthal’s Closet Picks","https://www.criterion.com/films/28822-dr-strangelove-or-how-i-learned-to-stop-worrying-and-love-the-bomb","Dr. Strangelove, or: How I Learned to Stop Worrying and Love the Bomb","4","https://www.criterion.com/shop/collection/469-phil-rosenthal-s-closet-picks"
"closet:469","Phil Rosenthal’s Closet Picks","https://www.criterion.com/films/550-overlord","Overlord","5","https://www.criterion.com/shop/collection/469-phil-rosenthal-s-closet-picks"
"closet:469","Phil Rosenthal’s Closet Picks","https://www.criterion.com/films/2350-make-way-for-tomorrow","Make Way for Tomorrow","6","https://www.criterion.com/shop/collection/469-phil-rosenthal-s-closet-picks"
"closet:469","Phil Rosenthal’s Closet Picks","https://www.criterion.com/films/657-sullivan-s-travels","Sullivan’s Travels","7","https://www.criterion.com/shop/collection/469-phil-rosenthal-s-closet-picks"
"closet:469","Phil Rosenthal’s Closet Picks","https://www.criterion.com/films/27899-on-the-waterfront","On the Waterfront","8","https://www.criterion.com/shop/collection/469-phil-rosenthal-s-closet-picks"
"closet:469","Phil Rosenthal’s Closet Picks","https://www.criterion.com/films/28569-the-innocents","The Innocents","9","https://www.criterion.com/shop/collection/469-phil-rosenthal-s-closet-picks"
"closet:479","Laura Albert & Jeff Feuerzeig’s Closet Picks","https://www.criterion.com/films/249-my-own-private-idaho","My Own Private Idaho","1","https://www.criterion.com/shop/collection/479-laura-albert-jeff-feuerzeig-s-closet-picks"
"closet:479","Laura Albert & Jeff Feuerzeig’s Closet Picks","https://www.criterion.com/films/333-rushmore","Rushmore","2","https://www.criterion.com/shop/collection/479-laura-albert-jeff-feuerzeig-s-closet-picks"
"closet:479","Laura Albert & Jeff Feuerzeig’s Closet Picks","https://www.criterion.com/films/27620-kiss-me-deadly","Kiss Me Deadly","3","https://www.criterion.com/shop/collection/479-laura-albert-jeff-feuerzeig-s-closet-picks"
"closet:479","Laura Albert & Jeff Feuerzeig’s Closet Picks","https://www.criterion.com/boxsets/613-pigs-pimps-prostitutes-3-films-by-shohei-imamura","Pigs, Pimps & Prostitutes: 3 Films by Shohei Imamura","4","https://www.criterion.com/shop/collection/479-laura-albert-jeff-feuerzeig-s-closet-picks"
"closet:479","Laura Albert & Jeff Feuerzeig’s Closet Picks","https://www.criterion.com/films/27899-on-the-waterfront","On the Waterfront","5","https://www.criterion.com/shop/collection/479-laura-albert-jeff-feuerzeig-s-closet-picks"
"closet:479","Laura Albert & Jeff Feuerzeig’s Closet Picks","https://www.criterion.com/films/28051-repo-man","Repo Man","6","https://www.criterion.com/shop/collection/479-laura-albert-jeff-feuerzeig-s-closet-picks"
"closet:479","Laura Albert & Jeff Feuerzeig’s Closet Picks","https://www.criterion.com/films/28572-the-rose","The Rose","7","https://www.criterion.com/shop/collection/479-laura-albert-jeff-feuerzeig-s-closet-picks"
"closet:473","Matías Piñeiro’s Closet Picks","https://www.criterion.com/boxsets/540-stage-and-spectacle-three-films-by-jean-renoir","Stage and Spectacle: Three Films by Jean Renoir","1","https://www.criterion.com/shop/collection/473-matias-pineiro-s-closet-picks"
"closet:473","Matías Piñeiro’s Closet Picks","https://www.criterion.com/films/28113-la-cienaga","La Ciénaga","2","https://www.criterion.com/shop/collection/473-matias-pineiro-s-closet-picks"
"closet:473","Matías Piñeiro’s Closet Picks","https://www.criterion.com/boxsets/982-3-films-by-roberto-rossellini-starring-ingrid-bergman","3 Films by Roberto Rossellini Starring Ingrid Bergman","3","https://www.criterion.com/shop/collection/473-matias-pineiro-s-closet-picks"
"closet:473","Matías Piñeiro’s Closet Picks","https://www.criterion.com/films/27690-to-be-or-not-to-be","To Be or Not to Be","4","https://www.criterion.com/shop/collection/473-matias-pineiro-s-closet-picks"
"closet:473","Matías Piñeiro’s Closet Picks","https://www.criterion.com/films/28658-les-blank-always-for-pleasure","Les Blank: Always for Pleasure","5","https://www.criterion.com/shop/collection/473-matias-pineiro-s-closet-picks"
"closet:473","Matías Piñeiro’s Closet Picks","https://www.criterion.com/boxsets/417-six-moral-tales","Six Moral Tales","6","https://www.criterion.com/shop/collection/473-matias-pineiro-s-closet-picks"
"closet:473","Matías Piñeiro’s Closet Picks","https://www.criterion.com/boxsets/819-the-complete-jean-vigo","The Complete Jean Vigo","7","https://www.criterion.com/shop/collection/473-matias-pineiro-s-closet-picks"
"closet:473","Matías Piñeiro’s Closet Picks","https://www.criterion.com/films/28072-a-day-in-the-country","A Day in the Country","8","https://www.criterion.com/shop/collection/473-matias-pineiro-s-closet-picks"
"closet:461","Cristian Mungiu’s Closet Picks","https://www.criterion.com/films/27526-modern-times","Modern Times","1","https://www.criterion.com/shop/collection/461-cristian-mungiu-s-closet-picks"
"closet:461","Cristian Mungiu’s Closet Picks","https://www.criterion.com/films/210-bicycle-thieves","Bicycle Thieves","2","https://www.criterion.com/shop/collection/461-cristian-mungiu-s-closet-picks"
"closet:461","Cristian Mungiu’s Closet Picks","https://www.criterion.com/films/28661-dekalog","Dekalog","3","https://www.criterion.com/shop/collection/461-cristian-mungiu-s-closet-picks"
"closet:461","Cristian Mungiu’s Closet Picks","https://www.criterion.com/films/28852-blood-simple","Blood Simple","4","https://www.criterion.com/shop/collection/461-cristian-mungiu-s-closet-picks"
"closet:461","Cristian Mungiu’s Closet Picks","https://www.criterion.com/films/27528-easy-rider","Easy Rider","5","https://www.criterion.com/shop/collection/461-cristian-mungiu-s-closet-picks"
"closet:466","Tim Robbins’s Closet Picks","https://www.criterion.com/films/536-antonio-gaudi","Antonio Gaudí","1","https://www.criterion.com/shop/collection/466-tim-robbins-s-closet-picks"
"closet:466","Tim Robbins’s Closet Picks","https://www.criterion.com/boxsets/752-eclipse-series-24-the-actuality-dramas-of-allan-king","Eclipse Series 24: The Actuality Dramas of Allan King","2","https://www.criterion.com/shop/collection/466-tim-robbins-s-closet-picks"
"closet:466","Tim Robbins’s Closet Picks","https://www.criterion.com/boxsets/77-la-jetee-sans-soleil","La Jetée/Sans Soleil","3","https://www.criterion.com/shop/collection/466-tim-robbins-s-closet-picks"
"closet:466","Tim Robbins’s Closet Picks","https://www.criterion.com/films/28427-nashville","Nashville","4","https://www.criterion.com/shop/collection/466-tim-robbins-s-closet-picks"
"closet:466","Tim Robbins’s Closet Picks","https://www.criterion.com/films/27542-sweet-smell-of-success","Sweet Smell of Success","5","https://www.criterion.com/shop/collection/466-tim-robbins-s-closet-picks"
"closet:466","Tim Robbins’s Closet Picks","https://www.criterion.com/films/534-shock-corridor","Shock Corridor","6","https://www.criterion.com/shop/collection/466-tim-robbins-s-closet-picks"
"closet:466","Tim Robbins’s Closet Picks","https://www.criterion.com/films/1093-my-dinner-with-andre","My Dinner with André","7","https://www.criterion.com/shop/collection/466-tim-robbins-s-closet-picks"
"closet:466","Tim Robbins’s Closet Picks","https://www.criterion.com/films/1400-z","Z","8","https://www.criterion.com/shop/collection/466-tim-robbins-s-closet-picks"
"closet:600","Ira Sachs’s Closet Picks","https://www.criterion.com/boxsets/1069-the-complete-jacques-tati","The Complete Jacques Tati","1","https://www.criterion.com/shop/collection/600-ira-sachs-s-closet-picks"
"closet:600","Ira Sachs’s Closet Picks","https://www.criterion.com/films/624-good-morning","Good Morning","2","https://www.criterion.com/shop/collection/600-ira-sachs-s-closet-picks"
"closet:600","Ira Sachs’s Closet Picks","https://www.criterion.com/films/687-salvatore-giuliano","Salvatore Giuliano","3","https://www.criterion.com/shop/collection/600-ira-sachs-s-closet-picks"
"closet:600","Ira Sachs’s Closet Picks","https://www.criterion.com/films/28447-charulata","Charulata","4","https://www.criterion.com/shop/collection/600-ira-sachs-s-closet-picks"
"closet:600","Ira Sachs’s Closet Picks","https://www.criterion.com/films/27968-shoah","Shoah","5","https://www.criterion.com/shop/collection/600-ira-sachs-s-closet-picks"
"closet:600","Ira Sachs’s Closet Picks","https://www.criterion.com/films/534-shock-corridor","Shock Corridor","6","https://www.criterion.com/shop/collection/600-ira-sachs-s-closet-picks"
"closet:600","Ira Sachs’s Closet Picks","https://www.criterion.com/films/28561-all-that-jazz","All That Jazz","7","https://www.criterion.com/shop/collection/600-ira-sachs-s-closet-picks"
"closet:600","Ira Sachs’s Closet Picks","https://www.criterion.com/films/613-the-magic-flute","The Magic Flute","8","https://www.criterion.com/shop/collection/600-ira-sachs-s-closet-picks"
"closet:600","Ira Sachs’s Closet Picks","https://www.criterion.com/films/27674-the-moment-of-truth","The Moment of Truth","9","https://www.criterion.com/shop/collection/600-ira-sachs-s-closet-picks"
"closet:600","Ira Sachs’s Closet Picks","https://www.criterion.com/films/973-magnificent-obsession","Magnificent Obsession","10","https://www.criterion.com/shop/collection/600-ira-sachs-s-closet-picks"
"closet:465","Amy Heckerling’s Closet Picks","https://www.criterion.com/films/829-ace-in-the-hole","Ace in the Hole","1","https://www.criterion.com/shop/collection/465-amy-heckerling-s-closet-picks"
"closet:465","Amy Heckerling’s Closet Picks","https://www.criterion.com/films/27558-city-lights","City Lights","2","https://www.criterion.com/shop/collection/465-amy-heckerling-s-closet-picks"
"closet:465","Amy Heckerling’s Closet Picks","https://www.criterion.com/films/150-8-1-2","8½","3","https://www.criterion.com/shop/collection/465-amy-heckerling-s-closet-picks"
"closet:465","Amy Heckerling’s Closet Picks","https://www.criterion.com/films/966-i-vitelloni","I vitelloni","4","https://www.criterion.com/shop/collection/465-amy-heckerling-s-closet-picks"
"closet:465","Amy Heckerling’s Closet Picks","https://www.criterion.com/films/634-naked-lunch","Naked Lunch","5","https://www.criterion.com/shop/collection/465-amy-heckerling-s-closet-picks"
"closet:465","Amy Heckerling’s Closet Picks","https://www.criterion.com/films/284-tokyo-story","Tokyo Story","6","https://www.criterion.com/shop/collection/465-amy-heckerling-s-closet-picks"
"closet:465","Amy Heckerling’s Closet Picks","https://www.criterion.com/films/558-m","M","7","https://www.criterion.com/shop/collection/465-amy-heckerling-s-closet-picks"
"closet:451","Anna Karina’s Closet Picks","https://www.criterion.com/films/149-pierrot-le-fou","Pierrot le fou","1","https://www.criterion.com/shop/collection/451-anna-karina-s-closet-picks"
"closet:451","Anna Karina’s Closet Picks","https://www.criterion.com/films/244-cleo-from-5-to-7","Cléo from 5 to 7","2","https://www.criterion.com/shop/collection/451-anna-karina-s-closet-picks"
"closet:451","Anna Karina’s Closet Picks","https://www.criterion.com/films/854-a-woman-is-a-woman","A Woman Is a Woman","3","https://www.criterion.com/shop/collection/451-anna-karina-s-closet-picks"
"closet:451","Anna Karina’s Closet Picks","https://www.criterion.com/films/2109-made-in-u-s-a","Made in U.S.A","4","https://www.criterion.com/shop/collection/451-anna-karina-s-closet-picks"
"closet:451","Anna Karina’s Closet Picks","https://www.criterion.com/films/27566-the-kid","The Kid","5","https://www.criterion.com/shop/collection/451-anna-karina-s-closet-picks"
"closet:452","Chris Eigeman’s Closet Picks","https://www.criterion.com/films/28561-all-that-jazz","All That Jazz","1","https://www.criterion.com/shop/collection/452-chris-eigeman-s-closet-picks"
"closet:452","Chris Eigeman’s Closet Picks","https://www.criterion.com/films/677-the-vanishing","The Vanishing","2","https://www.criterion.com/shop/collection/452-chris-eigeman-s-closet-picks"
"closet:452","Chris Eigeman’s Closet Picks","https://www.criterion.com/films/240-videodrome","Videodrome","3","https://www.criterion.com/shop/collection/452-chris-eigeman-s-closet-picks"
"closet:452","Chris Eigeman’s Closet Picks","https://www.criterion.com/films/1426-the-friends-of-eddie-coyle","The Friends of Eddie Coyle","4","https://www.criterion.com/shop/collection/452-chris-eigeman-s-closet-picks"
"closet:452","Chris Eigeman’s Closet Picks","https://www.criterion.com/films/446-pickup-on-south-street","Pickup on South Street","5","https://www.criterion.com/shop/collection/452-chris-eigeman-s-closet-picks"
"closet:452","Chris Eigeman’s Closet Picks","https://www.criterion.com/films/25039-night-train-to-munich","Night Train to Munich","6","https://www.criterion.com/shop/collection/452-chris-eigeman-s-closet-picks"
"closet:452","Chris Eigeman’s Closet Picks","https://www.criterion.com/films/239-contempt","Contempt","7","https://www.criterion.com/shop/collection/452-chris-eigeman-s-closet-picks"
"closet:453","Joachim Trier’s Closet Picks","https://www.criterion.com/films/588-mishima-a-life-in-four-chapters","Mishima: A Life in Four Chapters","1","https://www.criterion.com/shop/collection/453-joachim-trier-s-closet-picks"
"closet:453","Joachim Trier’s Closet Picks","https://www.criterion.com/films/28561-all-that-jazz","All That Jazz","2","https://www.criterion.com/shop/collection/453-joachim-trier-s-closet-picks"
"closet:453","Joachim Trier’s Closet Picks","https://www.criterion.com/films/543-high-and-low","High and Low","3","https://www.criterion.com/shop/collection/453-joachim-trier-s-closet-picks"
"closet:453","Joachim Trier’s Closet Picks","https://www.criterion.com/boxsets/1165-the-emigrants-the-new-land","The Emigrants/The New Land","4","https://www.criterion.com/shop/collection/453-joachim-trier-s-closet-picks"
"closet:453","Joachim Trier’s Closet Picks","https://www.criterion.com/boxsets/77-la-jetee-sans-soleil","La Jetée/Sans Soleil","5","https://www.criterion.com/shop/collection/453-joachim-trier-s-closet-picks"
"closet:453","Joachim Trier’s Closet Picks","https://www.criterion.com/films/27630-the-phantom-carriage","The Phantom Carriage","6","https://www.criterion.com/shop/collection/453-joachim-trier-s-closet-picks"
"closet:453","Joachim Trier’s Closet Picks","https://www.criterion.com/boxsets/1055-the-essential-jacques-demy","The Essential Jacques Demy","7","https://www.criterion.com/shop/collection/453-joachim-trier-s-closet-picks"
"closet:453","Joachim Trier’s Closet Picks","https://www.criterion.com/boxsets/8-4-by-agnes-varda","4 by Agnès Varda","8","https://www.criterion.com/shop/collection/453-joachim-trier-s-closet-picks"
"closet:453","Joachim Trier’s Closet Picks","https://www.criterion.com/films/27523-house","House","9","https://www.criterion.com/shop/collection/453-joachim-trier-s-closet-picks"
"closet:453","Joachim Trier’s Closet Picks","https://www.criterion.com/films/27559-white-material","White Material","10","https://www.criterion.com/shop/collection/453-joachim-trier-s-closet-picks"
"closet:453","Joachim Trier’s Closet Picks","https://www.criterion.com/films/553-solaris","Solaris","11","https://www.criterion.com/shop/collection/453-joachim-trier-s-closet-picks"
"closet:453","Joachim Trier’s Closet Picks","https://www.criterion.com/films/28036-heaven-s-gate","Heaven’s Gate","12","https://www.criterion.com/shop/collection/453-joachim-trier-s-closet-picks"
"closet:453","Joachim Trier’s Closet Picks","https://www.criterion.com/boxsets/417-six-moral-tales","Six Moral Tales","13","https://www.criterion.com/shop/collection/453-joachim-trier-s-closet-picks"
"closet:537","Louis Garrel’s Closet Picks","https://www.criterion.com/boxsets/947-pierre-etaix","Pierre Etaix","1","https://www.criterion.com/shop/collection/537-louis-garrel-s-closet-picks"
"closet:537","Louis Garrel’s Closet Picks","https://www.criterion.com/boxsets/1069-the-complete-jacques-tati","The Complete Jacques Tati","2","https://www.criterion.com/shop/collection/537-louis-garrel-s-closet-picks"
"closet:537","Louis Garrel’s Closet Picks","https://www.criterion.com/films/27638-summer-with-monika","Summer with Monika","3","https://www.criterion.com/shop/collection/537-louis-garrel-s-closet-picks"
"closet:537","Louis Garrel’s Closet Picks","https://www.criterion.com/boxsets/855-eclipse-series-31-three-popular-films-by-jean-pierre-gorin","Eclipse Series 31: Three Popular Films by Jean-Pierre Gorin","4","https://www.criterion.com/shop/collection/537-louis-garrel-s-closet-picks"
"closet:537","Louis Garrel’s Closet Picks","https://www.criterion.com/films/28491-persona","Persona","5","https://www.criterion.com/shop/collection/537-louis-garrel-s-closet-picks"
"closet:537","Louis Garrel’s Closet Picks","https://www.criterion.com/boxsets/982-3-films-by-roberto-rossellini-starring-ingrid-bergman","3 Films by Roberto Rossellini Starring Ingrid Bergman","6","https://www.criterion.com/shop/collection/537-louis-garrel-s-closet-picks"
"closet:537","Louis Garrel’s Closet Picks","https://www.criterion.com/films/246-loves-of-a-blonde","Loves of a Blonde","7","https://www.criterion.com/shop/collection/537-louis-garrel-s-closet-picks"
"closet:537","Louis Garrel’s Closet Picks","https://www.criterion.com/films/798-solo-con-tu-pareja","Sólo con tu pareja","8","https://www.criterion.com/shop/collection/537-louis-garrel-s-closet-picks"
"closet:537","Louis Garrel’s Closet Picks","https://www.criterion.com/films/218-jules-and-jim","Jules and Jim","9","https://www.criterion.com/shop/collection/537-louis-garrel-s-closet-picks"
"closet:537","Louis Garrel’s Closet Picks","https://www.criterion.com/films/208-amarcord","Amarcord","10","https://www.criterion.com/shop/collection/537-louis-garrel-s-closet-picks"
"closet:537","Louis Garrel’s Closet Picks","https://www.criterion.com/films/768-europa","Europa","11","https://www.criterion.com/shop/collection/537-louis-garrel-s-closet-picks"
"closet:603","Patrick Brice’s Closet Picks","https://www.criterion.com/films/2057-mystery-train","Mystery Train","1","https://www.criterion.com/shop/collection/603-patrick-brice-s-closet-picks"
"closet:603","Patrick Brice’s Closet Picks","https://www.criterion.com/films/200-wings-of-desire","Wings of Desire","2","https://www.criterion.com/shop/collection/603-patrick-brice-s-closet-picks"
"closet:603","Patrick Brice’s Closet Picks","https://www.criterion.com/films/28005-y-tu-mama-tambien","Y tu mamá también","3","https://www.criterion.com/shop/collection/603-patrick-brice-s-closet-picks"
"closet:603","Patrick Brice’s Closet Picks","https://www.criterion.com/films/28024-thief","Thief","4","https://www.criterion.com/shop/collection/603-patrick-brice-s-closet-picks"
"closet:603","Patrick Brice’s Closet Picks","https://www.criterion.com/films/28561-all-that-jazz","All That Jazz","5","https://www.criterion.com/shop/collection/603-patrick-brice-s-closet-picks"
"closet:603","Patrick Brice’s Closet Picks","https://www.criterion.com/films/1502-paris-texas","Paris, Texas","6","https://www.criterion.com/shop/collection/603-patrick-brice-s-closet-picks"
"closet:603","Patrick Brice’s Closet Picks","https://www.criterion.com/films/594-bottle-rocket","Bottle Rocket","7","https://www.criterion.com/shop/collection/603-patrick-brice-s-closet-picks"
"closet:464","Charlotte Rampling and Andrew Haigh’s Closet Picks","https://www.criterion.com/films/604-the-night-porter","The Night Porter","1","https://www.criterion.com/shop/collection/464-charlotte-rampling-and-andrew-haigh-s-closet-picks"
"closet:464","Charlotte Rampling and Andrew Haigh’s Closet Picks","https://www.criterion.com/films/28597-a-room-with-a-view","A Room with a View","2","https://www.criterion.com/shop/collection/464-charlotte-rampling-and-andrew-haigh-s-closet-picks"
"closet:464","Charlotte Rampling and Andrew Haigh’s Closet Picks","https://www.criterion.com/films/28446-safety-last","Safety Last!","3","https://www.criterion.com/shop/collection/464-charlotte-rampling-and-andrew-haigh-s-closet-picks"
"closet:464","Charlotte Rampling and Andrew Haigh’s Closet Picks","https://www.criterion.com/boxsets/982-3-films-by-roberto-rossellini-starring-ingrid-bergman","3 Films by Roberto Rossellini Starring Ingrid Bergman","4","https://www.criterion.com/shop/collection/464-charlotte-rampling-and-andrew-haigh-s-closet-picks"
"closet:464","Charlotte Rampling and Andrew Haigh’s Closet Picks","https://www.criterion.com/films/825-if","If....","5","https://www.criterion.com/shop/collection/464-charlotte-rampling-and-andrew-haigh-s-closet-picks"
"closet:464","Charlotte Rampling and Andrew Haigh’s Closet Picks","https://www.criterion.com/films/830-ivan-s-childhood","Ivan’s Childhood","6","https://www.criterion.com/shop/collection/464-charlotte-rampling-and-andrew-haigh-s-closet-picks"
"closet:464","Charlotte Rampling and Andrew Haigh’s Closet Picks","https://www.criterion.com/films/716-ratcatcher","Ratcatcher","7","https://www.criterion.com/shop/collection/464-charlotte-rampling-and-andrew-haigh-s-closet-picks"
"closet:464","Charlotte Rampling and Andrew Haigh’s Closet Picks","https://www.criterion.com/boxsets/916-trilogy-of-life","Trilogy of Life","8","https://www.criterion.com/shop/collection/464-charlotte-rampling-and-andrew-haigh-s-closet-picks"
"closet:464","Charlotte Rampling and Andrew Haigh’s Closet Picks","https://www.criterion.com/films/27783-weekend","Weekend","9","https://www.criterion.com/shop/collection/464-charlotte-rampling-and-andrew-haigh-s-closet-picks"
"closet:464","Charlotte Rampling and Andrew Haigh’s Closet Picks","https://www.criterion.com/films/28620-watership-down","Watership Down","10","https://www.criterion.com/shop/collection/464-charlotte-rampling-and-andrew-haigh-s-closet-picks"
"closet:464","Charlotte Rampling and Andrew Haigh’s Closet Picks","https://www.criterion.com/films/632-black-narcissus","Black Narcissus","11","https://www.criterion.com/shop/collection/464-charlotte-rampling-and-andrew-haigh-s-closet-picks"
"closet:464","Charlotte Rampling and Andrew Haigh’s Closet Picks","https://www.criterion.com/films/556-bergman-island","Bergman Island","12","https://www.criterion.com/shop/collection/464-charlotte-rampling-and-andrew-haigh-s-closet-picks"
"closet:464","Charlotte Rampling and Andrew Haigh’s Closet Picks","https://www.criterion.com/films/28025-sunday-bloody-sunday","Sunday Bloody Sunday","13","https://www.criterion.com/shop/collection/464-charlotte-rampling-and-andrew-haigh-s-closet-picks"
"closet:458","Sean Baker’s Closet Picks","https://www.criterion.com/films/27771-i-married-a-witch","I Married a Witch","1","https://www.criterion.com/shop/collection/458-sean-baker-s-closet-picks"
"closet:458","Sean Baker’s Closet Picks","https://www.criterion.com/films/220-naked","Naked","2","https://www.criterion.com/shop/collection/458-sean-baker-s-closet-picks"
"closet:458","Sean Baker’s Closet Picks","https://www.criterion.com/films/27982-life-is-sweet","Life Is Sweet","3","https://www.criterion.com/shop/collection/458-sean-baker-s-closet-picks"
"closet:458","Sean Baker’s Closet Picks","https://www.criterion.com/films/28051-repo-man","Repo Man","4","https://www.criterion.com/shop/collection/458-sean-baker-s-closet-picks"
"closet:458","Sean Baker’s Closet Picks","https://www.criterion.com/films/27560-kes","Kes","5","https://www.criterion.com/shop/collection/458-sean-baker-s-closet-picks"
"closet:458","Sean Baker’s Closet Picks","https://www.criterion.com/films/27750-secret-sunshine","Secret Sunshine","6","https://www.criterion.com/shop/collection/458-sean-baker-s-closet-picks"
"closet:458","Sean Baker’s Closet Picks","https://www.criterion.com/films/28759-jellyfish-eyes","Jellyfish Eyes","7","https://www.criterion.com/shop/collection/458-sean-baker-s-closet-picks"
"closet:458","Sean Baker’s Closet Picks","https://www.criterion.com/films/781-yi-yi","Yi Yi","8","https://www.criterion.com/shop/collection/458-sean-baker-s-closet-picks"
"closet:458","Sean Baker’s Closet Picks","https://www.criterion.com/films/972-el-norte","El Norte","9","https://www.criterion.com/shop/collection/458-sean-baker-s-closet-picks"
"closet:458","Sean Baker’s Closet Picks","https://www.criterion.com/boxsets/691-eclipse-series-19-chantal-akerman-in-the-seventies","Eclipse Series 19: Chantal Akerman in the Seventies","10","https://www.criterion.com/shop/collection/458-sean-baker-s-closet-picks"
"closet:458","Sean Baker’s Closet Picks","https://www.criterion.com/films/27767-eating-raoul","Eating Raoul","11","https://www.criterion.com/shop/collection/458-sean-baker-s-closet-picks"
"closet:458","Sean Baker’s Closet Picks","https://www.criterion.com/boxsets/417-six-moral-tales","Six Moral Tales","12","https://www.criterion.com/shop/collection/458-sean-baker-s-closet-picks"
"closet:607","The Wolfpack’s Closet Picks","https://www.criterion.com/films/28030-following","Following","1","https://www.criterion.com/shop/collection/607-the-wolfpack-s-closet-picks"
"closet:607","The Wolfpack’s Closet Picks","https://www.criterion.com/films/333-rushmore","Rushmore","2","https://www.criterion.com/shop/collection/607-the-wolfpack-s-closet-picks"
"closet:607","The Wolfpack’s Closet Picks","https://www.criterion.com/films/546-burden-of-dreams","Burden of Dreams","3","https://www.criterion.com/shop/collection/607-the-wolfpack-s-closet-picks"
"closet:607","The Wolfpack’s Closet Picks","https://www.criterion.com/films/28382-eraserhead","Eraserhead","4","https://www.criterion.com/shop/collection/607-the-wolfpack-s-closet-picks"
"closet:607","The Wolfpack’s Closet Picks","https://www.criterion.com/films/621-hamlet","Hamlet","5","https://www.criterion.com/shop/collection/607-the-wolfpack-s-closet-picks"
"closet:607","The Wolfpack’s Closet Picks","https://www.criterion.com/films/558-m","M","6","https://www.criterion.com/shop/collection/607-the-wolfpack-s-closet-picks"
"closet:607","The Wolfpack’s Closet Picks","https://www.criterion.com/films/213-days-of-heaven","Days of Heaven","7","https://www.criterion.com/shop/collection/607-the-wolfpack-s-closet-picks"
"closet:607","The Wolfpack’s Closet Picks","https://www.criterion.com/films/295-the-rules-of-the-game","The Rules of the Game","8","https://www.criterion.com/shop/collection/607-the-wolfpack-s-closet-picks"
"closet:607","The Wolfpack’s Closet Picks","https://www.criterion.com/films/284-tokyo-story","Tokyo Story","9","https://www.criterion.com/shop/collection/607-the-wolfpack-s-closet-picks"
"closet:607","The Wolfpack’s Closet Picks","https://www.criterion.com/films/28051-repo-man","Repo Man","10","https://www.criterion.com/shop/collection/607-the-wolfpack-s-closet-picks"
"closet:607","The Wolfpack’s Closet Picks","https://www.criterion.com/films/27927-rosemary-s-baby","Rosemary’s Baby","11","https://www.criterion.com/shop/collection/607-the-wolfpack-s-closet-picks"
"closet:607","The Wolfpack’s Closet Picks","https://www.criterion.com/films/27751-the-killing","The Killing","12","https://www.criterion.com/shop/collection/607-the-wolfpack-s-closet-picks"
"closet:607","The Wolfpack’s Closet Picks","https://www.criterion.com/films/1092-close-up","Close-up","13","https://www.criterion.com/shop/collection/607-the-wolfpack-s-closet-picks"
"closet:607","The Wolfpack’s Closet Picks","https://www.criterion.com/films/980-stagecoach","Stagecoach","14","https://www.criterion.com/shop/collection/607-the-wolfpack-s-closet-picks"
"closet:607","The Wolfpack’s Closet Picks","https://www.criterion.com/films/404-repulsion","Repulsion","15","https://www.criterion.com/shop/collection/607-the-wolfpack-s-closet-picks"
"closet:607","The Wolfpack’s Closet Picks","https://www.criterion.com/films/2106-the-human-condition","The Human Condition","16","https://www.criterion.com/shop/collection/607-the-wolfpack-s-closet-picks"
"closet:607","The Wolfpack’s Closet Picks","https://www.criterion.com/films/240-videodrome","Videodrome","17","https://www.criterion.com/shop/collection/607-the-wolfpack-s-closet-picks"
"closet:607","The Wolfpack’s Closet Picks","https://www.criterion.com/films/381-traffic","Traffic","18","https://www.criterion.com/shop/collection/607-the-wolfpack-s-closet-picks"
"closet:607","The Wolfpack’s Closet Picks","https://www.criterion.com/boxsets/558-john-cassavetes-five-films","John Cassavetes: Five Films","19","https://www.criterion.com/shop/collection/607-the-wolfpack-s-closet-picks"
"closet:607","The Wolfpack’s Closet Picks","https://www.criterion.com/films/248-the-battle-of-algiers","The Battle of Algiers","20","https://www.criterion.com/shop/collection/607-the-wolfpack-s-closet-picks"
"closet:607","The Wolfpack’s Closet Picks","https://www.criterion.com/boxsets/77-la-jetee-sans-soleil","La Jetée/Sans Soleil","21","https://www.criterion.com/shop/collection/607-the-wolfpack-s-closet-picks"
"closet:607","The Wolfpack’s Closet Picks","https://www.criterion.com/films/637-gimme-shelter","Gimme Shelter","22","https://www.criterion.com/shop/collection/607-the-wolfpack-s-closet-picks"
"closet:607","The Wolfpack’s Closet Picks","https://www.criterion.com/films/286-do-the-right-thing","Do the Right Thing","23","https://www.criterion.com/shop/collection/607-the-wolfpack-s-closet-picks"
"closet:607","The Wolfpack’s Closet Picks","https://www.criterion.com/films/553-solaris","Solaris","24","https://www.criterion.com/shop/collection/607-the-wolfpack-s-closet-picks"
"closet:432","Gaspar Noé’s Closet Picks","https://www.criterion.com/boxsets/928-eclipse-series-37-when-horror-came-to-shochiku","Eclipse Series 37: When Horror Came to Shochiku","1","https://www.criterion.com/shop/collection/432-gaspar-noe-s-closet-picks"
"closet:432","Gaspar Noé’s Closet Picks","https://www.criterion.com/films/28428-seconds","Seconds","2","https://www.criterion.com/shop/collection/432-gaspar-noe-s-closet-picks"
"closet:432","Gaspar Noé’s Closet Picks","https://www.criterion.com/boxsets/613-pigs-pimps-prostitutes-3-films-by-shohei-imamura","Pigs, Pimps & Prostitutes: 3 Films by Shohei Imamura","3","https://www.criterion.com/shop/collection/432-gaspar-noe-s-closet-picks"
"closet:432","Gaspar Noé’s Closet Picks","https://www.criterion.com/films/27804-master-of-the-house","Master of the House","4","https://www.criterion.com/shop/collection/432-gaspar-noe-s-closet-picks"
"closet:432","Gaspar Noé’s Closet Picks","https://www.criterion.com/films/28548-safe","Safe","5","https://www.criterion.com/shop/collection/432-gaspar-noe-s-closet-picks"
"closet:432","Gaspar Noé’s Closet Picks","https://www.criterion.com/films/28048-state-of-siege","State of Siege","6","https://www.criterion.com/shop/collection/432-gaspar-noe-s-closet-picks"
"closet:432","Gaspar Noé’s Closet Picks","https://www.criterion.com/films/27912-sundays-and-cybele","Sundays and Cybèle","7","https://www.criterion.com/shop/collection/432-gaspar-noe-s-closet-picks"
"closet:432","Gaspar Noé’s Closet Picks","https://www.criterion.com/films/797-jigoku","Jigoku","8","https://www.criterion.com/shop/collection/432-gaspar-noe-s-closet-picks"
"closet:432","Gaspar Noé’s Closet Picks","https://www.criterion.com/films/27861-island-of-lost-souls","Island of Lost Souls","9","https://www.criterion.com/shop/collection/432-gaspar-noe-s-closet-picks"
"closet:432","Gaspar Noé’s Closet Picks","https://www.criterion.com/films/848-the-naked-prey","The Naked Prey","10","https://www.criterion.com/shop/collection/432-gaspar-noe-s-closet-picks"
"closet:432","Gaspar Noé’s Closet Picks","https://www.criterion.com/films/532-salo-or-the-120-days-of-sodom","Salò, or The 120 Days of Sodom","11","https://www.criterion.com/shop/collection/432-gaspar-noe-s-closet-picks"
"closet:432","Gaspar Noé’s Closet Picks","https://www.criterion.com/films/589-patriotism","Patriotism","12","https://www.criterion.com/shop/collection/432-gaspar-noe-s-closet-picks"
"closet:432","Gaspar Noé’s Closet Picks","https://www.criterion.com/films/588-mishima-a-life-in-four-chapters","Mishima: A Life in Four Chapters","13","https://www.criterion.com/shop/collection/432-gaspar-noe-s-closet-picks"
"closet:463","Laurie Anderson's Closet Picks","https://www.criterion.com/films/27521-the-magician","The Magician","1","https://www.criterion.com/shop/collection/463-laurie-anderson-s-closet-picks"
"closet:463","Laurie Anderson's Closet Picks","https://www.criterion.com/boxsets/1110-andre-gregory-wallace-shawn-3-films","André Gregory & Wallace Shawn: 3 Films","2","https://www.criterion.com/shop/collection/463-laurie-anderson-s-closet-picks"
"closet:463","Laurie Anderson's Closet Picks","https://www.criterion.com/films/27969-my-winnipeg","My Winnipeg","3","https://www.criterion.com/shop/collection/463-laurie-anderson-s-closet-picks"
"closet:463","Laurie Anderson's Closet Picks","https://www.criterion.com/films/861-white-dog","White Dog","4","https://www.criterion.com/shop/collection/463-laurie-anderson-s-closet-picks"
"closet:463","Laurie Anderson's Closet Picks","https://www.criterion.com/films/28025-sunday-bloody-sunday","Sunday Bloody Sunday","5","https://www.criterion.com/shop/collection/463-laurie-anderson-s-closet-picks"
"closet:463","Laurie Anderson's Closet Picks","https://www.criterion.com/boxsets/916-trilogy-of-life","Trilogy of Life","6","https://www.criterion.com/shop/collection/463-laurie-anderson-s-closet-picks"
"closet:463","Laurie Anderson's Closet Picks","https://www.criterion.com/films/27771-i-married-a-witch","I Married a Witch","7","https://www.criterion.com/shop/collection/463-laurie-anderson-s-closet-picks"
"closet:463","Laurie Anderson's Closet Picks","https://www.criterion.com/films/929-tout-va-bien","Tout va bien","8","https://www.criterion.com/shop/collection/463-laurie-anderson-s-closet-picks"
"closet:463","Laurie Anderson's Closet Picks","https://www.criterion.com/films/27872-design-for-living","Design for Living","9","https://www.criterion.com/shop/collection/463-laurie-anderson-s-closet-picks"
"closet:472","Agnès Varda’s Closet Picks","https://www.criterion.com/films/742-an-angel-at-my-table","An Angel at My Table","1","https://www.criterion.com/shop/collection/472-agnes-varda-s-closet-picks"
"closet:472","Agnès Varda’s Closet Picks","https://www.criterion.com/films/749-sweetie","Sweetie","2","https://www.criterion.com/shop/collection/472-agnes-varda-s-closet-picks"
"closet:472","Agnès Varda’s Closet Picks","https://www.criterion.com/films/242-taste-of-cherry","Taste of Cherry","3","https://www.criterion.com/shop/collection/472-agnes-varda-s-closet-picks"
"closet:472","Agnès Varda’s Closet Picks","https://www.criterion.com/films/28073-la-promesse","La promesse","4","https://www.criterion.com/shop/collection/472-agnes-varda-s-closet-picks"
"closet:472","Agnès Varda’s Closet Picks","https://www.criterion.com/films/291-band-of-outsiders","Band of Outsiders","5","https://www.criterion.com/shop/collection/472-agnes-varda-s-closet-picks"
"closet:472","Agnès Varda’s Closet Picks","https://www.criterion.com/films/28317-tiny-furniture","Tiny Furniture","6","https://www.criterion.com/shop/collection/472-agnes-varda-s-closet-picks"
"closet:472","Agnès Varda’s Closet Picks","https://www.criterion.com/films/592-the-marriage-of-maria-braun","The Marriage of Maria Braun","7","https://www.criterion.com/shop/collection/472-agnes-varda-s-closet-picks"
"closet:467","Yorgos Lanthimos & Ariane Labed’s Closet Picks","https://www.criterion.com/films/152-ali-fear-eats-the-soul","Ali: Fear Eats the Soul","1","https://www.criterion.com/shop/collection/467-yorgos-lanthimos-ariane-labed-s-closet-picks"
"closet:467","Yorgos Lanthimos & Ariane Labed’s Closet Picks","https://www.criterion.com/films/27871-12-angry-men","12 Angry Men","2","https://www.criterion.com/shop/collection/467-yorgos-lanthimos-ariane-labed-s-closet-picks"
"closet:467","Yorgos Lanthimos & Ariane Labed’s Closet Picks","https://www.criterion.com/films/663-salesman","Salesman","3","https://www.criterion.com/shop/collection/467-yorgos-lanthimos-ariane-labed-s-closet-picks"
"closet:467","Yorgos Lanthimos & Ariane Labed’s Closet Picks","https://www.criterion.com/films/220-naked","Naked","4","https://www.criterion.com/shop/collection/467-yorgos-lanthimos-ariane-labed-s-closet-picks"
"closet:467","Yorgos Lanthimos & Ariane Labed’s Closet Picks","https://www.criterion.com/films/718-man-bites-dog","Man Bites Dog","5","https://www.criterion.com/shop/collection/467-yorgos-lanthimos-ariane-labed-s-closet-picks"
"closet:467","Yorgos Lanthimos & Ariane Labed’s Closet Picks","https://www.criterion.com/films/184-le-samourai","Le samouraï","6","https://www.criterion.com/shop/collection/467-yorgos-lanthimos-ariane-labed-s-closet-picks"
"closet:467","Yorgos Lanthimos & Ariane Labed’s Closet Picks","https://www.criterion.com/films/27529-five-easy-pieces","Five Easy Pieces","7","https://www.criterion.com/shop/collection/467-yorgos-lanthimos-ariane-labed-s-closet-picks"
"closet:467","Yorgos Lanthimos & Ariane Labed’s Closet Picks","https://www.criterion.com/films/373-viridiana","Viridiana","8","https://www.criterion.com/shop/collection/467-yorgos-lanthimos-ariane-labed-s-closet-picks"
"closet:467","Yorgos Lanthimos & Ariane Labed’s Closet Picks","https://www.criterion.com/films/27552-things-to-come","Things to Come","9","https://www.criterion.com/shop/collection/467-yorgos-lanthimos-ariane-labed-s-closet-picks"
"closet:467","Yorgos Lanthimos & Ariane Labed’s Closet Picks","https://www.criterion.com/films/576-branded-to-kill","Branded to Kill","10","https://www.criterion.com/shop/collection/467-yorgos-lanthimos-ariane-labed-s-closet-picks"
"closet:467","Yorgos Lanthimos & Ariane Labed’s Closet Picks","https://www.criterion.com/films/28020-macbeth","Macbeth","11","https://www.criterion.com/shop/collection/467-yorgos-lanthimos-ariane-labed-s-closet-picks"
"closet:467","Yorgos Lanthimos & Ariane Labed’s Closet Picks","https://www.criterion.com/films/229-pickpocket","Pickpocket","12","https://www.criterion.com/shop/collection/467-yorgos-lanthimos-ariane-labed-s-closet-picks"
"closet:467","Yorgos Lanthimos & Ariane Labed’s Closet Picks","https://www.criterion.com/films/455-au-hasard-balthazar","Au hasard Balthazar","13","https://www.criterion.com/shop/collection/467-yorgos-lanthimos-ariane-labed-s-closet-picks"
"closet:608","Ruben Östlund’s Closet Picks","https://www.criterion.com/films/27953-the-bitter-tears-of-petra-von-kant","The Bitter Tears of Petra von Kant","1","https://www.criterion.com/shop/collection/608-ruben-ostlund-s-closet-picks"
"closet:608","Ruben Östlund’s Closet Picks","https://www.criterion.com/boxsets/3900-three-films-by-luis-bunuel","Three Films by Luis Buñuel","2","https://www.criterion.com/shop/collection/608-ruben-ostlund-s-closet-picks"
"closet:608","Ruben Östlund’s Closet Picks","https://www.criterion.com/films/548-fat-girl","Fat Girl","3","https://www.criterion.com/shop/collection/608-ruben-ostlund-s-closet-picks"
"closet:608","Ruben Östlund’s Closet Picks","https://www.criterion.com/films/28032-love-streams","Love Streams","4","https://www.criterion.com/shop/collection/608-ruben-ostlund-s-closet-picks"
"closet:608","Ruben Östlund’s Closet Picks","https://www.criterion.com/films/210-bicycle-thieves","Bicycle Thieves","5","https://www.criterion.com/shop/collection/608-ruben-ostlund-s-closet-picks"
"closet:608","Ruben Östlund’s Closet Picks","https://www.criterion.com/boxsets/206-fanny-and-alexander","Fanny and Alexander","6","https://www.criterion.com/shop/collection/608-ruben-ostlund-s-closet-picks"
"closet:538","Mike Leigh’s Closet Picks","https://www.criterion.com/films/210-bicycle-thieves","Bicycle Thieves","1","https://www.criterion.com/shop/collection/538-mike-leigh-s-closet-picks"
"closet:538","Mike Leigh’s Closet Picks","https://www.criterion.com/films/3060-vivre-sa-vie","Vivre sa vie","2","https://www.criterion.com/shop/collection/538-mike-leigh-s-closet-picks"
"closet:538","Mike Leigh’s Closet Picks","https://www.criterion.com/films/28547-a-hard-day-s-night","A Hard Day’s Night","3","https://www.criterion.com/shop/collection/538-mike-leigh-s-closet-picks"
"closet:538","Mike Leigh’s Closet Picks","https://www.criterion.com/films/298-late-spring","Late Spring","4","https://www.criterion.com/shop/collection/538-mike-leigh-s-closet-picks"
"closet:538","Mike Leigh’s Closet Picks","https://www.criterion.com/films/688-the-firemen-s-ball","The Firemen’s Ball","5","https://www.criterion.com/shop/collection/538-mike-leigh-s-closet-picks"
"closet:538","Mike Leigh’s Closet Picks","https://www.criterion.com/films/839-berlin-alexanderplatz","Berlin Alexanderplatz","6","https://www.criterion.com/shop/collection/538-mike-leigh-s-closet-picks"
"closet:538","Mike Leigh’s Closet Picks","https://www.criterion.com/films/218-jules-and-jim","Jules and Jim","7","https://www.criterion.com/shop/collection/538-mike-leigh-s-closet-picks"
"closet:538","Mike Leigh’s Closet Picks","https://www.criterion.com/films/877-divorce-italian-style","Divorce Italian Style","8","https://www.criterion.com/shop/collection/538-mike-leigh-s-closet-picks"
"closet:538","Mike Leigh’s Closet Picks","https://www.criterion.com/films/28047-judex","Judex","9","https://www.criterion.com/shop/collection/538-mike-leigh-s-closet-picks"
"closet:462","Asif Kapadia’s Closet Picks","https://www.criterion.com/films/1077-simon-of-the-desert","Simon of the Desert","1","https://www.criterion.com/shop/collection/462-asif-kapadia-s-closet-picks"
"closet:462","Asif Kapadia’s Closet Picks","https://www.criterion.com/films/28555-blind-chance","Blind Chance","2","https://www.criterion.com/shop/collection/462-asif-kapadia-s-closet-picks"
"closet:462","Asif Kapadia’s Closet Picks","https://www.criterion.com/films/198-in-the-mood-for-love","In the Mood for Love","3","https://www.criterion.com/shop/collection/462-asif-kapadia-s-closet-picks"
"closet:462","Asif Kapadia’s Closet Picks","https://www.criterion.com/films/532-salo-or-the-120-days-of-sodom","Salò, or The 120 Days of Sodom","4","https://www.criterion.com/shop/collection/462-asif-kapadia-s-closet-picks"
"closet:462","Asif Kapadia’s Closet Picks","https://www.criterion.com/films/27928-don-t-look-now","Don’t Look Now","5","https://www.criterion.com/shop/collection/462-asif-kapadia-s-closet-picks"
"closet:462","Asif Kapadia’s Closet Picks","https://www.criterion.com/films/677-the-vanishing","The Vanishing","6","https://www.criterion.com/shop/collection/462-asif-kapadia-s-closet-picks"
"closet:462","Asif Kapadia’s Closet Picks","https://www.criterion.com/films/286-do-the-right-thing","Do the Right Thing","7","https://www.criterion.com/shop/collection/462-asif-kapadia-s-closet-picks"
"closet:462","Asif Kapadia’s Closet Picks","https://www.criterion.com/films/27911-investigation-of-a-citizen-above-suspicion","Investigation of a Citizen Above Suspicion","8","https://www.criterion.com/shop/collection/462-asif-kapadia-s-closet-picks"
"closet:462","Asif Kapadia’s Closet Picks","https://www.criterion.com/films/28738-code-unknown","Code Unknown","9","https://www.criterion.com/shop/collection/462-asif-kapadia-s-closet-picks"
"closet:462","Asif Kapadia’s Closet Picks","https://www.criterion.com/films/27734-three-outlaw-samurai","Three Outlaw Samurai","10","https://www.criterion.com/shop/collection/462-asif-kapadia-s-closet-picks"
"closet:462","Asif Kapadia’s Closet Picks","https://www.criterion.com/films/781-yi-yi","Yi Yi","11","https://www.criterion.com/shop/collection/462-asif-kapadia-s-closet-picks"
"closet:462","Asif Kapadia’s Closet Picks","https://www.criterion.com/boxsets/40-the-samurai-trilogy","The Samurai Trilogy","12","https://www.criterion.com/shop/collection/462-asif-kapadia-s-closet-picks"
"closet:462","Asif Kapadia’s Closet Picks","https://www.criterion.com/films/27560-kes","Kes","13","https://www.criterion.com/shop/collection/462-asif-kapadia-s-closet-picks"
"closet:462","Asif Kapadia’s Closet Picks","https://www.criterion.com/films/1590-gomorrah","Gomorrah","14","https://www.criterion.com/shop/collection/462-asif-kapadia-s-closet-picks"
"closet:610","Volker Schlöndorff’s Closet Picks","https://www.criterion.com/films/928-l-eclisse","L’eclisse","1","https://www.criterion.com/shop/collection/610-volker-schlondorff-s-closet-picks"
"closet:610","Volker Schlöndorff’s Closet Picks","https://www.criterion.com/films/28561-all-that-jazz","All That Jazz","2","https://www.criterion.com/shop/collection/610-volker-schlondorff-s-closet-picks"
"closet:610","Volker Schlöndorff’s Closet Picks","https://www.criterion.com/films/737-coup-de-grace","Coup de grâce","3","https://www.criterion.com/shop/collection/610-volker-schlondorff-s-closet-picks"
"closet:610","Volker Schlöndorff’s Closet Picks","https://www.criterion.com/films/28820-boyhood","Boyhood","4","https://www.criterion.com/shop/collection/610-volker-schlondorff-s-closet-picks"
"closet:610","Volker Schlöndorff’s Closet Picks","https://www.criterion.com/films/27817-le-beau-serge","Le beau Serge","5","https://www.criterion.com/shop/collection/610-volker-schlondorff-s-closet-picks"
"closet:610","Volker Schlöndorff’s Closet Picks","https://www.criterion.com/films/28352-le-havre","Le Havre","6","https://www.criterion.com/shop/collection/610-volker-schlondorff-s-closet-picks"
"closet:610","Volker Schlöndorff’s Closet Picks","https://www.criterion.com/films/829-ace-in-the-hole","Ace in the Hole","7","https://www.criterion.com/shop/collection/610-volker-schlondorff-s-closet-picks"
"closet:609","Slavoj Žižek’s Closet Picks","https://www.criterion.com/films/723-trouble-in-paradise","Trouble in Paradise","1","https://www.criterion.com/shop/collection/609-slavoj-zizek-s-closet-picks"
"closet:609","Slavoj Žižek’s Closet Picks","https://www.criterion.com/films/27542-sweet-smell-of-success","Sweet Smell of Success","2","https://www.criterion.com/shop/collection/609-slavoj-zizek-s-closet-picks"
"closet:609","Slavoj Žižek’s Closet Picks","https://www.criterion.com/films/565-picnic-at-hanging-rock","Picnic at Hanging Rock","3","https://www.criterion.com/shop/collection/609-slavoj-zizek-s-closet-picks"
"closet:609","Slavoj Žižek’s Closet Picks","https://www.criterion.com/films/775-murmur-of-the-heart","Murmur of the Heart","4","https://www.criterion.com/shop/collection/609-slavoj-zizek-s-closet-picks"
"closet:609","Slavoj Žižek’s Closet Picks","https://www.criterion.com/boxsets/870-eclipse-series-32-pearls-of-the-czech-new-wave","Eclipse Series 32: Pearls of the Czech New Wave","5","https://www.criterion.com/shop/collection/609-slavoj-zizek-s-closet-picks"
"closet:609","Slavoj Žižek’s Closet Picks","https://www.criterion.com/films/252-stranger-than-paradise","Stranger Than Paradise","6","https://www.criterion.com/shop/collection/609-slavoj-zizek-s-closet-picks"
"closet:609","Slavoj Žižek’s Closet Picks","https://www.criterion.com/films/566-great-expectations","Great Expectations","7","https://www.criterion.com/shop/collection/609-slavoj-zizek-s-closet-picks"
"closet:609","Slavoj Žižek’s Closet Picks","https://www.criterion.com/boxsets/582-eclipse-series-14-rossellini-s-history-films-renaissance-and-enlightenment","Eclipse Series 14: Rossellini’s History Films—Renaissance and Enlightenment","8","https://www.criterion.com/shop/collection/609-slavoj-zizek-s-closet-picks"
"closet:609","Slavoj Žižek’s Closet Picks","https://www.criterion.com/films/27558-city-lights","City Lights","9","https://www.criterion.com/shop/collection/609-slavoj-zizek-s-closet-picks"
"closet:609","Slavoj Žižek’s Closet Picks","https://www.criterion.com/boxsets/254-carl-theodor-dreyer","Carl Theodor Dreyer","10","https://www.criterion.com/shop/collection/609-slavoj-zizek-s-closet-picks"
"closet:609","Slavoj Žižek’s Closet Picks","https://www.criterion.com/films/28005-y-tu-mama-tambien","Y tu mamá también","11","https://www.criterion.com/shop/collection/609-slavoj-zizek-s-closet-picks"
"closet:609","Slavoj Žižek’s Closet Picks","https://www.criterion.com/films/27524-antichrist","Antichrist","12","https://www.criterion.com/shop/collection/609-slavoj-zizek-s-closet-picks"
"closet:542","William Friedkin’s Closet Picks","https://www.criterion.com/films/28025-sunday-bloody-sunday","Sunday Bloody Sunday","1","https://www.criterion.com/shop/collection/542-william-friedkin-s-closet-picks"
"closet:542","William Friedkin’s Closet Picks","https://www.criterion.com/films/958-the-killing-of-a-chinese-bookie","The Killing of a Chinese Bookie","2","https://www.criterion.com/shop/collection/542-william-friedkin-s-closet-picks"
"closet:542","William Friedkin’s Closet Picks","https://www.criterion.com/films/661-vampyr","Vampyr","3","https://www.criterion.com/shop/collection/542-william-friedkin-s-closet-picks"
"closet:542","William Friedkin’s Closet Picks","https://www.criterion.com/films/229-pickpocket","Pickpocket","4","https://www.criterion.com/shop/collection/542-william-friedkin-s-closet-picks"
"closet:542","William Friedkin’s Closet Picks","https://www.criterion.com/films/371-umberto-d","Umberto D.","5","https://www.criterion.com/shop/collection/542-william-friedkin-s-closet-picks"
"closet:542","William Friedkin’s Closet Picks","https://www.criterion.com/films/622-all-that-money-can-buy-a-k-a-the-devil-and-daniel-webster","All That Money Can Buy (a.k.a. The Devil and Daniel Webster)","6","https://www.criterion.com/shop/collection/542-william-friedkin-s-closet-picks"
"closet:542","William Friedkin’s Closet Picks","https://www.criterion.com/films/558-m","M","7","https://www.criterion.com/shop/collection/542-william-friedkin-s-closet-picks"
"closet:542","William Friedkin’s Closet Picks","https://www.criterion.com/films/820-brute-force","Brute Force","8","https://www.criterion.com/shop/collection/542-william-friedkin-s-closet-picks"
"closet:542","William Friedkin’s Closet Picks","https://www.criterion.com/films/150-8-1-2","8½","9","https://www.criterion.com/shop/collection/542-william-friedkin-s-closet-picks"
"closet:530","Bong Joon Ho’s Closet Picks","https://www.criterion.com/films/28594-tess","Tess","1","https://www.criterion.com/shop/collection/530-bong-joon-ho-s-closet-picks"
"closet:530","Bong Joon Ho’s Closet Picks","https://www.criterion.com/films/284-tokyo-story","Tokyo Story","2","https://www.criterion.com/shop/collection/530-bong-joon-ho-s-closet-picks"
"closet:530","Bong Joon Ho’s Closet Picks","https://www.criterion.com/films/735-throne-of-blood","Throne of Blood","3","https://www.criterion.com/shop/collection/530-bong-joon-ho-s-closet-picks"
"closet:530","Bong Joon Ho’s Closet Picks","https://www.criterion.com/films/344-black-orpheus","Black Orpheus","4","https://www.criterion.com/shop/collection/530-bong-joon-ho-s-closet-picks"
"closet:530","Bong Joon Ho’s Closet Picks","https://www.criterion.com/films/370-the-wages-of-fear","The Wages of Fear","5","https://www.criterion.com/shop/collection/530-bong-joon-ho-s-closet-picks"
"closet:530","Bong Joon Ho’s Closet Picks","https://www.criterion.com/films/565-picnic-at-hanging-rock","Picnic at Hanging Rock","6","https://www.criterion.com/shop/collection/530-bong-joon-ho-s-closet-picks"
"closet:530","Bong Joon Ho’s Closet Picks","https://www.criterion.com/boxsets/720-eclipse-series-21-oshima-s-outlaw-sixties","Eclipse Series 21: Oshima’s Outlaw Sixties","7","https://www.criterion.com/shop/collection/530-bong-joon-ho-s-closet-picks"
"closet:530","Bong Joon Ho’s Closet Picks","https://www.criterion.com/films/28034-koyaanisqatsi","Koyaanisqatsi","8","https://www.criterion.com/shop/collection/530-bong-joon-ho-s-closet-picks"
"closet:530","Bong Joon Ho’s Closet Picks","https://www.criterion.com/films/27534-cronos","Cronos","9","https://www.criterion.com/shop/collection/530-bong-joon-ho-s-closet-picks"
"closet:530","Bong Joon Ho’s Closet Picks","https://www.criterion.com/films/28426-medium-cool","Medium Cool","10","https://www.criterion.com/shop/collection/530-bong-joon-ho-s-closet-picks"
"closet:530","Bong Joon Ho’s Closet Picks","https://www.criterion.com/films/28051-repo-man","Repo Man","11","https://www.criterion.com/shop/collection/530-bong-joon-ho-s-closet-picks"
"closet:491","Michael Cera’s Closet Picks (2014)","https://www.criterion.com/films/624-good-morning","Good Morning","1","https://www.criterion.com/shop/collection/491-michael-cera-s-closet-picks-2014"
"closet:491","Michael Cera’s Closet Picks (2014)","https://www.criterion.com/films/1092-close-up","Close-up","2","https://www.criterion.com/shop/collection/491-michael-cera-s-closet-picks-2014"
"closet:491","Michael Cera’s Closet Picks (2014)","https://www.criterion.com/boxsets/752-eclipse-series-24-the-actuality-dramas-of-allan-king","Eclipse Series 24: The Actuality Dramas of Allan King","3","https://www.criterion.com/shop/collection/491-michael-cera-s-closet-picks-2014"
"closet:491","Michael Cera’s Closet Picks (2014)","https://www.criterion.com/films/28609-tootsie","Tootsie","4","https://www.criterion.com/shop/collection/491-michael-cera-s-closet-picks-2014"
"closet:529","André Gregory and Wallace Shawn’s Closet Picks","https://www.criterion.com/films/28441-weekend","Weekend","1","https://www.criterion.com/shop/collection/529-andre-gregory-and-wallace-shawn-s-closet-picks"
"closet:529","André Gregory and Wallace Shawn’s Closet Picks","https://www.criterion.com/films/928-l-eclisse","L’eclisse","2","https://www.criterion.com/shop/collection/529-andre-gregory-and-wallace-shawn-s-closet-picks"
"closet:529","André Gregory and Wallace Shawn’s Closet Picks","https://www.criterion.com/films/1454-red-desert","Red Desert","3","https://www.criterion.com/shop/collection/529-andre-gregory-and-wallace-shawn-s-closet-picks"
"closet:529","André Gregory and Wallace Shawn’s Closet Picks","https://www.criterion.com/films/27767-eating-raoul","Eating Raoul","4","https://www.criterion.com/shop/collection/529-andre-gregory-and-wallace-shawn-s-closet-picks"
"closet:529","André Gregory and Wallace Shawn’s Closet Picks","https://www.criterion.com/boxsets/1110-andre-gregory-wallace-shawn-3-films","André Gregory & Wallace Shawn: 3 Films","5","https://www.criterion.com/shop/collection/529-andre-gregory-and-wallace-shawn-s-closet-picks"
"closet:529","André Gregory and Wallace Shawn’s Closet Picks","https://www.criterion.com/films/359-the-life-and-death-of-colonel-blimp","The Life and Death of Colonel Blimp","6","https://www.criterion.com/shop/collection/529-andre-gregory-and-wallace-shawn-s-closet-picks"
"closet:490","Edgar Wright’s Closet Picks","https://www.criterion.com/films/950-eyes-without-a-face","Eyes Without a Face","1","https://www.criterion.com/shop/collection/490-edgar-wright-s-closet-picks"
"closet:490","Edgar Wright’s Closet Picks","https://www.criterion.com/films/526-walker","Walker","2","https://www.criterion.com/shop/collection/490-edgar-wright-s-closet-picks"
"closet:490","Edgar Wright’s Closet Picks","https://www.criterion.com/films/735-throne-of-blood","Throne of Blood","3","https://www.criterion.com/shop/collection/490-edgar-wright-s-closet-picks"
"closet:490","Edgar Wright’s Closet Picks","https://www.criterion.com/films/27928-don-t-look-now","Don’t Look Now","4","https://www.criterion.com/shop/collection/490-edgar-wright-s-closet-picks"
"closet:526","Alfonso Cuarón and Paweł Pawlikowski’s Closet Picks","https://www.criterion.com/films/3060-vivre-sa-vie","Vivre sa vie","1","https://www.criterion.com/shop/collection/526-alfonso-cuaron-and-pawel-pawlikowski-s-closet-picks"
"closet:526","Alfonso Cuarón and Paweł Pawlikowski’s Closet Picks","https://www.criterion.com/films/688-the-firemen-s-ball","The Firemen’s Ball","2","https://www.criterion.com/shop/collection/526-alfonso-cuaron-and-pawel-pawlikowski-s-closet-picks"
"closet:526","Alfonso Cuarón and Paweł Pawlikowski’s Closet Picks","https://www.criterion.com/boxsets/819-the-complete-jean-vigo","The Complete Jean Vigo","3","https://www.criterion.com/shop/collection/526-alfonso-cuaron-and-pawel-pawlikowski-s-closet-picks"
"closet:526","Alfonso Cuarón and Paweł Pawlikowski’s Closet Picks","https://www.criterion.com/films/27690-to-be-or-not-to-be","To Be or Not to Be","4","https://www.criterion.com/shop/collection/526-alfonso-cuaron-and-pawel-pawlikowski-s-closet-picks"
"closet:526","Alfonso Cuarón and Paweł Pawlikowski’s Closet Picks","https://www.criterion.com/boxsets/75-eclipse-series-11-larisa-shepitko","Eclipse Series 11: Larisa Shepitko","5","https://www.criterion.com/shop/collection/526-alfonso-cuaron-and-pawel-pawlikowski-s-closet-picks"
"closet:526","Alfonso Cuarón and Paweł Pawlikowski’s Closet Picks","https://www.criterion.com/films/508-masculin-feminin","Masculin féminin","6","https://www.criterion.com/shop/collection/526-alfonso-cuaron-and-pawel-pawlikowski-s-closet-picks"
"closet:526","Alfonso Cuarón and Paweł Pawlikowski’s Closet Picks","https://www.criterion.com/films/372-the-virgin-spring","The Virgin Spring","7","https://www.criterion.com/shop/collection/526-alfonso-cuaron-and-pawel-pawlikowski-s-closet-picks"
"closet:526","Alfonso Cuarón and Paweł Pawlikowski’s Closet Picks","https://www.criterion.com/films/847-two-lane-blacktop","Two-Lane Blacktop","8","https://www.criterion.com/shop/collection/526-alfonso-cuaron-and-pawel-pawlikowski-s-closet-picks"
"closet:526","Alfonso Cuarón and Paweł Pawlikowski’s Closet Picks","https://www.criterion.com/films/853-this-sporting-life","This Sporting Life","9","https://www.criterion.com/shop/collection/526-alfonso-cuaron-and-pawel-pawlikowski-s-closet-picks"
"closet:526","Alfonso Cuarón and Paweł Pawlikowski’s Closet Picks","https://www.criterion.com/films/220-naked","Naked","10","https://www.criterion.com/shop/collection/526-alfonso-cuaron-and-pawel-pawlikowski-s-closet-picks"
"closet:526","Alfonso Cuarón and Paweł Pawlikowski’s Closet Picks","https://www.criterion.com/films/938-lola-montes","Lola Montès","11","https://www.criterion.com/shop/collection/526-alfonso-cuaron-and-pawel-pawlikowski-s-closet-picks"
"closet:541","Nicolas Winding Refn’s Closet Picks","https://www.criterion.com/films/830-ivan-s-childhood","Ivan’s Childhood","1","https://www.criterion.com/shop/collection/541-nicolas-winding-refn-s-closet-picks"
"closet:541","Nicolas Winding Refn’s Closet Picks","https://www.criterion.com/films/27775-quadrophenia","Quadrophenia","2","https://www.criterion.com/shop/collection/541-nicolas-winding-refn-s-closet-picks"
"closet:541","Nicolas Winding Refn’s Closet Picks","https://www.criterion.com/films/1929-bigger-than-life","Bigger Than Life","3","https://www.criterion.com/shop/collection/541-nicolas-winding-refn-s-closet-picks"
"closet:541","Nicolas Winding Refn’s Closet Picks","https://www.criterion.com/films/27618-insignificance","Insignificance","4","https://www.criterion.com/shop/collection/541-nicolas-winding-refn-s-closet-picks"
"closet:541","Nicolas Winding Refn’s Closet Picks","https://www.criterion.com/films/28051-repo-man","Repo Man","5","https://www.criterion.com/shop/collection/541-nicolas-winding-refn-s-closet-picks"
"closet:541","Nicolas Winding Refn’s Closet Picks","https://www.criterion.com/films/27552-things-to-come","Things to Come","6","https://www.criterion.com/shop/collection/541-nicolas-winding-refn-s-closet-picks"
"closet:541","Nicolas Winding Refn’s Closet Picks","https://www.criterion.com/films/27899-on-the-waterfront","On the Waterfront","7","https://www.criterion.com/shop/collection/541-nicolas-winding-refn-s-closet-picks"
"closet:540","Richard Ayoade’s Closet Picks","https://www.criterion.com/films/377-sisters","Sisters","1","https://www.criterion.com/shop/collection/540-richard-ayoade-s-closet-picks"
"closet:540","Richard Ayoade’s Closet Picks","https://www.criterion.com/films/613-the-magic-flute","The Magic Flute","2","https://www.criterion.com/shop/collection/540-richard-ayoade-s-closet-picks"
"closet:540","Richard Ayoade’s Closet Picks","https://www.criterion.com/films/27626-zazie-dans-le-metro","Zazie dans le métro","3","https://www.criterion.com/shop/collection/540-richard-ayoade-s-closet-picks"
"closet:540","Richard Ayoade’s Closet Picks","https://www.criterion.com/films/28352-le-havre","Le Havre","4","https://www.criterion.com/shop/collection/540-richard-ayoade-s-closet-picks"
"closet:540","Richard Ayoade’s Closet Picks","https://www.criterion.com/films/27816-les-cousins","Les cousins","5","https://www.criterion.com/shop/collection/540-richard-ayoade-s-closet-picks"
"closet:540","Richard Ayoade’s Closet Picks","https://www.criterion.com/films/28446-safety-last","Safety Last!","6","https://www.criterion.com/shop/collection/540-richard-ayoade-s-closet-picks"
"closet:605","James Acheson’s Closet Picks","https://www.criterion.com/films/719-down-by-law","Down by Law","1","https://www.criterion.com/shop/collection/605-james-acheson-s-closet-picks"
"closet:605","James Acheson’s Closet Picks","https://www.criterion.com/films/210-bicycle-thieves","Bicycle Thieves","2","https://www.criterion.com/shop/collection/605-james-acheson-s-closet-picks"
"closet:605","James Acheson’s Closet Picks","https://www.criterion.com/films/790-the-leopard","The Leopard","3","https://www.criterion.com/shop/collection/605-james-acheson-s-closet-picks"
"closet:604","Jack Garfein’s Closet Picks","https://www.criterion.com/boxsets/558-john-cassavetes-five-films","John Cassavetes: Five Films","1","https://www.criterion.com/shop/collection/604-jack-garfein-s-closet-picks"
"closet:604","Jack Garfein’s Closet Picks","https://www.criterion.com/boxsets/540-stage-and-spectacle-three-films-by-jean-renoir","Stage and Spectacle: Three Films by Jean Renoir","2","https://www.criterion.com/shop/collection/604-jack-garfein-s-closet-picks"
"closet:604","Jack Garfein’s Closet Picks","https://www.criterion.com/boxsets/254-carl-theodor-dreyer","Carl Theodor Dreyer","3","https://www.criterion.com/shop/collection/604-jack-garfein-s-closet-picks"
"closet:604","Jack Garfein’s Closet Picks","https://www.criterion.com/boxsets/861-david-lean-directs-noel-coward","David Lean Directs Noël Coward","4","https://www.criterion.com/shop/collection/604-jack-garfein-s-closet-picks"
"closet:597","The Quay Brothers’ Closet Picks","https://www.criterion.com/films/661-vampyr","Vampyr","1","https://www.criterion.com/shop/collection/597-the-quay-brothers-closet-picks"
"closet:597","The Quay Brothers’ Closet Picks","https://www.criterion.com/boxsets/275-eclipse-series-2-the-documentaries-of-louis-malle","Eclipse Series 2: The Documentaries of Louis Malle","2","https://www.criterion.com/shop/collection/597-the-quay-brothers-closet-picks"
"closet:597","The Quay Brothers’ Closet Picks","https://www.criterion.com/films/772-the-children-are-watching-us","The Children Are Watching Us","3","https://www.criterion.com/shop/collection/597-the-quay-brothers-closet-picks"
"closet:597","The Quay Brothers’ Closet Picks","https://www.criterion.com/films/2106-the-human-condition","The Human Condition","4","https://www.criterion.com/shop/collection/597-the-quay-brothers-closet-picks"
"closet:597","The Quay Brothers’ Closet Picks","https://www.criterion.com/boxsets/564-eclipse-series-12-aki-kaurismaki-s-proletariat-trilogy","Eclipse Series 12: Aki Kaurismäki’s Proletariat Trilogy","5","https://www.criterion.com/shop/collection/597-the-quay-brothers-closet-picks"
"closet:597","The Quay Brothers’ Closet Picks","https://www.criterion.com/films/28352-le-havre","Le Havre","6","https://www.criterion.com/shop/collection/597-the-quay-brothers-closet-picks"
"closet:599","Harris Savides’s Closet Picks","https://www.criterion.com/films/210-bicycle-thieves","Bicycle Thieves","1","https://www.criterion.com/shop/collection/599-harris-savides-s-closet-picks"
"closet:599","Harris Savides’s Closet Picks","https://www.criterion.com/films/27525-the-night-of-the-hunter","The Night of the Hunter","2","https://www.criterion.com/shop/collection/599-harris-savides-s-closet-picks"
"closet:599","Harris Savides’s Closet Picks","https://www.criterion.com/films/781-yi-yi","Yi Yi","3","https://www.criterion.com/shop/collection/599-harris-savides-s-closet-picks"
"closet:599","Harris Savides’s Closet Picks","https://www.criterion.com/boxsets/844-three-colors","Three Colors","4","https://www.criterion.com/shop/collection/599-harris-savides-s-closet-picks"
"closet:599","Harris Savides’s Closet Picks","https://www.criterion.com/films/553-solaris","Solaris","5","https://www.criterion.com/shop/collection/599-harris-savides-s-closet-picks"
"closet:599","Harris Savides’s Closet Picks","https://www.criterion.com/films/209-l-avventura","L’avventura","6","https://www.criterion.com/shop/collection/599-harris-savides-s-closet-picks"
"closet:606","Philip Kaufman’s Closet Picks","https://www.criterion.com/films/208-amarcord","Amarcord","1","https://www.criterion.com/shop/collection/606-philip-kaufman-s-closet-picks"
"closet:606","Philip Kaufman’s Closet Picks","https://www.criterion.com/films/370-the-wages-of-fear","The Wages of Fear","2","https://www.criterion.com/shop/collection/606-philip-kaufman-s-closet-picks"
"closet:606","Philip Kaufman’s Closet Picks","https://www.criterion.com/films/2104-crumb","Crumb","3","https://www.criterion.com/shop/collection/606-philip-kaufman-s-closet-picks"
"closet:606","Philip Kaufman’s Closet Picks","https://www.criterion.com/boxsets/206-fanny-and-alexander","Fanny and Alexander","4","https://www.criterion.com/shop/collection/606-philip-kaufman-s-closet-picks"
"closet:606","Philip Kaufman’s Closet Picks","https://www.criterion.com/films/248-the-battle-of-algiers","The Battle of Algiers","5","https://www.criterion.com/shop/collection/606-philip-kaufman-s-closet-picks"
"closet:606","Philip Kaufman’s Closet Picks","https://www.criterion.com/boxsets/540-stage-and-spectacle-three-films-by-jean-renoir","Stage and Spectacle: Three Films by Jean Renoir","6","https://www.criterion.com/shop/collection/606-philip-kaufman-s-closet-picks"
"closet:648","Adrian Utley’s Closet Picks","https://www.criterion.com/films/27524-antichrist","Antichrist","1","https://www.criterion.com/shop/collection/648-adrian-utley-s-closet-picks"
"closet:648","Adrian Utley’s Closet Picks","https://www.criterion.com/films/716-ratcatcher","Ratcatcher","2","https://www.criterion.com/shop/collection/648-adrian-utley-s-closet-picks"
"closet:648","Adrian Utley’s Closet Picks","https://www.criterion.com/films/228-the-passion-of-joan-of-arc","The Passion of Joan of Arc","3","https://www.criterion.com/shop/collection/648-adrian-utley-s-closet-picks"
"closet:648","Adrian Utley’s Closet Picks","https://www.criterion.com/films/27512-merry-christmas-mr-lawrence","Merry Christmas Mr. Lawrence","4","https://www.criterion.com/shop/collection/648-adrian-utley-s-closet-picks"
"closet:648","Adrian Utley’s Closet Picks","https://www.criterion.com/films/234-the-39-steps","The 39 Steps","5","https://www.criterion.com/shop/collection/648-adrian-utley-s-closet-picks"
"closet:528","André Bonzel’s Closet Picks","https://www.criterion.com/films/151-the-400-blows","The 400 Blows","1","https://www.criterion.com/shop/collection/528-andre-bonzel-s-closet-picks"
"closet:528","André Bonzel’s Closet Picks","https://www.criterion.com/films/252-stranger-than-paradise","Stranger Than Paradise","2","https://www.criterion.com/shop/collection/528-andre-bonzel-s-closet-picks"
"closet:528","André Bonzel’s Closet Picks","https://www.criterion.com/films/431-the-scarlet-empress","The Scarlet Empress","3","https://www.criterion.com/shop/collection/528-andre-bonzel-s-closet-picks"
"closet:528","André Bonzel’s Closet Picks","https://www.criterion.com/films/211-brazil","Brazil","4","https://www.criterion.com/shop/collection/528-andre-bonzel-s-closet-picks"
"closet:528","André Bonzel’s Closet Picks","https://www.criterion.com/films/27523-house","House","5","https://www.criterion.com/shop/collection/528-andre-bonzel-s-closet-picks"
"closet:489","Robert Downey Sr.’s Closet Picks","https://www.criterion.com/films/150-8-1-2","8½","1","https://www.criterion.com/shop/collection/489-robert-downey-sr-s-closet-picks"
"closet:489","Robert Downey Sr.’s Closet Picks","https://www.criterion.com/boxsets/769-america-lost-and-found-the-bbs-story","America Lost and Found: The BBS Story","2","https://www.criterion.com/shop/collection/489-robert-downey-sr-s-closet-picks"
"closet:489","Robert Downey Sr.’s Closet Picks","https://www.criterion.com/films/847-two-lane-blacktop","Two-Lane Blacktop","3","https://www.criterion.com/shop/collection/489-robert-downey-sr-s-closet-picks"
"closet:489","Robert Downey Sr.’s Closet Picks","https://www.criterion.com/boxsets/558-john-cassavetes-five-films","John Cassavetes: Five Films","4","https://www.criterion.com/shop/collection/489-robert-downey-sr-s-closet-picks"
"closet:525","Alec Baldwin’s Closet Picks","https://www.criterion.com/films/27910-3-10-to-yuma","3:10 to Yuma","1","https://www.criterion.com/shop/collection/525-alec-baldwin-s-closet-picks"
"closet:525","Alec Baldwin’s Closet Picks","https://www.criterion.com/boxsets/916-trilogy-of-life","Trilogy of Life","2","https://www.criterion.com/shop/collection/525-alec-baldwin-s-closet-picks"
"closet:525","Alec Baldwin’s Closet Picks","https://www.criterion.com/films/27521-the-magician","The Magician","3","https://www.criterion.com/shop/collection/525-alec-baldwin-s-closet-picks"
"closet:598","Guy Maddin’s Closet Picks","https://www.criterion.com/films/209-l-avventura","L’avventura","1","https://www.criterion.com/shop/collection/598-guy-maddin-s-closet-picks"
"closet:598","Guy Maddin’s Closet Picks","https://www.criterion.com/films/604-the-night-porter","The Night Porter","2","https://www.criterion.com/shop/collection/598-guy-maddin-s-closet-picks"
"closet:598","Guy Maddin’s Closet Picks","https://www.criterion.com/films/751-symbiopsychotaxiplasm-two-takes-by-william-greaves","Symbiopsychotaxiplasm: Two Takes by William Greaves","3","https://www.criterion.com/shop/collection/598-guy-maddin-s-closet-picks"
"closet:598","Guy Maddin’s Closet Picks","https://www.criterion.com/films/456-mouchette","Mouchette","4","https://www.criterion.com/shop/collection/598-guy-maddin-s-closet-picks"
"closet:598","Guy Maddin’s Closet Picks","https://www.criterion.com/films/816-when-a-woman-ascends-the-stairs","When a Woman Ascends the Stairs","5","https://www.criterion.com/shop/collection/598-guy-maddin-s-closet-picks"
"closet:598","Guy Maddin’s Closet Picks","https://www.criterion.com/films/824-wr-mysteries-of-the-organism","WR: Mysteries of the Organism","6","https://www.criterion.com/shop/collection/598-guy-maddin-s-closet-picks"
"closet:598","Guy Maddin’s Closet Picks","https://www.criterion.com/films/821-robinson-crusoe-on-mars","Robinson Crusoe on Mars","7","https://www.criterion.com/shop/collection/598-guy-maddin-s-closet-picks"
"closet:488","Bill Hader’s Closet Picks (2011)","https://www.criterion.com/films/208-amarcord","Amarcord","1","https://www.criterion.com/shop/collection/488-bill-hader-s-closet-picks-2011"
"closet:488","Bill Hader’s Closet Picks (2011)","https://www.criterion.com/films/27523-house","House","2","https://www.criterion.com/shop/collection/488-bill-hader-s-closet-picks-2011"
"closet:488","Bill Hader’s Closet Picks (2011)","https://www.criterion.com/films/532-salo-or-the-120-days-of-sodom","Salò, or The 120 Days of Sodom","3","https://www.criterion.com/shop/collection/488-bill-hader-s-closet-picks-2011"
"closet:488","Bill Hader’s Closet Picks (2011)","https://www.criterion.com/films/815-green-for-danger","Green for Danger","4","https://www.criterion.com/shop/collection/488-bill-hader-s-closet-picks-2011"
"closet:488","Bill Hader’s Closet Picks (2011)","https://www.criterion.com/films/246-loves-of-a-blonde","Loves of a Blonde","5","https://www.criterion.com/shop/collection/488-bill-hader-s-closet-picks-2011"
"closet:488","Bill Hader’s Closet Picks (2011)","https://www.criterion.com/films/29464-the-daytrippers","The Daytrippers","6","https://www.criterion.com/shop/collection/488-bill-hader-s-closet-picks-2011"
"closet:488","Bill Hader’s Closet Picks (2011)","https://www.criterion.com/films/27524-antichrist","Antichrist","7","https://www.criterion.com/shop/collection/488-bill-hader-s-closet-picks-2011"
"closet:602","Michael K. Williams’s Closet Picks","https://www.criterion.com/films/1590-gomorrah","Gomorrah","1","https://www.criterion.com/shop/collection/602-michael-k-williams-s-closet-picks"
"closet:602","Michael K. Williams’s Closet Picks","https://www.criterion.com/films/17998-the-fugitive-kind","The Fugitive Kind","2","https://www.criterion.com/shop/collection/602-michael-k-williams-s-closet-picks"
"closet:602","Michael K. Williams’s Closet Picks","https://www.criterion.com/films/477-hunger","Hunger","3","https://www.criterion.com/shop/collection/602-michael-k-williams-s-closet-picks"
"closet:602","Michael K. Williams’s Closet Picks","https://www.criterion.com/films/27525-the-night-of-the-hunter","The Night of the Hunter","4","https://www.criterion.com/shop/collection/602-michael-k-williams-s-closet-picks"
"closet:602","Michael K. Williams’s Closet Picks","https://www.criterion.com/films/314-dazed-and-confused","Dazed and Confused","5","https://www.criterion.com/shop/collection/602-michael-k-williams-s-closet-picks"
"closet:602","Michael K. Williams’s Closet Picks","https://www.criterion.com/films/27526-modern-times","Modern Times","6","https://www.criterion.com/shop/collection/602-michael-k-williams-s-closet-picks"
"closet:645","Guillermo del Toro’s Closet Picks","https://www.criterion.com/films/233-the-red-shoes","The Red Shoes","1","https://www.criterion.com/shop/collection/645-guillermo-del-toro-s-closet-picks"
"closet:645","Guillermo del Toro’s Closet Picks","https://www.criterion.com/films/151-the-400-blows","The 400 Blows","2","https://www.criterion.com/shop/collection/645-guillermo-del-toro-s-closet-picks"
"closet:645","Guillermo del Toro’s Closet Picks","https://www.criterion.com/films/603-charade","Charade","3","https://www.criterion.com/shop/collection/645-guillermo-del-toro-s-closet-picks"
"closet:645","Guillermo del Toro’s Closet Picks","https://www.criterion.com/films/2104-crumb","Crumb","4","https://www.criterion.com/shop/collection/645-guillermo-del-toro-s-closet-picks"
"closet:645","Guillermo del Toro’s Closet Picks","https://www.criterion.com/films/27513-the-thin-red-line","The Thin Red Line","5","https://www.criterion.com/shop/collection/645-guillermo-del-toro-s-closet-picks"
"closet:645","Guillermo del Toro’s Closet Picks","https://www.criterion.com/films/27521-the-magician","The Magician","6","https://www.criterion.com/shop/collection/645-guillermo-del-toro-s-closet-picks"
"closet:645","Guillermo del Toro’s Closet Picks","https://www.criterion.com/films/404-repulsion","Repulsion","7","https://www.criterion.com/shop/collection/645-guillermo-del-toro-s-closet-picks"
"closet:645","Guillermo del Toro’s Closet Picks","https://www.criterion.com/films/27522-paths-of-glory","Paths of Glory","8","https://www.criterion.com/shop/collection/645-guillermo-del-toro-s-closet-picks"
"closet:846","Simon Pegg’s Closet Picks","https://www.criterion.com/films/727-my-life-as-a-dog","My Life as a Dog","1","https://www.criterion.com/shop/collection/846-simon-pegg-s-closet-picks"
"closet:846","Simon Pegg’s Closet Picks","https://www.criterion.com/films/29331-night-of-the-living-dead","Night of the Living Dead","2","https://www.criterion.com/shop/collection/846-simon-pegg-s-closet-picks"
"closet:846","Simon Pegg’s Closet Picks","https://www.criterion.com/films/27775-quadrophenia","Quadrophenia","3","https://www.criterion.com/shop/collection/846-simon-pegg-s-closet-picks"
"closet:846","Simon Pegg’s Closet Picks","https://www.criterion.com/films/29144-blue-velvet","Blue Velvet","4","https://www.criterion.com/shop/collection/846-simon-pegg-s-closet-picks"
"closet:823","Michael Cera’s Closet Picks","https://www.criterion.com/boxsets/1069-the-complete-jacques-tati","The Complete Jacques Tati","1","https://www.criterion.com/shop/collection/823-michael-cera-s-closet-picks"
"closet:823","Michael Cera’s Closet Picks","https://www.criterion.com/films/33246-wall-e","WALL·E","2","https://www.criterion.com/shop/collection/823-michael-cera-s-closet-picks"
"closet:823","Michael Cera’s Closet Picks","https://www.criterion.com/films/1078-hobson-s-choice","Hobson’s Choice","3","https://www.criterion.com/shop/collection/823-michael-cera-s-closet-picks"
"closet:823","Michael Cera’s Closet Picks","https://www.criterion.com/boxsets/7581-gregg-araki-s-teen-apocalypse-trilogy","Gregg Araki’s Teen Apocalypse Trilogy","4","https://www.criterion.com/shop/collection/823-michael-cera-s-closet-picks"
"closet:823","Michael Cera’s Closet Picks","https://www.criterion.com/films/33280-the-mother-and-the-whore","The Mother and the Whore","5","https://www.criterion.com/shop/collection/823-michael-cera-s-closet-picks"
"closet:823","Michael Cera’s Closet Picks","https://www.criterion.com/films/30369-the-wind-will-carry-us","The Wind Will Carry Us","6","https://www.criterion.com/shop/collection/823-michael-cera-s-closet-picks"
"closet:823","Michael Cera’s Closet Picks","https://www.criterion.com/films/34891-anora","Anora","7","https://www.criterion.com/shop/collection/823-michael-cera-s-closet-picks"
"closet:823","Michael Cera’s Closet Picks","https://www.criterion.com/films/30085-prince-of-broadway","Prince of Broadway","8","https://www.criterion.com/shop/collection/823-michael-cera-s-closet-picks"
"closet:823","Michael Cera’s Closet Picks","https://www.criterion.com/films/150-8-1-2","8½","9","https://www.criterion.com/shop/collection/823-michael-cera-s-closet-picks"
"closet:777","Harris Dickinson’s Closet Picks","https://www.criterion.com/films/27982-life-is-sweet","Life Is Sweet","1","https://www.criterion.com/shop/collection/777-harris-dickinson-s-closet-picks"
"closet:777","Harris Dickinson’s Closet Picks","https://www.criterion.com/films/27705-the-life-of-oharu","The Life of Oharu","2","https://www.criterion.com/shop/collection/777-harris-dickinson-s-closet-picks"
"closet:777","Harris Dickinson’s Closet Picks","https://www.criterion.com/boxsets/1258-martin-scorsese-s-world-cinema-project-no-2","Martin Scorsese’s World Cinema Project No. 2","3","https://www.criterion.com/shop/collection/777-harris-dickinson-s-closet-picks"
"closet:777","Harris Dickinson’s Closet Picks","https://www.criterion.com/films/29221-manila-in-the-claws-of-light","Manila in the Claws of Light","4","https://www.criterion.com/shop/collection/777-harris-dickinson-s-closet-picks"
"closet:777","Harris Dickinson’s Closet Picks","https://www.criterion.com/films/29016-gummo","Gummo","5","https://www.criterion.com/shop/collection/777-harris-dickinson-s-closet-picks"
"closet:777","Harris Dickinson’s Closet Picks","https://www.criterion.com/films/32358-to-die-for","To Die For","6","https://www.criterion.com/shop/collection/777-harris-dickinson-s-closet-picks"
"closet:777","Harris Dickinson’s Closet Picks","https://www.criterion.com/films/559-the-long-good-friday","The Long Good Friday","7","https://www.criterion.com/shop/collection/777-harris-dickinson-s-closet-picks"
"closet:777","Harris Dickinson’s Closet Picks","https://www.criterion.com/films/781-yi-yi","Yi Yi","8","https://www.criterion.com/shop/collection/777-harris-dickinson-s-closet-picks"
