"selector_label","title","director","criterion_url","source","published_rank"
"Nina Menkes","Andrei Rublev","Andrei Tarkovsky","https://www.criterion.com/films/300-andrei-rublev","https://github.com/brittonwalker/criterion-top-ten",""
"Karim Aïnouz","Andrei Rublev","Andrei Tarkovsky","https://www.criterion.com/films/300-andrei-rublev","https://github.com/brittonwalker/criterion-top-ten",""
"Ali Abbasi","Andrei Rublev","Andrei Tarkovsky","https://www.criterion.com/films/300-andrei-rublev","https://github.com/brittonwalker/criterion-top-ten",""
"Annie Baker","Andrei Rublev","Andrei Tarkovsky","https://www.criterion.com/films/300-andrei-rublev","https://github.com/brittonwalker/criterion-top-ten",""
"André Gregory and Wallace Shawn","Andrei Rublev","Andrei Tarkovsky","https://www.criterion.com/films/300-andrei-rublev","https://github.com/brittonwalker/criterion-top-ten",""
"Olivier Assayas","Andrei Rublev","Andrei Tarkovsky","https://www.criterion.com/films/300-andrei-rublev","https://github.com/brittonwalker/criterion-top-ten",""
"Daniel Lopatin","Andrei Rublev","Andrei Tarkovsky","https://www.criterion.com/films/300-andrei-rublev","https://github.com/brittonwalker/criterion-top-ten",""
"Götz Spielmann","Andrei Rublev","Andrei Tarkovsky","https://www.criterion.com/films/300-andrei-rublev","https://github.com/brittonwalker/criterion-top-ten",""
"Richard Linklater","Andrei Rublev","Andrei Tarkovsky","https://www.criterion.com/films/300-andrei-rublev","https://github.com/brittonwalker/criterion-top-ten",""
"Nina Menkes","The Passion of Joan of Arc","Carl Th. Dreyer","https://www.criterion.com/films/228-the-passion-of-joan-of-arc","https://github.com/brittonwalker/criterion-top-ten",""
"David and Nathan Zellner","The Passion of Joan of Arc","Carl Th. Dreyer","https://www.criterion.com/films/228-the-passion-of-joan-of-arc","https://github.com/brittonwalker/criterion-top-ten",""
"Jennifer Reeder","The Passion of Joan of Arc","Carl Th. Dreyer","https://www.criterion.com/films/228-the-passion-of-joan-of-arc","https://github.com/brittonwalker/criterion-top-ten",""
"Bruce Beresford","The Passion of Joan of Arc","Carl Th. Dreyer","https://www.criterion.com/films/228-the-passion-of-joan-of-arc","https://github.com/brittonwalker/criterion-top-ten",""
"Michael Atkinson","The Passion of Joan of Arc","Carl Th. Dreyer","https://www.criterion.com/films/228-the-passion-of-joan-of-arc","https://github.com/brittonwalker/criterion-top-ten",""
"Caitlin Kuhwald","The Passion of Joan of Arc","Carl Th. Dreyer","https://www.criterion.com/films/228-the-passion-of-joan-of-arc","https://github.com/brittonwalker/criterion-top-ten",""
"Nina Menkes","Vagabond","Agnès Varda","https://www.criterion.com/films/245-vagabond","https://github.com/brittonwalker/criterion-top-ten",""
"Amy Seimetz","Vagabond","Agnès Varda","https://www.criterion.com/films/245-vagabond","https://github.com/brittonwalker/criterion-top-ten",""
"Dennis Lim","Vagabond","Agnès Varda","https://www.criterion.com/films/245-vagabond","https://github.com/brittonwalker/criterion-top-ten",""
"Alice Rohrwacher","Vagabond","Agnès Varda","https://www.criterion.com/films/245-vagabond","https://github.com/brittonwalker/criterion-top-ten",""
"Christopher Radcliff and Lauren Wolkstein","Vagabond","Agnès Varda","https://www.criterion.com/films/245-vagabond","https://github.com/brittonwalker/criterion-top-ten",""
"Jennifer Reeder","Vagabond","Agnès Varda","https://www.criterion.com/films/245-vagabond","https://github.com/brittonwalker/criterion-top-ten",""
"Rodarte","Vagabond","Agnès Varda","https://www.criterion.com/films/245-vagabond","https://github.com/brittonwalker/criterion-top-ten",""
"Steve Gunn","Vagabond","Agnès Varda","https://www.criterion.com/films/245-vagabond","https://github.com/brittonwalker/criterion-top-ten",""
"Illeana Douglas","Vagabond","Agnès Varda","https://www.criterion.com/films/245-vagabond","https://github.com/brittonwalker/criterion-top-ten",""
"Lena Dunham ","Vagabond","Agnès Varda","https://www.criterion.com/films/245-vagabond","https://github.com/brittonwalker/criterion-top-ten",""
"Ramin Bahrani","Vagabond","Agnès Varda","https://www.criterion.com/films/245-vagabond","https://github.com/brittonwalker/criterion-top-ten",""
"Nina Menkes","La dolce vita","Federico Fellini","https://www.criterion.com/films/28619-la-dolce-vita","https://github.com/brittonwalker/criterion-top-ten",""
"Azazel Jacobs","La dolce vita","Federico Fellini","https://www.criterion.com/films/28619-la-dolce-vita","https://github.com/brittonwalker/criterion-top-ten",""
"Paweł Pawlikowski","La dolce vita","Federico Fellini","https://www.criterion.com/films/28619-la-dolce-vita","https://github.com/brittonwalker/criterion-top-ten",""
"Alan Rudolph","La dolce vita","Federico Fellini","https://www.criterion.com/films/28619-la-dolce-vita","https://github.com/brittonwalker/criterion-top-ten",""
"Tracy Letts","La dolce vita","Federico Fellini","https://www.criterion.com/films/28619-la-dolce-vita","https://github.com/brittonwalker/criterion-top-ten",""
"Doug Nichol","La dolce vita","Federico Fellini","https://www.criterion.com/films/28619-la-dolce-vita","https://github.com/brittonwalker/criterion-top-ten",""
"Amy Fine Collins","La dolce vita","Federico Fellini","https://www.criterion.com/films/28619-la-dolce-vita","https://github.com/brittonwalker/criterion-top-ten",""
"Alan Arkin","La dolce vita","Federico Fellini","https://www.criterion.com/films/28619-la-dolce-vita","https://github.com/brittonwalker/criterion-top-ten",""
"Olivier Assayas","La dolce vita","Federico Fellini","https://www.criterion.com/films/28619-la-dolce-vita","https://github.com/brittonwalker/criterion-top-ten",""
"Hossein Amini","La dolce vita","Federico Fellini","https://www.criterion.com/films/28619-la-dolce-vita","https://github.com/brittonwalker/criterion-top-ten",""
"Mary Ellen Mark","La dolce vita","Federico Fellini","https://www.criterion.com/films/28619-la-dolce-vita","https://github.com/brittonwalker/criterion-top-ten",""
"Ramin Bahrani","La dolce vita","Federico Fellini","https://www.criterion.com/films/28619-la-dolce-vita","https://github.com/brittonwalker/criterion-top-ten",""
"Nina Menkes","Wanda","Barbara Loden","https://www.criterion.com/films/29450-wanda","https://github.com/brittonwalker/criterion-top-ten",""
"Aubrey Plaza","Wanda","Barbara Loden","https://www.criterion.com/films/29450-wanda","https://github.com/brittonwalker/criterion-top-ten",""
"Rachel Kushner","Wanda","Barbara Loden","https://www.criterion.com/films/29450-wanda","https://github.com/brittonwalker/criterion-top-ten",""
"Amy Seimetz","Wanda","Barbara Loden","https://www.criterion.com/films/29450-wanda","https://github.com/brittonwalker/criterion-top-ten",""
"The Ross Brothers’ Top 10","Wanda","Barbara Loden","https://www.criterion.com/films/29450-wanda","https://github.com/brittonwalker/criterion-top-ten",""
"Kelly Reichardt","Wanda","Barbara Loden","https://www.criterion.com/films/29450-wanda","https://github.com/brittonwalker/criterion-top-ten",""
"Karim Aïnouz","Wanda","Barbara Loden","https://www.criterion.com/films/29450-wanda","https://github.com/brittonwalker/criterion-top-ten",""
"Dennis Lim","Wanda","Barbara Loden","https://www.criterion.com/films/29450-wanda","https://github.com/brittonwalker/criterion-top-ten",""
"Nina Menkes","Au hasard Balthazar","Robert Bresson","https://www.criterion.com/films/455-au-hasard-balthazar","https://github.com/brittonwalker/criterion-top-ten",""
"Bill Condon","Au hasard Balthazar","Robert Bresson","https://www.criterion.com/films/455-au-hasard-balthazar","https://github.com/brittonwalker/criterion-top-ten",""
"Zach Clark","Au hasard Balthazar","Robert Bresson","https://www.criterion.com/films/455-au-hasard-balthazar","https://github.com/brittonwalker/criterion-top-ten",""
"Richard Hell","Au hasard Balthazar","Robert Bresson","https://www.criterion.com/films/455-au-hasard-balthazar","https://github.com/brittonwalker/criterion-top-ten",""
"Ana Lily Amirpour","Au hasard Balthazar","Robert Bresson","https://www.criterion.com/films/455-au-hasard-balthazar","https://github.com/brittonwalker/criterion-top-ten",""
"Will Oldham","Au hasard Balthazar","Robert Bresson","https://www.criterion.com/films/455-au-hasard-balthazar","https://github.com/brittonwalker/criterion-top-ten",""
"Mary Ellen Mark","Au hasard Balthazar","Robert Bresson","https://www.criterion.com/films/455-au-hasard-balthazar","https://github.com/brittonwalker/criterion-top-ten",""
"Aki Kaurismäki ","Au hasard Balthazar","Robert Bresson","https://www.criterion.com/films/455-au-hasard-balthazar","https://github.com/brittonwalker/criterion-top-ten",""
"Georgia Hubley","Au hasard Balthazar","Robert Bresson","https://www.criterion.com/films/455-au-hasard-balthazar","https://github.com/brittonwalker/criterion-top-ten",""
"Wes Anderson","Au hasard Balthazar","Robert Bresson","https://www.criterion.com/films/455-au-hasard-balthazar","https://github.com/brittonwalker/criterion-top-ten",""
"Dave Filipi","Au hasard Balthazar","Robert Bresson","https://www.criterion.com/films/455-au-hasard-balthazar","https://github.com/brittonwalker/criterion-top-ten",""
"Richard Linklater","Au hasard Balthazar","Robert Bresson","https://www.criterion.com/films/455-au-hasard-balthazar","https://github.com/brittonwalker/criterion-top-ten",""
"Nina Menkes","Jeanne Dielman, 23, quai du Commerce, 1080 Bruxelles","Chantal Akerman","https://www.criterion.com/films/302-jeanne-dielman-23-quai-du-commerce-1080-bruxelles","https://github.com/brittonwalker/criterion-top-ten",""
"Lili Horvát","Jeanne Dielman, 23, quai du Commerce, 1080 Bruxelles","Chantal Akerman","https://www.criterion.com/films/302-jeanne-dielman-23-quai-du-commerce-1080-bruxelles","https://github.com/brittonwalker/criterion-top-ten",""
"Isabel Sandoval","Jeanne Dielman, 23, quai du Commerce, 1080 Bruxelles","Chantal Akerman","https://www.criterion.com/films/302-jeanne-dielman-23-quai-du-commerce-1080-bruxelles","https://github.com/brittonwalker/criterion-top-ten",""
"Amy Seimetz","Jeanne Dielman, 23, quai du Commerce, 1080 Bruxelles","Chantal Akerman","https://www.criterion.com/films/302-jeanne-dielman-23-quai-du-commerce-1080-bruxelles","https://github.com/brittonwalker/criterion-top-ten",""
"Karyn Kusama","Jeanne Dielman, 23, quai du Commerce, 1080 Bruxelles","Chantal Akerman","https://www.criterion.com/films/302-jeanne-dielman-23-quai-du-commerce-1080-bruxelles","https://github.com/brittonwalker/criterion-top-ten",""
"David and Nathan Zellner","Jeanne Dielman, 23, quai du Commerce, 1080 Bruxelles","Chantal Akerman","https://www.criterion.com/films/302-jeanne-dielman-23-quai-du-commerce-1080-bruxelles","https://github.com/brittonwalker/criterion-top-ten",""
"Jennifer Reeder","Jeanne Dielman, 23, quai du Commerce, 1080 Bruxelles","Chantal Akerman","https://www.criterion.com/films/302-jeanne-dielman-23-quai-du-commerce-1080-bruxelles","https://github.com/brittonwalker/criterion-top-ten",""
"Zach Clark","Jeanne Dielman, 23, quai du Commerce, 1080 Bruxelles","Chantal Akerman","https://www.criterion.com/films/302-jeanne-dielman-23-quai-du-commerce-1080-bruxelles","https://github.com/brittonwalker/criterion-top-ten",""
"Jenni Olson","Jeanne Dielman, 23, quai du Commerce, 1080 Bruxelles","Chantal Akerman","https://www.criterion.com/films/302-jeanne-dielman-23-quai-du-commerce-1080-bruxelles","https://github.com/brittonwalker/criterion-top-ten",""
"Laura Mulvey","Jeanne Dielman, 23, quai du Commerce, 1080 Bruxelles","Chantal Akerman","https://www.criterion.com/films/302-jeanne-dielman-23-quai-du-commerce-1080-bruxelles","https://github.com/brittonwalker/criterion-top-ten",""
"Annie Baker","Jeanne Dielman, 23, quai du Commerce, 1080 Bruxelles","Chantal Akerman","https://www.criterion.com/films/302-jeanne-dielman-23-quai-du-commerce-1080-bruxelles","https://github.com/brittonwalker/criterion-top-ten",""
"Sonic Youth","Jeanne Dielman, 23, quai du Commerce, 1080 Bruxelles","Chantal Akerman","https://www.criterion.com/films/302-jeanne-dielman-23-quai-du-commerce-1080-bruxelles","https://github.com/brittonwalker/criterion-top-ten",""
"Nathan Lee","Jeanne Dielman, 23, quai du Commerce, 1080 Bruxelles","Chantal Akerman","https://www.criterion.com/films/302-jeanne-dielman-23-quai-du-commerce-1080-bruxelles","https://github.com/brittonwalker/criterion-top-ten",""
"Nina Menkes","Fat Girl","Catherine Breillat","https://www.criterion.com/films/548-fat-girl","https://github.com/brittonwalker/criterion-top-ten",""
"Ruben Östlund","Fat Girl","Catherine Breillat","https://www.criterion.com/films/548-fat-girl","https://github.com/brittonwalker/criterion-top-ten",""
"Christopher Radcliff and Lauren Wolkstein","Fat Girl","Catherine Breillat","https://www.criterion.com/films/548-fat-girl","https://github.com/brittonwalker/criterion-top-ten",""
"Alison Maclean","Fat Girl","Catherine Breillat","https://www.criterion.com/films/548-fat-girl","https://github.com/brittonwalker/criterion-top-ten",""
"Atom Egoyan","Fat Girl","Catherine Breillat","https://www.criterion.com/films/548-fat-girl","https://github.com/brittonwalker/criterion-top-ten",""
"Richard Ayoade","Fat Girl","Catherine Breillat","https://www.criterion.com/films/548-fat-girl","https://github.com/brittonwalker/criterion-top-ten",""
"Sonic Youth","Fat Girl","Catherine Breillat","https://www.criterion.com/films/548-fat-girl","https://github.com/brittonwalker/criterion-top-ten",""
"Nina Menkes","La Ciénaga","Lucrecia Martel","https://www.criterion.com/films/28113-la-cinaga","https://github.com/brittonwalker/criterion-top-ten",""
"Aubrey Plaza","La Ciénaga","Lucrecia Martel","https://www.criterion.com/films/28113-la-cinaga","https://github.com/brittonwalker/criterion-top-ten",""
"Kleber Mendonça Filho","La Ciénaga","Lucrecia Martel","https://www.criterion.com/films/28113-la-cinaga","https://github.com/brittonwalker/criterion-top-ten",""
"Dennis Lim","La Ciénaga","Lucrecia Martel","https://www.criterion.com/films/28113-la-cinaga","https://github.com/brittonwalker/criterion-top-ten",""
"Alice Rohrwacher","La Ciénaga","Lucrecia Martel","https://www.criterion.com/films/28113-la-cinaga","https://github.com/brittonwalker/criterion-top-ten",""
"Nina Menkes","A Woman Under the Influence","John Cassavetes","https://www.criterion.com/films/510-a-woman-under-the-influence","https://github.com/brittonwalker/criterion-top-ten",""
"Aubrey Plaza","A Woman Under the Influence","John Cassavetes","https://www.criterion.com/films/510-a-woman-under-the-influence","https://github.com/brittonwalker/criterion-top-ten",""
"Pablo Larraín","A Woman Under the Influence","John Cassavetes","https://www.criterion.com/films/510-a-woman-under-the-influence","https://github.com/brittonwalker/criterion-top-ten",""
"Carrie Coon","A Woman Under the Influence","John Cassavetes","https://www.criterion.com/films/510-a-woman-under-the-influence","https://github.com/brittonwalker/criterion-top-ten",""
"Karim Aïnouz","A Woman Under the Influence","John Cassavetes","https://www.criterion.com/films/510-a-woman-under-the-influence","https://github.com/brittonwalker/criterion-top-ten",""
"Michael Imperioli","A Woman Under the Influence","John Cassavetes","https://www.criterion.com/films/510-a-woman-under-the-influence","https://github.com/brittonwalker/criterion-top-ten",""
"Raúl Castillo","A Woman Under the Influence","John Cassavetes","https://www.criterion.com/films/510-a-woman-under-the-influence","https://github.com/brittonwalker/criterion-top-ten",""
"Karyn Kusama","A Woman Under the Influence","John Cassavetes","https://www.criterion.com/films/510-a-woman-under-the-influence","https://github.com/brittonwalker/criterion-top-ten",""
"Alice Rohrwacher","A Woman Under the Influence","John Cassavetes","https://www.criterion.com/films/510-a-woman-under-the-influence","https://github.com/brittonwalker/criterion-top-ten",""
"Sloane Crosley","A Woman Under the Influence","John Cassavetes","https://www.criterion.com/films/510-a-woman-under-the-influence","https://github.com/brittonwalker/criterion-top-ten",""
"Sebastián Lelio","A Woman Under the Influence","John Cassavetes","https://www.criterion.com/films/510-a-woman-under-the-influence","https://github.com/brittonwalker/criterion-top-ten",""
"Barry Levinson","A Woman Under the Influence","John Cassavetes","https://www.criterion.com/films/510-a-woman-under-the-influence","https://github.com/brittonwalker/criterion-top-ten",""
"Stephen Cone","A Woman Under the Influence","John Cassavetes","https://www.criterion.com/films/510-a-woman-under-the-influence","https://github.com/brittonwalker/criterion-top-ten",""
"Andrew Ahn","A Woman Under the Influence","John Cassavetes","https://www.criterion.com/films/510-a-woman-under-the-influence","https://github.com/brittonwalker/criterion-top-ten",""
"Sean Baker","A Woman Under the Influence","John Cassavetes","https://www.criterion.com/films/510-a-woman-under-the-influence","https://github.com/brittonwalker/criterion-top-ten",""
"Josh and Benny Safdie","A Woman Under the Influence","John Cassavetes","https://www.criterion.com/films/510-a-woman-under-the-influence","https://github.com/brittonwalker/criterion-top-ten",""
"Jesse Malin","A Woman Under the Influence","John Cassavetes","https://www.criterion.com/films/510-a-woman-under-the-influence","https://github.com/brittonwalker/criterion-top-ten",""
"Ben Wheatley","A Woman Under the Influence","John Cassavetes","https://www.criterion.com/films/510-a-woman-under-the-influence","https://github.com/brittonwalker/criterion-top-ten",""
"Alex Ross Perry","A Woman Under the Influence","John Cassavetes","https://www.criterion.com/films/510-a-woman-under-the-influence","https://github.com/brittonwalker/criterion-top-ten",""
"Jonathan Caouette","A Woman Under the Influence","John Cassavetes","https://www.criterion.com/films/510-a-woman-under-the-influence","https://github.com/brittonwalker/criterion-top-ten",""
"Aki Kaurismäki ","A Woman Under the Influence","John Cassavetes","https://www.criterion.com/films/510-a-woman-under-the-influence","https://github.com/brittonwalker/criterion-top-ten",""
"Iron and Wine","A Woman Under the Influence","John Cassavetes","https://www.criterion.com/films/510-a-woman-under-the-influence","https://github.com/brittonwalker/criterion-top-ten",""
"Götz Spielmann","A Woman Under the Influence","John Cassavetes","https://www.criterion.com/films/510-a-woman-under-the-influence","https://github.com/brittonwalker/criterion-top-ten",""
"James Franco","A Woman Under the Influence","John Cassavetes","https://www.criterion.com/films/510-a-woman-under-the-influence","https://github.com/brittonwalker/criterion-top-ten",""
"David Hudson","A Woman Under the Influence","John Cassavetes","https://www.criterion.com/films/510-a-woman-under-the-influence","https://github.com/brittonwalker/criterion-top-ten",""
"Steve Buscemi","A Woman Under the Influence","John Cassavetes","https://www.criterion.com/films/510-a-woman-under-the-influence","https://github.com/brittonwalker/criterion-top-ten",""
"Aubrey Plaza","Opening Night","John Cassavetes","https://www.criterion.com/films/957-opening-night","https://github.com/brittonwalker/criterion-top-ten",""
"Sofia Bohdanowicz and Deragh Campbell","Opening Night","John Cassavetes","https://www.criterion.com/films/957-opening-night","https://github.com/brittonwalker/criterion-top-ten",""
"Michael Imperioli","Opening Night","John Cassavetes","https://www.criterion.com/films/957-opening-night","https://github.com/brittonwalker/criterion-top-ten",""
"Barry Levinson","Opening Night","John Cassavetes","https://www.criterion.com/films/957-opening-night","https://github.com/brittonwalker/criterion-top-ten",""
"Stephen Cone","Opening Night","John Cassavetes","https://www.criterion.com/films/957-opening-night","https://github.com/brittonwalker/criterion-top-ten",""
"Janicza Bravo","Opening Night","John Cassavetes","https://www.criterion.com/films/957-opening-night","https://github.com/brittonwalker/criterion-top-ten",""
"Andrew Ahn","Opening Night","John Cassavetes","https://www.criterion.com/films/957-opening-night","https://github.com/brittonwalker/criterion-top-ten",""
"Sean Baker","Opening Night","John Cassavetes","https://www.criterion.com/films/957-opening-night","https://github.com/brittonwalker/criterion-top-ten",""
"Josh and Benny Safdie","Opening Night","John Cassavetes","https://www.criterion.com/films/957-opening-night","https://github.com/brittonwalker/criterion-top-ten",""
"Jesse Malin","Opening Night","John Cassavetes","https://www.criterion.com/films/957-opening-night","https://github.com/brittonwalker/criterion-top-ten",""
"Alex Ross Perry","Opening Night","John Cassavetes","https://www.criterion.com/films/957-opening-night","https://github.com/brittonwalker/criterion-top-ten",""
"Brie Larson ","Opening Night","John Cassavetes","https://www.criterion.com/films/957-opening-night","https://github.com/brittonwalker/criterion-top-ten",""
"Aki Kaurismäki ","Opening Night","John Cassavetes","https://www.criterion.com/films/957-opening-night","https://github.com/brittonwalker/criterion-top-ten",""
"James Franco","Opening Night","John Cassavetes","https://www.criterion.com/films/957-opening-night","https://github.com/brittonwalker/criterion-top-ten",""
"John Lurie","Opening Night","John Cassavetes","https://www.criterion.com/films/957-opening-night","https://github.com/brittonwalker/criterion-top-ten",""
"Aubrey Plaza","Ali: Fear Eats the Soul","Rainer Werner Fassbinder","https://www.criterion.com/films/152-ali-fear-eats-the-soul","https://github.com/brittonwalker/criterion-top-ten",""
"Karim Aïnouz","Ali: Fear Eats the Soul","Rainer Werner Fassbinder","https://www.criterion.com/films/152-ali-fear-eats-the-soul","https://github.com/brittonwalker/criterion-top-ten",""
"Dennis Lim","Ali: Fear Eats the Soul","Rainer Werner Fassbinder","https://www.criterion.com/films/152-ali-fear-eats-the-soul","https://github.com/brittonwalker/criterion-top-ten",""
"John Grant","Ali: Fear Eats the Soul","Rainer Werner Fassbinder","https://www.criterion.com/films/152-ali-fear-eats-the-soul","https://github.com/brittonwalker/criterion-top-ten",""
"Janicza Bravo","Ali: Fear Eats the Soul","Rainer Werner Fassbinder","https://www.criterion.com/films/152-ali-fear-eats-the-soul","https://github.com/brittonwalker/criterion-top-ten",""
"Alison Maclean","Ali: Fear Eats the Soul","Rainer Werner Fassbinder","https://www.criterion.com/films/152-ali-fear-eats-the-soul","https://github.com/brittonwalker/criterion-top-ten",""
"Nathan Silver","Ali: Fear Eats the Soul","Rainer Werner Fassbinder","https://www.criterion.com/films/152-ali-fear-eats-the-soul","https://github.com/brittonwalker/criterion-top-ten",""
"Terence Nance","Ali: Fear Eats the Soul","Rainer Werner Fassbinder","https://www.criterion.com/films/152-ali-fear-eats-the-soul","https://github.com/brittonwalker/criterion-top-ten",""
"Lena Dunham ","Ali: Fear Eats the Soul","Rainer Werner Fassbinder","https://www.criterion.com/films/152-ali-fear-eats-the-soul","https://github.com/brittonwalker/criterion-top-ten",""
"Miguel Arteta ","Ali: Fear Eats the Soul","Rainer Werner Fassbinder","https://www.criterion.com/films/152-ali-fear-eats-the-soul","https://github.com/brittonwalker/criterion-top-ten",""
"Aki Kaurismäki ","Ali: Fear Eats the Soul","Rainer Werner Fassbinder","https://www.criterion.com/films/152-ali-fear-eats-the-soul","https://github.com/brittonwalker/criterion-top-ten",""
"João Pedro Rodrigues","Ali: Fear Eats the Soul","Rainer Werner Fassbinder","https://www.criterion.com/films/152-ali-fear-eats-the-soul","https://github.com/brittonwalker/criterion-top-ten",""
"Sonic Youth","Ali: Fear Eats the Soul","Rainer Werner Fassbinder","https://www.criterion.com/films/152-ali-fear-eats-the-soul","https://github.com/brittonwalker/criterion-top-ten",""
"John Lurie","Ali: Fear Eats the Soul","Rainer Werner Fassbinder","https://www.criterion.com/films/152-ali-fear-eats-the-soul","https://github.com/brittonwalker/criterion-top-ten",""
"Stuart Cooper","Ali: Fear Eats the Soul","Rainer Werner Fassbinder","https://www.criterion.com/films/152-ali-fear-eats-the-soul","https://github.com/brittonwalker/criterion-top-ten",""
"Michael Barker","Ali: Fear Eats the Soul","Rainer Werner Fassbinder","https://www.criterion.com/films/152-ali-fear-eats-the-soul","https://github.com/brittonwalker/criterion-top-ten",""
"Aubrey Plaza","Bicycle Thieves","Vittorio De Sica","https://www.criterion.com/films/210-bicycle-thieves","https://github.com/brittonwalker/criterion-top-ten",""
"Pietro Marcello","Bicycle Thieves","Vittorio De Sica","https://www.criterion.com/films/210-bicycle-thieves","https://github.com/brittonwalker/criterion-top-ten",""
"Ruben Östlund","Bicycle Thieves","Vittorio De Sica","https://www.criterion.com/films/210-bicycle-thieves","https://github.com/brittonwalker/criterion-top-ten",""
"Doug Nichol","Bicycle Thieves","Vittorio De Sica","https://www.criterion.com/films/210-bicycle-thieves","https://github.com/brittonwalker/criterion-top-ten",""
"Joshua Z Weinstein","Bicycle Thieves","Vittorio De Sica","https://www.criterion.com/films/210-bicycle-thieves","https://github.com/brittonwalker/criterion-top-ten",""
"Young Jean Lee","Bicycle Thieves","Vittorio De Sica","https://www.criterion.com/films/210-bicycle-thieves","https://github.com/brittonwalker/criterion-top-ten",""
"Josh and Benny Safdie","Bicycle Thieves","Vittorio De Sica","https://www.criterion.com/films/210-bicycle-thieves","https://github.com/brittonwalker/criterion-top-ten",""
"Mary Ellen Mark","Bicycle Thieves","Vittorio De Sica","https://www.criterion.com/films/210-bicycle-thieves","https://github.com/brittonwalker/criterion-top-ten",""
"Roger Corman","Bicycle Thieves","Vittorio De Sica","https://www.criterion.com/films/210-bicycle-thieves","https://github.com/brittonwalker/criterion-top-ten",""
"Franc Roddam","Bicycle Thieves","Vittorio De Sica","https://www.criterion.com/films/210-bicycle-thieves","https://github.com/brittonwalker/criterion-top-ten",""
"Aki Kaurismäki ","Bicycle Thieves","Vittorio De Sica","https://www.criterion.com/films/210-bicycle-thieves","https://github.com/brittonwalker/criterion-top-ten",""
"Robert Ben Garant and Tom Lennon","Bicycle Thieves","Vittorio De Sica","https://www.criterion.com/films/210-bicycle-thieves","https://github.com/brittonwalker/criterion-top-ten",""
"Jaime Hernandez","Bicycle Thieves","Vittorio De Sica","https://www.criterion.com/films/210-bicycle-thieves","https://github.com/brittonwalker/criterion-top-ten",""
"Ramin Bahrani","Bicycle Thieves","Vittorio De Sica","https://www.criterion.com/films/210-bicycle-thieves","https://github.com/brittonwalker/criterion-top-ten",""
"Aubrey Plaza","Fanny and Alexander Box Set","Ingmar Bergman","https://www.criterion.com/films/206-fanny-and-alexander-box-set","https://github.com/brittonwalker/criterion-top-ten",""
"Aubrey Plaza","Scenes from a Marriage","Ingmar Bergman","https://www.criterion.com/films/710-scenes-from-a-marriage","https://github.com/brittonwalker/criterion-top-ten",""
"Sean Baker","Scenes from a Marriage","Ingmar Bergman","https://www.criterion.com/films/710-scenes-from-a-marriage","https://github.com/brittonwalker/criterion-top-ten",""
"Daniel Lopatin","Scenes from a Marriage","Ingmar Bergman","https://www.criterion.com/films/710-scenes-from-a-marriage","https://github.com/brittonwalker/criterion-top-ten",""
"Nicholas Stoller","Scenes from a Marriage","Ingmar Bergman","https://www.criterion.com/films/710-scenes-from-a-marriage","https://github.com/brittonwalker/criterion-top-ten",""
"Brie Larson ","Scenes from a Marriage","Ingmar Bergman","https://www.criterion.com/films/710-scenes-from-a-marriage","https://github.com/brittonwalker/criterion-top-ten",""
"Susie Bright ","Scenes from a Marriage","Ingmar Bergman","https://www.criterion.com/films/710-scenes-from-a-marriage","https://github.com/brittonwalker/criterion-top-ten",""
"Richard Ayoade","Scenes from a Marriage","Ingmar Bergman","https://www.criterion.com/films/710-scenes-from-a-marriage","https://github.com/brittonwalker/criterion-top-ten",""
"Monte Hellman","Scenes from a Marriage","Ingmar Bergman","https://www.criterion.com/films/710-scenes-from-a-marriage","https://github.com/brittonwalker/criterion-top-ten",""
"Neil LaBute","Scenes from a Marriage","Ingmar Bergman","https://www.criterion.com/films/710-scenes-from-a-marriage","https://github.com/brittonwalker/criterion-top-ten",""
"Rian Johnson","Scenes from a Marriage","Ingmar Bergman","https://www.criterion.com/films/710-scenes-from-a-marriage","https://github.com/brittonwalker/criterion-top-ten",""
"Jane Campion","Scenes from a Marriage","Ingmar Bergman","https://www.criterion.com/films/710-scenes-from-a-marriage","https://github.com/brittonwalker/criterion-top-ten",""
"Aubrey Plaza","Tie Me Up! Tie Me Down!","Pedro Almodóvar","https://www.criterion.com/films/28593-tie-me-up-tie-me-down","https://github.com/brittonwalker/criterion-top-ten",""
"Dash Shaw","Tie Me Up! Tie Me Down!","Pedro Almodóvar","https://www.criterion.com/films/28593-tie-me-up-tie-me-down","https://github.com/brittonwalker/criterion-top-ten",""
"Aubrey Plaza","Mikey and Nicky","Elaine May","https://www.criterion.com/films/27895-mikey-and-nicky","https://github.com/brittonwalker/criterion-top-ten",""
"Brian Raftery","Mikey and Nicky","Elaine May","https://www.criterion.com/films/27895-mikey-and-nicky","https://github.com/brittonwalker/criterion-top-ten",""
"Aubrey Plaza","8½","Federico Fellini","https://www.criterion.com/films/150-8","https://github.com/brittonwalker/criterion-top-ten",""
"Paweł Pawlikowski","8½","Federico Fellini","https://www.criterion.com/films/150-8","https://github.com/brittonwalker/criterion-top-ten",""
"Ari Aster","8½","Federico Fellini","https://www.criterion.com/films/150-8","https://github.com/brittonwalker/criterion-top-ten",""
"Sebastián Lelio","8½","Federico Fellini","https://www.criterion.com/films/150-8","https://github.com/brittonwalker/criterion-top-ten",""
"Alton Brown","8½","Federico Fellini","https://www.criterion.com/films/150-8","https://github.com/brittonwalker/criterion-top-ten",""
"Terence Nance","8½","Federico Fellini","https://www.criterion.com/films/150-8","https://github.com/brittonwalker/criterion-top-ten",""
"Atom Egoyan","8½","Federico Fellini","https://www.criterion.com/films/150-8","https://github.com/brittonwalker/criterion-top-ten",""
"Mary Ellen Mark","8½","Federico Fellini","https://www.criterion.com/films/150-8","https://github.com/brittonwalker/criterion-top-ten",""
"Martin Scorsese","8½","Federico Fellini","https://www.criterion.com/films/150-8","https://github.com/brittonwalker/criterion-top-ten",""
"Stella Mozgawa","8½","Federico Fellini","https://www.criterion.com/films/150-8","https://github.com/brittonwalker/criterion-top-ten",""
"Donald Fagen","8½","Federico Fellini","https://www.criterion.com/films/150-8","https://github.com/brittonwalker/criterion-top-ten",""
"Roger Corman","8½","Federico Fellini","https://www.criterion.com/films/150-8","https://github.com/brittonwalker/criterion-top-ten",""
"Flying Lotus","8½","Federico Fellini","https://www.criterion.com/films/150-8","https://github.com/brittonwalker/criterion-top-ten",""
"Paul Feig ","8½","Federico Fellini","https://www.criterion.com/films/150-8","https://github.com/brittonwalker/criterion-top-ten",""
"Oren Moverman","8½","Federico Fellini","https://www.criterion.com/films/150-8","https://github.com/brittonwalker/criterion-top-ten",""
"Greg Mottola","8½","Federico Fellini","https://www.criterion.com/films/150-8","https://github.com/brittonwalker/criterion-top-ten",""
"Götz Spielmann","8½","Federico Fellini","https://www.criterion.com/films/150-8","https://github.com/brittonwalker/criterion-top-ten",""
"Monte Hellman","8½","Federico Fellini","https://www.criterion.com/films/150-8","https://github.com/brittonwalker/criterion-top-ten",""
"Chris Hegedus","8½","Federico Fellini","https://www.criterion.com/films/150-8","https://github.com/brittonwalker/criterion-top-ten",""
"Nicolas Roeg","8½","Federico Fellini","https://www.criterion.com/films/150-8","https://github.com/brittonwalker/criterion-top-ten",""
"Rian Johnson","8½","Federico Fellini","https://www.criterion.com/films/150-8","https://github.com/brittonwalker/criterion-top-ten",""
"Allan Arkush","8½","Federico Fellini","https://www.criterion.com/films/150-8","https://github.com/brittonwalker/criterion-top-ten",""
"Mike Allred","8½","Federico Fellini","https://www.criterion.com/films/150-8","https://github.com/brittonwalker/criterion-top-ten",""
"Owen Kline","The Bank Dick","Edward Cline","https://www.criterion.com/films/617-the-bank-dick","https://github.com/brittonwalker/criterion-top-ten",""
"Tracy Letts","The Bank Dick","Edward Cline","https://www.criterion.com/films/617-the-bank-dick","https://github.com/brittonwalker/criterion-top-ten",""
"Aaron Katz's Top 10 ","The Bank Dick","Edward Cline","https://www.criterion.com/films/617-the-bank-dick","https://github.com/brittonwalker/criterion-top-ten",""
"Troy Miller","The Bank Dick","Edward Cline","https://www.criterion.com/films/617-the-bank-dick","https://github.com/brittonwalker/criterion-top-ten",""
"Paul Morrissey","The Bank Dick","Edward Cline","https://www.criterion.com/films/617-the-bank-dick","https://github.com/brittonwalker/criterion-top-ten",""
"David Schwartz","The Bank Dick","Edward Cline","https://www.criterion.com/films/617-the-bank-dick","https://github.com/brittonwalker/criterion-top-ten",""
"Bill Plympton","The Bank Dick","Edward Cline","https://www.criterion.com/films/617-the-bank-dick","https://github.com/brittonwalker/criterion-top-ten",""
"Owen Kline","W. C. Fields—Six Short Films","Monte Brice, Clyde Bruckman, Edwin Middleton, Leslie Pearce, and Arthur Ripley","https://www.criterion.com/films/618-w-c-fieldssix-short-films","https://github.com/brittonwalker/criterion-top-ten",""
"Owen Kline","The Lady Eve","Preston Sturges","https://www.criterion.com/films/639-the-lady-eve","https://github.com/brittonwalker/criterion-top-ten",""
"Phil Rosenthal","The Lady Eve","Preston Sturges","https://www.criterion.com/films/639-the-lady-eve","https://github.com/brittonwalker/criterion-top-ten",""
"Oren Moverman","The Lady Eve","Preston Sturges","https://www.criterion.com/films/639-the-lady-eve","https://github.com/brittonwalker/criterion-top-ten",""
"Whit Stillman","The Lady Eve","Preston Sturges","https://www.criterion.com/films/639-the-lady-eve","https://github.com/brittonwalker/criterion-top-ten",""
"Al Reinert","The Lady Eve","Preston Sturges","https://www.criterion.com/films/639-the-lady-eve","https://github.com/brittonwalker/criterion-top-ten",""
"Monte Hellman","The Lady Eve","Preston Sturges","https://www.criterion.com/films/639-the-lady-eve","https://github.com/brittonwalker/criterion-top-ten",""
"Ricky Jay","The Lady Eve","Preston Sturges","https://www.criterion.com/films/639-the-lady-eve","https://github.com/brittonwalker/criterion-top-ten",""
"Robin Wood","The Lady Eve","Preston Sturges","https://www.criterion.com/films/639-the-lady-eve","https://github.com/brittonwalker/criterion-top-ten",""
"Kevin Macdonald","The Lady Eve","Preston Sturges","https://www.criterion.com/films/639-the-lady-eve","https://github.com/brittonwalker/criterion-top-ten",""
"Dennis Lehane","The Lady Eve","Preston Sturges","https://www.criterion.com/films/639-the-lady-eve","https://github.com/brittonwalker/criterion-top-ten",""
"Gary Giddins","The Lady Eve","Preston Sturges","https://www.criterion.com/films/639-the-lady-eve","https://github.com/brittonwalker/criterion-top-ten",""
"Allan Arkush","The Lady Eve","Preston Sturges","https://www.criterion.com/films/639-the-lady-eve","https://github.com/brittonwalker/criterion-top-ten",""
"Owen Kline","Sullivan’s Travels","Preston Sturges","https://www.criterion.com/films/657-sullivans-travels","https://github.com/brittonwalker/criterion-top-ten",""
"Connor Jessup","Sullivan’s Travels","Preston Sturges","https://www.criterion.com/films/657-sullivans-travels","https://github.com/brittonwalker/criterion-top-ten",""
"Alan Arkin","Sullivan’s Travels","Preston Sturges","https://www.criterion.com/films/657-sullivans-travels","https://github.com/brittonwalker/criterion-top-ten",""
"Phil Rosenthal","Sullivan’s Travels","Preston Sturges","https://www.criterion.com/films/657-sullivans-travels","https://github.com/brittonwalker/criterion-top-ten",""
"Oren Moverman","Sullivan’s Travels","Preston Sturges","https://www.criterion.com/films/657-sullivans-travels","https://github.com/brittonwalker/criterion-top-ten",""
"Robert Ben Garant and Tom Lennon","Sullivan’s Travels","Preston Sturges","https://www.criterion.com/films/657-sullivans-travels","https://github.com/brittonwalker/criterion-top-ten",""
"Anthony Bourdain","Sullivan’s Travels","Preston Sturges","https://www.criterion.com/films/657-sullivans-travels","https://github.com/brittonwalker/criterion-top-ten",""
"Bill Hader","Sullivan’s Travels","Preston Sturges","https://www.criterion.com/films/657-sullivans-travels","https://github.com/brittonwalker/criterion-top-ten",""
"Guillermo del Toro","Sullivan’s Travels","Preston Sturges","https://www.criterion.com/films/657-sullivans-travels","https://github.com/brittonwalker/criterion-top-ten",""
"Chris Hegedus","Sullivan’s Travels","Preston Sturges","https://www.criterion.com/films/657-sullivans-travels","https://github.com/brittonwalker/criterion-top-ten",""
"Bruce Goldstein","Sullivan’s Travels","Preston Sturges","https://www.criterion.com/films/657-sullivans-travels","https://github.com/brittonwalker/criterion-top-ten",""
"Owen Kline","Billy Liar","John Schlesinger","https://www.criterion.com/films/662-billy-liar","https://github.com/brittonwalker/criterion-top-ten",""
"Douglas Hart","Billy Liar","John Schlesinger","https://www.criterion.com/films/662-billy-liar","https://github.com/brittonwalker/criterion-top-ten",""
"Donald Fagen","Billy Liar","John Schlesinger","https://www.criterion.com/films/662-billy-liar","https://github.com/brittonwalker/criterion-top-ten",""
"Dominic Monaghan","Billy Liar","John Schlesinger","https://www.criterion.com/films/662-billy-liar","https://github.com/brittonwalker/criterion-top-ten",""
"Georgia Hubley","Billy Liar","John Schlesinger","https://www.criterion.com/films/662-billy-liar","https://github.com/brittonwalker/criterion-top-ten",""
"Steve Buscemi","Billy Liar","John Schlesinger","https://www.criterion.com/films/662-billy-liar","https://github.com/brittonwalker/criterion-top-ten",""
"Owen Kline","Eclipse Series 33: Up All Night with Robert Downey Sr.","","https://www.criterion.com/boxsets/887-eclipse-series-33-up-all-night-with-robert-downey-sr","https://github.com/brittonwalker/criterion-top-ten",""
"Owen Kline","If....","Lindsay Anderson","https://www.criterion.com/films/825-if","https://github.com/brittonwalker/criterion-top-ten",""
"Joel Potrykus","If....","Lindsay Anderson","https://www.criterion.com/films/825-if","https://github.com/brittonwalker/criterion-top-ten",""
"Nathan Silver","If....","Lindsay Anderson","https://www.criterion.com/films/825-if","https://github.com/brittonwalker/criterion-top-ten",""
"Barnaby Clay","If....","Lindsay Anderson","https://www.criterion.com/films/825-if","https://github.com/brittonwalker/criterion-top-ten",""
"Douglas Hart","If....","Lindsay Anderson","https://www.criterion.com/films/825-if","https://github.com/brittonwalker/criterion-top-ten",""
"Allan Arkush","If....","Lindsay Anderson","https://www.criterion.com/films/825-if","https://github.com/brittonwalker/criterion-top-ten",""
"Owen Kline","They Live by Night","Nicholas Ray","https://www.criterion.com/films/28717-they-live-by-night","https://github.com/brittonwalker/criterion-top-ten",""
"Owen Kline","Crumb","Terry Zwigoff","https://www.criterion.com/films/2104-crumb","https://github.com/brittonwalker/criterion-top-ten",""
"Jeremiah Zagar","Crumb","Terry Zwigoff","https://www.criterion.com/films/2104-crumb","https://github.com/brittonwalker/criterion-top-ten",""
"Dustin Guy Defa","Crumb","Terry Zwigoff","https://www.criterion.com/films/2104-crumb","https://github.com/brittonwalker/criterion-top-ten",""
"Nathan Silver","Crumb","Terry Zwigoff","https://www.criterion.com/films/2104-crumb","https://github.com/brittonwalker/criterion-top-ten",""
"Zach Clark","Crumb","Terry Zwigoff","https://www.criterion.com/films/2104-crumb","https://github.com/brittonwalker/criterion-top-ten",""
"Josh and Benny Safdie","Crumb","Terry Zwigoff","https://www.criterion.com/films/2104-crumb","https://github.com/brittonwalker/criterion-top-ten",""
"Keegan McHargue","Crumb","Terry Zwigoff","https://www.criterion.com/films/2104-crumb","https://github.com/brittonwalker/criterion-top-ten",""
"Andrew Weil","Crumb","Terry Zwigoff","https://www.criterion.com/films/2104-crumb","https://github.com/brittonwalker/criterion-top-ten",""
"Dominic Monaghan","Crumb","Terry Zwigoff","https://www.criterion.com/films/2104-crumb","https://github.com/brittonwalker/criterion-top-ten",""
"Robert Ben Garant and Tom Lennon","Crumb","Terry Zwigoff","https://www.criterion.com/films/2104-crumb","https://github.com/brittonwalker/criterion-top-ten",""
"Owen Kline","Ride the Pink Horse","Robert Montgomery","https://www.criterion.com/films/28066-ride-the-pink-horse","https://github.com/brittonwalker/criterion-top-ten",""
"Illeana Douglas","Ride the Pink Horse","Robert Montgomery","https://www.criterion.com/films/28066-ride-the-pink-horse","https://github.com/brittonwalker/criterion-top-ten",""
"Owen Kline","The Night of the Hunter","Charles Laughton","https://www.criterion.com/films/27525-the-night-of-the-hunter","https://github.com/brittonwalker/criterion-top-ten",""
"Azazel Jacobs","The Night of the Hunter","Charles Laughton","https://www.criterion.com/films/27525-the-night-of-the-hunter","https://github.com/brittonwalker/criterion-top-ten",""
"Jeremy Workman","The Night of the Hunter","Charles Laughton","https://www.criterion.com/films/27525-the-night-of-the-hunter","https://github.com/brittonwalker/criterion-top-ten",""
"​Jon Dieringer","The Night of the Hunter","Charles Laughton","https://www.criterion.com/films/27525-the-night-of-the-hunter","https://github.com/brittonwalker/criterion-top-ten",""
"Pat Healy","The Night of the Hunter","Charles Laughton","https://www.criterion.com/films/27525-the-night-of-the-hunter","https://github.com/brittonwalker/criterion-top-ten",""
"Barnaby Clay","The Night of the Hunter","Charles Laughton","https://www.criterion.com/films/27525-the-night-of-the-hunter","https://github.com/brittonwalker/criterion-top-ten",""
"Bill Condon","The Night of the Hunter","Charles Laughton","https://www.criterion.com/films/27525-the-night-of-the-hunter","https://github.com/brittonwalker/criterion-top-ten",""
"Ken Jennings","The Night of the Hunter","Charles Laughton","https://www.criterion.com/films/27525-the-night-of-the-hunter","https://github.com/brittonwalker/criterion-top-ten",""
"Megan Abbott","The Night of the Hunter","Charles Laughton","https://www.criterion.com/films/27525-the-night-of-the-hunter","https://github.com/brittonwalker/criterion-top-ten",""
"Mogwai","The Night of the Hunter","Charles Laughton","https://www.criterion.com/films/27525-the-night-of-the-hunter","https://github.com/brittonwalker/criterion-top-ten",""
"Alan Arkin","The Night of the Hunter","Charles Laughton","https://www.criterion.com/films/27525-the-night-of-the-hunter","https://github.com/brittonwalker/criterion-top-ten",""
"Paul Schneider","The Night of the Hunter","Charles Laughton","https://www.criterion.com/films/27525-the-night-of-the-hunter","https://github.com/brittonwalker/criterion-top-ten",""
"K. K. Barrett","The Night of the Hunter","Charles Laughton","https://www.criterion.com/films/27525-the-night-of-the-hunter","https://github.com/brittonwalker/criterion-top-ten",""
"Kim Newman","The Night of the Hunter","Charles Laughton","https://www.criterion.com/films/27525-the-night-of-the-hunter","https://github.com/brittonwalker/criterion-top-ten",""
"William Friedkin ","The Night of the Hunter","Charles Laughton","https://www.criterion.com/films/27525-the-night-of-the-hunter","https://github.com/brittonwalker/criterion-top-ten",""
"Phil Rosenthal","The Night of the Hunter","Charles Laughton","https://www.criterion.com/films/27525-the-night-of-the-hunter","https://github.com/brittonwalker/criterion-top-ten",""
"Nicolas Winding Refn","The Night of the Hunter","Charles Laughton","https://www.criterion.com/films/27525-the-night-of-the-hunter","https://github.com/brittonwalker/criterion-top-ten",""
"Aki Kaurismäki ","The Night of the Hunter","Charles Laughton","https://www.criterion.com/films/27525-the-night-of-the-hunter","https://github.com/brittonwalker/criterion-top-ten",""
"João Pedro Rodrigues","The Night of the Hunter","Charles Laughton","https://www.criterion.com/films/27525-the-night-of-the-hunter","https://github.com/brittonwalker/criterion-top-ten",""
"Guillermo del Toro","The Night of the Hunter","Charles Laughton","https://www.criterion.com/films/27525-the-night-of-the-hunter","https://github.com/brittonwalker/criterion-top-ten",""
"Owen Kline","Wise Blood","John Huston","https://www.criterion.com/films/1424-wise-blood","https://github.com/brittonwalker/criterion-top-ten",""
"K. K. Barrett","Wise Blood","John Huston","https://www.criterion.com/films/1424-wise-blood","https://github.com/brittonwalker/criterion-top-ten",""
"Ty Segall","Brazil","Terry Gilliam","https://www.criterion.com/films/211-brazil","https://github.com/brittonwalker/criterion-top-ten",""
"Heidi Bivens","Brazil","Terry Gilliam","https://www.criterion.com/films/211-brazil","https://github.com/brittonwalker/criterion-top-ten",""
"Michael Imperioli","Brazil","Terry Gilliam","https://www.criterion.com/films/211-brazil","https://github.com/brittonwalker/criterion-top-ten",""
"Zach Braff","Brazil","Terry Gilliam","https://www.criterion.com/films/211-brazil","https://github.com/brittonwalker/criterion-top-ten",""
"Julia Cafritz","Brazil","Terry Gilliam","https://www.criterion.com/films/211-brazil","https://github.com/brittonwalker/criterion-top-ten",""
"Reggie Watts","Brazil","Terry Gilliam","https://www.criterion.com/films/211-brazil","https://github.com/brittonwalker/criterion-top-ten",""
"Keith Gordon","Brazil","Terry Gilliam","https://www.criterion.com/films/211-brazil","https://github.com/brittonwalker/criterion-top-ten",""
"Ben Wheatley","Brazil","Terry Gilliam","https://www.criterion.com/films/211-brazil","https://github.com/brittonwalker/criterion-top-ten",""
"Alex Ross Perry","Brazil","Terry Gilliam","https://www.criterion.com/films/211-brazil","https://github.com/brittonwalker/criterion-top-ten",""
"Christopher Hobbs","Brazil","Terry Gilliam","https://www.criterion.com/films/211-brazil","https://github.com/brittonwalker/criterion-top-ten",""
"Stella Mozgawa","Brazil","Terry Gilliam","https://www.criterion.com/films/211-brazil","https://github.com/brittonwalker/criterion-top-ten",""
"Andrew Weil","Brazil","Terry Gilliam","https://www.criterion.com/films/211-brazil","https://github.com/brittonwalker/criterion-top-ten",""
"Flying Lotus","Brazil","Terry Gilliam","https://www.criterion.com/films/211-brazil","https://github.com/brittonwalker/criterion-top-ten",""
" John Taylor","Brazil","Terry Gilliam","https://www.criterion.com/films/211-brazil","https://github.com/brittonwalker/criterion-top-ten",""
"Edgar Wright","Brazil","Terry Gilliam","https://www.criterion.com/films/211-brazil","https://github.com/brittonwalker/criterion-top-ten",""
"Robert Ben Garant and Tom Lennon","Brazil","Terry Gilliam","https://www.criterion.com/films/211-brazil","https://github.com/brittonwalker/criterion-top-ten",""
"Guillermo del Toro","Brazil","Terry Gilliam","https://www.criterion.com/films/211-brazil","https://github.com/brittonwalker/criterion-top-ten",""
"Johnnie To","Brazil","Terry Gilliam","https://www.criterion.com/films/211-brazil","https://github.com/brittonwalker/criterion-top-ten",""
"Iron and Wine","Brazil","Terry Gilliam","https://www.criterion.com/films/211-brazil","https://github.com/brittonwalker/criterion-top-ten",""
"Al Reinert","Brazil","Terry Gilliam","https://www.criterion.com/films/211-brazil","https://github.com/brittonwalker/criterion-top-ten",""
"Bill Plympton","Brazil","Terry Gilliam","https://www.criterion.com/films/211-brazil","https://github.com/brittonwalker/criterion-top-ten",""
"David Markey","Brazil","Terry Gilliam","https://www.criterion.com/films/211-brazil","https://github.com/brittonwalker/criterion-top-ten",""
"Frank Kozik","Brazil","Terry Gilliam","https://www.criterion.com/films/211-brazil","https://github.com/brittonwalker/criterion-top-ten",""
"Rian Johnson","Brazil","Terry Gilliam","https://www.criterion.com/films/211-brazil","https://github.com/brittonwalker/criterion-top-ten",""
"Mike Allred","Brazil","Terry Gilliam","https://www.criterion.com/films/211-brazil","https://github.com/brittonwalker/criterion-top-ten",""
"Ty Segall","Grey Gardens","David Maysles, Albert Maysles, Ellen Hovde, and Muffie Meyer","https://www.criterion.com/films/664-grey-gardens","https://github.com/brittonwalker/criterion-top-ten",""
"Ben Wheatley","Grey Gardens","David Maysles, Albert Maysles, Ellen Hovde, and Muffie Meyer","https://www.criterion.com/films/664-grey-gardens","https://github.com/brittonwalker/criterion-top-ten",""
"Stella Mozgawa","Grey Gardens","David Maysles, Albert Maysles, Ellen Hovde, and Muffie Meyer","https://www.criterion.com/films/664-grey-gardens","https://github.com/brittonwalker/criterion-top-ten",""
"Jonathan Caouette","Grey Gardens","David Maysles, Albert Maysles, Ellen Hovde, and Muffie Meyer","https://www.criterion.com/films/664-grey-gardens","https://github.com/brittonwalker/criterion-top-ten",""
"David Markey","Grey Gardens","David Maysles, Albert Maysles, Ellen Hovde, and Muffie Meyer","https://www.criterion.com/films/664-grey-gardens","https://github.com/brittonwalker/criterion-top-ten",""
"Guy Maddin","Grey Gardens","David Maysles, Albert Maysles, Ellen Hovde, and Muffie Meyer","https://www.criterion.com/films/664-grey-gardens","https://github.com/brittonwalker/criterion-top-ten",""
"Neil LaBute","Grey Gardens","David Maysles, Albert Maysles, Ellen Hovde, and Muffie Meyer","https://www.criterion.com/films/664-grey-gardens","https://github.com/brittonwalker/criterion-top-ten",""
"Matt Dentler","Grey Gardens","David Maysles, Albert Maysles, Ellen Hovde, and Muffie Meyer","https://www.criterion.com/films/664-grey-gardens","https://github.com/brittonwalker/criterion-top-ten",""
"Diablo Cody","Grey Gardens","David Maysles, Albert Maysles, Ellen Hovde, and Muffie Meyer","https://www.criterion.com/films/664-grey-gardens","https://github.com/brittonwalker/criterion-top-ten",""
"Ty Segall","Blow Out","Brian De Palma","https://www.criterion.com/films/27561-blow-out","https://github.com/brittonwalker/criterion-top-ten",""
"Carlos Reygadas","Blow Out","Brian De Palma","https://www.criterion.com/films/27561-blow-out","https://github.com/brittonwalker/criterion-top-ten",""
"Karyn Kusama","Blow Out","Brian De Palma","https://www.criterion.com/films/27561-blow-out","https://github.com/brittonwalker/criterion-top-ten",""
"Marc Maron","Blow Out","Brian De Palma","https://www.criterion.com/films/27561-blow-out","https://github.com/brittonwalker/criterion-top-ten",""
"Austin Garrick","Blow Out","Brian De Palma","https://www.criterion.com/films/27561-blow-out","https://github.com/brittonwalker/criterion-top-ten",""
"James Schamus","Blow Out","Brian De Palma","https://www.criterion.com/films/27561-blow-out","https://github.com/brittonwalker/criterion-top-ten",""
"Edgar Wright","Blow Out","Brian De Palma","https://www.criterion.com/films/27561-blow-out","https://github.com/brittonwalker/criterion-top-ten",""
"Ty Segall","Scanners","David Cronenberg","https://www.criterion.com/films/28043-scanners","https://github.com/brittonwalker/criterion-top-ten",""
"John Grant","Scanners","David Cronenberg","https://www.criterion.com/films/28043-scanners","https://github.com/brittonwalker/criterion-top-ten",""
"Ty Segall","The Last Waltz","Martin Scorsese","https://www.criterion.com/films/29460-the-last-waltz","https://github.com/brittonwalker/criterion-top-ten",""
"Ty Segall","This Is Spinal Tap","Rob Reiner","https://www.criterion.com/films/317-this-is-spinal-tap","https://github.com/brittonwalker/criterion-top-ten",""
"John Grant","This Is Spinal Tap","Rob Reiner","https://www.criterion.com/films/317-this-is-spinal-tap","https://github.com/brittonwalker/criterion-top-ten",""
"Sloane Crosley","This Is Spinal Tap","Rob Reiner","https://www.criterion.com/films/317-this-is-spinal-tap","https://github.com/brittonwalker/criterion-top-ten",""
"Nathan Silver","This Is Spinal Tap","Rob Reiner","https://www.criterion.com/films/317-this-is-spinal-tap","https://github.com/brittonwalker/criterion-top-ten",""
"Mike Portnoy","This Is Spinal Tap","Rob Reiner","https://www.criterion.com/films/317-this-is-spinal-tap","https://github.com/brittonwalker/criterion-top-ten",""
"Dana Calvo","This Is Spinal Tap","Rob Reiner","https://www.criterion.com/films/317-this-is-spinal-tap","https://github.com/brittonwalker/criterion-top-ten",""
"Troy Miller","This Is Spinal Tap","Rob Reiner","https://www.criterion.com/films/317-this-is-spinal-tap","https://github.com/brittonwalker/criterion-top-ten",""
"Nicholas Stoller","This Is Spinal Tap","Rob Reiner","https://www.criterion.com/films/317-this-is-spinal-tap","https://github.com/brittonwalker/criterion-top-ten",""
"Andrew Weil","This Is Spinal Tap","Rob Reiner","https://www.criterion.com/films/317-this-is-spinal-tap","https://github.com/brittonwalker/criterion-top-ten",""
"Paul Feig ","This Is Spinal Tap","Rob Reiner","https://www.criterion.com/films/317-this-is-spinal-tap","https://github.com/brittonwalker/criterion-top-ten",""
"Chuck Klosterman","This Is Spinal Tap","Rob Reiner","https://www.criterion.com/films/317-this-is-spinal-tap","https://github.com/brittonwalker/criterion-top-ten",""
"Aki Kaurismäki ","This Is Spinal Tap","Rob Reiner","https://www.criterion.com/films/317-this-is-spinal-tap","https://github.com/brittonwalker/criterion-top-ten",""
"Edgar Wright","This Is Spinal Tap","Rob Reiner","https://www.criterion.com/films/317-this-is-spinal-tap","https://github.com/brittonwalker/criterion-top-ten",""
"Robert Ben Garant and Tom Lennon","This Is Spinal Tap","Rob Reiner","https://www.criterion.com/films/317-this-is-spinal-tap","https://github.com/brittonwalker/criterion-top-ten",""
"Bill Hader","This Is Spinal Tap","Rob Reiner","https://www.criterion.com/films/317-this-is-spinal-tap","https://github.com/brittonwalker/criterion-top-ten",""
"Bill Plympton","This Is Spinal Tap","Rob Reiner","https://www.criterion.com/films/317-this-is-spinal-tap","https://github.com/brittonwalker/criterion-top-ten",""
"David Markey","This Is Spinal Tap","Rob Reiner","https://www.criterion.com/films/317-this-is-spinal-tap","https://github.com/brittonwalker/criterion-top-ten",""
"Ty Segall","Eraserhead","David Lynch","https://www.criterion.com/films/28382-eraserhead","https://github.com/brittonwalker/criterion-top-ten",""
"Blerta Basholli","Eraserhead","David Lynch","https://www.criterion.com/films/28382-eraserhead","https://github.com/brittonwalker/criterion-top-ten",""
"​Jon Dieringer","Eraserhead","David Lynch","https://www.criterion.com/films/28382-eraserhead","https://github.com/brittonwalker/criterion-top-ten",""
"Barnaby Clay","Eraserhead","David Lynch","https://www.criterion.com/films/28382-eraserhead","https://github.com/brittonwalker/criterion-top-ten",""
"Mike Portnoy","Eraserhead","David Lynch","https://www.criterion.com/films/28382-eraserhead","https://github.com/brittonwalker/criterion-top-ten",""
"Alton Brown","Eraserhead","David Lynch","https://www.criterion.com/films/28382-eraserhead","https://github.com/brittonwalker/criterion-top-ten",""
"Young Jean Lee","Eraserhead","David Lynch","https://www.criterion.com/films/28382-eraserhead","https://github.com/brittonwalker/criterion-top-ten",""
"Tunde Adebimpe","Eraserhead","David Lynch","https://www.criterion.com/films/28382-eraserhead","https://github.com/brittonwalker/criterion-top-ten",""
"Ben Wheatley","Eraserhead","David Lynch","https://www.criterion.com/films/28382-eraserhead","https://github.com/brittonwalker/criterion-top-ten",""
"Atom Egoyan","Eraserhead","David Lynch","https://www.criterion.com/films/28382-eraserhead","https://github.com/brittonwalker/criterion-top-ten",""
"Don Hertzfeldt","Eraserhead","David Lynch","https://www.criterion.com/films/28382-eraserhead","https://github.com/brittonwalker/criterion-top-ten",""
"Zola Jesus","Eraserhead","David Lynch","https://www.criterion.com/films/28382-eraserhead","https://github.com/brittonwalker/criterion-top-ten",""
"Ty Segall","Koyaanisqatsi","Godfrey Reggio","https://www.criterion.com/films/28034-koyaanisqatsi","https://github.com/brittonwalker/criterion-top-ten",""
"Jeremy Workman","Koyaanisqatsi","Godfrey Reggio","https://www.criterion.com/films/28034-koyaanisqatsi","https://github.com/brittonwalker/criterion-top-ten",""
"Don Hertzfeldt","Koyaanisqatsi","Godfrey Reggio","https://www.criterion.com/films/28034-koyaanisqatsi","https://github.com/brittonwalker/criterion-top-ten",""
"Geoff Dyer","Koyaanisqatsi","Godfrey Reggio","https://www.criterion.com/films/28034-koyaanisqatsi","https://github.com/brittonwalker/criterion-top-ten",""
"Christopher Nolan","Koyaanisqatsi","Godfrey Reggio","https://www.criterion.com/films/28034-koyaanisqatsi","https://github.com/brittonwalker/criterion-top-ten",""
"Paul Feig ","Koyaanisqatsi","Godfrey Reggio","https://www.criterion.com/films/28034-koyaanisqatsi","https://github.com/brittonwalker/criterion-top-ten",""
"Ty Segall","Fantastic Planet","René Laloux","https://www.criterion.com/films/28636-fantastic-planet","https://github.com/brittonwalker/criterion-top-ten",""
"Dash Shaw","Fantastic Planet","René Laloux","https://www.criterion.com/films/28636-fantastic-planet","https://github.com/brittonwalker/criterion-top-ten",""
"Amy Seimetz","Fantastic Planet","René Laloux","https://www.criterion.com/films/28636-fantastic-planet","https://github.com/brittonwalker/criterion-top-ten",""
"Mogwai","Fantastic Planet","René Laloux","https://www.criterion.com/films/28636-fantastic-planet","https://github.com/brittonwalker/criterion-top-ten",""
"Ty Segall","The Game","David Fincher","https://www.criterion.com/films/28058-the-game","https://github.com/brittonwalker/criterion-top-ten",""
"Brie Larson ","The Game","David Fincher","https://www.criterion.com/films/28058-the-game","https://github.com/brittonwalker/criterion-top-ten",""
"Heidi Bivens","Badlands","Terrence Malick","https://www.criterion.com/films/28406-badlands","https://github.com/brittonwalker/criterion-top-ten",""
"Carrie Coon","Badlands","Terrence Malick","https://www.criterion.com/films/28406-badlands","https://github.com/brittonwalker/criterion-top-ten",""
"Amy Seimetz","Badlands","Terrence Malick","https://www.criterion.com/films/28406-badlands","https://github.com/brittonwalker/criterion-top-ten",""
"Karim Aïnouz","Badlands","Terrence Malick","https://www.criterion.com/films/28406-badlands","https://github.com/brittonwalker/criterion-top-ten",""
"Paweł Pawlikowski","Badlands","Terrence Malick","https://www.criterion.com/films/28406-badlands","https://github.com/brittonwalker/criterion-top-ten",""
"Zach Braff","Badlands","Terrence Malick","https://www.criterion.com/films/28406-badlands","https://github.com/brittonwalker/criterion-top-ten",""
"Keith Gordon","Badlands","Terrence Malick","https://www.criterion.com/films/28406-badlands","https://github.com/brittonwalker/criterion-top-ten",""
"Will Oldham","Badlands","Terrence Malick","https://www.criterion.com/films/28406-badlands","https://github.com/brittonwalker/criterion-top-ten",""
"Tim Forbes","Badlands","Terrence Malick","https://www.criterion.com/films/28406-badlands","https://github.com/brittonwalker/criterion-top-ten",""
"Heidi Bivens","The Double Life of Véronique","Krzysztof Kieślowski","https://www.criterion.com/films/214-the-double-life-of-vronique","https://github.com/brittonwalker/criterion-top-ten",""
"Christopher Radcliff and Lauren Wolkstein","The Double Life of Véronique","Krzysztof Kieślowski","https://www.criterion.com/films/214-the-double-life-of-vronique","https://github.com/brittonwalker/criterion-top-ten",""
"Terence Nance","The Double Life of Véronique","Krzysztof Kieślowski","https://www.criterion.com/films/214-the-double-life-of-vronique","https://github.com/brittonwalker/criterion-top-ten",""
"Stella Mozgawa","The Double Life of Véronique","Krzysztof Kieślowski","https://www.criterion.com/films/214-the-double-life-of-vronique","https://github.com/brittonwalker/criterion-top-ten",""
"Joe Swanberg","The Double Life of Véronique","Krzysztof Kieślowski","https://www.criterion.com/films/214-the-double-life-of-vronique","https://github.com/brittonwalker/criterion-top-ten",""
"Monte Hellman","The Double Life of Véronique","Krzysztof Kieślowski","https://www.criterion.com/films/214-the-double-life-of-vronique","https://github.com/brittonwalker/criterion-top-ten",""
"Heidi Bivens","Blue Velvet","David Lynch","https://www.criterion.com/films/29144-blue-velvet","https://github.com/brittonwalker/criterion-top-ten",""
"Josephine Decker","Blue Velvet","David Lynch","https://www.criterion.com/films/29144-blue-velvet","https://github.com/brittonwalker/criterion-top-ten",""
"Dennis Lim","Blue Velvet","David Lynch","https://www.criterion.com/films/29144-blue-velvet","https://github.com/brittonwalker/criterion-top-ten",""
"Heidi Bivens","Barry Lyndon","Stanley Kubrick","https://www.criterion.com/films/29008-barry-lyndon","https://github.com/brittonwalker/criterion-top-ten",""
"Pablo Larraín","Barry Lyndon","Stanley Kubrick","https://www.criterion.com/films/29008-barry-lyndon","https://github.com/brittonwalker/criterion-top-ten",""
"Dustin O’Halloran","Barry Lyndon","Stanley Kubrick","https://www.criterion.com/films/29008-barry-lyndon","https://github.com/brittonwalker/criterion-top-ten",""
"Karyn Kusama","Barry Lyndon","Stanley Kubrick","https://www.criterion.com/films/29008-barry-lyndon","https://github.com/brittonwalker/criterion-top-ten",""
"Ruben Östlund","Barry Lyndon","Stanley Kubrick","https://www.criterion.com/films/29008-barry-lyndon","https://github.com/brittonwalker/criterion-top-ten",""
"Dustin Guy Defa","Barry Lyndon","Stanley Kubrick","https://www.criterion.com/films/29008-barry-lyndon","https://github.com/brittonwalker/criterion-top-ten",""
"Heidi Bivens","The Gleaners and I","Agnès Varda","https://www.criterion.com/films/30368-the-gleaners-and-i","https://github.com/brittonwalker/criterion-top-ten",""
"Heidi Bivens","La haine","Mathieu Kassovitz","https://www.criterion.com/films/216-la-haine","https://github.com/brittonwalker/criterion-top-ten",""
"Daniel Lopatin","La haine","Mathieu Kassovitz","https://www.criterion.com/films/216-la-haine","https://github.com/brittonwalker/criterion-top-ten",""
"Andrew Loog Oldham","La haine","Mathieu Kassovitz","https://www.criterion.com/films/216-la-haine","https://github.com/brittonwalker/criterion-top-ten",""
"Dominic Monaghan","La haine","Mathieu Kassovitz","https://www.criterion.com/films/216-la-haine","https://github.com/brittonwalker/criterion-top-ten",""
"Heidi Bivens","The Heiress","William Wyler","https://www.criterion.com/films/28986-the-heiress","https://github.com/brittonwalker/criterion-top-ten",""
"Heidi Bivens","McCabe & Mrs. Miller","Robert Altman","https://www.criterion.com/films/28712-mccabe-mrs-miller","https://github.com/brittonwalker/criterion-top-ten",""
"Alan Rudolph","McCabe & Mrs. Miller","Robert Altman","https://www.criterion.com/films/28712-mccabe-mrs-miller","https://github.com/brittonwalker/criterion-top-ten",""
"Christopher Radcliff and Lauren Wolkstein","McCabe & Mrs. Miller","Robert Altman","https://www.criterion.com/films/28712-mccabe-mrs-miller","https://github.com/brittonwalker/criterion-top-ten",""
"Rodarte","McCabe & Mrs. Miller","Robert Altman","https://www.criterion.com/films/28712-mccabe-mrs-miller","https://github.com/brittonwalker/criterion-top-ten",""
"Bill Condon","McCabe & Mrs. Miller","Robert Altman","https://www.criterion.com/films/28712-mccabe-mrs-miller","https://github.com/brittonwalker/criterion-top-ten",""
"Heidi Bivens","My Own Private Idaho","Gus Van Sant","https://www.criterion.com/films/249-my-own-private-idaho","https://github.com/brittonwalker/criterion-top-ten",""
"The Ross Brothers’ Top 10","My Own Private Idaho","Gus Van Sant","https://www.criterion.com/films/249-my-own-private-idaho","https://github.com/brittonwalker/criterion-top-ten",""
"Christophe Honoré","My Own Private Idaho","Gus Van Sant","https://www.criterion.com/films/249-my-own-private-idaho","https://github.com/brittonwalker/criterion-top-ten",""
"Raúl Castillo","My Own Private Idaho","Gus Van Sant","https://www.criterion.com/films/249-my-own-private-idaho","https://github.com/brittonwalker/criterion-top-ten",""
"Jonathan Caouette","My Own Private Idaho","Gus Van Sant","https://www.criterion.com/films/249-my-own-private-idaho","https://github.com/brittonwalker/criterion-top-ten",""
"Michael Atkinson","My Own Private Idaho","Gus Van Sant","https://www.criterion.com/films/249-my-own-private-idaho","https://github.com/brittonwalker/criterion-top-ten",""
"James Franco","My Own Private Idaho","Gus Van Sant","https://www.criterion.com/films/249-my-own-private-idaho","https://github.com/brittonwalker/criterion-top-ten",""
"Steve Buscemi","My Own Private Idaho","Gus Van Sant","https://www.criterion.com/films/249-my-own-private-idaho","https://github.com/brittonwalker/criterion-top-ten",""
"Joel Potrykus","Stranger Than Paradise","Jim Jarmusch","https://www.criterion.com/films/252-stranger-than-paradise","https://github.com/brittonwalker/criterion-top-ten",""
"Jenni Olson","Stranger Than Paradise","Jim Jarmusch","https://www.criterion.com/films/252-stranger-than-paradise","https://github.com/brittonwalker/criterion-top-ten",""
"Paul Feig ","Stranger Than Paradise","Jim Jarmusch","https://www.criterion.com/films/252-stranger-than-paradise","https://github.com/brittonwalker/criterion-top-ten",""
"Greg Mottola","Stranger Than Paradise","Jim Jarmusch","https://www.criterion.com/films/252-stranger-than-paradise","https://github.com/brittonwalker/criterion-top-ten",""
"Jaime Hernandez","Stranger Than Paradise","Jim Jarmusch","https://www.criterion.com/films/252-stranger-than-paradise","https://github.com/brittonwalker/criterion-top-ten",""
"Joel Potrykus","Funny Games","Michael Haneke","https://www.criterion.com/films/28836-funny-games","https://github.com/brittonwalker/criterion-top-ten",""
"Joel Potrykus","Beastie Boys Video Anthology","Various","https://www.criterion.com/films/638-beastie-boys-video-anthology","https://github.com/brittonwalker/criterion-top-ten",""
"Tunde Adebimpe","Beastie Boys Video Anthology","Various","https://www.criterion.com/films/638-beastie-boys-video-anthology","https://github.com/brittonwalker/criterion-top-ten",""
"Flying Lotus","Beastie Boys Video Anthology","Various","https://www.criterion.com/films/638-beastie-boys-video-anthology","https://github.com/brittonwalker/criterion-top-ten",""
"Joel Potrykus","The Phantom of Liberty","Luis Buñuel","https://www.criterion.com/films/905-the-phantom-of-liberty","https://github.com/brittonwalker/criterion-top-ten",""
"Nathan Silver","The Phantom of Liberty","Luis Buñuel","https://www.criterion.com/films/905-the-phantom-of-liberty","https://github.com/brittonwalker/criterion-top-ten",""
"Joel Potrykus","RoboCop","Paul Verhoeven","https://www.criterion.com/films/542-robocop","https://github.com/brittonwalker/criterion-top-ten",""
"Edson Oda","RoboCop","Paul Verhoeven","https://www.criterion.com/films/542-robocop","https://github.com/brittonwalker/criterion-top-ten",""
"Carlos Reygadas","RoboCop","Paul Verhoeven","https://www.criterion.com/films/542-robocop","https://github.com/brittonwalker/criterion-top-ten",""
"Steven Yeun","RoboCop","Paul Verhoeven","https://www.criterion.com/films/542-robocop","https://github.com/brittonwalker/criterion-top-ten",""
"David and Nathan Zellner","RoboCop","Paul Verhoeven","https://www.criterion.com/films/542-robocop","https://github.com/brittonwalker/criterion-top-ten",""
"Mogwai","RoboCop","Paul Verhoeven","https://www.criterion.com/films/542-robocop","https://github.com/brittonwalker/criterion-top-ten",""
"Sean Baker","RoboCop","Paul Verhoeven","https://www.criterion.com/films/542-robocop","https://github.com/brittonwalker/criterion-top-ten",""
"Alex Ross Perry","RoboCop","Paul Verhoeven","https://www.criterion.com/films/542-robocop","https://github.com/brittonwalker/criterion-top-ten",""
"Don Hertzfeldt","RoboCop","Paul Verhoeven","https://www.criterion.com/films/542-robocop","https://github.com/brittonwalker/criterion-top-ten",""
"Daniel Lopatin","RoboCop","Paul Verhoeven","https://www.criterion.com/films/542-robocop","https://github.com/brittonwalker/criterion-top-ten",""
"Nathan Lee","RoboCop","Paul Verhoeven","https://www.criterion.com/films/542-robocop","https://github.com/brittonwalker/criterion-top-ten",""
"Joel Potrykus","Beyond the Valley of the Dolls","Russ Meyer","https://www.criterion.com/films/28120-beyond-the-valley-of-the-dolls","https://github.com/brittonwalker/criterion-top-ten",""
"Karim Aïnouz","Beyond the Valley of the Dolls","Russ Meyer","https://www.criterion.com/films/28120-beyond-the-valley-of-the-dolls","https://github.com/brittonwalker/criterion-top-ten",""
"Zach Clark","Beyond the Valley of the Dolls","Russ Meyer","https://www.criterion.com/films/28120-beyond-the-valley-of-the-dolls","https://github.com/brittonwalker/criterion-top-ten",""
"Joel Potrykus","Ran","Akira Kurosawa","https://www.criterion.com/films/754-ran","https://github.com/brittonwalker/criterion-top-ten",""
"Hossein Amini","Ran","Akira Kurosawa","https://www.criterion.com/films/754-ran","https://github.com/brittonwalker/criterion-top-ten",""
"Paul Feig ","Ran","Akira Kurosawa","https://www.criterion.com/films/754-ran","https://github.com/brittonwalker/criterion-top-ten",""
"Guillermo del Toro","Ran","Akira Kurosawa","https://www.criterion.com/films/754-ran","https://github.com/brittonwalker/criterion-top-ten",""
"Joel Potrykus","How to Get Ahead in Advertising","Bruce Robinson","https://www.criterion.com/films/660-how-to-get-ahead-in-advertising","https://github.com/brittonwalker/criterion-top-ten",""
"Joel Potrykus","Slacker","Richard Linklater","https://www.criterion.com/films/408-slacker","https://github.com/brittonwalker/criterion-top-ten",""
"Mike Portnoy","Slacker","Richard Linklater","https://www.criterion.com/films/408-slacker","https://github.com/brittonwalker/criterion-top-ten",""
"Reggie Watts","Slacker","Richard Linklater","https://www.criterion.com/films/408-slacker","https://github.com/brittonwalker/criterion-top-ten",""
"Chuck Klosterman","Slacker","Richard Linklater","https://www.criterion.com/films/408-slacker","https://github.com/brittonwalker/criterion-top-ten",""
"Al Reinert","Slacker","Richard Linklater","https://www.criterion.com/films/408-slacker","https://github.com/brittonwalker/criterion-top-ten",""
"Patton Oswalt","Slacker","Richard Linklater","https://www.criterion.com/films/408-slacker","https://github.com/brittonwalker/criterion-top-ten",""
"David Markey","Slacker","Richard Linklater","https://www.criterion.com/films/408-slacker","https://github.com/brittonwalker/criterion-top-ten",""
"Matt Dentler","Slacker","Richard Linklater","https://www.criterion.com/films/408-slacker","https://github.com/brittonwalker/criterion-top-ten",""
"Jonathan Lethem","Slacker","Richard Linklater","https://www.criterion.com/films/408-slacker","https://github.com/brittonwalker/criterion-top-ten",""
"Blerta Basholli","Ivan’s Childhood","Andrei Tarkovsky","https://www.criterion.com/films/830-ivans-childhood","https://github.com/brittonwalker/criterion-top-ten",""
"Paweł Pawlikowski","Ivan’s Childhood","Andrei Tarkovsky","https://www.criterion.com/films/830-ivans-childhood","https://github.com/brittonwalker/criterion-top-ten",""
"Daniel Lopatin","Ivan’s Childhood","Andrei Tarkovsky","https://www.criterion.com/films/830-ivans-childhood","https://github.com/brittonwalker/criterion-top-ten",""
"Dave Filipi","Ivan’s Childhood","Andrei Tarkovsky","https://www.criterion.com/films/830-ivans-childhood","https://github.com/brittonwalker/criterion-top-ten",""
"Blerta Basholli","Rosetta","Luc Dardenne and Jean-Pierre Dardenne","https://www.criterion.com/films/28056-rosetta","https://github.com/brittonwalker/criterion-top-ten",""
"Sean Baker","Rosetta","Luc Dardenne and Jean-Pierre Dardenne","https://www.criterion.com/films/28056-rosetta","https://github.com/brittonwalker/criterion-top-ten",""
"Blerta Basholli","The 400 Blows","François Truffaut","https://www.criterion.com/films/151-the-400-blows","https://github.com/brittonwalker/criterion-top-ten",""
"Lili Horvát","The 400 Blows","François Truffaut","https://www.criterion.com/films/151-the-400-blows","https://github.com/brittonwalker/criterion-top-ten",""
"Doug Nichol","The 400 Blows","François Truffaut","https://www.criterion.com/films/151-the-400-blows","https://github.com/brittonwalker/criterion-top-ten",""
"Josh and Benny Safdie","The 400 Blows","François Truffaut","https://www.criterion.com/films/151-the-400-blows","https://github.com/brittonwalker/criterion-top-ten",""
"Alex Ross Perry","The 400 Blows","François Truffaut","https://www.criterion.com/films/151-the-400-blows","https://github.com/brittonwalker/criterion-top-ten",""
"Bong Joon-ho","The 400 Blows","François Truffaut","https://www.criterion.com/films/151-the-400-blows","https://github.com/brittonwalker/criterion-top-ten",""
"Haskell Wexler","The 400 Blows","François Truffaut","https://www.criterion.com/films/151-the-400-blows","https://github.com/brittonwalker/criterion-top-ten",""
"Franc Roddam","The 400 Blows","François Truffaut","https://www.criterion.com/films/151-the-400-blows","https://github.com/brittonwalker/criterion-top-ten",""
"Phil Rosenthal","The 400 Blows","François Truffaut","https://www.criterion.com/films/151-the-400-blows","https://github.com/brittonwalker/criterion-top-ten",""
"John Bailey","The 400 Blows","François Truffaut","https://www.criterion.com/films/151-the-400-blows","https://github.com/brittonwalker/criterion-top-ten",""
"Xavier Dolan","The 400 Blows","François Truffaut","https://www.criterion.com/films/151-the-400-blows","https://github.com/brittonwalker/criterion-top-ten",""
"Whit Stillman","The 400 Blows","François Truffaut","https://www.criterion.com/films/151-the-400-blows","https://github.com/brittonwalker/criterion-top-ten",""
"Bruce Goldstein","The 400 Blows","François Truffaut","https://www.criterion.com/films/151-the-400-blows","https://github.com/brittonwalker/criterion-top-ten",""
"Blerta Basholli","Kes","Ken Loach","https://www.criterion.com/films/27560-kes","https://github.com/brittonwalker/criterion-top-ten",""
"Jeremiah Zagar","Kes","Ken Loach","https://www.criterion.com/films/27560-kes","https://github.com/brittonwalker/criterion-top-ten",""
"David and Nathan Zellner","Kes","Ken Loach","https://www.criterion.com/films/27560-kes","https://github.com/brittonwalker/criterion-top-ten",""
"Douglas Hart","Kes","Ken Loach","https://www.criterion.com/films/27560-kes","https://github.com/brittonwalker/criterion-top-ten",""
"Dominic Monaghan","Kes","Ken Loach","https://www.criterion.com/films/27560-kes","https://github.com/brittonwalker/criterion-top-ten",""
"Blerta Basholli","In the Mood for Love","Wong Kar Wai","https://www.criterion.com/films/198-in-the-mood-for-love","https://github.com/brittonwalker/criterion-top-ten",""
"Dustin O’Halloran","In the Mood for Love","Wong Kar Wai","https://www.criterion.com/films/198-in-the-mood-for-love","https://github.com/brittonwalker/criterion-top-ten",""
"Isabel Sandoval","In the Mood for Love","Wong Kar Wai","https://www.criterion.com/films/198-in-the-mood-for-love","https://github.com/brittonwalker/criterion-top-ten",""
"Raúl Castillo","In the Mood for Love","Wong Kar Wai","https://www.criterion.com/films/198-in-the-mood-for-love","https://github.com/brittonwalker/criterion-top-ten",""
"Andrew Ahn","In the Mood for Love","Wong Kar Wai","https://www.criterion.com/films/198-in-the-mood-for-love","https://github.com/brittonwalker/criterion-top-ten",""
"Paul Schneider","In the Mood for Love","Wong Kar Wai","https://www.criterion.com/films/198-in-the-mood-for-love","https://github.com/brittonwalker/criterion-top-ten",""
"Frederick Elmes","In the Mood for Love","Wong Kar Wai","https://www.criterion.com/films/198-in-the-mood-for-love","https://github.com/brittonwalker/criterion-top-ten",""
"Johnnie To","In the Mood for Love","Wong Kar Wai","https://www.criterion.com/films/198-in-the-mood-for-love","https://github.com/brittonwalker/criterion-top-ten",""
"Caitlin Kuhwald","In the Mood for Love","Wong Kar Wai","https://www.criterion.com/films/198-in-the-mood-for-love","https://github.com/brittonwalker/criterion-top-ten",""
"Blerta Basholli","Breaking the Waves","Lars von Trier","https://www.criterion.com/films/28350-breaking-the-waves","https://github.com/brittonwalker/criterion-top-ten",""
"Sebastian Meise","Breaking the Waves","Lars von Trier","https://www.criterion.com/films/28350-breaking-the-waves","https://github.com/brittonwalker/criterion-top-ten",""
"Josephine Decker","Breaking the Waves","Lars von Trier","https://www.criterion.com/films/28350-breaking-the-waves","https://github.com/brittonwalker/criterion-top-ten",""
"Sebastián Lelio","Breaking the Waves","Lars von Trier","https://www.criterion.com/films/28350-breaking-the-waves","https://github.com/brittonwalker/criterion-top-ten",""
"Mike Portnoy","Breaking the Waves","Lars von Trier","https://www.criterion.com/films/28350-breaking-the-waves","https://github.com/brittonwalker/criterion-top-ten",""
"Sean Baker","Breaking the Waves","Lars von Trier","https://www.criterion.com/films/28350-breaking-the-waves","https://github.com/brittonwalker/criterion-top-ten",""
"Blerta Basholli","All About My Mother","Pedro Almodóvar","https://www.criterion.com/films/29569-all-about-my-mother","https://github.com/brittonwalker/criterion-top-ten",""
"Blerta Basholli","4 Months, 3 Weeks and 2 Days","Cristian Mungiu","https://www.criterion.com/films/28617-4-months-3-weeks-and-2-days","https://github.com/brittonwalker/criterion-top-ten",""
"Blerta Basholli","Paris, Texas","Wim Wenders","https://www.criterion.com/films/1502-paris-texas","https://github.com/brittonwalker/criterion-top-ten",""
"Pablo Larraín","Paris, Texas","Wim Wenders","https://www.criterion.com/films/1502-paris-texas","https://github.com/brittonwalker/criterion-top-ten",""
"Dustin O’Halloran","Paris, Texas","Wim Wenders","https://www.criterion.com/films/1502-paris-texas","https://github.com/brittonwalker/criterion-top-ten",""
"Lili Horvát","Paris, Texas","Wim Wenders","https://www.criterion.com/films/1502-paris-texas","https://github.com/brittonwalker/criterion-top-ten",""
"Amy Seimetz","Paris, Texas","Wim Wenders","https://www.criterion.com/films/1502-paris-texas","https://github.com/brittonwalker/criterion-top-ten",""
"The Ross Brothers’ Top 10","Paris, Texas","Wim Wenders","https://www.criterion.com/films/1502-paris-texas","https://github.com/brittonwalker/criterion-top-ten",""
"Sebastián Lelio","Paris, Texas","Wim Wenders","https://www.criterion.com/films/1502-paris-texas","https://github.com/brittonwalker/criterion-top-ten",""
"Christopher Radcliff and Lauren Wolkstein","Paris, Texas","Wim Wenders","https://www.criterion.com/films/1502-paris-texas","https://github.com/brittonwalker/criterion-top-ten",""
"Doug Nichol","Paris, Texas","Wim Wenders","https://www.criterion.com/films/1502-paris-texas","https://github.com/brittonwalker/criterion-top-ten",""
"Steve Gunn","Paris, Texas","Wim Wenders","https://www.criterion.com/films/1502-paris-texas","https://github.com/brittonwalker/criterion-top-ten",""
"Jesse Malin","Paris, Texas","Wim Wenders","https://www.criterion.com/films/1502-paris-texas","https://github.com/brittonwalker/criterion-top-ten",""
"Sebastian Meise","Happy Together","Wong Kar Wai","https://www.criterion.com/films/28843-happy-together","https://github.com/brittonwalker/criterion-top-ten",""
"Sebastian Meise","Carmen","Carlos Saura","https://www.criterion.com/films/884-carmen","https://github.com/brittonwalker/criterion-top-ten",""
"Sebastian Meise","Naked","Mike Leigh","https://www.criterion.com/films/220-naked","https://github.com/brittonwalker/criterion-top-ten",""
"Carrie Coon","Naked","Mike Leigh","https://www.criterion.com/films/220-naked","https://github.com/brittonwalker/criterion-top-ten",""
"Karyn Kusama","Naked","Mike Leigh","https://www.criterion.com/films/220-naked","https://github.com/brittonwalker/criterion-top-ten",""
"Ari Aster","Naked","Mike Leigh","https://www.criterion.com/films/220-naked","https://github.com/brittonwalker/criterion-top-ten",""
"Dustin Guy Defa","Naked","Mike Leigh","https://www.criterion.com/films/220-naked","https://github.com/brittonwalker/criterion-top-ten",""
"Richard Hell","Naked","Mike Leigh","https://www.criterion.com/films/220-naked","https://github.com/brittonwalker/criterion-top-ten",""
"Sean Baker","Naked","Mike Leigh","https://www.criterion.com/films/220-naked","https://github.com/brittonwalker/criterion-top-ten",""
"Will Oldham","Naked","Mike Leigh","https://www.criterion.com/films/220-naked","https://github.com/brittonwalker/criterion-top-ten",""
"K. K. Barrett","Naked","Mike Leigh","https://www.criterion.com/films/220-naked","https://github.com/brittonwalker/criterion-top-ten",""
"Paul Feig ","Naked","Mike Leigh","https://www.criterion.com/films/220-naked","https://github.com/brittonwalker/criterion-top-ten",""
"Brie Larson ","Naked","Mike Leigh","https://www.criterion.com/films/220-naked","https://github.com/brittonwalker/criterion-top-ten",""
"Greg Mottola","Naked","Mike Leigh","https://www.criterion.com/films/220-naked","https://github.com/brittonwalker/criterion-top-ten",""
"Iron and Wine","Naked","Mike Leigh","https://www.criterion.com/films/220-naked","https://github.com/brittonwalker/criterion-top-ten",""
"Leanne Shapton","Naked","Mike Leigh","https://www.criterion.com/films/220-naked","https://github.com/brittonwalker/criterion-top-ten",""
"John Lurie","Naked","Mike Leigh","https://www.criterion.com/films/220-naked","https://github.com/brittonwalker/criterion-top-ten",""
"Sebastian Meise","Mulholland Dr.","David Lynch","https://www.criterion.com/films/28050-mulholland-dr","https://github.com/brittonwalker/criterion-top-ten",""
"Dustin O’Halloran","Mulholland Dr.","David Lynch","https://www.criterion.com/films/28050-mulholland-dr","https://github.com/brittonwalker/criterion-top-ten",""
"Lili Horvát","Mulholland Dr.","David Lynch","https://www.criterion.com/films/28050-mulholland-dr","https://github.com/brittonwalker/criterion-top-ten",""
"Paweł Pawlikowski","Mulholland Dr.","David Lynch","https://www.criterion.com/films/28050-mulholland-dr","https://github.com/brittonwalker/criterion-top-ten",""
"Ali Abbasi","Mulholland Dr.","David Lynch","https://www.criterion.com/films/28050-mulholland-dr","https://github.com/brittonwalker/criterion-top-ten",""
"Steven Yeun","Mulholland Dr.","David Lynch","https://www.criterion.com/films/28050-mulholland-dr","https://github.com/brittonwalker/criterion-top-ten",""
"Hari Nef","Mulholland Dr.","David Lynch","https://www.criterion.com/films/28050-mulholland-dr","https://github.com/brittonwalker/criterion-top-ten",""
"Stephen Cone","Mulholland Dr.","David Lynch","https://www.criterion.com/films/28050-mulholland-dr","https://github.com/brittonwalker/criterion-top-ten",""
"Christopher Radcliff and Lauren Wolkstein","Mulholland Dr.","David Lynch","https://www.criterion.com/films/28050-mulholland-dr","https://github.com/brittonwalker/criterion-top-ten",""
"Janicza Bravo","Mulholland Dr.","David Lynch","https://www.criterion.com/films/28050-mulholland-dr","https://github.com/brittonwalker/criterion-top-ten",""
"Dustin Guy Defa","Mulholland Dr.","David Lynch","https://www.criterion.com/films/28050-mulholland-dr","https://github.com/brittonwalker/criterion-top-ten",""
"Alison Maclean","Mulholland Dr.","David Lynch","https://www.criterion.com/films/28050-mulholland-dr","https://github.com/brittonwalker/criterion-top-ten",""
"Jennifer Reeder","Mulholland Dr.","David Lynch","https://www.criterion.com/films/28050-mulholland-dr","https://github.com/brittonwalker/criterion-top-ten",""
"Mike Portnoy","Mulholland Dr.","David Lynch","https://www.criterion.com/films/28050-mulholland-dr","https://github.com/brittonwalker/criterion-top-ten",""
"Clea DuVall","Mulholland Dr.","David Lynch","https://www.criterion.com/films/28050-mulholland-dr","https://github.com/brittonwalker/criterion-top-ten",""
"Bret Easton Ellis","Mulholland Dr.","David Lynch","https://www.criterion.com/films/28050-mulholland-dr","https://github.com/brittonwalker/criterion-top-ten",""
"Ana Lily Amirpour","Mulholland Dr.","David Lynch","https://www.criterion.com/films/28050-mulholland-dr","https://github.com/brittonwalker/criterion-top-ten",""
"Sebastian Meise","By Brakhage: An Anthology, Volumes One and Two","Stan Brakhage","https://www.criterion.com/boxsets/722-by-brakhage-an-anthology-volumes-one-and-two","https://github.com/brittonwalker/criterion-top-ten",""
"Azazel Jacobs","By Brakhage: An Anthology, Volumes One and Two","Stan Brakhage","https://www.criterion.com/boxsets/722-by-brakhage-an-anthology-volumes-one-and-two","https://github.com/brittonwalker/criterion-top-ten",""
"Sebastian Meise","Down by Law","Jim Jarmusch","https://www.criterion.com/films/719-down-by-law","https://github.com/brittonwalker/criterion-top-ten",""
"Jesse Malin","Down by Law","Jim Jarmusch","https://www.criterion.com/films/719-down-by-law","https://github.com/brittonwalker/criterion-top-ten",""
"Alex Ross Perry","Down by Law","Jim Jarmusch","https://www.criterion.com/films/719-down-by-law","https://github.com/brittonwalker/criterion-top-ten",""
"Kazu Kibuishi","Down by Law","Jim Jarmusch","https://www.criterion.com/films/719-down-by-law","https://github.com/brittonwalker/criterion-top-ten",""
"Bill Hader","Down by Law","Jim Jarmusch","https://www.criterion.com/films/719-down-by-law","https://github.com/brittonwalker/criterion-top-ten",""
"Iron and Wine","Down by Law","Jim Jarmusch","https://www.criterion.com/films/719-down-by-law","https://github.com/brittonwalker/criterion-top-ten",""
"Rian Johnson","Down by Law","Jim Jarmusch","https://www.criterion.com/films/719-down-by-law","https://github.com/brittonwalker/criterion-top-ten",""
"Sebastian Meise","Blow-Up","Michelangelo Antonioni","https://www.criterion.com/films/28694-blow-up","https://github.com/brittonwalker/criterion-top-ten",""
"Pablo Larraín","Blow-Up","Michelangelo Antonioni","https://www.criterion.com/films/28694-blow-up","https://github.com/brittonwalker/criterion-top-ten",""
"Doug Nichol","Blow-Up","Michelangelo Antonioni","https://www.criterion.com/films/28694-blow-up","https://github.com/brittonwalker/criterion-top-ten",""
"Sebastian Meise","The Piano Teacher","Michael Haneke","https://www.criterion.com/films/28739-the-piano-teacher","https://github.com/brittonwalker/criterion-top-ten",""
"Karim Aïnouz","The Piano Teacher","Michael Haneke","https://www.criterion.com/films/28739-the-piano-teacher","https://github.com/brittonwalker/criterion-top-ten",""
"Ari Aster","The Piano Teacher","Michael Haneke","https://www.criterion.com/films/28739-the-piano-teacher","https://github.com/brittonwalker/criterion-top-ten",""
"Sebastian Meise","Salò, or The 120 Days of Sodom","Pier Paolo Pasolini","https://www.criterion.com/films/532-sal-or-the-120-days-of-sodom","https://github.com/brittonwalker/criterion-top-ten",""
"Christophe Honoré","Salò, or The 120 Days of Sodom","Pier Paolo Pasolini","https://www.criterion.com/films/532-sal-or-the-120-days-of-sodom","https://github.com/brittonwalker/criterion-top-ten",""
"Ali Abbasi","Salò, or The 120 Days of Sodom","Pier Paolo Pasolini","https://www.criterion.com/films/532-sal-or-the-120-days-of-sodom","https://github.com/brittonwalker/criterion-top-ten",""
"Hari Nef","Salò, or The 120 Days of Sodom","Pier Paolo Pasolini","https://www.criterion.com/films/532-sal-or-the-120-days-of-sodom","https://github.com/brittonwalker/criterion-top-ten",""
"David and Nathan Zellner","Salò, or The 120 Days of Sodom","Pier Paolo Pasolini","https://www.criterion.com/films/532-sal-or-the-120-days-of-sodom","https://github.com/brittonwalker/criterion-top-ten",""
"Ryusuke Hamaguchi","Stage and Spectacle: Three Films by Jean Renoir","Jean Renoir","https://www.criterion.com/boxsets/540-stage-and-spectacle-three-films-by-jean-renoir","https://github.com/brittonwalker/criterion-top-ten",""
"Ryusuke Hamaguchi","Eclipse Series 34: Jean Grémillon During the Occupation","Jean Grémillon","https://www.criterion.com/boxsets/897-eclipse-series-34-jean-grmillon-during-the-occupation","https://github.com/brittonwalker/criterion-top-ten",""
"Ryusuke Hamaguchi","Casque d’or","Jacques Becker","https://www.criterion.com/films/942-casque-dor","https://github.com/brittonwalker/criterion-top-ten",""
"Aki Kaurismäki ","Casque d’or","Jacques Becker","https://www.criterion.com/films/942-casque-dor","https://github.com/brittonwalker/criterion-top-ten",""
"Ryusuke Hamaguchi","Stromboli","Roberto Rossellini","https://www.criterion.com/films/28082-stromboli","https://github.com/brittonwalker/criterion-top-ten",""
"Sofia Bohdanowicz and Deragh Campbell","Stromboli","Roberto Rossellini","https://www.criterion.com/films/28082-stromboli","https://github.com/brittonwalker/criterion-top-ten",""
"Alice Rohrwacher","Stromboli","Roberto Rossellini","https://www.criterion.com/films/28082-stromboli","https://github.com/brittonwalker/criterion-top-ten",""
"Ryusuke Hamaguchi","All That Heaven Allows","Douglas Sirk","https://www.criterion.com/films/635-all-that-heaven-allows","https://github.com/brittonwalker/criterion-top-ten",""
"Karim Aïnouz","All That Heaven Allows","Douglas Sirk","https://www.criterion.com/films/635-all-that-heaven-allows","https://github.com/brittonwalker/criterion-top-ten",""
"Dustin Guy Defa","All That Heaven Allows","Douglas Sirk","https://www.criterion.com/films/635-all-that-heaven-allows","https://github.com/brittonwalker/criterion-top-ten",""
"Zach Clark","All That Heaven Allows","Douglas Sirk","https://www.criterion.com/films/635-all-that-heaven-allows","https://github.com/brittonwalker/criterion-top-ten",""
"Megan Abbott","All That Heaven Allows","Douglas Sirk","https://www.criterion.com/films/635-all-that-heaven-allows","https://github.com/brittonwalker/criterion-top-ten",""
"João Pedro Rodrigues","All That Heaven Allows","Douglas Sirk","https://www.criterion.com/films/635-all-that-heaven-allows","https://github.com/brittonwalker/criterion-top-ten",""
"David Schwartz","All That Heaven Allows","Douglas Sirk","https://www.criterion.com/films/635-all-that-heaven-allows","https://github.com/brittonwalker/criterion-top-ten",""
"David Markey","All That Heaven Allows","Douglas Sirk","https://www.criterion.com/films/635-all-that-heaven-allows","https://github.com/brittonwalker/criterion-top-ten",""
"Ryusuke Hamaguchi","Women of the Night","Kenji Mizoguchi","https://www.criterion.com/films/969-women-of-the-night","https://github.com/brittonwalker/criterion-top-ten",""
"Ryusuke Hamaguchi","Eclipse Series 26: Silent Naruse","Mikio Naruse","https://www.criterion.com/boxsets/789-eclipse-series-26-silent-naruse","https://github.com/brittonwalker/criterion-top-ten",""
"Ryusuke Hamaguchi","3 Silent Classics by Josef von Sternberg","Josef von Sternberg","https://www.criterion.com/boxsets/744-3-silent-classics-by-josef-von-sternberg","https://github.com/brittonwalker/criterion-top-ten",""
"Ryusuke Hamaguchi","Holiday","George Cukor","https://www.criterion.com/films/28829-holiday","https://github.com/brittonwalker/criterion-top-ten",""
"Ryusuke Hamaguchi","Flowers of Shanghai","Hou Hsiao-hsien","https://www.criterion.com/films/30521-flowers-of-shanghai","https://github.com/brittonwalker/criterion-top-ten",""
"Pablo Larraín","Beau travail","Claire Denis","https://www.criterion.com/films/29646-beau-travail","https://github.com/brittonwalker/criterion-top-ten",""
"Pablo Larraín","Belle de jour","Luis Buñuel","https://www.criterion.com/films/27949-belle-de-jour","https://github.com/brittonwalker/criterion-top-ten",""
"Dustin O’Halloran","Belle de jour","Luis Buñuel","https://www.criterion.com/films/27949-belle-de-jour","https://github.com/brittonwalker/criterion-top-ten",""
"Amy Seimetz","Belle de jour","Luis Buñuel","https://www.criterion.com/films/27949-belle-de-jour","https://github.com/brittonwalker/criterion-top-ten",""
"Ali Abbasi","Belle de jour","Luis Buñuel","https://www.criterion.com/films/27949-belle-de-jour","https://github.com/brittonwalker/criterion-top-ten",""
"Alison Maclean","Belle de jour","Luis Buñuel","https://www.criterion.com/films/27949-belle-de-jour","https://github.com/brittonwalker/criterion-top-ten",""
"Duncan Hannah","Belle de jour","Luis Buñuel","https://www.criterion.com/films/27949-belle-de-jour","https://github.com/brittonwalker/criterion-top-ten",""
"Matthew Weiner","Belle de jour","Luis Buñuel","https://www.criterion.com/films/27949-belle-de-jour","https://github.com/brittonwalker/criterion-top-ten",""
"Atom Egoyan","Belle de jour","Luis Buñuel","https://www.criterion.com/films/27949-belle-de-jour","https://github.com/brittonwalker/criterion-top-ten",""
"Tim Forbes","Belle de jour","Luis Buñuel","https://www.criterion.com/films/27949-belle-de-jour","https://github.com/brittonwalker/criterion-top-ten",""
"William Friedkin ","Belle de jour","Luis Buñuel","https://www.criterion.com/films/27949-belle-de-jour","https://github.com/brittonwalker/criterion-top-ten",""
"Pablo Larraín","Elevator to the Gallows","Louis Malle","https://www.criterion.com/films/778-elevator-to-the-gallows","https://github.com/brittonwalker/criterion-top-ten",""
"Sebastián Lelio","Elevator to the Gallows","Louis Malle","https://www.criterion.com/films/778-elevator-to-the-gallows","https://github.com/brittonwalker/criterion-top-ten",""
"Atom Egoyan","Elevator to the Gallows","Louis Malle","https://www.criterion.com/films/778-elevator-to-the-gallows","https://github.com/brittonwalker/criterion-top-ten",""
"Geoff Dyer","Elevator to the Gallows","Louis Malle","https://www.criterion.com/films/778-elevator-to-the-gallows","https://github.com/brittonwalker/criterion-top-ten",""
"Pablo Larraín","Persona","Ingmar Bergman","https://www.criterion.com/films/28491-persona","https://github.com/brittonwalker/criterion-top-ten",""
"Josephine Decker","Persona","Ingmar Bergman","https://www.criterion.com/films/28491-persona","https://github.com/brittonwalker/criterion-top-ten",""
"Ari Aster","Persona","Ingmar Bergman","https://www.criterion.com/films/28491-persona","https://github.com/brittonwalker/criterion-top-ten",""
"Sebastián Lelio","Persona","Ingmar Bergman","https://www.criterion.com/films/28491-persona","https://github.com/brittonwalker/criterion-top-ten",""
"Pablo Larraín","Close-up","Abbas Kiarostami","https://www.criterion.com/films/1092-close-up","https://github.com/brittonwalker/criterion-top-ten",""
"Dennis Lim","Close-up","Abbas Kiarostami","https://www.criterion.com/films/1092-close-up","https://github.com/brittonwalker/criterion-top-ten",""
"Ali Abbasi","Close-up","Abbas Kiarostami","https://www.criterion.com/films/1092-close-up","https://github.com/brittonwalker/criterion-top-ten",""
"Stephen Cone","Close-up","Abbas Kiarostami","https://www.criterion.com/films/1092-close-up","https://github.com/brittonwalker/criterion-top-ten",""
"Christopher Radcliff and Lauren Wolkstein","Close-up","Abbas Kiarostami","https://www.criterion.com/films/1092-close-up","https://github.com/brittonwalker/criterion-top-ten",""
"Dustin Guy Defa","Close-up","Abbas Kiarostami","https://www.criterion.com/films/1092-close-up","https://github.com/brittonwalker/criterion-top-ten",""
"Alison Maclean","Close-up","Abbas Kiarostami","https://www.criterion.com/films/1092-close-up","https://github.com/brittonwalker/criterion-top-ten",""
"Laura Mulvey","Close-up","Abbas Kiarostami","https://www.criterion.com/films/1092-close-up","https://github.com/brittonwalker/criterion-top-ten",""
"Josh and Benny Safdie","Close-up","Abbas Kiarostami","https://www.criterion.com/films/1092-close-up","https://github.com/brittonwalker/criterion-top-ten",""
"Mark Cousins","Close-up","Abbas Kiarostami","https://www.criterion.com/films/1092-close-up","https://github.com/brittonwalker/criterion-top-ten",""
"James Schamus","Close-up","Abbas Kiarostami","https://www.criterion.com/films/1092-close-up","https://github.com/brittonwalker/criterion-top-ten",""
"Pablo Larraín","Teorema","Pier Paolo Pasolini","https://www.criterion.com/films/28660-teorema","https://github.com/brittonwalker/criterion-top-ten",""
"Rachel Kushner","Teorema","Pier Paolo Pasolini","https://www.criterion.com/films/28660-teorema","https://github.com/brittonwalker/criterion-top-ten",""
"Wendell B. Harris Jr.","The Emperor Jones","Dudley Murphy","https://www.criterion.com/films/807-the-emperor-jones","https://github.com/brittonwalker/criterion-top-ten",""
"Wendell B. Harris Jr.","Citizen Kane","Orson Welles","https://www.criterion.com/films/32250-citizen-kane","https://github.com/brittonwalker/criterion-top-ten",""
"Wendell B. Harris Jr.","The Ruling Class","Peter Medak","https://www.criterion.com/films/678-the-ruling-class","https://github.com/brittonwalker/criterion-top-ten",""
"Keith Gordon","The Ruling Class","Peter Medak","https://www.criterion.com/films/678-the-ruling-class","https://github.com/brittonwalker/criterion-top-ten",""
"Michael Korda","The Ruling Class","Peter Medak","https://www.criterion.com/films/678-the-ruling-class","https://github.com/brittonwalker/criterion-top-ten",""
"Joe Mantegna","The Ruling Class","Peter Medak","https://www.criterion.com/films/678-the-ruling-class","https://github.com/brittonwalker/criterion-top-ten",""
"Wendell B. Harris Jr.","Dr. Strangelove, or: How I Learned to Stop Worrying and Love the Bomb","Stanley Kubrick","https://www.criterion.com/films/28822-dr-strangelove-or-how-i-learned-to-stop-worrying-and-love-the-bomb","https://github.com/brittonwalker/criterion-top-ten",""
"Edson Oda","Dr. Strangelove, or: How I Learned to Stop Worrying and Love the Bomb","Stanley Kubrick","https://www.criterion.com/films/28822-dr-strangelove-or-how-i-learned-to-stop-worrying-and-love-the-bomb","https://github.com/brittonwalker/criterion-top-ten",""
"Jack Reynor","Dr. Strangelove, or: How I Learned to Stop Worrying and Love the Bomb","Stanley Kubrick","https://www.criterion.com/films/28822-dr-strangelove-or-how-i-learned-to-stop-worrying-and-love-the-bomb","https://github.com/brittonwalker/criterion-top-ten",""
"Alan Rudolph","Dr. Strangelove, or: How I Learned to Stop Worrying and Love the Bomb","Stanley Kubrick","https://www.criterion.com/films/28822-dr-strangelove-or-how-i-learned-to-stop-worrying-and-love-the-bomb","https://github.com/brittonwalker/criterion-top-ten",""
"Sloane Crosley","Dr. Strangelove, or: How I Learned to Stop Worrying and Love the Bomb","Stanley Kubrick","https://www.criterion.com/films/28822-dr-strangelove-or-how-i-learned-to-stop-worrying-and-love-the-bomb","https://github.com/brittonwalker/criterion-top-ten",""
"Zach Braff","Dr. Strangelove, or: How I Learned to Stop Worrying and Love the Bomb","Stanley Kubrick","https://www.criterion.com/films/28822-dr-strangelove-or-how-i-learned-to-stop-worrying-and-love-the-bomb","https://github.com/brittonwalker/criterion-top-ten",""
"Alton Brown","Dr. Strangelove, or: How I Learned to Stop Worrying and Love the Bomb","Stanley Kubrick","https://www.criterion.com/films/28822-dr-strangelove-or-how-i-learned-to-stop-worrying-and-love-the-bomb","https://github.com/brittonwalker/criterion-top-ten",""
"Young Jean Lee","Dr. Strangelove, or: How I Learned to Stop Worrying and Love the Bomb","Stanley Kubrick","https://www.criterion.com/films/28822-dr-strangelove-or-how-i-learned-to-stop-worrying-and-love-the-bomb","https://github.com/brittonwalker/criterion-top-ten",""
"Wendell B. Harris Jr.","A Raisin in the Sun","Daniel Petrie","https://www.criterion.com/films/28826-a-raisin-in-the-sun","https://github.com/brittonwalker/criterion-top-ten",""
"Wendell B. Harris Jr.","Being There","Hal Ashby","https://www.criterion.com/films/29009-being-there","https://github.com/brittonwalker/criterion-top-ten",""
"Azazel Jacobs","Being There","Hal Ashby","https://www.criterion.com/films/29009-being-there","https://github.com/brittonwalker/criterion-top-ten",""
"Rodarte","Being There","Hal Ashby","https://www.criterion.com/films/29009-being-there","https://github.com/brittonwalker/criterion-top-ten",""
"Wendell B. Harris Jr.","Seven Samurai","Akira Kurosawa","https://www.criterion.com/films/165-seven-samurai","https://github.com/brittonwalker/criterion-top-ten",""
"Rashaad Ernesto Green","Seven Samurai","Akira Kurosawa","https://www.criterion.com/films/165-seven-samurai","https://github.com/brittonwalker/criterion-top-ten",""
"Alan Arkin","Seven Samurai","Akira Kurosawa","https://www.criterion.com/films/165-seven-samurai","https://github.com/brittonwalker/criterion-top-ten",""
"Troy Miller","Seven Samurai","Akira Kurosawa","https://www.criterion.com/films/165-seven-samurai","https://github.com/brittonwalker/criterion-top-ten",""
"Austin Garrick","Seven Samurai","Akira Kurosawa","https://www.criterion.com/films/165-seven-samurai","https://github.com/brittonwalker/criterion-top-ten",""
"Kazu Kibuishi","Seven Samurai","Akira Kurosawa","https://www.criterion.com/films/165-seven-samurai","https://github.com/brittonwalker/criterion-top-ten",""
"Franc Roddam","Seven Samurai","Akira Kurosawa","https://www.criterion.com/films/165-seven-samurai","https://github.com/brittonwalker/criterion-top-ten",""
"Scott Morse’s Top Ten","Seven Samurai","Akira Kurosawa","https://www.criterion.com/films/165-seven-samurai","https://github.com/brittonwalker/criterion-top-ten",""
"Johnnie To","Seven Samurai","Akira Kurosawa","https://www.criterion.com/films/165-seven-samurai","https://github.com/brittonwalker/criterion-top-ten",""
"Caitlin Kuhwald","Seven Samurai","Akira Kurosawa","https://www.criterion.com/films/165-seven-samurai","https://github.com/brittonwalker/criterion-top-ten",""
"Jaime Hernandez","Seven Samurai","Akira Kurosawa","https://www.criterion.com/films/165-seven-samurai","https://github.com/brittonwalker/criterion-top-ten",""
"Ricky Jay","Seven Samurai","Akira Kurosawa","https://www.criterion.com/films/165-seven-samurai","https://github.com/brittonwalker/criterion-top-ten",""
"Adam Yauch","Seven Samurai","Akira Kurosawa","https://www.criterion.com/films/165-seven-samurai","https://github.com/brittonwalker/criterion-top-ten",""
"Robin Wood","Seven Samurai","Akira Kurosawa","https://www.criterion.com/films/165-seven-samurai","https://github.com/brittonwalker/criterion-top-ten",""
"Jane Campion","Seven Samurai","Akira Kurosawa","https://www.criterion.com/films/165-seven-samurai","https://github.com/brittonwalker/criterion-top-ten",""
"Allan Arkush","Seven Samurai","Akira Kurosawa","https://www.criterion.com/films/165-seven-samurai","https://github.com/brittonwalker/criterion-top-ten",""
"Mike Allred","Seven Samurai","Akira Kurosawa","https://www.criterion.com/films/165-seven-samurai","https://github.com/brittonwalker/criterion-top-ten",""
"Wendell B. Harris Jr.","Children of Paradise","Marcel Carné","https://www.criterion.com/films/683-children-of-paradise","https://github.com/brittonwalker/criterion-top-ten",""
"Alan Rudolph","Children of Paradise","Marcel Carné","https://www.criterion.com/films/683-children-of-paradise","https://github.com/brittonwalker/criterion-top-ten",""
"Amy Fine Collins","Children of Paradise","Marcel Carné","https://www.criterion.com/films/683-children-of-paradise","https://github.com/brittonwalker/criterion-top-ten",""
"Dick Cavett","Children of Paradise","Marcel Carné","https://www.criterion.com/films/683-children-of-paradise","https://github.com/brittonwalker/criterion-top-ten",""
"Christopher Hobbs","Children of Paradise","Marcel Carné","https://www.criterion.com/films/683-children-of-paradise","https://github.com/brittonwalker/criterion-top-ten",""
"Haskell Wexler","Children of Paradise","Marcel Carné","https://www.criterion.com/films/683-children-of-paradise","https://github.com/brittonwalker/criterion-top-ten",""
"Whit Stillman","Children of Paradise","Marcel Carné","https://www.criterion.com/films/683-children-of-paradise","https://github.com/brittonwalker/criterion-top-ten",""
"Monte Hellman","Children of Paradise","Marcel Carné","https://www.criterion.com/films/683-children-of-paradise","https://github.com/brittonwalker/criterion-top-ten",""
"Ricky Jay","Children of Paradise","Marcel Carné","https://www.criterion.com/films/683-children-of-paradise","https://github.com/brittonwalker/criterion-top-ten",""
"Tom Schnabel","Children of Paradise","Marcel Carné","https://www.criterion.com/films/683-children-of-paradise","https://github.com/brittonwalker/criterion-top-ten",""
"Nicolas Roeg","Children of Paradise","Marcel Carné","https://www.criterion.com/films/683-children-of-paradise","https://github.com/brittonwalker/criterion-top-ten",""
"D. A. Pennebaker","Children of Paradise","Marcel Carné","https://www.criterion.com/films/683-children-of-paradise","https://github.com/brittonwalker/criterion-top-ten",""
"Christa Lang-Fuller","Children of Paradise","Marcel Carné","https://www.criterion.com/films/683-children-of-paradise","https://github.com/brittonwalker/criterion-top-ten",""
"Gary Giddins","Children of Paradise","Marcel Carné","https://www.criterion.com/films/683-children-of-paradise","https://github.com/brittonwalker/criterion-top-ten",""
"Peter Cowie","Children of Paradise","Marcel Carné","https://www.criterion.com/films/683-children-of-paradise","https://github.com/brittonwalker/criterion-top-ten",""
"Wendell B. Harris Jr.","The Third Man","Carol Reed","https://www.criterion.com/films/236-the-third-man","https://github.com/brittonwalker/criterion-top-ten",""
"Brian Raftery","The Third Man","Carol Reed","https://www.criterion.com/films/236-the-third-man","https://github.com/brittonwalker/criterion-top-ten",""
"Barry Levinson","The Third Man","Carol Reed","https://www.criterion.com/films/236-the-third-man","https://github.com/brittonwalker/criterion-top-ten",""
"Alton Brown","The Third Man","Carol Reed","https://www.criterion.com/films/236-the-third-man","https://github.com/brittonwalker/criterion-top-ten",""
"Dick Cavett","The Third Man","Carol Reed","https://www.criterion.com/films/236-the-third-man","https://github.com/brittonwalker/criterion-top-ten",""
"Marc Maron","The Third Man","Carol Reed","https://www.criterion.com/films/236-the-third-man","https://github.com/brittonwalker/criterion-top-ten",""
"Alex Ross Perry","The Third Man","Carol Reed","https://www.criterion.com/films/236-the-third-man","https://github.com/brittonwalker/criterion-top-ten",""
"Hossein Amini","The Third Man","Carol Reed","https://www.criterion.com/films/236-the-third-man","https://github.com/brittonwalker/criterion-top-ten",""
"Donald Fagen","The Third Man","Carol Reed","https://www.criterion.com/films/236-the-third-man","https://github.com/brittonwalker/criterion-top-ten",""
"Franc Roddam","The Third Man","Carol Reed","https://www.criterion.com/films/236-the-third-man","https://github.com/brittonwalker/criterion-top-ten",""
"Brie Larson ","The Third Man","Carol Reed","https://www.criterion.com/films/236-the-third-man","https://github.com/brittonwalker/criterion-top-ten",""
"Oren Moverman","The Third Man","Carol Reed","https://www.criterion.com/films/236-the-third-man","https://github.com/brittonwalker/criterion-top-ten",""
"Greg Mottola","The Third Man","Carol Reed","https://www.criterion.com/films/236-the-third-man","https://github.com/brittonwalker/criterion-top-ten",""
"Scott Morse’s Top Ten","The Third Man","Carol Reed","https://www.criterion.com/films/236-the-third-man","https://github.com/brittonwalker/criterion-top-ten",""
"Angus MacLachlan","The Third Man","Carol Reed","https://www.criterion.com/films/236-the-third-man","https://github.com/brittonwalker/criterion-top-ten",""
"Marcel Dzama","The Third Man","Carol Reed","https://www.criterion.com/films/236-the-third-man","https://github.com/brittonwalker/criterion-top-ten",""
"Iron and Wine","The Third Man","Carol Reed","https://www.criterion.com/films/236-the-third-man","https://github.com/brittonwalker/criterion-top-ten",""
"Caitlin Kuhwald","The Third Man","Carol Reed","https://www.criterion.com/films/236-the-third-man","https://github.com/brittonwalker/criterion-top-ten",""
"Paul Morrissey","The Third Man","Carol Reed","https://www.criterion.com/films/236-the-third-man","https://github.com/brittonwalker/criterion-top-ten",""
"Monte Hellman","The Third Man","Carol Reed","https://www.criterion.com/films/236-the-third-man","https://github.com/brittonwalker/criterion-top-ten",""
"Bill Plympton","The Third Man","Carol Reed","https://www.criterion.com/films/236-the-third-man","https://github.com/brittonwalker/criterion-top-ten",""
"Rian Johnson","The Third Man","Carol Reed","https://www.criterion.com/films/236-the-third-man","https://github.com/brittonwalker/criterion-top-ten",""
"Gary Giddins","The Third Man","Carol Reed","https://www.criterion.com/films/236-the-third-man","https://github.com/brittonwalker/criterion-top-ten",""
"Wendell B. Harris Jr.","Nightmare Alley","Edmund Goulding","https://www.criterion.com/films/28571-nightmare-alley","https://github.com/brittonwalker/criterion-top-ten",""
"Dash Shaw","Céline and Julie Go Boating","Jacques Rivette","https://www.criterion.com/films/29639-cline-and-julie-go-boating","https://github.com/brittonwalker/criterion-top-ten",""
"Dash Shaw","Godzilla vs. Hedorah","Yoshimitsu Banno","https://www.criterion.com/films/30102-godzilla-vs-hedorah","https://github.com/brittonwalker/criterion-top-ten",""
"Dash Shaw","Every Man for Himself","Jean-Luc Godard","https://www.criterion.com/films/28549-every-man-for-himself","https://github.com/brittonwalker/criterion-top-ten",""
"Dash Shaw","Contempt","Jean-Luc Godard","https://www.criterion.com/films/239-contempt","https://github.com/brittonwalker/criterion-top-ten",""
"Dustin O’Halloran","Contempt","Jean-Luc Godard","https://www.criterion.com/films/239-contempt","https://github.com/brittonwalker/criterion-top-ten",""
"Josephine Decker","Contempt","Jean-Luc Godard","https://www.criterion.com/films/239-contempt","https://github.com/brittonwalker/criterion-top-ten",""
"Christophe Honoré","Contempt","Jean-Luc Godard","https://www.criterion.com/films/239-contempt","https://github.com/brittonwalker/criterion-top-ten",""
"Young Jean Lee","Contempt","Jean-Luc Godard","https://www.criterion.com/films/239-contempt","https://github.com/brittonwalker/criterion-top-ten",""
"Bret Easton Ellis","Contempt","Jean-Luc Godard","https://www.criterion.com/films/239-contempt","https://github.com/brittonwalker/criterion-top-ten",""
"Alex Ross Perry","Contempt","Jean-Luc Godard","https://www.criterion.com/films/239-contempt","https://github.com/brittonwalker/criterion-top-ten",""
"Hossein Amini","Contempt","Jean-Luc Godard","https://www.criterion.com/films/239-contempt","https://github.com/brittonwalker/criterion-top-ten",""
"Martin Scorsese","Contempt","Jean-Luc Godard","https://www.criterion.com/films/239-contempt","https://github.com/brittonwalker/criterion-top-ten",""
"Richard Ayoade","Contempt","Jean-Luc Godard","https://www.criterion.com/films/239-contempt","https://github.com/brittonwalker/criterion-top-ten",""
"John Bailey","Contempt","Jean-Luc Godard","https://www.criterion.com/films/239-contempt","https://github.com/brittonwalker/criterion-top-ten",""
"Chris Hegedus","Contempt","Jean-Luc Godard","https://www.criterion.com/films/239-contempt","https://github.com/brittonwalker/criterion-top-ten",""
"Nicolas Roeg","Contempt","Jean-Luc Godard","https://www.criterion.com/films/239-contempt","https://github.com/brittonwalker/criterion-top-ten",""
"Christa Lang-Fuller","Contempt","Jean-Luc Godard","https://www.criterion.com/films/239-contempt","https://github.com/brittonwalker/criterion-top-ten",""
"Neil LaBute","Contempt","Jean-Luc Godard","https://www.criterion.com/films/239-contempt","https://github.com/brittonwalker/criterion-top-ten",""
"David Hudson","Contempt","Jean-Luc Godard","https://www.criterion.com/films/239-contempt","https://github.com/brittonwalker/criterion-top-ten",""
"Jane Campion","Contempt","Jean-Luc Godard","https://www.criterion.com/films/239-contempt","https://github.com/brittonwalker/criterion-top-ten",""
"Michael Barker","Contempt","Jean-Luc Godard","https://www.criterion.com/films/239-contempt","https://github.com/brittonwalker/criterion-top-ten",""
"Dash Shaw","Crash","David Cronenberg","https://www.criterion.com/films/29014-crash","https://github.com/brittonwalker/criterion-top-ten",""
"Dash Shaw","Eclipse Series 19: Chantal Akerman in the Seventies","Chantal Akerman","https://www.criterion.com/boxsets/691-eclipse-series-19-chantal-akerman-in-the-seventies","https://github.com/brittonwalker/criterion-top-ten",""
"Dash Shaw","The Complete Jacques Tati","Jacques Tati","https://www.criterion.com/films/1069-the-complete-jacques-tati","https://github.com/brittonwalker/criterion-top-ten",""
"Dash Shaw","Brand upon the Brain!","Guy Maddin","https://www.criterion.com/films/746-brand-upon-the-brain","https://github.com/brittonwalker/criterion-top-ten",""
"Marcel Dzama","Brand upon the Brain!","Guy Maddin","https://www.criterion.com/films/746-brand-upon-the-brain","https://github.com/brittonwalker/criterion-top-ten",""
"Edson Oda","City Lights","Charles Chaplin","https://www.criterion.com/films/27558-city-lights","https://github.com/brittonwalker/criterion-top-ten",""
"Edson Oda","Rashomon","Akira Kurosawa","https://www.criterion.com/films/307-rashomon","https://github.com/brittonwalker/criterion-top-ten",""
"Alan Rudolph","Rashomon","Akira Kurosawa","https://www.criterion.com/films/307-rashomon","https://github.com/brittonwalker/criterion-top-ten",""
"Young Jean Lee","Rashomon","Akira Kurosawa","https://www.criterion.com/films/307-rashomon","https://github.com/brittonwalker/criterion-top-ten",""
"Roger Corman","Rashomon","Akira Kurosawa","https://www.criterion.com/films/307-rashomon","https://github.com/brittonwalker/criterion-top-ten",""
"Andrew Weil","Rashomon","Akira Kurosawa","https://www.criterion.com/films/307-rashomon","https://github.com/brittonwalker/criterion-top-ten",""
"Adam Yauch","Rashomon","Akira Kurosawa","https://www.criterion.com/films/307-rashomon","https://github.com/brittonwalker/criterion-top-ten",""
"Edson Oda","The Seventh Seal","Ingmar Bergman","https://www.criterion.com/films/173-the-seventh-seal","https://github.com/brittonwalker/criterion-top-ten",""
"Christopher Hobbs","The Seventh Seal","Ingmar Bergman","https://www.criterion.com/films/173-the-seventh-seal","https://github.com/brittonwalker/criterion-top-ten",""
"Roger Corman","The Seventh Seal","Ingmar Bergman","https://www.criterion.com/films/173-the-seventh-seal","https://github.com/brittonwalker/criterion-top-ten",""
"Flying Lotus","The Seventh Seal","Ingmar Bergman","https://www.criterion.com/films/173-the-seventh-seal","https://github.com/brittonwalker/criterion-top-ten",""
"Guillermo del Toro","The Seventh Seal","Ingmar Bergman","https://www.criterion.com/films/173-the-seventh-seal","https://github.com/brittonwalker/criterion-top-ten",""
"Caitlin Kuhwald","The Seventh Seal","Ingmar Bergman","https://www.criterion.com/films/173-the-seventh-seal","https://github.com/brittonwalker/criterion-top-ten",""
"Whit Stillman","The Seventh Seal","Ingmar Bergman","https://www.criterion.com/films/173-the-seventh-seal","https://github.com/brittonwalker/criterion-top-ten",""
"David Hudson","The Seventh Seal","Ingmar Bergman","https://www.criterion.com/films/173-the-seventh-seal","https://github.com/brittonwalker/criterion-top-ten",""
"Peter Cowie","The Seventh Seal","Ingmar Bergman","https://www.criterion.com/films/173-the-seventh-seal","https://github.com/brittonwalker/criterion-top-ten",""
"Edson Oda","Wings of Desire","Wim Wenders","https://www.criterion.com/films/200-wings-of-desire","https://github.com/brittonwalker/criterion-top-ten",""
"John Grant","Wings of Desire","Wim Wenders","https://www.criterion.com/films/200-wings-of-desire","https://github.com/brittonwalker/criterion-top-ten",""
"Matthew Weiner","Wings of Desire","Wim Wenders","https://www.criterion.com/films/200-wings-of-desire","https://github.com/brittonwalker/criterion-top-ten",""
"Stella Mozgawa","Wings of Desire","Wim Wenders","https://www.criterion.com/films/200-wings-of-desire","https://github.com/brittonwalker/criterion-top-ten",""
"Franc Roddam","Wings of Desire","Wim Wenders","https://www.criterion.com/films/200-wings-of-desire","https://github.com/brittonwalker/criterion-top-ten",""
" John Taylor","Wings of Desire","Wim Wenders","https://www.criterion.com/films/200-wings-of-desire","https://github.com/brittonwalker/criterion-top-ten",""
"Oren Moverman","Wings of Desire","Wim Wenders","https://www.criterion.com/films/200-wings-of-desire","https://github.com/brittonwalker/criterion-top-ten",""
"Edson Oda","Being John Malkovich","Spike Jonze","https://www.criterion.com/films/28055-being-john-malkovich","https://github.com/brittonwalker/criterion-top-ten",""
"Josephine Decker","Being John Malkovich","Spike Jonze","https://www.criterion.com/films/28055-being-john-malkovich","https://github.com/brittonwalker/criterion-top-ten",""
"Brian Raftery","Being John Malkovich","Spike Jonze","https://www.criterion.com/films/28055-being-john-malkovich","https://github.com/brittonwalker/criterion-top-ten",""
"Steven Yeun","Being John Malkovich","Spike Jonze","https://www.criterion.com/films/28055-being-john-malkovich","https://github.com/brittonwalker/criterion-top-ten",""
"Jessica Morgan","Being John Malkovich","Spike Jonze","https://www.criterion.com/films/28055-being-john-malkovich","https://github.com/brittonwalker/criterion-top-ten",""
"Zach Braff","Being John Malkovich","Spike Jonze","https://www.criterion.com/films/28055-being-john-malkovich","https://github.com/brittonwalker/criterion-top-ten",""
"Clea DuVall","Being John Malkovich","Spike Jonze","https://www.criterion.com/films/28055-being-john-malkovich","https://github.com/brittonwalker/criterion-top-ten",""
"Ana Lily Amirpour","Being John Malkovich","Spike Jonze","https://www.criterion.com/films/28055-being-john-malkovich","https://github.com/brittonwalker/criterion-top-ten",""
"Bong Joon-ho","Being John Malkovich","Spike Jonze","https://www.criterion.com/films/28055-being-john-malkovich","https://github.com/brittonwalker/criterion-top-ten",""
"Nicholas Stoller","Being John Malkovich","Spike Jonze","https://www.criterion.com/films/28055-being-john-malkovich","https://github.com/brittonwalker/criterion-top-ten",""
"Flying Lotus","Being John Malkovich","Spike Jonze","https://www.criterion.com/films/28055-being-john-malkovich","https://github.com/brittonwalker/criterion-top-ten",""
"Chuck Klosterman","Being John Malkovich","Spike Jonze","https://www.criterion.com/films/28055-being-john-malkovich","https://github.com/brittonwalker/criterion-top-ten",""
"Edson Oda","Hunger","Steve McQueen","https://www.criterion.com/films/477-hunger","https://github.com/brittonwalker/criterion-top-ten",""
"Jennifer Reeder","Hunger","Steve McQueen","https://www.criterion.com/films/477-hunger","https://github.com/brittonwalker/criterion-top-ten",""
"Mogwai","Hunger","Steve McQueen","https://www.criterion.com/films/477-hunger","https://github.com/brittonwalker/criterion-top-ten",""
"Alec Baldwin","Hunger","Steve McQueen","https://www.criterion.com/films/477-hunger","https://github.com/brittonwalker/criterion-top-ten",""
"Edson Oda","Police Story 2","Jackie Chan","https://www.criterion.com/films/29545-police-story-2","https://github.com/brittonwalker/criterion-top-ten",""
"Edson Oda","The Virgin Suicides","Sofia Coppola","https://www.criterion.com/films/29336-the-virgin-suicides","https://github.com/brittonwalker/criterion-top-ten",""
"Dustin O’Halloran","Amarcord","Federico Fellini","https://www.criterion.com/films/208-amarcord","https://github.com/brittonwalker/criterion-top-ten",""
"The Ross Brothers’ Top 10","Amarcord","Federico Fellini","https://www.criterion.com/films/208-amarcord","https://github.com/brittonwalker/criterion-top-ten",""
"Paweł Pawlikowski","Amarcord","Federico Fellini","https://www.criterion.com/films/208-amarcord","https://github.com/brittonwalker/criterion-top-ten",""
"Barry Levinson","Amarcord","Federico Fellini","https://www.criterion.com/films/208-amarcord","https://github.com/brittonwalker/criterion-top-ten",""
"Illeana Douglas","Amarcord","Federico Fellini","https://www.criterion.com/films/208-amarcord","https://github.com/brittonwalker/criterion-top-ten",""
"Nicholas Stoller","Amarcord","Federico Fellini","https://www.criterion.com/films/208-amarcord","https://github.com/brittonwalker/criterion-top-ten",""
"Dominic Monaghan","Amarcord","Federico Fellini","https://www.criterion.com/films/208-amarcord","https://github.com/brittonwalker/criterion-top-ten",""
"Greg Mottola","Amarcord","Federico Fellini","https://www.criterion.com/films/208-amarcord","https://github.com/brittonwalker/criterion-top-ten",""
"Monte Hellman","Amarcord","Federico Fellini","https://www.criterion.com/films/208-amarcord","https://github.com/brittonwalker/criterion-top-ten",""
"Patton Oswalt","Amarcord","Federico Fellini","https://www.criterion.com/films/208-amarcord","https://github.com/brittonwalker/criterion-top-ten",""
"Rian Johnson","Amarcord","Federico Fellini","https://www.criterion.com/films/208-amarcord","https://github.com/brittonwalker/criterion-top-ten",""
"Dustin O’Halloran","La notte","Michelangelo Antonioni","https://www.criterion.com/films/28111-la-notte","https://github.com/brittonwalker/criterion-top-ten",""
"Sebastián Lelio","La notte","Michelangelo Antonioni","https://www.criterion.com/films/28111-la-notte","https://github.com/brittonwalker/criterion-top-ten",""
"Tracy Letts","La notte","Michelangelo Antonioni","https://www.criterion.com/films/28111-la-notte","https://github.com/brittonwalker/criterion-top-ten",""
"Dustin O’Halloran","Stalker","Andrei Tarkovsky","https://www.criterion.com/films/28150-stalker","https://github.com/brittonwalker/criterion-top-ten",""
"Jack Reynor","Stalker","Andrei Tarkovsky","https://www.criterion.com/films/28150-stalker","https://github.com/brittonwalker/criterion-top-ten",""
"Beak>","Stalker","Andrei Tarkovsky","https://www.criterion.com/films/28150-stalker","https://github.com/brittonwalker/criterion-top-ten",""
"Christopher Radcliff and Lauren Wolkstein","Stalker","Andrei Tarkovsky","https://www.criterion.com/films/28150-stalker","https://github.com/brittonwalker/criterion-top-ten",""
"Zola Jesus","Stalker","Andrei Tarkovsky","https://www.criterion.com/films/28150-stalker","https://github.com/brittonwalker/criterion-top-ten",""
"Dustin O’Halloran","Betty Blue","Jean-Jacques Beineix","https://www.criterion.com/films/29079-betty-blue","https://github.com/brittonwalker/criterion-top-ten",""
"Rachel Kushner","3 Women","Robert Altman","https://www.criterion.com/films/712-3-women","https://github.com/brittonwalker/criterion-top-ten",""
"Christopher Radcliff and Lauren Wolkstein","3 Women","Robert Altman","https://www.criterion.com/films/712-3-women","https://github.com/brittonwalker/criterion-top-ten",""
"Janicza Bravo","3 Women","Robert Altman","https://www.criterion.com/films/712-3-women","https://github.com/brittonwalker/criterion-top-ten",""
"Rodarte","3 Women","Robert Altman","https://www.criterion.com/films/712-3-women","https://github.com/brittonwalker/criterion-top-ten",""
"Douglas Hart","3 Women","Robert Altman","https://www.criterion.com/films/712-3-women","https://github.com/brittonwalker/criterion-top-ten",""
"Megan Abbott","3 Women","Robert Altman","https://www.criterion.com/films/712-3-women","https://github.com/brittonwalker/criterion-top-ten",""
"Robert Greene","3 Women","Robert Altman","https://www.criterion.com/films/712-3-women","https://github.com/brittonwalker/criterion-top-ten",""
"Jonathan Caouette","3 Women","Robert Altman","https://www.criterion.com/films/712-3-women","https://github.com/brittonwalker/criterion-top-ten",""
"James Franco","3 Women","Robert Altman","https://www.criterion.com/films/712-3-women","https://github.com/brittonwalker/criterion-top-ten",""
"Leanne Shapton","3 Women","Robert Altman","https://www.criterion.com/films/712-3-women","https://github.com/brittonwalker/criterion-top-ten",""
"David Markey","3 Women","Robert Altman","https://www.criterion.com/films/712-3-women","https://github.com/brittonwalker/criterion-top-ten",""
"Allison Anders","3 Women","Robert Altman","https://www.criterion.com/films/712-3-women","https://github.com/brittonwalker/criterion-top-ten",""
"Jonathan Lethem","3 Women","Robert Altman","https://www.criterion.com/films/712-3-women","https://github.com/brittonwalker/criterion-top-ten",""
"Rachel Kushner","Two-Lane Blacktop","Monte Hellman","https://www.criterion.com/films/847-two-lane-blacktop","https://github.com/brittonwalker/criterion-top-ten",""
"Amy Seimetz","Two-Lane Blacktop","Monte Hellman","https://www.criterion.com/films/847-two-lane-blacktop","https://github.com/brittonwalker/criterion-top-ten",""
"Kleber Mendonça Filho","Two-Lane Blacktop","Monte Hellman","https://www.criterion.com/films/847-two-lane-blacktop","https://github.com/brittonwalker/criterion-top-ten",""
"David and Nathan Zellner","Two-Lane Blacktop","Monte Hellman","https://www.criterion.com/films/847-two-lane-blacktop","https://github.com/brittonwalker/criterion-top-ten",""
"Doug Nichol","Two-Lane Blacktop","Monte Hellman","https://www.criterion.com/films/847-two-lane-blacktop","https://github.com/brittonwalker/criterion-top-ten",""
"Steve Gunn","Two-Lane Blacktop","Monte Hellman","https://www.criterion.com/films/847-two-lane-blacktop","https://github.com/brittonwalker/criterion-top-ten",""
"K. K. Barrett","Two-Lane Blacktop","Monte Hellman","https://www.criterion.com/films/847-two-lane-blacktop","https://github.com/brittonwalker/criterion-top-ten",""
"Susie Bright ","Two-Lane Blacktop","Monte Hellman","https://www.criterion.com/films/847-two-lane-blacktop","https://github.com/brittonwalker/criterion-top-ten",""
"Edgar Wright","Two-Lane Blacktop","Monte Hellman","https://www.criterion.com/films/847-two-lane-blacktop","https://github.com/brittonwalker/criterion-top-ten",""
"Georgia Hubley","Two-Lane Blacktop","Monte Hellman","https://www.criterion.com/films/847-two-lane-blacktop","https://github.com/brittonwalker/criterion-top-ten",""
"Michael Atkinson","Two-Lane Blacktop","Monte Hellman","https://www.criterion.com/films/847-two-lane-blacktop","https://github.com/brittonwalker/criterion-top-ten",""
"Joe Swanberg","Two-Lane Blacktop","Monte Hellman","https://www.criterion.com/films/847-two-lane-blacktop","https://github.com/brittonwalker/criterion-top-ten",""
"Rachel Kushner","Downhill Racer","Michael Ritchie","https://www.criterion.com/films/20391-downhill-racer","https://github.com/brittonwalker/criterion-top-ten",""
"Julia Cafritz","Downhill Racer","Michael Ritchie","https://www.criterion.com/films/20391-downhill-racer","https://github.com/brittonwalker/criterion-top-ten",""
"Angus MacLachlan","Downhill Racer","Michael Ritchie","https://www.criterion.com/films/20391-downhill-racer","https://github.com/brittonwalker/criterion-top-ten",""
"Rachel Kushner","Red Desert","Michelangelo Antonioni","https://www.criterion.com/films/1454-red-desert","https://github.com/brittonwalker/criterion-top-ten",""
"Dennis Lim","Red Desert","Michelangelo Antonioni","https://www.criterion.com/films/1454-red-desert","https://github.com/brittonwalker/criterion-top-ten",""
"Christopher Radcliff and Lauren Wolkstein","Red Desert","Michelangelo Antonioni","https://www.criterion.com/films/1454-red-desert","https://github.com/brittonwalker/criterion-top-ten",""
"K. K. Barrett","Red Desert","Michelangelo Antonioni","https://www.criterion.com/films/1454-red-desert","https://github.com/brittonwalker/criterion-top-ten",""
"Geoff Dyer","Red Desert","Michelangelo Antonioni","https://www.criterion.com/films/1454-red-desert","https://github.com/brittonwalker/criterion-top-ten",""
"Brie Larson ","Red Desert","Michelangelo Antonioni","https://www.criterion.com/films/1454-red-desert","https://github.com/brittonwalker/criterion-top-ten",""
"Rachel Kushner","Black Girl","Ousmane Sembène","https://www.criterion.com/films/28849-black-girl","https://github.com/brittonwalker/criterion-top-ten",""
"Carrie Coon","Black Girl","Ousmane Sembène","https://www.criterion.com/films/28849-black-girl","https://github.com/brittonwalker/criterion-top-ten",""
"Kelly Reichardt","Black Girl","Ousmane Sembène","https://www.criterion.com/films/28849-black-girl","https://github.com/brittonwalker/criterion-top-ten",""
"Janicza Bravo","Black Girl","Ousmane Sembène","https://www.criterion.com/films/28849-black-girl","https://github.com/brittonwalker/criterion-top-ten",""
"Rachel Kushner","Hiroshima mon amour","Alain Resnais","https://www.criterion.com/films/217-hiroshima-mon-amour","https://github.com/brittonwalker/criterion-top-ten",""
"Isabel Sandoval","Hiroshima mon amour","Alain Resnais","https://www.criterion.com/films/217-hiroshima-mon-amour","https://github.com/brittonwalker/criterion-top-ten",""
"Ali Abbasi","Hiroshima mon amour","Alain Resnais","https://www.criterion.com/films/217-hiroshima-mon-amour","https://github.com/brittonwalker/criterion-top-ten",""
"Rachel Kushner","Léon Morin, Priest","Jean-Pierre Melville","https://www.criterion.com/films/27660-lon-morin-priest","https://github.com/brittonwalker/criterion-top-ten",""
"Richard Hell","Léon Morin, Priest","Jean-Pierre Melville","https://www.criterion.com/films/27660-lon-morin-priest","https://github.com/brittonwalker/criterion-top-ten",""
"Rachel Kushner","Mishima: A Life in Four Chapters","Paul Schrader","https://www.criterion.com/films/588-mishima-a-life-in-four-chapters","https://github.com/brittonwalker/criterion-top-ten",""
"Ben Wheatley","Mishima: A Life in Four Chapters","Paul Schrader","https://www.criterion.com/films/588-mishima-a-life-in-four-chapters","https://github.com/brittonwalker/criterion-top-ten",""
"K. K. Barrett","Mishima: A Life in Four Chapters","Paul Schrader","https://www.criterion.com/films/588-mishima-a-life-in-four-chapters","https://github.com/brittonwalker/criterion-top-ten",""
"Stella Mozgawa","Mishima: A Life in Four Chapters","Paul Schrader","https://www.criterion.com/films/588-mishima-a-life-in-four-chapters","https://github.com/brittonwalker/criterion-top-ten",""
"Daniel Lopatin","Mishima: A Life in Four Chapters","Paul Schrader","https://www.criterion.com/films/588-mishima-a-life-in-four-chapters","https://github.com/brittonwalker/criterion-top-ten",""
"Andrew Weil","Mishima: A Life in Four Chapters","Paul Schrader","https://www.criterion.com/films/588-mishima-a-life-in-four-chapters","https://github.com/brittonwalker/criterion-top-ten",""
"John Bailey","Mishima: A Life in Four Chapters","Paul Schrader","https://www.criterion.com/films/588-mishima-a-life-in-four-chapters","https://github.com/brittonwalker/criterion-top-ten",""
"Wes Anderson","Mishima: A Life in Four Chapters","Paul Schrader","https://www.criterion.com/films/588-mishima-a-life-in-four-chapters","https://github.com/brittonwalker/criterion-top-ten",""
"Azazel Jacobs","La vie de bohème","Aki Kaurismäki","https://www.criterion.com/films/28086-la-vie-de-bohme","https://github.com/brittonwalker/criterion-top-ten",""
"Azazel Jacobs","Trouble in Paradise","Ernst Lubitsch","https://www.criterion.com/films/723-trouble-in-paradise","https://github.com/brittonwalker/criterion-top-ten",""
"Miguel Arteta ","Trouble in Paradise","Ernst Lubitsch","https://www.criterion.com/films/723-trouble-in-paradise","https://github.com/brittonwalker/criterion-top-ten",""
"Angus MacLachlan","Trouble in Paradise","Ernst Lubitsch","https://www.criterion.com/films/723-trouble-in-paradise","https://github.com/brittonwalker/criterion-top-ten",""
"David Schwartz","Trouble in Paradise","Ernst Lubitsch","https://www.criterion.com/films/723-trouble-in-paradise","https://github.com/brittonwalker/criterion-top-ten",""
"Tom Schnabel","Trouble in Paradise","Ernst Lubitsch","https://www.criterion.com/films/723-trouble-in-paradise","https://github.com/brittonwalker/criterion-top-ten",""
"Bruce Goldstein","Trouble in Paradise","Ernst Lubitsch","https://www.criterion.com/films/723-trouble-in-paradise","https://github.com/brittonwalker/criterion-top-ten",""
"Azazel Jacobs","PlayTime","Jacques Tati","https://www.criterion.com/films/651-playtime","https://github.com/brittonwalker/criterion-top-ten",""
"Kelly Reichardt","PlayTime","Jacques Tati","https://www.criterion.com/films/651-playtime","https://github.com/brittonwalker/criterion-top-ten",""
"Ruben Östlund","PlayTime","Jacques Tati","https://www.criterion.com/films/651-playtime","https://github.com/brittonwalker/criterion-top-ten",""
"Ken Jennings","PlayTime","Jacques Tati","https://www.criterion.com/films/651-playtime","https://github.com/brittonwalker/criterion-top-ten",""
"Reggie Watts","PlayTime","Jacques Tati","https://www.criterion.com/films/651-playtime","https://github.com/brittonwalker/criterion-top-ten",""
"Stella Mozgawa","PlayTime","Jacques Tati","https://www.criterion.com/films/651-playtime","https://github.com/brittonwalker/criterion-top-ten",""
"Frederick Elmes","PlayTime","Jacques Tati","https://www.criterion.com/films/651-playtime","https://github.com/brittonwalker/criterion-top-ten",""
"Pedro Costa","PlayTime","Jacques Tati","https://www.criterion.com/films/651-playtime","https://github.com/brittonwalker/criterion-top-ten",""
"Robin Wood","PlayTime","Jacques Tati","https://www.criterion.com/films/651-playtime","https://github.com/brittonwalker/criterion-top-ten",""
"Jean-Pierre Gorin","PlayTime","Jacques Tati","https://www.criterion.com/films/651-playtime","https://github.com/brittonwalker/criterion-top-ten",""
"Azazel Jacobs","Shock Corridor","Samuel Fuller","https://www.criterion.com/films/534-shock-corridor","https://github.com/brittonwalker/criterion-top-ten",""
"David and Nathan Zellner","Shock Corridor","Samuel Fuller","https://www.criterion.com/films/534-shock-corridor","https://github.com/brittonwalker/criterion-top-ten",""
"Miguel Arteta ","Shock Corridor","Samuel Fuller","https://www.criterion.com/films/534-shock-corridor","https://github.com/brittonwalker/criterion-top-ten",""
"Christa Lang-Fuller","Shock Corridor","Samuel Fuller","https://www.criterion.com/films/534-shock-corridor","https://github.com/brittonwalker/criterion-top-ten",""
"Azazel Jacobs","Harold and Maude","Hal Ashby","https://www.criterion.com/films/27896-harold-and-maude","https://github.com/brittonwalker/criterion-top-ten",""
"Josephine Decker","Harold and Maude","Hal Ashby","https://www.criterion.com/films/27896-harold-and-maude","https://github.com/brittonwalker/criterion-top-ten",""
"Kasi Lemmons","Harold and Maude","Hal Ashby","https://www.criterion.com/films/27896-harold-and-maude","https://github.com/brittonwalker/criterion-top-ten",""
"John Grant","Harold and Maude","Hal Ashby","https://www.criterion.com/films/27896-harold-and-maude","https://github.com/brittonwalker/criterion-top-ten",""
"Sloane Crosley","Harold and Maude","Hal Ashby","https://www.criterion.com/films/27896-harold-and-maude","https://github.com/brittonwalker/criterion-top-ten",""
"Zach Braff","Harold and Maude","Hal Ashby","https://www.criterion.com/films/27896-harold-and-maude","https://github.com/brittonwalker/criterion-top-ten",""
"Mike Portnoy","Harold and Maude","Hal Ashby","https://www.criterion.com/films/27896-harold-and-maude","https://github.com/brittonwalker/criterion-top-ten",""
"Keith Gordon","Harold and Maude","Hal Ashby","https://www.criterion.com/films/27896-harold-and-maude","https://github.com/brittonwalker/criterion-top-ten",""
"Sean Baker","Harold and Maude","Hal Ashby","https://www.criterion.com/films/27896-harold-and-maude","https://github.com/brittonwalker/criterion-top-ten",""
"Don Hertzfeldt","Harold and Maude","Hal Ashby","https://www.criterion.com/films/27896-harold-and-maude","https://github.com/brittonwalker/criterion-top-ten",""
"Will Oldham","Harold and Maude","Hal Ashby","https://www.criterion.com/films/27896-harold-and-maude","https://github.com/brittonwalker/criterion-top-ten",""
"Jonathan Caouette","Harold and Maude","Hal Ashby","https://www.criterion.com/films/27896-harold-and-maude","https://github.com/brittonwalker/criterion-top-ten",""
"Paul Feig ","Harold and Maude","Hal Ashby","https://www.criterion.com/films/27896-harold-and-maude","https://github.com/brittonwalker/criterion-top-ten",""
"Phil Rosenthal","Harold and Maude","Hal Ashby","https://www.criterion.com/films/27896-harold-and-maude","https://github.com/brittonwalker/criterion-top-ten",""
"Azazel Jacobs","The Breakfast Club","John Hughes","https://www.criterion.com/films/29272-the-breakfast-club","https://github.com/brittonwalker/criterion-top-ten",""
"Jessica Morgan","The Breakfast Club","John Hughes","https://www.criterion.com/films/29272-the-breakfast-club","https://github.com/brittonwalker/criterion-top-ten",""
"Azazel Jacobs","The Exterminating Angel","Luis Buñuel","https://www.criterion.com/films/1076-the-exterminating-angel","https://github.com/brittonwalker/criterion-top-ten",""
"Dennis Lim","The Exterminating Angel","Luis Buñuel","https://www.criterion.com/films/1076-the-exterminating-angel","https://github.com/brittonwalker/criterion-top-ten",""
"Alice Rohrwacher","The Exterminating Angel","Luis Buñuel","https://www.criterion.com/films/1076-the-exterminating-angel","https://github.com/brittonwalker/criterion-top-ten",""
"Don Hertzfeldt","The Exterminating Angel","Luis Buñuel","https://www.criterion.com/films/1076-the-exterminating-angel","https://github.com/brittonwalker/criterion-top-ten",""
"Brie Larson ","The Exterminating Angel","Luis Buñuel","https://www.criterion.com/films/1076-the-exterminating-angel","https://github.com/brittonwalker/criterion-top-ten",""
"Wes Anderson","The Exterminating Angel","Luis Buñuel","https://www.criterion.com/films/1076-the-exterminating-angel","https://github.com/brittonwalker/criterion-top-ten",""
"Pedro Costa","The Exterminating Angel","Luis Buñuel","https://www.criterion.com/films/1076-the-exterminating-angel","https://github.com/brittonwalker/criterion-top-ten",""
"Michael Atkinson","The Exterminating Angel","Luis Buñuel","https://www.criterion.com/films/1076-the-exterminating-angel","https://github.com/brittonwalker/criterion-top-ten",""
"Ramin Bahrani","The Exterminating Angel","Luis Buñuel","https://www.criterion.com/films/1076-the-exterminating-angel","https://github.com/brittonwalker/criterion-top-ten",""
"Azazel Jacobs","The Discreet Charm of the Bourgeoisie","Luis Buñuel","https://www.criterion.com/films/310-the-discreet-charm-of-the-bourgeoisie","https://github.com/brittonwalker/criterion-top-ten",""
"Carlos Reygadas","The Discreet Charm of the Bourgeoisie","Luis Buñuel","https://www.criterion.com/films/310-the-discreet-charm-of-the-bourgeoisie","https://github.com/brittonwalker/criterion-top-ten",""
"Raúl Castillo","The Discreet Charm of the Bourgeoisie","Luis Buñuel","https://www.criterion.com/films/310-the-discreet-charm-of-the-bourgeoisie","https://github.com/brittonwalker/criterion-top-ten",""
"Alan Rudolph","The Discreet Charm of the Bourgeoisie","Luis Buñuel","https://www.criterion.com/films/310-the-discreet-charm-of-the-bourgeoisie","https://github.com/brittonwalker/criterion-top-ten",""
"Ruben Östlund","The Discreet Charm of the Bourgeoisie","Luis Buñuel","https://www.criterion.com/films/310-the-discreet-charm-of-the-bourgeoisie","https://github.com/brittonwalker/criterion-top-ten",""
"Roger Corman","The Discreet Charm of the Bourgeoisie","Luis Buñuel","https://www.criterion.com/films/310-the-discreet-charm-of-the-bourgeoisie","https://github.com/brittonwalker/criterion-top-ten",""
"Edgar Wright","The Discreet Charm of the Bourgeoisie","Luis Buñuel","https://www.criterion.com/films/310-the-discreet-charm-of-the-bourgeoisie","https://github.com/brittonwalker/criterion-top-ten",""
"Georgia Hubley","The Discreet Charm of the Bourgeoisie","Luis Buñuel","https://www.criterion.com/films/310-the-discreet-charm-of-the-bourgeoisie","https://github.com/brittonwalker/criterion-top-ten",""
"Marcel Dzama","The Discreet Charm of the Bourgeoisie","Luis Buñuel","https://www.criterion.com/films/310-the-discreet-charm-of-the-bourgeoisie","https://github.com/brittonwalker/criterion-top-ten",""
"Xavier Dolan","The Discreet Charm of the Bourgeoisie","Luis Buñuel","https://www.criterion.com/films/310-the-discreet-charm-of-the-bourgeoisie","https://github.com/brittonwalker/criterion-top-ten",""
"Michael Atkinson","The Discreet Charm of the Bourgeoisie","Luis Buñuel","https://www.criterion.com/films/310-the-discreet-charm-of-the-bourgeoisie","https://github.com/brittonwalker/criterion-top-ten",""
"Tom Schnabel","The Discreet Charm of the Bourgeoisie","Luis Buñuel","https://www.criterion.com/films/310-the-discreet-charm-of-the-bourgeoisie","https://github.com/brittonwalker/criterion-top-ten",""
"Nicolas Roeg","The Discreet Charm of the Bourgeoisie","Luis Buñuel","https://www.criterion.com/films/310-the-discreet-charm-of-the-bourgeoisie","https://github.com/brittonwalker/criterion-top-ten",""
"Peter Cowie","The Discreet Charm of the Bourgeoisie","Luis Buñuel","https://www.criterion.com/films/310-the-discreet-charm-of-the-bourgeoisie","https://github.com/brittonwalker/criterion-top-ten",""
"Lili Horvát","Fanny and Alexander: Television Version","Ingmar Bergman","https://www.criterion.com/films/626-fanny-and-alexander-television-version","https://github.com/brittonwalker/criterion-top-ten",""
"Karyn Kusama","Fanny and Alexander: Television Version","Ingmar Bergman","https://www.criterion.com/films/626-fanny-and-alexander-television-version","https://github.com/brittonwalker/criterion-top-ten",""
"Pat Healy","Fanny and Alexander: Television Version","Ingmar Bergman","https://www.criterion.com/films/626-fanny-and-alexander-television-version","https://github.com/brittonwalker/criterion-top-ten",""
"Aaron Katz's Top 10 ","Fanny and Alexander: Television Version","Ingmar Bergman","https://www.criterion.com/films/626-fanny-and-alexander-television-version","https://github.com/brittonwalker/criterion-top-ten",""
"Bruce Beresford","Fanny and Alexander: Television Version","Ingmar Bergman","https://www.criterion.com/films/626-fanny-and-alexander-television-version","https://github.com/brittonwalker/criterion-top-ten",""
"Olivier Assayas","Fanny and Alexander: Television Version","Ingmar Bergman","https://www.criterion.com/films/626-fanny-and-alexander-television-version","https://github.com/brittonwalker/criterion-top-ten",""
"Angus MacLachlan","Fanny and Alexander: Television Version","Ingmar Bergman","https://www.criterion.com/films/626-fanny-and-alexander-television-version","https://github.com/brittonwalker/criterion-top-ten",""
"Richard Linklater","Fanny and Alexander: Television Version","Ingmar Bergman","https://www.criterion.com/films/626-fanny-and-alexander-television-version","https://github.com/brittonwalker/criterion-top-ten",""
"Rian Johnson","Fanny and Alexander: Television Version","Ingmar Bergman","https://www.criterion.com/films/626-fanny-and-alexander-television-version","https://github.com/brittonwalker/criterion-top-ten",""
"Lili Horvát","The Marriage of Maria Braun","Rainer Werner Fassbinder","https://www.criterion.com/films/592-the-marriage-of-maria-braun","https://github.com/brittonwalker/criterion-top-ten",""
"Mark Cousins","The Marriage of Maria Braun","Rainer Werner Fassbinder","https://www.criterion.com/films/592-the-marriage-of-maria-braun","https://github.com/brittonwalker/criterion-top-ten",""
"Lena Dunham ","The Marriage of Maria Braun","Rainer Werner Fassbinder","https://www.criterion.com/films/592-the-marriage-of-maria-braun","https://github.com/brittonwalker/criterion-top-ten",""
"Christa Lang-Fuller","The Marriage of Maria Braun","Rainer Werner Fassbinder","https://www.criterion.com/films/592-the-marriage-of-maria-braun","https://github.com/brittonwalker/criterion-top-ten",""
"Lili Horvát","The Man Who Fell to Earth","Nicolas Roeg","https://www.criterion.com/films/755-the-man-who-fell-to-earth","https://github.com/brittonwalker/criterion-top-ten",""
"Amy Seimetz","The Man Who Fell to Earth","Nicolas Roeg","https://www.criterion.com/films/755-the-man-who-fell-to-earth","https://github.com/brittonwalker/criterion-top-ten",""
"Anna Sui","The Man Who Fell to Earth","Nicolas Roeg","https://www.criterion.com/films/755-the-man-who-fell-to-earth","https://github.com/brittonwalker/criterion-top-ten",""
"Keith Gordon","The Man Who Fell to Earth","Nicolas Roeg","https://www.criterion.com/films/755-the-man-who-fell-to-earth","https://github.com/brittonwalker/criterion-top-ten",""
"Bong Joon-ho","The Man Who Fell to Earth","Nicolas Roeg","https://www.criterion.com/films/755-the-man-who-fell-to-earth","https://github.com/brittonwalker/criterion-top-ten",""
"Andrew Haigh ","The Man Who Fell to Earth","Nicolas Roeg","https://www.criterion.com/films/755-the-man-who-fell-to-earth","https://github.com/brittonwalker/criterion-top-ten",""
"Jonathan Lethem","The Man Who Fell to Earth","Nicolas Roeg","https://www.criterion.com/films/755-the-man-who-fell-to-earth","https://github.com/brittonwalker/criterion-top-ten",""
"Mike Allred","The Man Who Fell to Earth","Nicolas Roeg","https://www.criterion.com/films/755-the-man-who-fell-to-earth","https://github.com/brittonwalker/criterion-top-ten",""
"Lili Horvát","Love Streams","John Cassavetes","https://www.criterion.com/films/28032-love-streams","https://github.com/brittonwalker/criterion-top-ten",""
"Dennis Lim","Love Streams","John Cassavetes","https://www.criterion.com/films/28032-love-streams","https://github.com/brittonwalker/criterion-top-ten",""
"Stephen Cone","Love Streams","John Cassavetes","https://www.criterion.com/films/28032-love-streams","https://github.com/brittonwalker/criterion-top-ten",""
"Jesse Malin","Love Streams","John Cassavetes","https://www.criterion.com/films/28032-love-streams","https://github.com/brittonwalker/criterion-top-ten",""
"Robert Greene","Love Streams","John Cassavetes","https://www.criterion.com/films/28032-love-streams","https://github.com/brittonwalker/criterion-top-ten",""
"Will Oldham","Love Streams","John Cassavetes","https://www.criterion.com/films/28032-love-streams","https://github.com/brittonwalker/criterion-top-ten",""
"Lili Horvát","His Girl Friday","Howard Hawks","https://www.criterion.com/films/27903-his-girl-friday","https://github.com/brittonwalker/criterion-top-ten",""
"Lili Horvát","L’avventura","Michelangelo Antonioni","https://www.criterion.com/films/209-lavventura","https://github.com/brittonwalker/criterion-top-ten",""
"Meg Baird","L’avventura","Michelangelo Antonioni","https://www.criterion.com/films/209-lavventura","https://github.com/brittonwalker/criterion-top-ten",""
"Bruce Beresford","L’avventura","Michelangelo Antonioni","https://www.criterion.com/films/209-lavventura","https://github.com/brittonwalker/criterion-top-ten",""
"Hossein Amini","L’avventura","Michelangelo Antonioni","https://www.criterion.com/films/209-lavventura","https://github.com/brittonwalker/criterion-top-ten",""
"Martin Scorsese","L’avventura","Michelangelo Antonioni","https://www.criterion.com/films/209-lavventura","https://github.com/brittonwalker/criterion-top-ten",""
"Roger Corman","L’avventura","Michelangelo Antonioni","https://www.criterion.com/films/209-lavventura","https://github.com/brittonwalker/criterion-top-ten",""
"Andrew Haigh ","L’avventura","Michelangelo Antonioni","https://www.criterion.com/films/209-lavventura","https://github.com/brittonwalker/criterion-top-ten",""
"Angus MacLachlan","L’avventura","Michelangelo Antonioni","https://www.criterion.com/films/209-lavventura","https://github.com/brittonwalker/criterion-top-ten",""
"Götz Spielmann","L’avventura","Michelangelo Antonioni","https://www.criterion.com/films/209-lavventura","https://github.com/brittonwalker/criterion-top-ten",""
"James Franco","L’avventura","Michelangelo Antonioni","https://www.criterion.com/films/209-lavventura","https://github.com/brittonwalker/criterion-top-ten",""
"Leanne Shapton","L’avventura","Michelangelo Antonioni","https://www.criterion.com/films/209-lavventura","https://github.com/brittonwalker/criterion-top-ten",""
"Nicolas Roeg","L’avventura","Michelangelo Antonioni","https://www.criterion.com/films/209-lavventura","https://github.com/brittonwalker/criterion-top-ten",""
"Peter Cowie","L’avventura","Michelangelo Antonioni","https://www.criterion.com/films/209-lavventura","https://github.com/brittonwalker/criterion-top-ten",""
"Carrie Coon","An Unmarried Woman","Paul Mazursky","https://www.criterion.com/films/29597-an-unmarried-woman","https://github.com/brittonwalker/criterion-top-ten",""
"Carrie Coon","Dekalog","Krzysztof Kieślowski","https://www.criterion.com/films/28661-dekalog","https://github.com/brittonwalker/criterion-top-ten",""
"The Ross Brothers’ Top 10","Dekalog","Krzysztof Kieślowski","https://www.criterion.com/films/28661-dekalog","https://github.com/brittonwalker/criterion-top-ten",""
"Mike Portnoy","Dekalog","Krzysztof Kieślowski","https://www.criterion.com/films/28661-dekalog","https://github.com/brittonwalker/criterion-top-ten",""
"Ramin Bahrani","Dekalog","Krzysztof Kieślowski","https://www.criterion.com/films/28661-dekalog","https://github.com/brittonwalker/criterion-top-ten",""
"Carrie Coon","The Cremator","Juraj Herz","https://www.criterion.com/films/27853-the-cremator","https://github.com/brittonwalker/criterion-top-ten",""
"Carrie Coon","Chungking Express","Wong Kar Wai","https://www.criterion.com/films/226-chungking-express","https://github.com/brittonwalker/criterion-top-ten",""
"Christophe Honoré","Chungking Express","Wong Kar Wai","https://www.criterion.com/films/226-chungking-express","https://github.com/brittonwalker/criterion-top-ten",""
"Steven Yeun","Chungking Express","Wong Kar Wai","https://www.criterion.com/films/226-chungking-express","https://github.com/brittonwalker/criterion-top-ten",""
"Meg Baird","Chungking Express","Wong Kar Wai","https://www.criterion.com/films/226-chungking-express","https://github.com/brittonwalker/criterion-top-ten",""
"Olivier Assayas","Chungking Express","Wong Kar Wai","https://www.criterion.com/films/226-chungking-express","https://github.com/brittonwalker/criterion-top-ten",""
"Will Oldham","Chungking Express","Wong Kar Wai","https://www.criterion.com/films/226-chungking-express","https://github.com/brittonwalker/criterion-top-ten",""
"Anthony Bourdain","Chungking Express","Wong Kar Wai","https://www.criterion.com/films/226-chungking-express","https://github.com/brittonwalker/criterion-top-ten",""
"Carrie Coon","Merry Christmas Mr. Lawrence","Nagisa Oshima","https://www.criterion.com/films/27512-merry-christmas-mr-lawrence","https://github.com/brittonwalker/criterion-top-ten",""
"Tracy Letts","Merry Christmas Mr. Lawrence","Nagisa Oshima","https://www.criterion.com/films/27512-merry-christmas-mr-lawrence","https://github.com/brittonwalker/criterion-top-ten",""
"Christopher Nolan","Merry Christmas Mr. Lawrence","Nagisa Oshima","https://www.criterion.com/films/27512-merry-christmas-mr-lawrence","https://github.com/brittonwalker/criterion-top-ten",""
"Anthony Bourdain","Merry Christmas Mr. Lawrence","Nagisa Oshima","https://www.criterion.com/films/27512-merry-christmas-mr-lawrence","https://github.com/brittonwalker/criterion-top-ten",""
"Carrie Coon","Portrait of a Lady on Fire","Céline Sciamma","https://www.criterion.com/films/30469-portrait-of-a-lady-on-fire","https://github.com/brittonwalker/criterion-top-ten",""
"Josephine Decker","Portrait of a Lady on Fire","Céline Sciamma","https://www.criterion.com/films/30469-portrait-of-a-lady-on-fire","https://github.com/brittonwalker/criterion-top-ten",""
"Pietro Marcello","L’Atalante","Jean Vigo","https://www.criterion.com/films/27758-latalante","https://github.com/brittonwalker/criterion-top-ten",""
"Anna Sui","L’Atalante","Jean Vigo","https://www.criterion.com/films/27758-latalante","https://github.com/brittonwalker/criterion-top-ten",""
"Tim Forbes","L’Atalante","Jean Vigo","https://www.criterion.com/films/27758-latalante","https://github.com/brittonwalker/criterion-top-ten",""
"Kazu Kibuishi","L’Atalante","Jean Vigo","https://www.criterion.com/films/27758-latalante","https://github.com/brittonwalker/criterion-top-ten",""
"Aki Kaurismäki ","L’Atalante","Jean Vigo","https://www.criterion.com/films/27758-latalante","https://github.com/brittonwalker/criterion-top-ten",""
"Pietro Marcello","Paisan","Roberto Rossellini","https://www.criterion.com/films/2415-paisan","https://github.com/brittonwalker/criterion-top-ten",""
"Jonas Carpignano","Paisan","Roberto Rossellini","https://www.criterion.com/films/2415-paisan","https://github.com/brittonwalker/criterion-top-ten",""
"Martin Scorsese","Paisan","Roberto Rossellini","https://www.criterion.com/films/2415-paisan","https://github.com/brittonwalker/criterion-top-ten",""
"Haskell Wexler","Paisan","Roberto Rossellini","https://www.criterion.com/films/2415-paisan","https://github.com/brittonwalker/criterion-top-ten",""
"John Bailey","Paisan","Roberto Rossellini","https://www.criterion.com/films/2415-paisan","https://github.com/brittonwalker/criterion-top-ten",""
"Pietro Marcello","Mon oncle","Jacques Tati","https://www.criterion.com/films/650-mon-oncle","https://github.com/brittonwalker/criterion-top-ten",""
"Carlos Reygadas","Mon oncle","Jacques Tati","https://www.criterion.com/films/650-mon-oncle","https://github.com/brittonwalker/criterion-top-ten",""
"João Pedro Rodrigues","Mon oncle","Jacques Tati","https://www.criterion.com/films/650-mon-oncle","https://github.com/brittonwalker/criterion-top-ten",""
"Dave Filipi","Mon oncle","Jacques Tati","https://www.criterion.com/films/650-mon-oncle","https://github.com/brittonwalker/criterion-top-ten",""
"Bill Plympton","Mon oncle","Jacques Tati","https://www.criterion.com/films/650-mon-oncle","https://github.com/brittonwalker/criterion-top-ten",""
"Pietro Marcello","The Apu Trilogy","Satyajit Ray","https://www.criterion.com/films/1145-the-apu-trilogy","https://github.com/brittonwalker/criterion-top-ten",""
"Pietro Marcello","Cléo from 5 to 7","Agnès Varda","https://www.criterion.com/films/244-clo-from-5-to-7","https://github.com/brittonwalker/criterion-top-ten",""
"Rodarte","Cléo from 5 to 7","Agnès Varda","https://www.criterion.com/films/244-clo-from-5-to-7","https://github.com/brittonwalker/criterion-top-ten",""
"Lena Dunham ","Cléo from 5 to 7","Agnès Varda","https://www.criterion.com/films/244-clo-from-5-to-7","https://github.com/brittonwalker/criterion-top-ten",""
"Andrew Haigh ","Cléo from 5 to 7","Agnès Varda","https://www.criterion.com/films/244-clo-from-5-to-7","https://github.com/brittonwalker/criterion-top-ten",""
"David Schwartz","Cléo from 5 to 7","Agnès Varda","https://www.criterion.com/films/244-clo-from-5-to-7","https://github.com/brittonwalker/criterion-top-ten",""
"Pietro Marcello","The Umbrellas of Cherbourg","Jacques Demy","https://www.criterion.com/films/27933-the-umbrellas-of-cherbourg","https://github.com/brittonwalker/criterion-top-ten",""
"Amy Seimetz","The Umbrellas of Cherbourg","Jacques Demy","https://www.criterion.com/films/27933-the-umbrellas-of-cherbourg","https://github.com/brittonwalker/criterion-top-ten",""
"Pat Healy","The Umbrellas of Cherbourg","Jacques Demy","https://www.criterion.com/films/27933-the-umbrellas-of-cherbourg","https://github.com/brittonwalker/criterion-top-ten",""
"Pietro Marcello","The Tree of Wooden Clogs","Ermanno Olmi","https://www.criterion.com/films/28599-the-tree-of-wooden-clogs","https://github.com/brittonwalker/criterion-top-ten",""
"Alice Rohrwacher","The Tree of Wooden Clogs","Ermanno Olmi","https://www.criterion.com/films/28599-the-tree-of-wooden-clogs","https://github.com/brittonwalker/criterion-top-ten",""
"Pietro Marcello","The Ascent","Larisa Shepitko","https://www.criterion.com/films/561-the-ascent","https://github.com/brittonwalker/criterion-top-ten",""
"​Jon Dieringer","The Ascent","Larisa Shepitko","https://www.criterion.com/films/561-the-ascent","https://github.com/brittonwalker/criterion-top-ten",""
"Ben Wheatley","The Ascent","Larisa Shepitko","https://www.criterion.com/films/561-the-ascent","https://github.com/brittonwalker/criterion-top-ten",""
"James Schamus","The Ascent","Larisa Shepitko","https://www.criterion.com/films/561-the-ascent","https://github.com/brittonwalker/criterion-top-ten",""
"Zola Jesus","The Ascent","Larisa Shepitko","https://www.criterion.com/films/561-the-ascent","https://github.com/brittonwalker/criterion-top-ten",""
"Pietro Marcello","Come and See","Elem Klimov","https://www.criterion.com/films/28895-come-and-see","https://github.com/brittonwalker/criterion-top-ten",""
"Isabel Sandoval","La Jetée","Chris Marker","https://www.criterion.com/films/329-la-jete","https://github.com/brittonwalker/criterion-top-ten",""
"Alison Maclean","La Jetée","Chris Marker","https://www.criterion.com/films/329-la-jete","https://github.com/brittonwalker/criterion-top-ten",""
"James Schamus","La Jetée","Chris Marker","https://www.criterion.com/films/329-la-jete","https://github.com/brittonwalker/criterion-top-ten",""
"Kazu Kibuishi","La Jetée","Chris Marker","https://www.criterion.com/films/329-la-jete","https://github.com/brittonwalker/criterion-top-ten",""
"Dave Filipi","La Jetée","Chris Marker","https://www.criterion.com/films/329-la-jete","https://github.com/brittonwalker/criterion-top-ten",""
"David Hudson","La Jetée","Chris Marker","https://www.criterion.com/films/329-la-jete","https://github.com/brittonwalker/criterion-top-ten",""
"Isabel Sandoval","Woman in the Dunes","Hiroshi Teshigahara","https://www.criterion.com/films/826-woman-in-the-dunes","https://github.com/brittonwalker/criterion-top-ten",""
"Barnaby Clay","Woman in the Dunes","Hiroshi Teshigahara","https://www.criterion.com/films/826-woman-in-the-dunes","https://github.com/brittonwalker/criterion-top-ten",""
"Keegan McHargue","Woman in the Dunes","Hiroshi Teshigahara","https://www.criterion.com/films/826-woman-in-the-dunes","https://github.com/brittonwalker/criterion-top-ten",""
"Tom Schnabel","Woman in the Dunes","Hiroshi Teshigahara","https://www.criterion.com/films/826-woman-in-the-dunes","https://github.com/brittonwalker/criterion-top-ten",""
"Isabel Sandoval","Klute","Alan J. Pakula","https://www.criterion.com/films/28708-klute","https://github.com/brittonwalker/criterion-top-ten",""
"Isabel Sandoval","Insiang","Lino Brocka","https://www.criterion.com/films/29099-insiang","https://github.com/brittonwalker/criterion-top-ten",""
"Isabel Sandoval","Punch-Drunk Love","Paul Thomas Anderson","https://www.criterion.com/films/27916-punch-drunk-love","https://github.com/brittonwalker/criterion-top-ten",""
"Kleber Mendonça Filho","Punch-Drunk Love","Paul Thomas Anderson","https://www.criterion.com/films/27916-punch-drunk-love","https://github.com/brittonwalker/criterion-top-ten",""
"Dennis Lim","Punch-Drunk Love","Paul Thomas Anderson","https://www.criterion.com/films/27916-punch-drunk-love","https://github.com/brittonwalker/criterion-top-ten",""
"Steven Yeun","Punch-Drunk Love","Paul Thomas Anderson","https://www.criterion.com/films/27916-punch-drunk-love","https://github.com/brittonwalker/criterion-top-ten",""
"Isabel Sandoval","The Cranes Are Flying","Mikhail Kalatozov","https://www.criterion.com/films/547-the-cranes-are-flying","https://github.com/brittonwalker/criterion-top-ten",""
"Jeremiah Zagar","The Cranes Are Flying","Mikhail Kalatozov","https://www.criterion.com/films/547-the-cranes-are-flying","https://github.com/brittonwalker/criterion-top-ten",""
"Haskell Wexler","The Cranes Are Flying","Mikhail Kalatozov","https://www.criterion.com/films/547-the-cranes-are-flying","https://github.com/brittonwalker/criterion-top-ten",""
"Xavier Dolan","The Cranes Are Flying","Mikhail Kalatozov","https://www.criterion.com/films/547-the-cranes-are-flying","https://github.com/brittonwalker/criterion-top-ten",""
"Isabel Sandoval","The Big City","Satyajit Ray","https://www.criterion.com/films/28448-the-big-city","https://github.com/brittonwalker/criterion-top-ten",""
"Amy Seimetz","Purple Noon","René Clément","https://www.criterion.com/films/27810-purple-noon","https://github.com/brittonwalker/criterion-top-ten",""
"Amy Seimetz","The American Friend","Wim Wenders","https://www.criterion.com/films/28763-the-american-friend","https://github.com/brittonwalker/criterion-top-ten",""
"Brian Raftery","The American Friend","Wim Wenders","https://www.criterion.com/films/28763-the-american-friend","https://github.com/brittonwalker/criterion-top-ten",""
"Lev Kalman","The American Friend","Wim Wenders","https://www.criterion.com/films/28763-the-american-friend","https://github.com/brittonwalker/criterion-top-ten",""
"Douglas Hart","The American Friend","Wim Wenders","https://www.criterion.com/films/28763-the-american-friend","https://github.com/brittonwalker/criterion-top-ten",""
"Amy Seimetz","Walkabout","Nicolas Roeg","https://www.criterion.com/films/522-walkabout","https://github.com/brittonwalker/criterion-top-ten",""
"Kelly Reichardt","Walkabout","Nicolas Roeg","https://www.criterion.com/films/522-walkabout","https://github.com/brittonwalker/criterion-top-ten",""
"Keith Gordon","Walkabout","Nicolas Roeg","https://www.criterion.com/films/522-walkabout","https://github.com/brittonwalker/criterion-top-ten",""
"Will Oldham","Walkabout","Nicolas Roeg","https://www.criterion.com/films/522-walkabout","https://github.com/brittonwalker/criterion-top-ten",""
"Edgar Wright","Walkabout","Nicolas Roeg","https://www.criterion.com/films/522-walkabout","https://github.com/brittonwalker/criterion-top-ten",""
"Adam Yauch","Walkabout","Nicolas Roeg","https://www.criterion.com/films/522-walkabout","https://github.com/brittonwalker/criterion-top-ten",""
"Kevin Macdonald","Walkabout","Nicolas Roeg","https://www.criterion.com/films/522-walkabout","https://github.com/brittonwalker/criterion-top-ten",""
"Frank Kozik","Walkabout","Nicolas Roeg","https://www.criterion.com/films/522-walkabout","https://github.com/brittonwalker/criterion-top-ten",""
"Amy Seimetz","Alphaville","Jean-Luc Godard","https://www.criterion.com/films/207-alphaville","https://github.com/brittonwalker/criterion-top-ten",""
"Tunde Adebimpe","Alphaville","Jean-Luc Godard","https://www.criterion.com/films/207-alphaville","https://github.com/brittonwalker/criterion-top-ten",""
"Ben Wheatley","Alphaville","Jean-Luc Godard","https://www.criterion.com/films/207-alphaville","https://github.com/brittonwalker/criterion-top-ten",""
"Nicholas Stoller","Alphaville","Jean-Luc Godard","https://www.criterion.com/films/207-alphaville","https://github.com/brittonwalker/criterion-top-ten",""
"Nathan Lee","Alphaville","Jean-Luc Godard","https://www.criterion.com/films/207-alphaville","https://github.com/brittonwalker/criterion-top-ten",""
"Christa Lang-Fuller","Alphaville","Jean-Luc Godard","https://www.criterion.com/films/207-alphaville","https://github.com/brittonwalker/criterion-top-ten",""
"The Ross Brothers’ Top 10","Touki bouki","Djibril Diop Mambéty","https://www.criterion.com/films/28412-touki-bouki","https://github.com/brittonwalker/criterion-top-ten",""
"Sofia Bohdanowicz and Deragh Campbell","Touki bouki","Djibril Diop Mambéty","https://www.criterion.com/films/28412-touki-bouki","https://github.com/brittonwalker/criterion-top-ten",""
"Young Jean Lee","Touki bouki","Djibril Diop Mambéty","https://www.criterion.com/films/28412-touki-bouki","https://github.com/brittonwalker/criterion-top-ten",""
"Tunde Adebimpe","Touki bouki","Djibril Diop Mambéty","https://www.criterion.com/films/28412-touki-bouki","https://github.com/brittonwalker/criterion-top-ten",""
"Laura Mulvey","Touki bouki","Djibril Diop Mambéty","https://www.criterion.com/films/28412-touki-bouki","https://github.com/brittonwalker/criterion-top-ten",""
"The Ross Brothers’ Top 10","Nashville","Robert Altman","https://www.criterion.com/films/28427-nashville","https://github.com/brittonwalker/criterion-top-ten",""
"Karyn Kusama","Nashville","Robert Altman","https://www.criterion.com/films/28427-nashville","https://github.com/brittonwalker/criterion-top-ten",""
"David and Nathan Zellner","Nashville","Robert Altman","https://www.criterion.com/films/28427-nashville","https://github.com/brittonwalker/criterion-top-ten",""
"Jonas Carpignano","Nashville","Robert Altman","https://www.criterion.com/films/28427-nashville","https://github.com/brittonwalker/criterion-top-ten",""
"Christopher Radcliff and Lauren Wolkstein","Nashville","Robert Altman","https://www.criterion.com/films/28427-nashville","https://github.com/brittonwalker/criterion-top-ten",""
"Joshua Z Weinstein","Nashville","Robert Altman","https://www.criterion.com/films/28427-nashville","https://github.com/brittonwalker/criterion-top-ten",""
"Jennifer Reeder","Nashville","Robert Altman","https://www.criterion.com/films/28427-nashville","https://github.com/brittonwalker/criterion-top-ten",""
"Bret Easton Ellis","Nashville","Robert Altman","https://www.criterion.com/films/28427-nashville","https://github.com/brittonwalker/criterion-top-ten",""
"Josh and Benny Safdie","Nashville","Robert Altman","https://www.criterion.com/films/28427-nashville","https://github.com/brittonwalker/criterion-top-ten",""
"Olivier Assayas","Nashville","Robert Altman","https://www.criterion.com/films/28427-nashville","https://github.com/brittonwalker/criterion-top-ten",""
"Bong Joon-ho","Nashville","Robert Altman","https://www.criterion.com/films/28427-nashville","https://github.com/brittonwalker/criterion-top-ten",""
"The Ross Brothers’ Top 10","Les Blank: Always for Pleasure","Les Blank","https://www.criterion.com/films/28658-les-blank-always-for-pleasure","https://github.com/brittonwalker/criterion-top-ten",""
"Tunde Adebimpe","Les Blank: Always for Pleasure","Les Blank","https://www.criterion.com/films/28658-les-blank-always-for-pleasure","https://github.com/brittonwalker/criterion-top-ten",""
"The Ross Brothers’ Top 10","Lions Love (. . . and Lies)","Agnès Varda","https://www.criterion.com/films/28628-lions-love-and-lies","https://github.com/brittonwalker/criterion-top-ten",""
"The Ross Brothers’ Top 10","L’eclisse","Michelangelo Antonioni","https://www.criterion.com/films/928-leclisse","https://github.com/brittonwalker/criterion-top-ten",""
"Douglas Hart","L’eclisse","Michelangelo Antonioni","https://www.criterion.com/films/928-leclisse","https://github.com/brittonwalker/criterion-top-ten",""
"Duncan Hannah","L’eclisse","Michelangelo Antonioni","https://www.criterion.com/films/928-leclisse","https://github.com/brittonwalker/criterion-top-ten",""
"Bret Easton Ellis","L’eclisse","Michelangelo Antonioni","https://www.criterion.com/films/928-leclisse","https://github.com/brittonwalker/criterion-top-ten",""
"John Bailey","L’eclisse","Michelangelo Antonioni","https://www.criterion.com/films/928-leclisse","https://github.com/brittonwalker/criterion-top-ten",""
"James Franco","L’eclisse","Michelangelo Antonioni","https://www.criterion.com/films/928-leclisse","https://github.com/brittonwalker/criterion-top-ten",""
"Michael Barker","L’eclisse","Michelangelo Antonioni","https://www.criterion.com/films/928-leclisse","https://github.com/brittonwalker/criterion-top-ten",""
"Ramin Bahrani","L’eclisse","Michelangelo Antonioni","https://www.criterion.com/films/928-leclisse","https://github.com/brittonwalker/criterion-top-ten",""
"The Ross Brothers’ Top 10","Husbands","John Cassavetes","https://www.criterion.com/films/28827-husbands","https://github.com/brittonwalker/criterion-top-ten",""
"The Ross Brothers’ Top 10","Scorsese Shorts","Martin Scorsese","https://www.criterion.com/films/30616-scorsese-shorts","https://github.com/brittonwalker/criterion-top-ten",""
"Josephine Decker","Band of Outsiders","Jean-Luc Godard","https://www.criterion.com/films/291-band-of-outsiders","https://github.com/brittonwalker/criterion-top-ten",""
"Anna Sui","Band of Outsiders","Jean-Luc Godard","https://www.criterion.com/films/291-band-of-outsiders","https://github.com/brittonwalker/criterion-top-ten",""
"Richard Hell","Band of Outsiders","Jean-Luc Godard","https://www.criterion.com/films/291-band-of-outsiders","https://github.com/brittonwalker/criterion-top-ten",""
"Robin Wood","Band of Outsiders","Jean-Luc Godard","https://www.criterion.com/films/291-band-of-outsiders","https://github.com/brittonwalker/criterion-top-ten",""
"Josephine Decker","Je tu il elle","Chantal Akerman","https://www.criterion.com/films/20962-je-tu-il-elle","https://github.com/brittonwalker/criterion-top-ten",""
"Susie Bright ","Je tu il elle","Chantal Akerman","https://www.criterion.com/films/20962-je-tu-il-elle","https://github.com/brittonwalker/criterion-top-ten",""
"Josephine Decker","La promesse","Luc Dardenne and Jean-Pierre Dardenne","https://www.criterion.com/films/28073-la-promesse","https://github.com/brittonwalker/criterion-top-ten",""
"Connor Jessup","La promesse","Luc Dardenne and Jean-Pierre Dardenne","https://www.criterion.com/films/28073-la-promesse","https://github.com/brittonwalker/criterion-top-ten",""
"Steve Gunn","La promesse","Luc Dardenne and Jean-Pierre Dardenne","https://www.criterion.com/films/28073-la-promesse","https://github.com/brittonwalker/criterion-top-ten",""
"Meg Baird","La promesse","Luc Dardenne and Jean-Pierre Dardenne","https://www.criterion.com/films/28073-la-promesse","https://github.com/brittonwalker/criterion-top-ten",""
"Josephine Decker","Me and You and Everyone We Know","Miranda July","https://www.criterion.com/films/29112-me-and-you-and-everyone-we-know","https://github.com/brittonwalker/criterion-top-ten",""
"Josephine Decker","Fish Tank","Andrea Arnold","https://www.criterion.com/films/27541-fish-tank","https://github.com/brittonwalker/criterion-top-ten",""
"Rashaad Ernesto Green","Fish Tank","Andrea Arnold","https://www.criterion.com/films/27541-fish-tank","https://github.com/brittonwalker/criterion-top-ten",""
"Kasi Lemmons","Fish Tank","Andrea Arnold","https://www.criterion.com/films/27541-fish-tank","https://github.com/brittonwalker/criterion-top-ten",""
"Hari Nef","Fish Tank","Andrea Arnold","https://www.criterion.com/films/27541-fish-tank","https://github.com/brittonwalker/criterion-top-ten",""
"Jonas Carpignano","Fish Tank","Andrea Arnold","https://www.criterion.com/films/27541-fish-tank","https://github.com/brittonwalker/criterion-top-ten",""
"Jennifer Reeder","Fish Tank","Andrea Arnold","https://www.criterion.com/films/27541-fish-tank","https://github.com/brittonwalker/criterion-top-ten",""
"Andrew Ahn","Fish Tank","Andrea Arnold","https://www.criterion.com/films/27541-fish-tank","https://github.com/brittonwalker/criterion-top-ten",""
"Austin Garrick","Fish Tank","Andrea Arnold","https://www.criterion.com/films/27541-fish-tank","https://github.com/brittonwalker/criterion-top-ten",""
"Lena Dunham ","Fish Tank","Andrea Arnold","https://www.criterion.com/films/27541-fish-tank","https://github.com/brittonwalker/criterion-top-ten",""
"Josephine Decker","Pan’s Labyrinth","Guillermo del Toro","https://www.criterion.com/films/28948-pans-labyrinth","https://github.com/brittonwalker/criterion-top-ten",""
"Jeremiah Zagar","Pan’s Labyrinth","Guillermo del Toro","https://www.criterion.com/films/28948-pans-labyrinth","https://github.com/brittonwalker/criterion-top-ten",""
"Clea DuVall","Pan’s Labyrinth","Guillermo del Toro","https://www.criterion.com/films/28948-pans-labyrinth","https://github.com/brittonwalker/criterion-top-ten",""
"Josephine Decker","The Last Temptation of Christ","Martin Scorsese","https://www.criterion.com/films/612-the-last-temptation-of-christ","https://github.com/brittonwalker/criterion-top-ten",""
"Phil Rosenthal","The Last Temptation of Christ","Martin Scorsese","https://www.criterion.com/films/612-the-last-temptation-of-christ","https://github.com/brittonwalker/criterion-top-ten",""
"Richard Linklater","The Last Temptation of Christ","Martin Scorsese","https://www.criterion.com/films/612-the-last-temptation-of-christ","https://github.com/brittonwalker/criterion-top-ten",""
"John Lurie","The Last Temptation of Christ","Martin Scorsese","https://www.criterion.com/films/612-the-last-temptation-of-christ","https://github.com/brittonwalker/criterion-top-ten",""
"Josephine Decker","Jules and Jim","François Truffaut","https://www.criterion.com/films/218-jules-and-jim","https://github.com/brittonwalker/criterion-top-ten",""
"Christophe Honoré","Jules and Jim","François Truffaut","https://www.criterion.com/films/218-jules-and-jim","https://github.com/brittonwalker/criterion-top-ten",""
"André Gregory and Wallace Shawn","Jules and Jim","François Truffaut","https://www.criterion.com/films/218-jules-and-jim","https://github.com/brittonwalker/criterion-top-ten",""
"Hossein Amini","Jules and Jim","François Truffaut","https://www.criterion.com/films/218-jules-and-jim","https://github.com/brittonwalker/criterion-top-ten",""
"Chris Hegedus","Jules and Jim","François Truffaut","https://www.criterion.com/films/218-jules-and-jim","https://github.com/brittonwalker/criterion-top-ten",""
"D. A. Pennebaker","Jules and Jim","François Truffaut","https://www.criterion.com/films/218-jules-and-jim","https://github.com/brittonwalker/criterion-top-ten",""
"Sofia Bohdanowicz and Deragh Campbell","Early Summer","Yasujiro Ozu","https://www.criterion.com/films/875-early-summer","https://github.com/brittonwalker/criterion-top-ten",""
"Sofia Bohdanowicz and Deragh Campbell","Certified Copy","Abbas Kiarostami","https://www.criterion.com/films/28353-certified-copy","https://github.com/brittonwalker/criterion-top-ten",""
"Sofia Bohdanowicz and Deragh Campbell","Le bonheur","Agnès Varda","https://www.criterion.com/films/525-le-bonheur","https://github.com/brittonwalker/criterion-top-ten",""
"Janicza Bravo","Le bonheur","Agnès Varda","https://www.criterion.com/films/525-le-bonheur","https://github.com/brittonwalker/criterion-top-ten",""
"Rodarte","Le bonheur","Agnès Varda","https://www.criterion.com/films/525-le-bonheur","https://github.com/brittonwalker/criterion-top-ten",""
"Young Jean Lee","Le bonheur","Agnès Varda","https://www.criterion.com/films/525-le-bonheur","https://github.com/brittonwalker/criterion-top-ten",""
"Mark Cousins","Le bonheur","Agnès Varda","https://www.criterion.com/films/525-le-bonheur","https://github.com/brittonwalker/criterion-top-ten",""
"Lena Dunham ","Le bonheur","Agnès Varda","https://www.criterion.com/films/525-le-bonheur","https://github.com/brittonwalker/criterion-top-ten",""
"Sofia Bohdanowicz and Deragh Campbell","Pierrot le fou","Jean-Luc Godard","https://www.criterion.com/films/149-pierrot-le-fou","https://github.com/brittonwalker/criterion-top-ten",""
"Paweł Pawlikowski","Pierrot le fou","Jean-Luc Godard","https://www.criterion.com/films/149-pierrot-le-fou","https://github.com/brittonwalker/criterion-top-ten",""
"Laura Mulvey","Pierrot le fou","Jean-Luc Godard","https://www.criterion.com/films/149-pierrot-le-fou","https://github.com/brittonwalker/criterion-top-ten",""
"Annie Baker","Pierrot le fou","Jean-Luc Godard","https://www.criterion.com/films/149-pierrot-le-fou","https://github.com/brittonwalker/criterion-top-ten",""
"Oren Moverman","Pierrot le fou","Jean-Luc Godard","https://www.criterion.com/films/149-pierrot-le-fou","https://github.com/brittonwalker/criterion-top-ten",""
"Xavier Dolan","Pierrot le fou","Jean-Luc Godard","https://www.criterion.com/films/149-pierrot-le-fou","https://github.com/brittonwalker/criterion-top-ten",""
"Michael Atkinson","Pierrot le fou","Jean-Luc Godard","https://www.criterion.com/films/149-pierrot-le-fou","https://github.com/brittonwalker/criterion-top-ten",""
"Sofia Bohdanowicz and Deragh Campbell","Sans Soleil","Chris Marker","https://www.criterion.com/films/304-sans-soleil","https://github.com/brittonwalker/criterion-top-ten",""
"Kazu Kibuishi","Sans Soleil","Chris Marker","https://www.criterion.com/films/304-sans-soleil","https://github.com/brittonwalker/criterion-top-ten",""
"Götz Spielmann","Sans Soleil","Chris Marker","https://www.criterion.com/films/304-sans-soleil","https://github.com/brittonwalker/criterion-top-ten",""
"Sofia Bohdanowicz and Deragh Campbell","Les rendez-vous d’Anna","Chantal Akerman","https://www.criterion.com/films/20204-les-rendez-vous-danna","https://github.com/brittonwalker/criterion-top-ten",""
"Sofia Bohdanowicz and Deragh Campbell","La collectionneuse","Eric Rohmer","https://www.criterion.com/films/792-la-collectionneuse","https://github.com/brittonwalker/criterion-top-ten",""
"Janicza Bravo","La collectionneuse","Eric Rohmer","https://www.criterion.com/films/792-la-collectionneuse","https://github.com/brittonwalker/criterion-top-ten",""
"Rodarte","La collectionneuse","Eric Rohmer","https://www.criterion.com/films/792-la-collectionneuse","https://github.com/brittonwalker/criterion-top-ten",""
"Sean Baker","La collectionneuse","Eric Rohmer","https://www.criterion.com/films/792-la-collectionneuse","https://github.com/brittonwalker/criterion-top-ten",""
"Annie Baker","La collectionneuse","Eric Rohmer","https://www.criterion.com/films/792-la-collectionneuse","https://github.com/brittonwalker/criterion-top-ten",""
"André Gregory and Wallace Shawn","La collectionneuse","Eric Rohmer","https://www.criterion.com/films/792-la-collectionneuse","https://github.com/brittonwalker/criterion-top-ten",""
"Richard Ayoade","La collectionneuse","Eric Rohmer","https://www.criterion.com/films/792-la-collectionneuse","https://github.com/brittonwalker/criterion-top-ten",""
"Kleber Mendonça Filho","Bigger Than Life","Nicholas Ray","https://www.criterion.com/films/1929-bigger-than-life","https://github.com/brittonwalker/criterion-top-ten",""
"Dennis Lim","Bigger Than Life","Nicholas Ray","https://www.criterion.com/films/1929-bigger-than-life","https://github.com/brittonwalker/criterion-top-ten",""
"Kleber Mendonça Filho","Heaven’s Gate","Michael Cimino","https://www.criterion.com/films/28036-heavens-gate","https://github.com/brittonwalker/criterion-top-ten",""
"Olivier Assayas","Heaven’s Gate","Michael Cimino","https://www.criterion.com/films/28036-heavens-gate","https://github.com/brittonwalker/criterion-top-ten",""
"Kleber Mendonça Filho","One-Eyed Jacks","Marlon Brando","https://www.criterion.com/films/28979-one-eyed-jacks","https://github.com/brittonwalker/criterion-top-ten",""
"Kleber Mendonça Filho","Hard Boiled","John Woo","https://www.criterion.com/films/523-hard-boiled","https://github.com/brittonwalker/criterion-top-ten",""
"Robert Ben Garant and Tom Lennon","Hard Boiled","John Woo","https://www.criterion.com/films/523-hard-boiled","https://github.com/brittonwalker/criterion-top-ten",""
"Patton Oswalt","Hard Boiled","John Woo","https://www.criterion.com/films/523-hard-boiled","https://github.com/brittonwalker/criterion-top-ten",""
"Mike Allred","Hard Boiled","John Woo","https://www.criterion.com/films/523-hard-boiled","https://github.com/brittonwalker/criterion-top-ten",""
"Kleber Mendonça Filho","Marketa Lazarová","František Vláčil","https://www.criterion.com/films/27876-marketa-lazarov","https://github.com/brittonwalker/criterion-top-ten",""
"Ken Jennings","Marketa Lazarová","František Vláčil","https://www.criterion.com/films/27876-marketa-lazarov","https://github.com/brittonwalker/criterion-top-ten",""
"Ben Wheatley","Marketa Lazarová","František Vláčil","https://www.criterion.com/films/27876-marketa-lazarov","https://github.com/brittonwalker/criterion-top-ten",""
"Kleber Mendonça Filho","Secret Sunshine","Lee Chang-dong","https://www.criterion.com/films/27750-secret-sunshine","https://github.com/brittonwalker/criterion-top-ten",""
"Steven Yeun","Secret Sunshine","Lee Chang-dong","https://www.criterion.com/films/27750-secret-sunshine","https://github.com/brittonwalker/criterion-top-ten",""
"Sean Baker","Secret Sunshine","Lee Chang-dong","https://www.criterion.com/films/27750-secret-sunshine","https://github.com/brittonwalker/criterion-top-ten",""
"André Gregory and Wallace Shawn","Secret Sunshine","Lee Chang-dong","https://www.criterion.com/films/27750-secret-sunshine","https://github.com/brittonwalker/criterion-top-ten",""
"Kleber Mendonça Filho","Limite","Mário Peixoto","https://www.criterion.com/films/28407-limite","https://github.com/brittonwalker/criterion-top-ten",""
"Rashaad Ernesto Green","The Red Balloon","Albert Lamorisse","https://www.criterion.com/films/886-the-red-balloon","https://github.com/brittonwalker/criterion-top-ten",""
"Doug Nichol","The Red Balloon","Albert Lamorisse","https://www.criterion.com/films/886-the-red-balloon","https://github.com/brittonwalker/criterion-top-ten",""
"Phil Rosenthal","The Red Balloon","Albert Lamorisse","https://www.criterion.com/films/886-the-red-balloon","https://github.com/brittonwalker/criterion-top-ten",""
"Rashaad Ernesto Green","Do the Right Thing","Spike Lee","https://www.criterion.com/films/286-do-the-right-thing","https://github.com/brittonwalker/criterion-top-ten",""
"Kasi Lemmons","Do the Right Thing","Spike Lee","https://www.criterion.com/films/286-do-the-right-thing","https://github.com/brittonwalker/criterion-top-ten",""
"Brian Raftery","Do the Right Thing","Spike Lee","https://www.criterion.com/films/286-do-the-right-thing","https://github.com/brittonwalker/criterion-top-ten",""
"Michael Imperioli","Do the Right Thing","Spike Lee","https://www.criterion.com/films/286-do-the-right-thing","https://github.com/brittonwalker/criterion-top-ten",""
"Raúl Castillo","Do the Right Thing","Spike Lee","https://www.criterion.com/films/286-do-the-right-thing","https://github.com/brittonwalker/criterion-top-ten",""
"Sloane Crosley","Do the Right Thing","Spike Lee","https://www.criterion.com/films/286-do-the-right-thing","https://github.com/brittonwalker/criterion-top-ten",""
"Jonas Carpignano","Do the Right Thing","Spike Lee","https://www.criterion.com/films/286-do-the-right-thing","https://github.com/brittonwalker/criterion-top-ten",""
"Janicza Bravo","Do the Right Thing","Spike Lee","https://www.criterion.com/films/286-do-the-right-thing","https://github.com/brittonwalker/criterion-top-ten",""
"Joshua Z Weinstein","Do the Right Thing","Spike Lee","https://www.criterion.com/films/286-do-the-right-thing","https://github.com/brittonwalker/criterion-top-ten",""
"Alison Maclean","Do the Right Thing","Spike Lee","https://www.criterion.com/films/286-do-the-right-thing","https://github.com/brittonwalker/criterion-top-ten",""
"Terence Nance","Do the Right Thing","Spike Lee","https://www.criterion.com/films/286-do-the-right-thing","https://github.com/brittonwalker/criterion-top-ten",""
"Tunde Adebimpe","Do the Right Thing","Spike Lee","https://www.criterion.com/films/286-do-the-right-thing","https://github.com/brittonwalker/criterion-top-ten",""
"Flying Lotus","Do the Right Thing","Spike Lee","https://www.criterion.com/films/286-do-the-right-thing","https://github.com/brittonwalker/criterion-top-ten",""
"Miguel Arteta ","Do the Right Thing","Spike Lee","https://www.criterion.com/films/286-do-the-right-thing","https://github.com/brittonwalker/criterion-top-ten",""
"Alec Baldwin","Do the Right Thing","Spike Lee","https://www.criterion.com/films/286-do-the-right-thing","https://github.com/brittonwalker/criterion-top-ten",""
"Dennis Lehane","Do the Right Thing","Spike Lee","https://www.criterion.com/films/286-do-the-right-thing","https://github.com/brittonwalker/criterion-top-ten",""
"Matt Dentler","Do the Right Thing","Spike Lee","https://www.criterion.com/films/286-do-the-right-thing","https://github.com/brittonwalker/criterion-top-ten",""
"Diablo Cody","Do the Right Thing","Spike Lee","https://www.criterion.com/films/286-do-the-right-thing","https://github.com/brittonwalker/criterion-top-ten",""
"Rashaad Ernesto Green","The Battle of Algiers","Gillo Pontecorvo","https://www.criterion.com/films/248-the-battle-of-algiers","https://github.com/brittonwalker/criterion-top-ten",""
"Karim Aïnouz","The Battle of Algiers","Gillo Pontecorvo","https://www.criterion.com/films/248-the-battle-of-algiers","https://github.com/brittonwalker/criterion-top-ten",""
"Jeremy Workman","The Battle of Algiers","Gillo Pontecorvo","https://www.criterion.com/films/248-the-battle-of-algiers","https://github.com/brittonwalker/criterion-top-ten",""
"Jonas Carpignano","The Battle of Algiers","Gillo Pontecorvo","https://www.criterion.com/films/248-the-battle-of-algiers","https://github.com/brittonwalker/criterion-top-ten",""
"Ben Wheatley","The Battle of Algiers","Gillo Pontecorvo","https://www.criterion.com/films/248-the-battle-of-algiers","https://github.com/brittonwalker/criterion-top-ten",""
"Haskell Wexler","The Battle of Algiers","Gillo Pontecorvo","https://www.criterion.com/films/248-the-battle-of-algiers","https://github.com/brittonwalker/criterion-top-ten",""
"Andrew Loog Oldham","The Battle of Algiers","Gillo Pontecorvo","https://www.criterion.com/films/248-the-battle-of-algiers","https://github.com/brittonwalker/criterion-top-ten",""
"Susie Bright ","The Battle of Algiers","Gillo Pontecorvo","https://www.criterion.com/films/248-the-battle-of-algiers","https://github.com/brittonwalker/criterion-top-ten",""
"Nicolas Winding Refn","The Battle of Algiers","Gillo Pontecorvo","https://www.criterion.com/films/248-the-battle-of-algiers","https://github.com/brittonwalker/criterion-top-ten",""
"Anthony Bourdain","The Battle of Algiers","Gillo Pontecorvo","https://www.criterion.com/films/248-the-battle-of-algiers","https://github.com/brittonwalker/criterion-top-ten",""
"John Bailey","The Battle of Algiers","Gillo Pontecorvo","https://www.criterion.com/films/248-the-battle-of-algiers","https://github.com/brittonwalker/criterion-top-ten",""
"Scott Morse’s Top Ten","The Battle of Algiers","Gillo Pontecorvo","https://www.criterion.com/films/248-the-battle-of-algiers","https://github.com/brittonwalker/criterion-top-ten",""
"Iron and Wine","The Battle of Algiers","Gillo Pontecorvo","https://www.criterion.com/films/248-the-battle-of-algiers","https://github.com/brittonwalker/criterion-top-ten",""
"James Franco","The Battle of Algiers","Gillo Pontecorvo","https://www.criterion.com/films/248-the-battle-of-algiers","https://github.com/brittonwalker/criterion-top-ten",""
"Chris Hegedus","The Battle of Algiers","Gillo Pontecorvo","https://www.criterion.com/films/248-the-battle-of-algiers","https://github.com/brittonwalker/criterion-top-ten",""
"Kevin Macdonald","The Battle of Algiers","Gillo Pontecorvo","https://www.criterion.com/films/248-the-battle-of-algiers","https://github.com/brittonwalker/criterion-top-ten",""
"Stuart Cooper","The Battle of Algiers","Gillo Pontecorvo","https://www.criterion.com/films/248-the-battle-of-algiers","https://github.com/brittonwalker/criterion-top-ten",""
"Rashaad Ernesto Green","Black Orpheus","Marcel Camus","https://www.criterion.com/films/344-black-orpheus","https://github.com/brittonwalker/criterion-top-ten",""
"Kasi Lemmons","Black Orpheus","Marcel Camus","https://www.criterion.com/films/344-black-orpheus","https://github.com/brittonwalker/criterion-top-ten",""
"Tunde Adebimpe","Black Orpheus","Marcel Camus","https://www.criterion.com/films/344-black-orpheus","https://github.com/brittonwalker/criterion-top-ten",""
"Sonic Youth","Black Orpheus","Marcel Camus","https://www.criterion.com/films/344-black-orpheus","https://github.com/brittonwalker/criterion-top-ten",""
"Whit Stillman","Black Orpheus","Marcel Camus","https://www.criterion.com/films/344-black-orpheus","https://github.com/brittonwalker/criterion-top-ten",""
"Al Reinert","Black Orpheus","Marcel Camus","https://www.criterion.com/films/344-black-orpheus","https://github.com/brittonwalker/criterion-top-ten",""
"Jaime Hernandez","Black Orpheus","Marcel Camus","https://www.criterion.com/films/344-black-orpheus","https://github.com/brittonwalker/criterion-top-ten",""
"Stuart Cooper","Black Orpheus","Marcel Camus","https://www.criterion.com/films/344-black-orpheus","https://github.com/brittonwalker/criterion-top-ten",""
"Rashaad Ernesto Green","Pather Panchali","Satyajit Ray","https://www.criterion.com/films/28021-pather-panchali","https://github.com/brittonwalker/criterion-top-ten",""
"Kelly Reichardt","Pather Panchali","Satyajit Ray","https://www.criterion.com/films/28021-pather-panchali","https://github.com/brittonwalker/criterion-top-ten",""
"David and Nathan Zellner","Pather Panchali","Satyajit Ray","https://www.criterion.com/films/28021-pather-panchali","https://github.com/brittonwalker/criterion-top-ten",""
"Ari Aster","Pather Panchali","Satyajit Ray","https://www.criterion.com/films/28021-pather-panchali","https://github.com/brittonwalker/criterion-top-ten",""
"Joshua Z Weinstein","Pather Panchali","Satyajit Ray","https://www.criterion.com/films/28021-pather-panchali","https://github.com/brittonwalker/criterion-top-ten",""
"Terence Nance","Pather Panchali","Satyajit Ray","https://www.criterion.com/films/28021-pather-panchali","https://github.com/brittonwalker/criterion-top-ten",""
"Meg Baird","Pather Panchali","Satyajit Ray","https://www.criterion.com/films/28021-pather-panchali","https://github.com/brittonwalker/criterion-top-ten",""
"Ramin Bahrani","Pather Panchali","Satyajit Ray","https://www.criterion.com/films/28021-pather-panchali","https://github.com/brittonwalker/criterion-top-ten",""
"Rashaad Ernesto Green","Tokyo Story","Yasujiro Ozu","https://www.criterion.com/films/284-tokyo-story","https://github.com/brittonwalker/criterion-top-ten",""
"Steven Yeun","Tokyo Story","Yasujiro Ozu","https://www.criterion.com/films/284-tokyo-story","https://github.com/brittonwalker/criterion-top-ten",""
"Andrew Ahn","Tokyo Story","Yasujiro Ozu","https://www.criterion.com/films/284-tokyo-story","https://github.com/brittonwalker/criterion-top-ten",""
"Dick Cavett","Tokyo Story","Yasujiro Ozu","https://www.criterion.com/films/284-tokyo-story","https://github.com/brittonwalker/criterion-top-ten",""
"Mary Ellen Mark","Tokyo Story","Yasujiro Ozu","https://www.criterion.com/films/284-tokyo-story","https://github.com/brittonwalker/criterion-top-ten",""
"James Schamus","Tokyo Story","Yasujiro Ozu","https://www.criterion.com/films/284-tokyo-story","https://github.com/brittonwalker/criterion-top-ten",""
"Geoff Dyer","Tokyo Story","Yasujiro Ozu","https://www.criterion.com/films/284-tokyo-story","https://github.com/brittonwalker/criterion-top-ten",""
"Aki Kaurismäki ","Tokyo Story","Yasujiro Ozu","https://www.criterion.com/films/284-tokyo-story","https://github.com/brittonwalker/criterion-top-ten",""
"Seth","Tokyo Story","Yasujiro Ozu","https://www.criterion.com/films/284-tokyo-story","https://github.com/brittonwalker/criterion-top-ten",""
"Robin Wood","Tokyo Story","Yasujiro Ozu","https://www.criterion.com/films/284-tokyo-story","https://github.com/brittonwalker/criterion-top-ten",""
"Richard Linklater","Tokyo Story","Yasujiro Ozu","https://www.criterion.com/films/284-tokyo-story","https://github.com/brittonwalker/criterion-top-ten",""
"Matt Dentler","Tokyo Story","Yasujiro Ozu","https://www.criterion.com/films/284-tokyo-story","https://github.com/brittonwalker/criterion-top-ten",""
"Peter Cowie","Tokyo Story","Yasujiro Ozu","https://www.criterion.com/films/284-tokyo-story","https://github.com/brittonwalker/criterion-top-ten",""
"Jane Campion","Tokyo Story","Yasujiro Ozu","https://www.criterion.com/films/284-tokyo-story","https://github.com/brittonwalker/criterion-top-ten",""
"Allan Arkush","Tokyo Story","Yasujiro Ozu","https://www.criterion.com/films/284-tokyo-story","https://github.com/brittonwalker/criterion-top-ten",""
"Rashaad Ernesto Green","Midnight Cowboy","John Schlesinger","https://www.criterion.com/films/29369-midnight-cowboy","https://github.com/brittonwalker/criterion-top-ten",""
"Michael Imperioli","Midnight Cowboy","John Schlesinger","https://www.criterion.com/films/29369-midnight-cowboy","https://github.com/brittonwalker/criterion-top-ten",""
"Rashaad Ernesto Green","A Man Escaped","Robert Bresson","https://www.criterion.com/films/27848-a-man-escaped","https://github.com/brittonwalker/criterion-top-ten",""
"Josh and Benny Safdie","A Man Escaped","Robert Bresson","https://www.criterion.com/films/27848-a-man-escaped","https://github.com/brittonwalker/criterion-top-ten",""
"Tim Forbes","A Man Escaped","Robert Bresson","https://www.criterion.com/films/27848-a-man-escaped","https://github.com/brittonwalker/criterion-top-ten",""
"Kelly Reichardt","Mouchette","Robert Bresson","https://www.criterion.com/films/456-mouchette","https://github.com/brittonwalker/criterion-top-ten",""
"Kelly Reichardt","A Poem Is a Naked Person","Les Blank","https://www.criterion.com/films/28755-a-poem-is-a-naked-person","https://github.com/brittonwalker/criterion-top-ten",""
"Steve Gunn","A Poem Is a Naked Person","Les Blank","https://www.criterion.com/films/28755-a-poem-is-a-naked-person","https://github.com/brittonwalker/criterion-top-ten",""
"Kelly Reichardt","Safe","Todd Haynes","https://www.criterion.com/films/28548-safe","https://github.com/brittonwalker/criterion-top-ten",""
"Dennis Lim","Safe","Todd Haynes","https://www.criterion.com/films/28548-safe","https://github.com/brittonwalker/criterion-top-ten",""
"Karyn Kusama","Safe","Todd Haynes","https://www.criterion.com/films/28548-safe","https://github.com/brittonwalker/criterion-top-ten",""
"Hari Nef","Safe","Todd Haynes","https://www.criterion.com/films/28548-safe","https://github.com/brittonwalker/criterion-top-ten",""
"Alison Maclean","Safe","Todd Haynes","https://www.criterion.com/films/28548-safe","https://github.com/brittonwalker/criterion-top-ten",""
"Jennifer Reeder","Safe","Todd Haynes","https://www.criterion.com/films/28548-safe","https://github.com/brittonwalker/criterion-top-ten",""
"Zach Braff","Safe","Todd Haynes","https://www.criterion.com/films/28548-safe","https://github.com/brittonwalker/criterion-top-ten",""
"Zach Clark","Safe","Todd Haynes","https://www.criterion.com/films/28548-safe","https://github.com/brittonwalker/criterion-top-ten",""
"Julia Cafritz","Safe","Todd Haynes","https://www.criterion.com/films/28548-safe","https://github.com/brittonwalker/criterion-top-ten",""
"Kelly Reichardt","A Taste of Honey","Tony Richardson","https://www.criterion.com/films/28734-a-taste-of-honey","https://github.com/brittonwalker/criterion-top-ten",""
"Beak>","A Taste of Honey","Tony Richardson","https://www.criterion.com/films/28734-a-taste-of-honey","https://github.com/brittonwalker/criterion-top-ten",""
"Kelly Reichardt","Ugetsu","Kenji Mizoguchi","https://www.criterion.com/films/369-ugetsu","https://github.com/brittonwalker/criterion-top-ten",""
"Jack Reynor","Ugetsu","Kenji Mizoguchi","https://www.criterion.com/films/369-ugetsu","https://github.com/brittonwalker/criterion-top-ten",""
"Ari Aster","Ugetsu","Kenji Mizoguchi","https://www.criterion.com/films/369-ugetsu","https://github.com/brittonwalker/criterion-top-ten",""
"Matthew Weiner","Ugetsu","Kenji Mizoguchi","https://www.criterion.com/films/369-ugetsu","https://github.com/brittonwalker/criterion-top-ten",""
"Martin Scorsese","Ugetsu","Kenji Mizoguchi","https://www.criterion.com/films/369-ugetsu","https://github.com/brittonwalker/criterion-top-ten",""
"Kazu Kibuishi","Ugetsu","Kenji Mizoguchi","https://www.criterion.com/films/369-ugetsu","https://github.com/brittonwalker/criterion-top-ten",""
"Karim Aïnouz","News from Home","Chantal Akerman","https://www.criterion.com/films/20978-news-from-home","https://github.com/brittonwalker/criterion-top-ten",""
"Dennis Lim","News from Home","Chantal Akerman","https://www.criterion.com/films/20978-news-from-home","https://github.com/brittonwalker/criterion-top-ten",""
"Stephen Cone","News from Home","Chantal Akerman","https://www.criterion.com/films/20978-news-from-home","https://github.com/brittonwalker/criterion-top-ten",""
"Jenni Olson","News from Home","Chantal Akerman","https://www.criterion.com/films/20978-news-from-home","https://github.com/brittonwalker/criterion-top-ten",""
"Aaron Katz's Top 10 ","News from Home","Chantal Akerman","https://www.criterion.com/films/20978-news-from-home","https://github.com/brittonwalker/criterion-top-ten",""
"Robert Greene","News from Home","Chantal Akerman","https://www.criterion.com/films/20978-news-from-home","https://github.com/brittonwalker/criterion-top-ten",""
"James Schamus","News from Home","Chantal Akerman","https://www.criterion.com/films/20978-news-from-home","https://github.com/brittonwalker/criterion-top-ten",""
"Karim Aïnouz","Written on the Wind","Douglas Sirk","https://www.criterion.com/films/636-written-on-the-wind","https://github.com/brittonwalker/criterion-top-ten",""
"Laura Mulvey","Written on the Wind","Douglas Sirk","https://www.criterion.com/films/636-written-on-the-wind","https://github.com/brittonwalker/criterion-top-ten",""
"Robert Greene","Written on the Wind","Douglas Sirk","https://www.criterion.com/films/636-written-on-the-wind","https://github.com/brittonwalker/criterion-top-ten",""
"Aki Kaurismäki ","Written on the Wind","Douglas Sirk","https://www.criterion.com/films/636-written-on-the-wind","https://github.com/brittonwalker/criterion-top-ten",""
"Guy Maddin","Written on the Wind","Douglas Sirk","https://www.criterion.com/films/636-written-on-the-wind","https://github.com/brittonwalker/criterion-top-ten",""
"Diablo Cody","Written on the Wind","Douglas Sirk","https://www.criterion.com/films/636-written-on-the-wind","https://github.com/brittonwalker/criterion-top-ten",""
"Allan Arkush","Written on the Wind","Douglas Sirk","https://www.criterion.com/films/636-written-on-the-wind","https://github.com/brittonwalker/criterion-top-ten",""
"Karim Aïnouz","Arabian Nights","Pier Paolo Pasolini","https://www.criterion.com/films/28374-arabian-nights","https://github.com/brittonwalker/criterion-top-ten",""
"Alice Rohrwacher","Arabian Nights","Pier Paolo Pasolini","https://www.criterion.com/films/28374-arabian-nights","https://github.com/brittonwalker/criterion-top-ten",""
"Mark Cousins","Arabian Nights","Pier Paolo Pasolini","https://www.criterion.com/films/28374-arabian-nights","https://github.com/brittonwalker/criterion-top-ten",""
"Kasi Lemmons","All About Eve","Joseph L. Mankiewicz","https://www.criterion.com/films/29596-all-about-eve","https://github.com/brittonwalker/criterion-top-ten",""
"Kasi Lemmons","All That Jazz","Bob Fosse","https://www.criterion.com/films/28561-all-that-jazz","https://github.com/brittonwalker/criterion-top-ten",""
"Brian Raftery","All That Jazz","Bob Fosse","https://www.criterion.com/films/28561-all-that-jazz","https://github.com/brittonwalker/criterion-top-ten",""
"Karyn Kusama","All That Jazz","Bob Fosse","https://www.criterion.com/films/28561-all-that-jazz","https://github.com/brittonwalker/criterion-top-ten",""
"David and Nathan Zellner","All That Jazz","Bob Fosse","https://www.criterion.com/films/28561-all-that-jazz","https://github.com/brittonwalker/criterion-top-ten",""
"Janicza Bravo","All That Jazz","Bob Fosse","https://www.criterion.com/films/28561-all-that-jazz","https://github.com/brittonwalker/criterion-top-ten",""
"Jennifer Reeder","All That Jazz","Bob Fosse","https://www.criterion.com/films/28561-all-that-jazz","https://github.com/brittonwalker/criterion-top-ten",""
"Barnaby Clay","All That Jazz","Bob Fosse","https://www.criterion.com/films/28561-all-that-jazz","https://github.com/brittonwalker/criterion-top-ten",""
"Alton Brown","All That Jazz","Bob Fosse","https://www.criterion.com/films/28561-all-that-jazz","https://github.com/brittonwalker/criterion-top-ten",""
"Illeana Douglas","All That Jazz","Bob Fosse","https://www.criterion.com/films/28561-all-that-jazz","https://github.com/brittonwalker/criterion-top-ten",""
"Julia Cafritz","All That Jazz","Bob Fosse","https://www.criterion.com/films/28561-all-that-jazz","https://github.com/brittonwalker/criterion-top-ten",""
"Matthew Weiner","All That Jazz","Bob Fosse","https://www.criterion.com/films/28561-all-that-jazz","https://github.com/brittonwalker/criterion-top-ten",""
"Kasi Lemmons","Don’t Look Now","Nicolas Roeg","https://www.criterion.com/films/27928-dont-look-now","https://github.com/brittonwalker/criterion-top-ten",""
"Beak>","Don’t Look Now","Nicolas Roeg","https://www.criterion.com/films/27928-dont-look-now","https://github.com/brittonwalker/criterion-top-ten",""
"Janicza Bravo","Don’t Look Now","Nicolas Roeg","https://www.criterion.com/films/27928-dont-look-now","https://github.com/brittonwalker/criterion-top-ten",""
"Amy Fine Collins","Don’t Look Now","Nicolas Roeg","https://www.criterion.com/films/27928-dont-look-now","https://github.com/brittonwalker/criterion-top-ten",""
"Bret Easton Ellis","Don’t Look Now","Nicolas Roeg","https://www.criterion.com/films/27928-dont-look-now","https://github.com/brittonwalker/criterion-top-ten",""
"Keith Gordon","Don’t Look Now","Nicolas Roeg","https://www.criterion.com/films/27928-dont-look-now","https://github.com/brittonwalker/criterion-top-ten",""
"Kasi Lemmons","The Graduate","Mike Nichols","https://www.criterion.com/films/28578-the-graduate","https://github.com/brittonwalker/criterion-top-ten",""
"Doug Nichol","The Graduate","Mike Nichols","https://www.criterion.com/films/28578-the-graduate","https://github.com/brittonwalker/criterion-top-ten",""
"Pat Healy","The Graduate","Mike Nichols","https://www.criterion.com/films/28578-the-graduate","https://github.com/brittonwalker/criterion-top-ten",""
"Zach Braff","The Graduate","Mike Nichols","https://www.criterion.com/films/28578-the-graduate","https://github.com/brittonwalker/criterion-top-ten",""
"Dana Calvo","The Graduate","Mike Nichols","https://www.criterion.com/films/28578-the-graduate","https://github.com/brittonwalker/criterion-top-ten",""
"Kasi Lemmons","Rosemary’s Baby","Roman Polanski","https://www.criterion.com/films/27927-rosemarys-baby","https://github.com/brittonwalker/criterion-top-ten",""
"Karyn Kusama","Rosemary’s Baby","Roman Polanski","https://www.criterion.com/films/27927-rosemarys-baby","https://github.com/brittonwalker/criterion-top-ten",""
"John Grant","Rosemary’s Baby","Roman Polanski","https://www.criterion.com/films/27927-rosemarys-baby","https://github.com/brittonwalker/criterion-top-ten",""
"Ari Aster","Rosemary’s Baby","Roman Polanski","https://www.criterion.com/films/27927-rosemarys-baby","https://github.com/brittonwalker/criterion-top-ten",""
"Tracy Letts","Rosemary’s Baby","Roman Polanski","https://www.criterion.com/films/27927-rosemarys-baby","https://github.com/brittonwalker/criterion-top-ten",""
"Young Jean Lee","Rosemary’s Baby","Roman Polanski","https://www.criterion.com/films/27927-rosemarys-baby","https://github.com/brittonwalker/criterion-top-ten",""
"Illeana Douglas","Rosemary’s Baby","Roman Polanski","https://www.criterion.com/films/27927-rosemarys-baby","https://github.com/brittonwalker/criterion-top-ten",""
"Mogwai","Rosemary’s Baby","Roman Polanski","https://www.criterion.com/films/27927-rosemarys-baby","https://github.com/brittonwalker/criterion-top-ten",""
"Bret Easton Ellis","Rosemary’s Baby","Roman Polanski","https://www.criterion.com/films/27927-rosemarys-baby","https://github.com/brittonwalker/criterion-top-ten",""
"Marc Maron","Rosemary’s Baby","Roman Polanski","https://www.criterion.com/films/27927-rosemarys-baby","https://github.com/brittonwalker/criterion-top-ten",""
"Hossein Amini","Rosemary’s Baby","Roman Polanski","https://www.criterion.com/films/27927-rosemarys-baby","https://github.com/brittonwalker/criterion-top-ten",""
"Kim Newman","Rosemary’s Baby","Roman Polanski","https://www.criterion.com/films/27927-rosemarys-baby","https://github.com/brittonwalker/criterion-top-ten",""
"Kasi Lemmons","Z","Costa-Gavras","https://www.criterion.com/films/1400-z","https://github.com/brittonwalker/criterion-top-ten",""
"Alec Baldwin","Z","Costa-Gavras","https://www.criterion.com/films/1400-z","https://github.com/brittonwalker/criterion-top-ten",""
"Jack Reynor","Kwaidan","Masaki Kobayashi","https://www.criterion.com/films/629-kwaidan","https://github.com/brittonwalker/criterion-top-ten",""
"Rodarte","Kwaidan","Masaki Kobayashi","https://www.criterion.com/films/629-kwaidan","https://github.com/brittonwalker/criterion-top-ten",""
"Zola Jesus","Kwaidan","Masaki Kobayashi","https://www.criterion.com/films/629-kwaidan","https://github.com/brittonwalker/criterion-top-ten",""
"Scott Morse’s Top Ten","Kwaidan","Masaki Kobayashi","https://www.criterion.com/films/629-kwaidan","https://github.com/brittonwalker/criterion-top-ten",""
"Jack Reynor","Empire of Passion","Nagisa Oshima","https://www.criterion.com/films/1288-empire-of-passion","https://github.com/brittonwalker/criterion-top-ten",""
"Christopher Radcliff and Lauren Wolkstein","Empire of Passion","Nagisa Oshima","https://www.criterion.com/films/1288-empire-of-passion","https://github.com/brittonwalker/criterion-top-ten",""
"Jack Reynor","Peeping Tom","Michael Powell","https://www.criterion.com/films/235-peeping-tom","https://github.com/brittonwalker/criterion-top-ten",""
"Amy Fine Collins","Peeping Tom","Michael Powell","https://www.criterion.com/films/235-peeping-tom","https://github.com/brittonwalker/criterion-top-ten",""
"Edgar Wright","Peeping Tom","Michael Powell","https://www.criterion.com/films/235-peeping-tom","https://github.com/brittonwalker/criterion-top-ten",""
"João Pedro Rodrigues","Peeping Tom","Michael Powell","https://www.criterion.com/films/235-peeping-tom","https://github.com/brittonwalker/criterion-top-ten",""
"Georgia Hubley","Peeping Tom","Michael Powell","https://www.criterion.com/films/235-peeping-tom","https://github.com/brittonwalker/criterion-top-ten",""
"Jack Reynor","Cul-de-sac","Roman Polanski","https://www.criterion.com/films/27658-cul-de-sac","https://github.com/brittonwalker/criterion-top-ten",""
"Ari Aster","Cul-de-sac","Roman Polanski","https://www.criterion.com/films/27658-cul-de-sac","https://github.com/brittonwalker/criterion-top-ten",""
"Stella Mozgawa","Cul-de-sac","Roman Polanski","https://www.criterion.com/films/27658-cul-de-sac","https://github.com/brittonwalker/criterion-top-ten",""
"Jack Reynor","Hour of the Wolf","Ingmar Bergman","https://www.criterion.com/films/28876-hour-of-the-wolf","https://github.com/brittonwalker/criterion-top-ten",""
"Jack Reynor","Women in Love","Ken Russell","https://www.criterion.com/films/28688-women-in-love","https://github.com/brittonwalker/criterion-top-ten",""
"Jack Reynor","The Vanishing","George Sluizer","https://www.criterion.com/films/677-the-vanishing","https://github.com/brittonwalker/criterion-top-ten",""
"Daniel Lopatin","The Vanishing","George Sluizer","https://www.criterion.com/films/677-the-vanishing","https://github.com/brittonwalker/criterion-top-ten",""
"Seth","The Vanishing","George Sluizer","https://www.criterion.com/films/677-the-vanishing","https://github.com/brittonwalker/criterion-top-ten",""
"Sonic Youth","The Vanishing","George Sluizer","https://www.criterion.com/films/677-the-vanishing","https://github.com/brittonwalker/criterion-top-ten",""
"Peter Cowie","The Vanishing","George Sluizer","https://www.criterion.com/films/677-the-vanishing","https://github.com/brittonwalker/criterion-top-ten",""
"Steve Buscemi","The Vanishing","George Sluizer","https://www.criterion.com/films/677-the-vanishing","https://github.com/brittonwalker/criterion-top-ten",""
"Carlos Reygadas","Gertrud","Carl Th. Dreyer","https://www.criterion.com/films/443-gertrud","https://github.com/brittonwalker/criterion-top-ten",""
"Stephen Cone","Gertrud","Carl Th. Dreyer","https://www.criterion.com/films/443-gertrud","https://github.com/brittonwalker/criterion-top-ten",""
"Carlos Reygadas","À nos amours","Maurice Pialat","https://www.criterion.com/films/779-nos-amours","https://github.com/brittonwalker/criterion-top-ten",""
"Paweł Pawlikowski","À nos amours","Maurice Pialat","https://www.criterion.com/films/779-nos-amours","https://github.com/brittonwalker/criterion-top-ten",""
"Nathan Silver","À nos amours","Maurice Pialat","https://www.criterion.com/films/779-nos-amours","https://github.com/brittonwalker/criterion-top-ten",""
"Sean Baker","À nos amours","Maurice Pialat","https://www.criterion.com/films/779-nos-amours","https://github.com/brittonwalker/criterion-top-ten",""
"Joe Swanberg","À nos amours","Maurice Pialat","https://www.criterion.com/films/779-nos-amours","https://github.com/brittonwalker/criterion-top-ten",""
"Carlos Reygadas","Army of Shadows","Jean-Pierre Melville","https://www.criterion.com/films/153-army-of-shadows","https://github.com/brittonwalker/criterion-top-ten",""
"Jonas Carpignano","Army of Shadows","Jean-Pierre Melville","https://www.criterion.com/films/153-army-of-shadows","https://github.com/brittonwalker/criterion-top-ten",""
"Pat Healy","Army of Shadows","Jean-Pierre Melville","https://www.criterion.com/films/153-army-of-shadows","https://github.com/brittonwalker/criterion-top-ten",""
"Bill Condon","Army of Shadows","Jean-Pierre Melville","https://www.criterion.com/films/153-army-of-shadows","https://github.com/brittonwalker/criterion-top-ten",""
"André Gregory and Wallace Shawn","Army of Shadows","Jean-Pierre Melville","https://www.criterion.com/films/153-army-of-shadows","https://github.com/brittonwalker/criterion-top-ten",""
"Olivier Assayas","Army of Shadows","Jean-Pierre Melville","https://www.criterion.com/films/153-army-of-shadows","https://github.com/brittonwalker/criterion-top-ten",""
"Andrew Loog Oldham","Army of Shadows","Jean-Pierre Melville","https://www.criterion.com/films/153-army-of-shadows","https://github.com/brittonwalker/criterion-top-ten",""
"Aki Kaurismäki ","Army of Shadows","Jean-Pierre Melville","https://www.criterion.com/films/153-army-of-shadows","https://github.com/brittonwalker/criterion-top-ten",""
"Anthony Bourdain","Army of Shadows","Jean-Pierre Melville","https://www.criterion.com/films/153-army-of-shadows","https://github.com/brittonwalker/criterion-top-ten",""
"Dave Filipi","Army of Shadows","Jean-Pierre Melville","https://www.criterion.com/films/153-army-of-shadows","https://github.com/brittonwalker/criterion-top-ten",""
"Carlos Reygadas","Le silence de la mer","Jean-Pierre Melville","https://www.criterion.com/films/27979-le-silence-de-la-mer","https://github.com/brittonwalker/criterion-top-ten",""
"Carlos Reygadas","The Fire Within","Louis Malle","https://www.criterion.com/films/540-the-fire-within","https://github.com/brittonwalker/criterion-top-ten",""
"Hossein Amini","The Fire Within","Louis Malle","https://www.criterion.com/films/540-the-fire-within","https://github.com/brittonwalker/criterion-top-ten",""
"John Bailey","The Fire Within","Louis Malle","https://www.criterion.com/films/540-the-fire-within","https://github.com/brittonwalker/criterion-top-ten",""
"Marcel Dzama","The Fire Within","Louis Malle","https://www.criterion.com/films/540-the-fire-within","https://github.com/brittonwalker/criterion-top-ten",""
"Carlos Reygadas","Five Easy Pieces","Bob Rafelson","https://www.criterion.com/films/27529-five-easy-pieces","https://github.com/brittonwalker/criterion-top-ten",""
"Doug Nichol","Five Easy Pieces","Bob Rafelson","https://www.criterion.com/films/27529-five-easy-pieces","https://github.com/brittonwalker/criterion-top-ten",""
"Marc Maron","Five Easy Pieces","Bob Rafelson","https://www.criterion.com/films/27529-five-easy-pieces","https://github.com/brittonwalker/criterion-top-ten",""
"Will Oldham","Five Easy Pieces","Bob Rafelson","https://www.criterion.com/films/27529-five-easy-pieces","https://github.com/brittonwalker/criterion-top-ten",""
"Andrew Haigh ","Five Easy Pieces","Bob Rafelson","https://www.criterion.com/films/27529-five-easy-pieces","https://github.com/brittonwalker/criterion-top-ten",""
"Carlos Reygadas","La vie de Jésus","Bruno Dumont","https://www.criterion.com/films/28075-la-vie-de-jsus","https://github.com/brittonwalker/criterion-top-ten",""
"Carlos Reygadas","L’humanité","Bruno Dumont","https://www.criterion.com/films/28074-lhumanit","https://github.com/brittonwalker/criterion-top-ten",""
"Dennis Lim","Chronicle of a Summer","Jean Rouch and Edgar Morin","https://www.criterion.com/films/28394-chronicle-of-a-summer","https://github.com/brittonwalker/criterion-top-ten",""
"Dennis Lim","A Hollis Frampton Odyssey","Hollis Frampton","https://www.criterion.com/films/27945-a-hollis-frampton-odyssey","https://github.com/brittonwalker/criterion-top-ten",""
"Dennis Lim","Death by Hanging","Nagisa Oshima","https://www.criterion.com/films/28360-death-by-hanging","https://github.com/brittonwalker/criterion-top-ten",""
"Dennis Lim","Late Spring","Yasujiro Ozu","https://www.criterion.com/films/298-late-spring","https://github.com/brittonwalker/criterion-top-ten",""
"Connor Jessup","Late Spring","Yasujiro Ozu","https://www.criterion.com/films/298-late-spring","https://github.com/brittonwalker/criterion-top-ten",""
"Andrew Ahn","Late Spring","Yasujiro Ozu","https://www.criterion.com/films/298-late-spring","https://github.com/brittonwalker/criterion-top-ten",""
"Aki Kaurismäki ","Late Spring","Yasujiro Ozu","https://www.criterion.com/films/298-late-spring","https://github.com/brittonwalker/criterion-top-ten",""
"Pedro Costa","Late Spring","Yasujiro Ozu","https://www.criterion.com/films/298-late-spring","https://github.com/brittonwalker/criterion-top-ten",""
"Michael Atkinson","Late Spring","Yasujiro Ozu","https://www.criterion.com/films/298-late-spring","https://github.com/brittonwalker/criterion-top-ten",""
"David Schwartz","Late Spring","Yasujiro Ozu","https://www.criterion.com/films/298-late-spring","https://github.com/brittonwalker/criterion-top-ten",""
"Dennis Lim","Colossal Youth","Pedro Costa","https://www.criterion.com/films/439-colossal-youth","https://github.com/brittonwalker/criterion-top-ten",""
"Dennis Lim","Symbiopsychotaxiplasm: Two Takes by William Greaves","William Greaves","https://www.criterion.com/films/751-symbiopsychotaxiplasm-two-takes-by-william-greaves","https://github.com/brittonwalker/criterion-top-ten",""
"Steve Buscemi","Symbiopsychotaxiplasm: Two Takes by William Greaves","William Greaves","https://www.criterion.com/films/751-symbiopsychotaxiplasm-two-takes-by-william-greaves","https://github.com/brittonwalker/criterion-top-ten",""
"Dennis Lim","Schizopolis","Steven Soderbergh","https://www.criterion.com/films/740-schizopolis","https://github.com/brittonwalker/criterion-top-ten",""
"Nicolas Roeg","Schizopolis","Steven Soderbergh","https://www.criterion.com/films/740-schizopolis","https://github.com/brittonwalker/criterion-top-ten",""
"Diablo Cody","Schizopolis","Steven Soderbergh","https://www.criterion.com/films/740-schizopolis","https://github.com/brittonwalker/criterion-top-ten",""
"Jeremy Workman","Letter Never Sent","Mikhail Kalatozov","https://www.criterion.com/films/27673-letter-never-sent","https://github.com/brittonwalker/criterion-top-ten",""
"Zola Jesus","Letter Never Sent","Mikhail Kalatozov","https://www.criterion.com/films/27673-letter-never-sent","https://github.com/brittonwalker/criterion-top-ten",""
"Jeremy Workman","Lola Montès","Max Ophuls","https://www.criterion.com/films/938-lola-monts","https://github.com/brittonwalker/criterion-top-ten",""
"Anna Sui","Lola Montès","Max Ophuls","https://www.criterion.com/films/938-lola-monts","https://github.com/brittonwalker/criterion-top-ten",""
"Bong Joon-ho","Lola Montès","Max Ophuls","https://www.criterion.com/films/938-lola-monts","https://github.com/brittonwalker/criterion-top-ten",""
"Jeremy Workman","The Thin Blue Line","Errol Morris","https://www.criterion.com/films/28355-the-thin-blue-line","https://github.com/brittonwalker/criterion-top-ten",""
"Paul Schneider","The Thin Blue Line","Errol Morris","https://www.criterion.com/films/28355-the-thin-blue-line","https://github.com/brittonwalker/criterion-top-ten",""
"Matthew Weiner","The Thin Blue Line","Errol Morris","https://www.criterion.com/films/28355-the-thin-blue-line","https://github.com/brittonwalker/criterion-top-ten",""
"Jeremy Workman","Blast of Silence","Allen Baron","https://www.criterion.com/films/538-blast-of-silence","https://github.com/brittonwalker/criterion-top-ten",""
"Patton Oswalt","Blast of Silence","Allen Baron","https://www.criterion.com/films/538-blast-of-silence","https://github.com/brittonwalker/criterion-top-ten",""
"Jeremy Workman","Revanche","Götz Spielmann","https://www.criterion.com/films/85-revanche","https://github.com/brittonwalker/criterion-top-ten",""
"Steve Gunn","Revanche","Götz Spielmann","https://www.criterion.com/films/85-revanche","https://github.com/brittonwalker/criterion-top-ten",""
"Jeremy Workman","Green for Danger","Sidney Gilliat","https://www.criterion.com/films/815-green-for-danger","https://github.com/brittonwalker/criterion-top-ten",""
"Jeremy Workman","Macbeth","Roman Polanski","https://www.criterion.com/films/28020-macbeth","https://github.com/brittonwalker/criterion-top-ten",""
"Ari Aster","Macbeth","Roman Polanski","https://www.criterion.com/films/28020-macbeth","https://github.com/brittonwalker/criterion-top-ten",""
"Josh and Benny Safdie","Macbeth","Roman Polanski","https://www.criterion.com/films/28020-macbeth","https://github.com/brittonwalker/criterion-top-ten",""
"Brian Raftery","Repo Man","Alex Cox","https://www.criterion.com/films/28051-repo-man","https://github.com/brittonwalker/criterion-top-ten",""
"​Jon Dieringer","Repo Man","Alex Cox","https://www.criterion.com/films/28051-repo-man","https://github.com/brittonwalker/criterion-top-ten",""
"Ana Lily Amirpour","Repo Man","Alex Cox","https://www.criterion.com/films/28051-repo-man","https://github.com/brittonwalker/criterion-top-ten",""
"Troy Miller","Repo Man","Alex Cox","https://www.criterion.com/films/28051-repo-man","https://github.com/brittonwalker/criterion-top-ten",""
"Austin Garrick","Repo Man","Alex Cox","https://www.criterion.com/films/28051-repo-man","https://github.com/brittonwalker/criterion-top-ten",""
"Brian Raftery","The Asphalt Jungle","John Huston","https://www.criterion.com/films/28690-the-asphalt-jungle","https://github.com/brittonwalker/criterion-top-ten",""
"Brian Raftery","Head","Bob Rafelson","https://www.criterion.com/films/27527-head","https://github.com/brittonwalker/criterion-top-ten",""
"Edgar Wright","Head","Bob Rafelson","https://www.criterion.com/films/27527-head","https://github.com/brittonwalker/criterion-top-ten",""
"Brian Raftery","Smithereens","Susan Seidelman","https://www.criterion.com/films/29044-smithereens","https://github.com/brittonwalker/criterion-top-ten",""
"Beak>","Smithereens","Susan Seidelman","https://www.criterion.com/films/29044-smithereens","https://github.com/brittonwalker/criterion-top-ten",""
"​Jon Dieringer","Smithereens","Susan Seidelman","https://www.criterion.com/films/29044-smithereens","https://github.com/brittonwalker/criterion-top-ten",""
"Brian Raftery","Election","Alexander Payne","https://www.criterion.com/films/29335-election","https://github.com/brittonwalker/criterion-top-ten",""
"Jessica Morgan","Election","Alexander Payne","https://www.criterion.com/films/29335-election","https://github.com/brittonwalker/criterion-top-ten",""
"Brian Raftery","Hoop Dreams","Steve James","https://www.criterion.com/films/906-hoop-dreams","https://github.com/brittonwalker/criterion-top-ten",""
"Steven Yeun","Hoop Dreams","Steve James","https://www.criterion.com/films/906-hoop-dreams","https://github.com/brittonwalker/criterion-top-ten",""
"Jessica Morgan","Hoop Dreams","Steve James","https://www.criterion.com/films/906-hoop-dreams","https://github.com/brittonwalker/criterion-top-ten",""
"Christopher Radcliff and Lauren Wolkstein","Hoop Dreams","Steve James","https://www.criterion.com/films/906-hoop-dreams","https://github.com/brittonwalker/criterion-top-ten",""
"Dustin Guy Defa","Hoop Dreams","Steve James","https://www.criterion.com/films/906-hoop-dreams","https://github.com/brittonwalker/criterion-top-ten",""
"Steve Gunn","Hoop Dreams","Steve James","https://www.criterion.com/films/906-hoop-dreams","https://github.com/brittonwalker/criterion-top-ten",""
"Josh and Benny Safdie","Hoop Dreams","Steve James","https://www.criterion.com/films/906-hoop-dreams","https://github.com/brittonwalker/criterion-top-ten",""
"Daniel Lopatin","Hoop Dreams","Steve James","https://www.criterion.com/films/906-hoop-dreams","https://github.com/brittonwalker/criterion-top-ten",""
"Chuck Klosterman","Hoop Dreams","Steve James","https://www.criterion.com/films/906-hoop-dreams","https://github.com/brittonwalker/criterion-top-ten",""
"Dominic Monaghan","Hoop Dreams","Steve James","https://www.criterion.com/films/906-hoop-dreams","https://github.com/brittonwalker/criterion-top-ten",""
"Joe Swanberg","Hoop Dreams","Steve James","https://www.criterion.com/films/906-hoop-dreams","https://github.com/brittonwalker/criterion-top-ten",""
"Matt Dentler","Hoop Dreams","Steve James","https://www.criterion.com/films/906-hoop-dreams","https://github.com/brittonwalker/criterion-top-ten",""
"Beak>","Videodrome","David Cronenberg","https://www.criterion.com/films/240-videodrome","https://github.com/brittonwalker/criterion-top-ten",""
"Pat Healy","Videodrome","David Cronenberg","https://www.criterion.com/films/240-videodrome","https://github.com/brittonwalker/criterion-top-ten",""
"Zach Clark","Videodrome","David Cronenberg","https://www.criterion.com/films/240-videodrome","https://github.com/brittonwalker/criterion-top-ten",""
"Olivier Assayas","Videodrome","David Cronenberg","https://www.criterion.com/films/240-videodrome","https://github.com/brittonwalker/criterion-top-ten",""
"Alex Ross Perry","Videodrome","David Cronenberg","https://www.criterion.com/films/240-videodrome","https://github.com/brittonwalker/criterion-top-ten",""
"Austin Garrick","Videodrome","David Cronenberg","https://www.criterion.com/films/240-videodrome","https://github.com/brittonwalker/criterion-top-ten",""
"Nicolas Winding Refn","Videodrome","David Cronenberg","https://www.criterion.com/films/240-videodrome","https://github.com/brittonwalker/criterion-top-ten",""
"Nathan Lee","Videodrome","David Cronenberg","https://www.criterion.com/films/240-videodrome","https://github.com/brittonwalker/criterion-top-ten",""
"David Schwartz","Videodrome","David Cronenberg","https://www.criterion.com/films/240-videodrome","https://github.com/brittonwalker/criterion-top-ten",""
"Jonathan Lethem","Videodrome","David Cronenberg","https://www.criterion.com/films/240-videodrome","https://github.com/brittonwalker/criterion-top-ten",""
"Beak>","Fanny and Alexander: Theatrical Version","Ingmar Bergman","https://www.criterion.com/films/201-fanny-and-alexander-theatrical-version","https://github.com/brittonwalker/criterion-top-ten",""
"Ari Aster","Fanny and Alexander: Theatrical Version","Ingmar Bergman","https://www.criterion.com/films/201-fanny-and-alexander-theatrical-version","https://github.com/brittonwalker/criterion-top-ten",""
"Sloane Crosley","Fanny and Alexander: Theatrical Version","Ingmar Bergman","https://www.criterion.com/films/201-fanny-and-alexander-theatrical-version","https://github.com/brittonwalker/criterion-top-ten",""
"Annie Baker","Fanny and Alexander: Theatrical Version","Ingmar Bergman","https://www.criterion.com/films/201-fanny-and-alexander-theatrical-version","https://github.com/brittonwalker/criterion-top-ten",""
"Bong Joon-ho","Fanny and Alexander: Theatrical Version","Ingmar Bergman","https://www.criterion.com/films/201-fanny-and-alexander-theatrical-version","https://github.com/brittonwalker/criterion-top-ten",""
"Donald Fagen","Fanny and Alexander: Theatrical Version","Ingmar Bergman","https://www.criterion.com/films/201-fanny-and-alexander-theatrical-version","https://github.com/brittonwalker/criterion-top-ten",""
"Andrew Haigh ","Fanny and Alexander: Theatrical Version","Ingmar Bergman","https://www.criterion.com/films/201-fanny-and-alexander-theatrical-version","https://github.com/brittonwalker/criterion-top-ten",""
"Greg Mottola","Fanny and Alexander: Theatrical Version","Ingmar Bergman","https://www.criterion.com/films/201-fanny-and-alexander-theatrical-version","https://github.com/brittonwalker/criterion-top-ten",""
"Guillermo del Toro","Fanny and Alexander: Theatrical Version","Ingmar Bergman","https://www.criterion.com/films/201-fanny-and-alexander-theatrical-version","https://github.com/brittonwalker/criterion-top-ten",""
"Chris Hegedus","Fanny and Alexander: Theatrical Version","Ingmar Bergman","https://www.criterion.com/films/201-fanny-and-alexander-theatrical-version","https://github.com/brittonwalker/criterion-top-ten",""
"Kevin Macdonald","Fanny and Alexander: Theatrical Version","Ingmar Bergman","https://www.criterion.com/films/201-fanny-and-alexander-theatrical-version","https://github.com/brittonwalker/criterion-top-ten",""
"Beak>","Time Bandits","Terry Gilliam","https://www.criterion.com/films/232-time-bandits","https://github.com/brittonwalker/criterion-top-ten",""
"Jeremiah Zagar","Time Bandits","Terry Gilliam","https://www.criterion.com/films/232-time-bandits","https://github.com/brittonwalker/criterion-top-ten",""
"David and Nathan Zellner","Time Bandits","Terry Gilliam","https://www.criterion.com/films/232-time-bandits","https://github.com/brittonwalker/criterion-top-ten",""
"Keith Gordon","Time Bandits","Terry Gilliam","https://www.criterion.com/films/232-time-bandits","https://github.com/brittonwalker/criterion-top-ten",""
"Nicholas Stoller","Time Bandits","Terry Gilliam","https://www.criterion.com/films/232-time-bandits","https://github.com/brittonwalker/criterion-top-ten",""
"Guillermo del Toro","Time Bandits","Terry Gilliam","https://www.criterion.com/films/232-time-bandits","https://github.com/brittonwalker/criterion-top-ten",""
"Frank Kozik","Time Bandits","Terry Gilliam","https://www.criterion.com/films/232-time-bandits","https://github.com/brittonwalker/criterion-top-ten",""
"Mike Allred","Time Bandits","Terry Gilliam","https://www.criterion.com/films/232-time-bandits","https://github.com/brittonwalker/criterion-top-ten",""
"Beak>","Watership Down","Martin Rosen","https://www.criterion.com/films/28620-watership-down","https://github.com/brittonwalker/criterion-top-ten",""
"David and Nathan Zellner","Watership Down","Martin Rosen","https://www.criterion.com/films/28620-watership-down","https://github.com/brittonwalker/criterion-top-ten",""
"Mogwai","Watership Down","Martin Rosen","https://www.criterion.com/films/28620-watership-down","https://github.com/brittonwalker/criterion-top-ten",""
"Beak>","12 Angry Men","Sidney Lumet","https://www.criterion.com/films/27871-12-angry-men","https://github.com/brittonwalker/criterion-top-ten",""
"Jesse Malin","12 Angry Men","Sidney Lumet","https://www.criterion.com/films/27871-12-angry-men","https://github.com/brittonwalker/criterion-top-ten",""
"Marc Maron","12 Angry Men","Sidney Lumet","https://www.criterion.com/films/27871-12-angry-men","https://github.com/brittonwalker/criterion-top-ten",""
"Christopher Nolan","12 Angry Men","Sidney Lumet","https://www.criterion.com/films/27871-12-angry-men","https://github.com/brittonwalker/criterion-top-ten",""
"Susie Bright ","12 Angry Men","Sidney Lumet","https://www.criterion.com/films/27871-12-angry-men","https://github.com/brittonwalker/criterion-top-ten",""
"Beak>","The Long Good Friday","John Mackenzie","https://www.criterion.com/films/559-the-long-good-friday","https://github.com/brittonwalker/criterion-top-ten",""
"Michael Imperioli","The Killing of a Chinese Bookie","John Cassavetes","https://www.criterion.com/films/958-the-killing-of-a-chinese-bookie","https://github.com/brittonwalker/criterion-top-ten",""
"Lev Kalman","The Killing of a Chinese Bookie","John Cassavetes","https://www.criterion.com/films/958-the-killing-of-a-chinese-bookie","https://github.com/brittonwalker/criterion-top-ten",""
"Barry Levinson","The Killing of a Chinese Bookie","John Cassavetes","https://www.criterion.com/films/958-the-killing-of-a-chinese-bookie","https://github.com/brittonwalker/criterion-top-ten",""
"Stephen Cone","The Killing of a Chinese Bookie","John Cassavetes","https://www.criterion.com/films/958-the-killing-of-a-chinese-bookie","https://github.com/brittonwalker/criterion-top-ten",""
"Joshua Z Weinstein","The Killing of a Chinese Bookie","John Cassavetes","https://www.criterion.com/films/958-the-killing-of-a-chinese-bookie","https://github.com/brittonwalker/criterion-top-ten",""
"Alison Maclean","The Killing of a Chinese Bookie","John Cassavetes","https://www.criterion.com/films/958-the-killing-of-a-chinese-bookie","https://github.com/brittonwalker/criterion-top-ten",""
"Sean Baker","The Killing of a Chinese Bookie","John Cassavetes","https://www.criterion.com/films/958-the-killing-of-a-chinese-bookie","https://github.com/brittonwalker/criterion-top-ten",""
"Josh and Benny Safdie","The Killing of a Chinese Bookie","John Cassavetes","https://www.criterion.com/films/958-the-killing-of-a-chinese-bookie","https://github.com/brittonwalker/criterion-top-ten",""
"Jesse Malin","The Killing of a Chinese Bookie","John Cassavetes","https://www.criterion.com/films/958-the-killing-of-a-chinese-bookie","https://github.com/brittonwalker/criterion-top-ten",""
"Alex Ross Perry","The Killing of a Chinese Bookie","John Cassavetes","https://www.criterion.com/films/958-the-killing-of-a-chinese-bookie","https://github.com/brittonwalker/criterion-top-ten",""
"Aki Kaurismäki ","The Killing of a Chinese Bookie","John Cassavetes","https://www.criterion.com/films/958-the-killing-of-a-chinese-bookie","https://github.com/brittonwalker/criterion-top-ten",""
"John Lurie","The Killing of a Chinese Bookie","John Cassavetes","https://www.criterion.com/films/958-the-killing-of-a-chinese-bookie","https://github.com/brittonwalker/criterion-top-ten",""
"Michael Imperioli","The In-Laws","Arthur Hiller","https://www.criterion.com/films/28707-the-in-laws","https://github.com/brittonwalker/criterion-top-ten",""
"Michael Imperioli","Fox and His Friends","Rainer Werner Fassbinder","https://www.criterion.com/films/27957-fox-and-his-friends","https://github.com/brittonwalker/criterion-top-ten",""
"Michael Imperioli","Mamma Roma","Pier Paolo Pasolini","https://www.criterion.com/films/375-mamma-roma","https://github.com/brittonwalker/criterion-top-ten",""
"Jonas Carpignano","Mamma Roma","Pier Paolo Pasolini","https://www.criterion.com/films/375-mamma-roma","https://github.com/brittonwalker/criterion-top-ten",""
"Nathan Silver","Mamma Roma","Pier Paolo Pasolini","https://www.criterion.com/films/375-mamma-roma","https://github.com/brittonwalker/criterion-top-ten",""
"Sonic Youth","Mamma Roma","Pier Paolo Pasolini","https://www.criterion.com/films/375-mamma-roma","https://github.com/brittonwalker/criterion-top-ten",""
"Leanne Shapton","Mamma Roma","Pier Paolo Pasolini","https://www.criterion.com/films/375-mamma-roma","https://github.com/brittonwalker/criterion-top-ten",""
"Neil LaBute","Mamma Roma","Pier Paolo Pasolini","https://www.criterion.com/films/375-mamma-roma","https://github.com/brittonwalker/criterion-top-ten",""
"Michael Imperioli","Rififi","Jules Dassin","https://www.criterion.com/films/654-rififi","https://github.com/brittonwalker/criterion-top-ten",""
"Olivier Assayas","Rififi","Jules Dassin","https://www.criterion.com/films/654-rififi","https://github.com/brittonwalker/criterion-top-ten",""
"Michael Korda","Rififi","Jules Dassin","https://www.criterion.com/films/654-rififi","https://github.com/brittonwalker/criterion-top-ten",""
"Scott Morse’s Top Ten","Rififi","Jules Dassin","https://www.criterion.com/films/654-rififi","https://github.com/brittonwalker/criterion-top-ten",""
"Joe Mantegna","Rififi","Jules Dassin","https://www.criterion.com/films/654-rififi","https://github.com/brittonwalker/criterion-top-ten",""
"Al Reinert","Rififi","Jules Dassin","https://www.criterion.com/films/654-rififi","https://github.com/brittonwalker/criterion-top-ten",""
"Lev Kalman","Blood for Dracula","Paul Morrissey","https://www.criterion.com/films/564-blood-for-dracula","https://github.com/brittonwalker/criterion-top-ten",""
"Lev Kalman","Female Trouble","John Waters","https://www.criterion.com/films/28704-female-trouble","https://github.com/brittonwalker/criterion-top-ten",""
"Karyn Kusama","Female Trouble","John Waters","https://www.criterion.com/films/28704-female-trouble","https://github.com/brittonwalker/criterion-top-ten",""
"Lev Kalman","Island of Lost Souls","Erle C. Kenton","https://www.criterion.com/films/27861-island-of-lost-souls","https://github.com/brittonwalker/criterion-top-ten",""
"Lev Kalman","Unfaithfully Yours","Preston Sturges","https://www.criterion.com/films/876-unfaithfully-yours","https://github.com/brittonwalker/criterion-top-ten",""
"Guillermo del Toro","Unfaithfully Yours","Preston Sturges","https://www.criterion.com/films/876-unfaithfully-yours","https://github.com/brittonwalker/criterion-top-ten",""
"Tom Schnabel","Unfaithfully Yours","Preston Sturges","https://www.criterion.com/films/876-unfaithfully-yours","https://github.com/brittonwalker/criterion-top-ten",""
"Richard Linklater","Unfaithfully Yours","Preston Sturges","https://www.criterion.com/films/876-unfaithfully-yours","https://github.com/brittonwalker/criterion-top-ten",""
"Lev Kalman","Science Is Fiction: 23 Films by Jean Painlevé","Jean Painlevé","https://www.criterion.com/films/1286-science-is-fiction-23-films-by-jean-painlev","https://github.com/brittonwalker/criterion-top-ten",""
"Marcel Dzama","Science Is Fiction: 23 Films by Jean Painlevé","Jean Painlevé","https://www.criterion.com/films/1286-science-is-fiction-23-films-by-jean-painlev","https://github.com/brittonwalker/criterion-top-ten",""
"Nathan Lee","Science Is Fiction: 23 Films by Jean Painlevé","Jean Painlevé","https://www.criterion.com/films/1286-science-is-fiction-23-films-by-jean-painlev","https://github.com/brittonwalker/criterion-top-ten",""
"Lev Kalman","Twin Peaks: Fire Walk with Me","David Lynch","https://www.criterion.com/films/29237-twin-peaks-fire-walk-with-me","https://github.com/brittonwalker/criterion-top-ten",""
"Hari Nef","Twin Peaks: Fire Walk with Me","David Lynch","https://www.criterion.com/films/29237-twin-peaks-fire-walk-with-me","https://github.com/brittonwalker/criterion-top-ten",""
"Lev Kalman","Barcelona","Whit Stillman","https://www.criterion.com/films/28691-barcelona","https://github.com/brittonwalker/criterion-top-ten",""
"Sloane Crosley","Barcelona","Whit Stillman","https://www.criterion.com/films/28691-barcelona","https://github.com/brittonwalker/criterion-top-ten",""
"Lev Kalman","Suzanne’s Career","Eric Rohmer","https://www.criterion.com/films/787-suzannes-career","https://github.com/brittonwalker/criterion-top-ten",""
"Sean Baker","Suzanne’s Career","Eric Rohmer","https://www.criterion.com/films/787-suzannes-career","https://github.com/brittonwalker/criterion-top-ten",""
"André Gregory and Wallace Shawn","Suzanne’s Career","Eric Rohmer","https://www.criterion.com/films/787-suzannes-career","https://github.com/brittonwalker/criterion-top-ten",""
"Richard Ayoade","Suzanne’s Career","Eric Rohmer","https://www.criterion.com/films/787-suzannes-career","https://github.com/brittonwalker/criterion-top-ten",""
"Christophe Honoré","The Magnificent Ambersons","Orson Welles","https://www.criterion.com/films/28711-the-magnificent-ambersons","https://github.com/brittonwalker/criterion-top-ten",""
"Christophe Honoré","Lola","Jacques Demy","https://www.criterion.com/films/27932-lola","https://github.com/brittonwalker/criterion-top-ten",""
"Mark Cousins","Lola","Jacques Demy","https://www.criterion.com/films/27932-lola","https://github.com/brittonwalker/criterion-top-ten",""
"Keegan McHargue","Lola","Jacques Demy","https://www.criterion.com/films/27932-lola","https://github.com/brittonwalker/criterion-top-ten",""
"Christophe Honoré","The Awful Truth","Leo McCarey","https://www.criterion.com/films/27904-the-awful-truth","https://github.com/brittonwalker/criterion-top-ten",""
"Christophe Honoré","Mystery Train","Jim Jarmusch","https://www.criterion.com/films/2057-mystery-train","https://github.com/brittonwalker/criterion-top-ten",""
"Christophe Honoré","Yi Yi","Edward Yang","https://www.criterion.com/films/781-yi-yi","https://github.com/brittonwalker/criterion-top-ten",""
"Karyn Kusama","Yi Yi","Edward Yang","https://www.criterion.com/films/781-yi-yi","https://github.com/brittonwalker/criterion-top-ten",""
"Ari Aster","Yi Yi","Edward Yang","https://www.criterion.com/films/781-yi-yi","https://github.com/brittonwalker/criterion-top-ten",""
"Connor Jessup","Yi Yi","Edward Yang","https://www.criterion.com/films/781-yi-yi","https://github.com/brittonwalker/criterion-top-ten",""
"Ken Jennings","Yi Yi","Edward Yang","https://www.criterion.com/films/781-yi-yi","https://github.com/brittonwalker/criterion-top-ten",""
"Olivier Assayas","Yi Yi","Edward Yang","https://www.criterion.com/films/781-yi-yi","https://github.com/brittonwalker/criterion-top-ten",""
"Kazu Kibuishi","Yi Yi","Edward Yang","https://www.criterion.com/films/781-yi-yi","https://github.com/brittonwalker/criterion-top-ten",""
"David Hudson","Yi Yi","Edward Yang","https://www.criterion.com/films/781-yi-yi","https://github.com/brittonwalker/criterion-top-ten",""
"Raúl Castillo","Y tu mamá también","Alfonso Cuarón","https://www.criterion.com/films/28005-y-tu-mam-tambin","https://github.com/brittonwalker/criterion-top-ten",""
"Jeremiah Zagar","Y tu mamá también","Alfonso Cuarón","https://www.criterion.com/films/28005-y-tu-mam-tambin","https://github.com/brittonwalker/criterion-top-ten",""
"Terence Nance","Y tu mamá también","Alfonso Cuarón","https://www.criterion.com/films/28005-y-tu-mam-tambin","https://github.com/brittonwalker/criterion-top-ten",""
"Raúl Castillo","Weekend","Andrew Haigh","https://www.criterion.com/films/27783-weekend","https://github.com/brittonwalker/criterion-top-ten",""
"Andrew Ahn","Weekend","Andrew Haigh","https://www.criterion.com/films/27783-weekend","https://github.com/brittonwalker/criterion-top-ten",""
"Lena Dunham ","Weekend","Andrew Haigh","https://www.criterion.com/films/27783-weekend","https://github.com/brittonwalker/criterion-top-ten",""
"Haskell Wexler","Weekend","Andrew Haigh","https://www.criterion.com/films/27783-weekend","https://github.com/brittonwalker/criterion-top-ten",""
"Raúl Castillo","Drunken Angel","Akira Kurosawa","https://www.criterion.com/films/845-drunken-angel","https://github.com/brittonwalker/criterion-top-ten",""
"Raúl Castillo","Ratcatcher","Lynne Ramsay","https://www.criterion.com/films/716-ratcatcher","https://github.com/brittonwalker/criterion-top-ten",""
"Jeremiah Zagar","Ratcatcher","Lynne Ramsay","https://www.criterion.com/films/716-ratcatcher","https://github.com/brittonwalker/criterion-top-ten",""
"Andrew Ahn","Ratcatcher","Lynne Ramsay","https://www.criterion.com/films/716-ratcatcher","https://github.com/brittonwalker/criterion-top-ten",""
"K. K. Barrett","Ratcatcher","Lynne Ramsay","https://www.criterion.com/films/716-ratcatcher","https://github.com/brittonwalker/criterion-top-ten",""
"Andrew Haigh ","Ratcatcher","Lynne Ramsay","https://www.criterion.com/films/716-ratcatcher","https://github.com/brittonwalker/criterion-top-ten",""
"Raúl Castillo","Night of the Living Dead","George A. Romero","https://www.criterion.com/films/29331-night-of-the-living-dead","https://github.com/brittonwalker/criterion-top-ten",""
"Karyn Kusama","The Innocents","Jack Clayton","https://www.criterion.com/films/28569-the-innocents","https://github.com/brittonwalker/criterion-top-ten",""
"Amy Fine Collins","The Innocents","Jack Clayton","https://www.criterion.com/films/28569-the-innocents","https://github.com/brittonwalker/criterion-top-ten",""
"Karyn Kusama","High and Low","Akira Kurosawa","https://www.criterion.com/films/543-high-and-low","https://github.com/brittonwalker/criterion-top-ten",""
"Connor Jessup","High and Low","Akira Kurosawa","https://www.criterion.com/films/543-high-and-low","https://github.com/brittonwalker/criterion-top-ten",""
"Christopher Radcliff and Lauren Wolkstein","High and Low","Akira Kurosawa","https://www.criterion.com/films/543-high-and-low","https://github.com/brittonwalker/criterion-top-ten",""
"Mark Cousins","High and Low","Akira Kurosawa","https://www.criterion.com/films/543-high-and-low","https://github.com/brittonwalker/criterion-top-ten",""
"Alec Baldwin","High and Low","Akira Kurosawa","https://www.criterion.com/films/543-high-and-low","https://github.com/brittonwalker/criterion-top-ten",""
"Bill Hader","High and Low","Akira Kurosawa","https://www.criterion.com/films/543-high-and-low","https://github.com/brittonwalker/criterion-top-ten",""
"Guillermo del Toro","High and Low","Akira Kurosawa","https://www.criterion.com/films/543-high-and-low","https://github.com/brittonwalker/criterion-top-ten",""
"Johnnie To","High and Low","Akira Kurosawa","https://www.criterion.com/films/543-high-and-low","https://github.com/brittonwalker/criterion-top-ten",""
"Matt Dentler","High and Low","Akira Kurosawa","https://www.criterion.com/films/543-high-and-low","https://github.com/brittonwalker/criterion-top-ten",""
"Gary Giddins","High and Low","Akira Kurosawa","https://www.criterion.com/films/543-high-and-low","https://github.com/brittonwalker/criterion-top-ten",""
"Karyn Kusama","Broadcast News","James L. Brooks","https://www.criterion.com/films/27535-broadcast-news","https://github.com/brittonwalker/criterion-top-ten",""
"Sloane Crosley","Broadcast News","James L. Brooks","https://www.criterion.com/films/27535-broadcast-news","https://github.com/brittonwalker/criterion-top-ten",""
"Jessica Morgan","Broadcast News","James L. Brooks","https://www.criterion.com/films/27535-broadcast-news","https://github.com/brittonwalker/criterion-top-ten",""
"Stephen Cone","Broadcast News","James L. Brooks","https://www.criterion.com/films/27535-broadcast-news","https://github.com/brittonwalker/criterion-top-ten",""
"Dustin Guy Defa","Broadcast News","James L. Brooks","https://www.criterion.com/films/27535-broadcast-news","https://github.com/brittonwalker/criterion-top-ten",""
"Ken Jennings","Broadcast News","James L. Brooks","https://www.criterion.com/films/27535-broadcast-news","https://github.com/brittonwalker/criterion-top-ten",""
"Dana Calvo","Broadcast News","James L. Brooks","https://www.criterion.com/films/27535-broadcast-news","https://github.com/brittonwalker/criterion-top-ten",""
"Lena Dunham ","Broadcast News","James L. Brooks","https://www.criterion.com/films/27535-broadcast-news","https://github.com/brittonwalker/criterion-top-ten",""
"Nicholas Stoller","Broadcast News","James L. Brooks","https://www.criterion.com/films/27535-broadcast-news","https://github.com/brittonwalker/criterion-top-ten",""
"Karyn Kusama","Something Wild","Jonathan Demme","https://www.criterion.com/films/27603-something-wild","https://github.com/brittonwalker/criterion-top-ten",""
"Stephen Cone","Something Wild","Jonathan Demme","https://www.criterion.com/films/27603-something-wild","https://github.com/brittonwalker/criterion-top-ten",""
"André Gregory and Wallace Shawn","Something Wild","Jonathan Demme","https://www.criterion.com/films/27603-something-wild","https://github.com/brittonwalker/criterion-top-ten",""
"Miguel Arteta ","Something Wild","Jonathan Demme","https://www.criterion.com/films/27603-something-wild","https://github.com/brittonwalker/criterion-top-ten",""
"Karyn Kusama","Bad Timing","Nicolas Roeg","https://www.criterion.com/films/744-bad-timing","https://github.com/brittonwalker/criterion-top-ten",""
"Nathan Silver","Bad Timing","Nicolas Roeg","https://www.criterion.com/films/744-bad-timing","https://github.com/brittonwalker/criterion-top-ten",""
"Mark Cousins","Bad Timing","Nicolas Roeg","https://www.criterion.com/films/744-bad-timing","https://github.com/brittonwalker/criterion-top-ten",""
"Geoff Dyer","Bad Timing","Nicolas Roeg","https://www.criterion.com/films/744-bad-timing","https://github.com/brittonwalker/criterion-top-ten",""
"Jonathan Caouette","Bad Timing","Nicolas Roeg","https://www.criterion.com/films/744-bad-timing","https://github.com/brittonwalker/criterion-top-ten",""
"Christopher Nolan","Bad Timing","Nicolas Roeg","https://www.criterion.com/films/744-bad-timing","https://github.com/brittonwalker/criterion-top-ten",""
"Karyn Kusama","Intentions of Murder","Shohei Imamura","https://www.criterion.com/films/1431-intentions-of-murder","https://github.com/brittonwalker/criterion-top-ten",""
"Wes Anderson","Intentions of Murder","Shohei Imamura","https://www.criterion.com/films/1431-intentions-of-murder","https://github.com/brittonwalker/criterion-top-ten",""
"Karyn Kusama","The King of Marvin Gardens","Bob Rafelson","https://www.criterion.com/films/27532-the-king-of-marvin-gardens","https://github.com/brittonwalker/criterion-top-ten",""
"Karyn Kusama","An Angel at My Table","Jane Campion","https://www.criterion.com/films/742-an-angel-at-my-table","https://github.com/brittonwalker/criterion-top-ten",""
"Alice Rohrwacher","An Angel at My Table","Jane Campion","https://www.criterion.com/films/742-an-angel-at-my-table","https://github.com/brittonwalker/criterion-top-ten",""
"Götz Spielmann","An Angel at My Table","Jane Campion","https://www.criterion.com/films/742-an-angel-at-my-table","https://github.com/brittonwalker/criterion-top-ten",""
"Paweł Pawlikowski","A Hard Day’s Night","Richard Lester","https://www.criterion.com/films/28547-a-hard-days-night","https://github.com/brittonwalker/criterion-top-ten",""
"Ken Jennings","A Hard Day’s Night","Richard Lester","https://www.criterion.com/films/28547-a-hard-days-night","https://github.com/brittonwalker/criterion-top-ten",""
"Julia Cafritz","A Hard Day’s Night","Richard Lester","https://www.criterion.com/films/28547-a-hard-days-night","https://github.com/brittonwalker/criterion-top-ten",""
"Paweł Pawlikowski","Some Like It Hot","Billy Wilder","https://www.criterion.com/films/29162-some-like-it-hot","https://github.com/brittonwalker/criterion-top-ten",""
"Paweł Pawlikowski","Ashes and Diamonds","Andrzej Wajda","https://www.criterion.com/films/342-ashes-and-diamonds","https://github.com/brittonwalker/criterion-top-ten",""
"Martin Scorsese","Ashes and Diamonds","Andrzej Wajda","https://www.criterion.com/films/342-ashes-and-diamonds","https://github.com/brittonwalker/criterion-top-ten",""
"Götz Spielmann","Ashes and Diamonds","Andrzej Wajda","https://www.criterion.com/films/342-ashes-and-diamonds","https://github.com/brittonwalker/criterion-top-ten",""
"Peter Cowie","Ashes and Diamonds","Andrzej Wajda","https://www.criterion.com/films/342-ashes-and-diamonds","https://github.com/brittonwalker/criterion-top-ten",""
"Stuart Cooper","Ashes and Diamonds","Andrzej Wajda","https://www.criterion.com/films/342-ashes-and-diamonds","https://github.com/brittonwalker/criterion-top-ten",""
"Paweł Pawlikowski","Days of Heaven","Terrence Malick","https://www.criterion.com/films/213-days-of-heaven","https://github.com/brittonwalker/criterion-top-ten",""
"Sloane Crosley","Days of Heaven","Terrence Malick","https://www.criterion.com/films/213-days-of-heaven","https://github.com/brittonwalker/criterion-top-ten",""
"Stephen Cone","Days of Heaven","Terrence Malick","https://www.criterion.com/films/213-days-of-heaven","https://github.com/brittonwalker/criterion-top-ten",""
"Terence Nance","Days of Heaven","Terrence Malick","https://www.criterion.com/films/213-days-of-heaven","https://github.com/brittonwalker/criterion-top-ten",""
"Jenni Olson","Days of Heaven","Terrence Malick","https://www.criterion.com/films/213-days-of-heaven","https://github.com/brittonwalker/criterion-top-ten",""
"Andrew Ahn","Days of Heaven","Terrence Malick","https://www.criterion.com/films/213-days-of-heaven","https://github.com/brittonwalker/criterion-top-ten",""
"Bret Easton Ellis","Days of Heaven","Terrence Malick","https://www.criterion.com/films/213-days-of-heaven","https://github.com/brittonwalker/criterion-top-ten",""
"Meg Baird","Days of Heaven","Terrence Malick","https://www.criterion.com/films/213-days-of-heaven","https://github.com/brittonwalker/criterion-top-ten",""
"Keith Gordon","Days of Heaven","Terrence Malick","https://www.criterion.com/films/213-days-of-heaven","https://github.com/brittonwalker/criterion-top-ten",""
"Jonathan Caouette","Days of Heaven","Terrence Malick","https://www.criterion.com/films/213-days-of-heaven","https://github.com/brittonwalker/criterion-top-ten",""
"Lena Dunham ","Days of Heaven","Terrence Malick","https://www.criterion.com/films/213-days-of-heaven","https://github.com/brittonwalker/criterion-top-ten",""
"Richard Ayoade","Days of Heaven","Terrence Malick","https://www.criterion.com/films/213-days-of-heaven","https://github.com/brittonwalker/criterion-top-ten",""
"Sonic Youth","Days of Heaven","Terrence Malick","https://www.criterion.com/films/213-days-of-heaven","https://github.com/brittonwalker/criterion-top-ten",""
"Al Reinert","Days of Heaven","Terrence Malick","https://www.criterion.com/films/213-days-of-heaven","https://github.com/brittonwalker/criterion-top-ten",""
"Paweł Pawlikowski","Loves of a Blonde","Miloš Forman","https://www.criterion.com/films/246-loves-of-a-blonde","https://github.com/brittonwalker/criterion-top-ten",""
"Barnaby Clay","Loves of a Blonde","Miloš Forman","https://www.criterion.com/films/246-loves-of-a-blonde","https://github.com/brittonwalker/criterion-top-ten",""
"Mary Ellen Mark","Loves of a Blonde","Miloš Forman","https://www.criterion.com/films/246-loves-of-a-blonde","https://github.com/brittonwalker/criterion-top-ten",""
"Paul Feig ","Loves of a Blonde","Miloš Forman","https://www.criterion.com/films/246-loves-of-a-blonde","https://github.com/brittonwalker/criterion-top-ten",""
"Neil LaBute","Loves of a Blonde","Miloš Forman","https://www.criterion.com/films/246-loves-of-a-blonde","https://github.com/brittonwalker/criterion-top-ten",""
"Paweł Pawlikowski","Vivre sa vie","Jean-Luc Godard","https://www.criterion.com/films/3060-vivre-sa-vie","https://github.com/brittonwalker/criterion-top-ten",""
"Laura Mulvey","Vivre sa vie","Jean-Luc Godard","https://www.criterion.com/films/3060-vivre-sa-vie","https://github.com/brittonwalker/criterion-top-ten",""
"Atom Egoyan","Vivre sa vie","Jean-Luc Godard","https://www.criterion.com/films/3060-vivre-sa-vie","https://github.com/brittonwalker/criterion-top-ten",""
"​Jon Dieringer","Canoa: A Shameful Memory","Felipe Cazals","https://www.criterion.com/films/29050-canoa-a-shameful-memory","https://github.com/brittonwalker/criterion-top-ten",""
"​Jon Dieringer","Eating Raoul","Paul Bartel","https://www.criterion.com/films/27767-eating-raoul","https://github.com/brittonwalker/criterion-top-ten",""
"Keegan McHargue","Eating Raoul","Paul Bartel","https://www.criterion.com/films/27767-eating-raoul","https://github.com/brittonwalker/criterion-top-ten",""
"​Jon Dieringer","El Sur","Víctor Erice","https://www.criterion.com/films/27745-el-sur","https://github.com/brittonwalker/criterion-top-ten",""
"​Jon Dieringer","Lone Wolf and Cub","","https://www.criterion.com/films/1217-lone-wolf-and-cub","https://github.com/brittonwalker/criterion-top-ten",""
"​Jon Dieringer","Eight Hours Don’t Make a Day","Rainer Werner Fassbinder","https://www.criterion.com/films/29400-eight-hours-dont-make-a-day","https://github.com/brittonwalker/criterion-top-ten",""
"Alice Rohrwacher","Viridiana","Luis Buñuel","https://www.criterion.com/films/373-viridiana","https://github.com/brittonwalker/criterion-top-ten",""
"Ali Abbasi","Viridiana","Luis Buñuel","https://www.criterion.com/films/373-viridiana","https://github.com/brittonwalker/criterion-top-ten",""
"Will Oldham","Viridiana","Luis Buñuel","https://www.criterion.com/films/373-viridiana","https://github.com/brittonwalker/criterion-top-ten",""
"Alice Rohrwacher","Breathless","Jean-Luc Godard","https://www.criterion.com/films/268-breathless","https://github.com/brittonwalker/criterion-top-ten",""
"Barry Levinson","Breathless","Jean-Luc Godard","https://www.criterion.com/films/268-breathless","https://github.com/brittonwalker/criterion-top-ten",""
"Duncan Hannah","Breathless","Jean-Luc Godard","https://www.criterion.com/films/268-breathless","https://github.com/brittonwalker/criterion-top-ten",""
"Laura Mulvey","Breathless","Jean-Luc Godard","https://www.criterion.com/films/268-breathless","https://github.com/brittonwalker/criterion-top-ten",""
"Reggie Watts","Breathless","Jean-Luc Godard","https://www.criterion.com/films/268-breathless","https://github.com/brittonwalker/criterion-top-ten",""
"Austin Garrick","Breathless","Jean-Luc Godard","https://www.criterion.com/films/268-breathless","https://github.com/brittonwalker/criterion-top-ten",""
"Haskell Wexler","Breathless","Jean-Luc Godard","https://www.criterion.com/films/268-breathless","https://github.com/brittonwalker/criterion-top-ten",""
"Andrew Loog Oldham","Breathless","Jean-Luc Godard","https://www.criterion.com/films/268-breathless","https://github.com/brittonwalker/criterion-top-ten",""
"Miguel Arteta ","Breathless","Jean-Luc Godard","https://www.criterion.com/films/268-breathless","https://github.com/brittonwalker/criterion-top-ten",""
"Allan Arkush","Breathless","Jean-Luc Godard","https://www.criterion.com/films/268-breathless","https://github.com/brittonwalker/criterion-top-ten",""
"Alice Rohrwacher","Le Havre","Aki Kaurismäki","https://www.criterion.com/films/28352-le-havre","https://github.com/brittonwalker/criterion-top-ten",""
"Ali Abbasi","Great Expectations","David Lean","https://www.criterion.com/films/566-great-expectations","https://github.com/brittonwalker/criterion-top-ten",""
"Michael Korda","Great Expectations","David Lean","https://www.criterion.com/films/566-great-expectations","https://github.com/brittonwalker/criterion-top-ten",""
"Guillermo del Toro","Great Expectations","David Lean","https://www.criterion.com/films/566-great-expectations","https://github.com/brittonwalker/criterion-top-ten",""
"Bruce Goldstein","Great Expectations","David Lean","https://www.criterion.com/films/566-great-expectations","https://github.com/brittonwalker/criterion-top-ten",""
"Ali Abbasi","La strada","Federico Fellini","https://www.criterion.com/films/185-la-strada","https://github.com/brittonwalker/criterion-top-ten",""
"Jonas Carpignano","La strada","Federico Fellini","https://www.criterion.com/films/185-la-strada","https://github.com/brittonwalker/criterion-top-ten",""
"Mary Ellen Mark","La strada","Federico Fellini","https://www.criterion.com/films/185-la-strada","https://github.com/brittonwalker/criterion-top-ten",""
"Iron and Wine","La strada","Federico Fellini","https://www.criterion.com/films/185-la-strada","https://github.com/brittonwalker/criterion-top-ten",""
"Monte Hellman","La strada","Federico Fellini","https://www.criterion.com/films/185-la-strada","https://github.com/brittonwalker/criterion-top-ten",""
"Tom Schnabel","La strada","Federico Fellini","https://www.criterion.com/films/185-la-strada","https://github.com/brittonwalker/criterion-top-ten",""
"D. A. Pennebaker","La strada","Federico Fellini","https://www.criterion.com/films/185-la-strada","https://github.com/brittonwalker/criterion-top-ten",""
"Jane Campion","La strada","Federico Fellini","https://www.criterion.com/films/185-la-strada","https://github.com/brittonwalker/criterion-top-ten",""
"Ali Abbasi","Naked Lunch","David Cronenberg","https://www.criterion.com/films/634-naked-lunch","https://github.com/brittonwalker/criterion-top-ten",""
"Nathan Lee","Naked Lunch","David Cronenberg","https://www.criterion.com/films/634-naked-lunch","https://github.com/brittonwalker/criterion-top-ten",""
"Ali Abbasi","The Color of Pomegranates","Sergei Parajanov","https://www.criterion.com/films/29219-the-color-of-pomegranates","https://github.com/brittonwalker/criterion-top-ten",""
"Steven Yeun","Good Morning","Yasujiro Ozu","https://www.criterion.com/films/624-good-morning","https://github.com/brittonwalker/criterion-top-ten",""
"Connor Jessup","Good Morning","Yasujiro Ozu","https://www.criterion.com/films/624-good-morning","https://github.com/brittonwalker/criterion-top-ten",""
"João Pedro Rodrigues","Good Morning","Yasujiro Ozu","https://www.criterion.com/films/624-good-morning","https://github.com/brittonwalker/criterion-top-ten",""
"Bill Hader","Good Morning","Yasujiro Ozu","https://www.criterion.com/films/624-good-morning","https://github.com/brittonwalker/criterion-top-ten",""
"Steven Yeun","Still Walking","Hirokazu Kore-eda","https://www.criterion.com/films/27540-still-walking","https://github.com/brittonwalker/criterion-top-ten",""
"Connor Jessup","Still Walking","Hirokazu Kore-eda","https://www.criterion.com/films/27540-still-walking","https://github.com/brittonwalker/criterion-top-ten",""
"Christopher Radcliff and Lauren Wolkstein","Still Walking","Hirokazu Kore-eda","https://www.criterion.com/films/27540-still-walking","https://github.com/brittonwalker/criterion-top-ten",""
"Steven Yeun","Fantastic Mr. Fox","Wes Anderson","https://www.criterion.com/films/28565-fantastic-mr-fox","https://github.com/brittonwalker/criterion-top-ten",""
"Terence Nance","Fantastic Mr. Fox","Wes Anderson","https://www.criterion.com/films/28565-fantastic-mr-fox","https://github.com/brittonwalker/criterion-top-ten",""
"Reggie Watts","Fantastic Mr. Fox","Wes Anderson","https://www.criterion.com/films/28565-fantastic-mr-fox","https://github.com/brittonwalker/criterion-top-ten",""
"Ana Lily Amirpour","Fantastic Mr. Fox","Wes Anderson","https://www.criterion.com/films/28565-fantastic-mr-fox","https://github.com/brittonwalker/criterion-top-ten",""
"Steven Yeun","The Princess Bride","Rob Reiner","https://www.criterion.com/films/29368-the-princess-bride","https://github.com/brittonwalker/criterion-top-ten",""
"John Grant","Cronos","Guillermo del Toro","https://www.criterion.com/films/27534-cronos","https://github.com/brittonwalker/criterion-top-ten",""
"Mogwai","Cronos","Guillermo del Toro","https://www.criterion.com/films/27534-cronos","https://github.com/brittonwalker/criterion-top-ten",""
"John Grant","Tootsie","Sydney Pollack","https://www.criterion.com/films/28609-tootsie","https://github.com/brittonwalker/criterion-top-ten",""
"Sloane Crosley","Tootsie","Sydney Pollack","https://www.criterion.com/films/28609-tootsie","https://github.com/brittonwalker/criterion-top-ten",""
"Dana Calvo","Tootsie","Sydney Pollack","https://www.criterion.com/films/28609-tootsie","https://github.com/brittonwalker/criterion-top-ten",""
"Clea DuVall","Tootsie","Sydney Pollack","https://www.criterion.com/films/28609-tootsie","https://github.com/brittonwalker/criterion-top-ten",""
"John Grant","Carnival of Souls","Herk Harvey","https://www.criterion.com/films/607-carnival-of-souls","https://github.com/brittonwalker/criterion-top-ten",""
"Jonathan Caouette","Carnival of Souls","Herk Harvey","https://www.criterion.com/films/607-carnival-of-souls","https://github.com/brittonwalker/criterion-top-ten",""
"Frederick Elmes","Carnival of Souls","Herk Harvey","https://www.criterion.com/films/607-carnival-of-souls","https://github.com/brittonwalker/criterion-top-ten",""
"David Markey","Carnival of Souls","Herk Harvey","https://www.criterion.com/films/607-carnival-of-souls","https://github.com/brittonwalker/criterion-top-ten",""
"Allison Anders","Carnival of Souls","Herk Harvey","https://www.criterion.com/films/607-carnival-of-souls","https://github.com/brittonwalker/criterion-top-ten",""
"John Grant","Europa","Lars von Trier","https://www.criterion.com/films/768-europa","https://github.com/brittonwalker/criterion-top-ten",""
"Stella Mozgawa","Europa","Lars von Trier","https://www.criterion.com/films/768-europa","https://github.com/brittonwalker/criterion-top-ten",""
"Hari Nef","Tiny Furniture","Lena Dunham","https://www.criterion.com/films/28317-tiny-furniture","https://github.com/brittonwalker/criterion-top-ten",""
"Hari Nef","Clouds of Sils Maria","Olivier Assayas","https://www.criterion.com/films/28748-clouds-of-sils-maria","https://github.com/brittonwalker/criterion-top-ten",""
"Bill Condon","Clouds of Sils Maria","Olivier Assayas","https://www.criterion.com/films/28748-clouds-of-sils-maria","https://github.com/brittonwalker/criterion-top-ten",""
"Hari Nef","Claire’s Knee","Eric Rohmer","https://www.criterion.com/films/793-claires-knee","https://github.com/brittonwalker/criterion-top-ten",""
"Sean Baker","Claire’s Knee","Eric Rohmer","https://www.criterion.com/films/793-claires-knee","https://github.com/brittonwalker/criterion-top-ten",""
"André Gregory and Wallace Shawn","Claire’s Knee","Eric Rohmer","https://www.criterion.com/films/793-claires-knee","https://github.com/brittonwalker/criterion-top-ten",""
"Richard Ayoade","Claire’s Knee","Eric Rohmer","https://www.criterion.com/films/793-claires-knee","https://github.com/brittonwalker/criterion-top-ten",""
"Frederick Elmes","Claire’s Knee","Eric Rohmer","https://www.criterion.com/films/793-claires-knee","https://github.com/brittonwalker/criterion-top-ten",""
"Hari Nef","The Bitter Tears of Petra von Kant","Rainer Werner Fassbinder","https://www.criterion.com/films/27953-the-bitter-tears-of-petra-von-kant","https://github.com/brittonwalker/criterion-top-ten",""
"Ruben Östlund","The Bitter Tears of Petra von Kant","Rainer Werner Fassbinder","https://www.criterion.com/films/27953-the-bitter-tears-of-petra-von-kant","https://github.com/brittonwalker/criterion-top-ten",""
"Zach Clark","The Bitter Tears of Petra von Kant","Rainer Werner Fassbinder","https://www.criterion.com/films/27953-the-bitter-tears-of-petra-von-kant","https://github.com/brittonwalker/criterion-top-ten",""
"Hari Nef","House","Nobuhiko Obayashi","https://www.criterion.com/films/27523-house","https://github.com/brittonwalker/criterion-top-ten",""
"Mike Portnoy","House","Nobuhiko Obayashi","https://www.criterion.com/films/27523-house","https://github.com/brittonwalker/criterion-top-ten",""
"Austin Garrick","House","Nobuhiko Obayashi","https://www.criterion.com/films/27523-house","https://github.com/brittonwalker/criterion-top-ten",""
"Jeremiah Zagar","The Tin Drum","Volker Schlöndorff","https://www.criterion.com/films/789-the-tin-drum","https://github.com/brittonwalker/criterion-top-ten",""
"Ruben Östlund","The Tin Drum","Volker Schlöndorff","https://www.criterion.com/films/789-the-tin-drum","https://github.com/brittonwalker/criterion-top-ten",""
"Christa Lang-Fuller","The Tin Drum","Volker Schlöndorff","https://www.criterion.com/films/789-the-tin-drum","https://github.com/brittonwalker/criterion-top-ten",""
"Jeremiah Zagar","Mona Lisa","Neil Jordan","https://www.criterion.com/films/648-mona-lisa","https://github.com/brittonwalker/criterion-top-ten",""
"Bill Hader","Mona Lisa","Neil Jordan","https://www.criterion.com/films/648-mona-lisa","https://github.com/brittonwalker/criterion-top-ten",""
"Dennis Lehane","Mona Lisa","Neil Jordan","https://www.criterion.com/films/648-mona-lisa","https://github.com/brittonwalker/criterion-top-ten",""
"Jeremiah Zagar","Hopscotch","Ronald Neame","https://www.criterion.com/films/717-hopscotch","https://github.com/brittonwalker/criterion-top-ten",""
"Robert Ben Garant and Tom Lennon","Hopscotch","Ronald Neame","https://www.criterion.com/films/717-hopscotch","https://github.com/brittonwalker/criterion-top-ten",""
"Alan Rudolph","Wild Strawberries","Ingmar Bergman","https://www.criterion.com/films/175-wild-strawberries","https://github.com/brittonwalker/criterion-top-ten",""
"Doug Nichol","Wild Strawberries","Ingmar Bergman","https://www.criterion.com/films/175-wild-strawberries","https://github.com/brittonwalker/criterion-top-ten",""
"Illeana Douglas","Wild Strawberries","Ingmar Bergman","https://www.criterion.com/films/175-wild-strawberries","https://github.com/brittonwalker/criterion-top-ten",""
"James Schamus","Wild Strawberries","Ingmar Bergman","https://www.criterion.com/films/175-wild-strawberries","https://github.com/brittonwalker/criterion-top-ten",""
"Nicolas Roeg","Wild Strawberries","Ingmar Bergman","https://www.criterion.com/films/175-wild-strawberries","https://github.com/brittonwalker/criterion-top-ten",""
"Matt Dentler","Wild Strawberries","Ingmar Bergman","https://www.criterion.com/films/175-wild-strawberries","https://github.com/brittonwalker/criterion-top-ten",""
"Alan Rudolph","Monsieur Hulot’s Holiday","Jacques Tati","https://www.criterion.com/films/360-monsieur-hulots-holiday","https://github.com/brittonwalker/criterion-top-ten",""
"Aaron Katz's Top 10 ","Monsieur Hulot’s Holiday","Jacques Tati","https://www.criterion.com/films/360-monsieur-hulots-holiday","https://github.com/brittonwalker/criterion-top-ten",""
"Josh and Benny Safdie","Monsieur Hulot’s Holiday","Jacques Tati","https://www.criterion.com/films/360-monsieur-hulots-holiday","https://github.com/brittonwalker/criterion-top-ten",""
"Christopher Hobbs","Monsieur Hulot’s Holiday","Jacques Tati","https://www.criterion.com/films/360-monsieur-hulots-holiday","https://github.com/brittonwalker/criterion-top-ten",""
"Tom Schnabel","Monsieur Hulot’s Holiday","Jacques Tati","https://www.criterion.com/films/360-monsieur-hulots-holiday","https://github.com/brittonwalker/criterion-top-ten",""
"Rian Johnson","Monsieur Hulot’s Holiday","Jacques Tati","https://www.criterion.com/films/360-monsieur-hulots-holiday","https://github.com/brittonwalker/criterion-top-ten",""
"Stuart Cooper","Monsieur Hulot’s Holiday","Jacques Tati","https://www.criterion.com/films/360-monsieur-hulots-holiday","https://github.com/brittonwalker/criterion-top-ten",""
"Alan Rudolph","Day for Night","François Truffaut","https://www.criterion.com/films/28698-day-for-night","https://github.com/brittonwalker/criterion-top-ten",""
"Sebastián Lelio","Day for Night","François Truffaut","https://www.criterion.com/films/28698-day-for-night","https://github.com/brittonwalker/criterion-top-ten",""
"Alan Rudolph","The Spirit of the Beehive","Víctor Erice","https://www.criterion.com/films/367-the-spirit-of-the-beehive","https://github.com/brittonwalker/criterion-top-ten",""
"Rodarte","The Spirit of the Beehive","Víctor Erice","https://www.criterion.com/films/367-the-spirit-of-the-beehive","https://github.com/brittonwalker/criterion-top-ten",""
"Duncan Hannah","The Spirit of the Beehive","Víctor Erice","https://www.criterion.com/films/367-the-spirit-of-the-beehive","https://github.com/brittonwalker/criterion-top-ten",""
"K. K. Barrett","The Spirit of the Beehive","Víctor Erice","https://www.criterion.com/films/367-the-spirit-of-the-beehive","https://github.com/brittonwalker/criterion-top-ten",""
"Kim Newman","The Spirit of the Beehive","Víctor Erice","https://www.criterion.com/films/367-the-spirit-of-the-beehive","https://github.com/brittonwalker/criterion-top-ten",""
"Franc Roddam","The Spirit of the Beehive","Víctor Erice","https://www.criterion.com/films/367-the-spirit-of-the-beehive","https://github.com/brittonwalker/criterion-top-ten",""
"Georgia Hubley","The Spirit of the Beehive","Víctor Erice","https://www.criterion.com/films/367-the-spirit-of-the-beehive","https://github.com/brittonwalker/criterion-top-ten",""
"Guillermo del Toro","The Spirit of the Beehive","Víctor Erice","https://www.criterion.com/films/367-the-spirit-of-the-beehive","https://github.com/brittonwalker/criterion-top-ten",""
"James Franco","The Spirit of the Beehive","Víctor Erice","https://www.criterion.com/films/367-the-spirit-of-the-beehive","https://github.com/brittonwalker/criterion-top-ten",""
"Monte Hellman","The Spirit of the Beehive","Víctor Erice","https://www.criterion.com/films/367-the-spirit-of-the-beehive","https://github.com/brittonwalker/criterion-top-ten",""
"Paul Schrader","The Spirit of the Beehive","Víctor Erice","https://www.criterion.com/films/367-the-spirit-of-the-beehive","https://github.com/brittonwalker/criterion-top-ten",""
"Patton Oswalt","The Spirit of the Beehive","Víctor Erice","https://www.criterion.com/films/367-the-spirit-of-the-beehive","https://github.com/brittonwalker/criterion-top-ten",""
"David and Nathan Zellner","Fishing with John","John Lurie","https://www.criterion.com/films/580-fishing-with-john","https://github.com/brittonwalker/criterion-top-ten",""
"Meg Baird","Fishing with John","John Lurie","https://www.criterion.com/films/580-fishing-with-john","https://github.com/brittonwalker/criterion-top-ten",""
"Josh and Benny Safdie","Fishing with John","John Lurie","https://www.criterion.com/films/580-fishing-with-john","https://github.com/brittonwalker/criterion-top-ten",""
"Daniel Lopatin","Fishing with John","John Lurie","https://www.criterion.com/films/580-fishing-with-john","https://github.com/brittonwalker/criterion-top-ten",""
"Joe Swanberg","Fishing with John","John Lurie","https://www.criterion.com/films/580-fishing-with-john","https://github.com/brittonwalker/criterion-top-ten",""
"John Lurie","Fishing with John","John Lurie","https://www.criterion.com/films/580-fishing-with-john","https://github.com/brittonwalker/criterion-top-ten",""
"David and Nathan Zellner","Throne of Blood","Akira Kurosawa","https://www.criterion.com/films/735-throne-of-blood","https://github.com/brittonwalker/criterion-top-ten",""
"Mogwai","Throne of Blood","Akira Kurosawa","https://www.criterion.com/films/735-throne-of-blood","https://github.com/brittonwalker/criterion-top-ten",""
"Kazu Kibuishi","Throne of Blood","Akira Kurosawa","https://www.criterion.com/films/735-throne-of-blood","https://github.com/brittonwalker/criterion-top-ten",""
"Guillermo del Toro","Throne of Blood","Akira Kurosawa","https://www.criterion.com/films/735-throne-of-blood","https://github.com/brittonwalker/criterion-top-ten",""
"David and Nathan Zellner","Onibaba","Kaneto Shindo","https://www.criterion.com/films/665-onibaba","https://github.com/brittonwalker/criterion-top-ten",""
"Tunde Adebimpe","Onibaba","Kaneto Shindo","https://www.criterion.com/films/665-onibaba","https://github.com/brittonwalker/criterion-top-ten",""
"Guillermo del Toro","Onibaba","Kaneto Shindo","https://www.criterion.com/films/665-onibaba","https://github.com/brittonwalker/criterion-top-ten",""
"David and Nathan Zellner","Drive, He Said","Jack Nicholson","https://www.criterion.com/films/27530-drive-he-said","https://github.com/brittonwalker/criterion-top-ten",""
"David and Nathan Zellner","Life Is Sweet","Mike Leigh","https://www.criterion.com/films/27982-life-is-sweet","https://github.com/brittonwalker/criterion-top-ten",""
"Bong Joon-ho","Life Is Sweet","Mike Leigh","https://www.criterion.com/films/27982-life-is-sweet","https://github.com/brittonwalker/criterion-top-ten",""
"David and Nathan Zellner","Burden of Dreams","Les Blank","https://www.criterion.com/films/546-burden-of-dreams","https://github.com/brittonwalker/criterion-top-ten",""
"Doug Nichol","Burden of Dreams","Les Blank","https://www.criterion.com/films/546-burden-of-dreams","https://github.com/brittonwalker/criterion-top-ten",""
"Will Oldham","Burden of Dreams","Les Blank","https://www.criterion.com/films/546-burden-of-dreams","https://github.com/brittonwalker/criterion-top-ten",""
"Phil Rosenthal","Burden of Dreams","Les Blank","https://www.criterion.com/films/546-burden-of-dreams","https://github.com/brittonwalker/criterion-top-ten",""
"Iron and Wine","Burden of Dreams","Les Blank","https://www.criterion.com/films/546-burden-of-dreams","https://github.com/brittonwalker/criterion-top-ten",""
"John Lurie","Burden of Dreams","Les Blank","https://www.criterion.com/films/546-burden-of-dreams","https://github.com/brittonwalker/criterion-top-ten",""
"Frank Kozik","Burden of Dreams","Les Blank","https://www.criterion.com/films/546-burden-of-dreams","https://github.com/brittonwalker/criterion-top-ten",""
"David Hudson","Burden of Dreams","Les Blank","https://www.criterion.com/films/546-burden-of-dreams","https://github.com/brittonwalker/criterion-top-ten",""
"David and Nathan Zellner","The Black Stallion","Carroll Ballard","https://www.criterion.com/films/28685-the-black-stallion","https://github.com/brittonwalker/criterion-top-ten",""
"Paul Schneider","The Black Stallion","Carroll Ballard","https://www.criterion.com/films/28685-the-black-stallion","https://github.com/brittonwalker/criterion-top-ten",""
"David and Nathan Zellner","Dead Man","Jim Jarmusch","https://www.criterion.com/films/29064-dead-man","https://github.com/brittonwalker/criterion-top-ten",""
"Ari Aster","Cries and Whispers","Ingmar Bergman","https://www.criterion.com/films/237-cries-and-whispers","https://github.com/brittonwalker/criterion-top-ten",""
"Tracy Letts","Cries and Whispers","Ingmar Bergman","https://www.criterion.com/films/237-cries-and-whispers","https://github.com/brittonwalker/criterion-top-ten",""
"Rodarte","Cries and Whispers","Ingmar Bergman","https://www.criterion.com/films/237-cries-and-whispers","https://github.com/brittonwalker/criterion-top-ten",""
"Ken Jennings","Cries and Whispers","Ingmar Bergman","https://www.criterion.com/films/237-cries-and-whispers","https://github.com/brittonwalker/criterion-top-ten",""
"André Gregory and Wallace Shawn","Cries and Whispers","Ingmar Bergman","https://www.criterion.com/films/237-cries-and-whispers","https://github.com/brittonwalker/criterion-top-ten",""
"Andrew Haigh ","Cries and Whispers","Ingmar Bergman","https://www.criterion.com/films/237-cries-and-whispers","https://github.com/brittonwalker/criterion-top-ten",""
"Xavier Dolan","Cries and Whispers","Ingmar Bergman","https://www.criterion.com/films/237-cries-and-whispers","https://github.com/brittonwalker/criterion-top-ten",""
"Stuart Cooper","Cries and Whispers","Ingmar Bergman","https://www.criterion.com/films/237-cries-and-whispers","https://github.com/brittonwalker/criterion-top-ten",""
"Ari Aster","Sansho the Bailiff","Kenji Mizoguchi","https://www.criterion.com/films/823-sansho-the-bailiff","https://github.com/brittonwalker/criterion-top-ten",""
"João Pedro Rodrigues","Sansho the Bailiff","Kenji Mizoguchi","https://www.criterion.com/films/823-sansho-the-bailiff","https://github.com/brittonwalker/criterion-top-ten",""
"Robin Wood","Sansho the Bailiff","Kenji Mizoguchi","https://www.criterion.com/films/823-sansho-the-bailiff","https://github.com/brittonwalker/criterion-top-ten",""
"Ari Aster","The Life of Oharu","Kenji Mizoguchi","https://www.criterion.com/films/27705-the-life-of-oharu","https://github.com/brittonwalker/criterion-top-ten",""
"Ari Aster","The Age of Innocence","Martin Scorsese","https://www.criterion.com/films/28834-the-age-of-innocence","https://github.com/brittonwalker/criterion-top-ten",""
"Ari Aster","45 Years","Andrew Haigh","https://www.criterion.com/films/28908-45-years","https://github.com/brittonwalker/criterion-top-ten",""
"Ari Aster","Topsy-Turvy","Mike Leigh","https://www.criterion.com/films/27550-topsy-turvy","https://github.com/brittonwalker/criterion-top-ten",""
"André Gregory and Wallace Shawn","Topsy-Turvy","Mike Leigh","https://www.criterion.com/films/27550-topsy-turvy","https://github.com/brittonwalker/criterion-top-ten",""
"Olivier Assayas","Topsy-Turvy","Mike Leigh","https://www.criterion.com/films/27550-topsy-turvy","https://github.com/brittonwalker/criterion-top-ten",""
"Donald Fagen","Topsy-Turvy","Mike Leigh","https://www.criterion.com/films/27550-topsy-turvy","https://github.com/brittonwalker/criterion-top-ten",""
"Ari Aster","The Red Shoes","Michael Powell and Emeric Pressburger","https://www.criterion.com/films/233-the-red-shoes","https://github.com/brittonwalker/criterion-top-ten",""
"Sloane Crosley","The Red Shoes","Michael Powell and Emeric Pressburger","https://www.criterion.com/films/233-the-red-shoes","https://github.com/brittonwalker/criterion-top-ten",""
"Laura Mulvey","The Red Shoes","Michael Powell and Emeric Pressburger","https://www.criterion.com/films/233-the-red-shoes","https://github.com/brittonwalker/criterion-top-ten",""
"Martin Scorsese","The Red Shoes","Michael Powell and Emeric Pressburger","https://www.criterion.com/films/233-the-red-shoes","https://github.com/brittonwalker/criterion-top-ten",""
"William Friedkin ","The Red Shoes","Michael Powell and Emeric Pressburger","https://www.criterion.com/films/233-the-red-shoes","https://github.com/brittonwalker/criterion-top-ten",""
"Scott Morse’s Top Ten","The Red Shoes","Michael Powell and Emeric Pressburger","https://www.criterion.com/films/233-the-red-shoes","https://github.com/brittonwalker/criterion-top-ten",""
"Marcel Dzama","The Red Shoes","Michael Powell and Emeric Pressburger","https://www.criterion.com/films/233-the-red-shoes","https://github.com/brittonwalker/criterion-top-ten",""
"Joe Swanberg","The Red Shoes","Michael Powell and Emeric Pressburger","https://www.criterion.com/films/233-the-red-shoes","https://github.com/brittonwalker/criterion-top-ten",""
"D. A. Pennebaker","The Red Shoes","Michael Powell and Emeric Pressburger","https://www.criterion.com/films/233-the-red-shoes","https://github.com/brittonwalker/criterion-top-ten",""
"Allison Anders","The Red Shoes","Michael Powell and Emeric Pressburger","https://www.criterion.com/films/233-the-red-shoes","https://github.com/brittonwalker/criterion-top-ten",""
"Mike Allred","The Red Shoes","Michael Powell and Emeric Pressburger","https://www.criterion.com/films/233-the-red-shoes","https://github.com/brittonwalker/criterion-top-ten",""
"Ari Aster","The Life and Death of Colonel Blimp","Michael Powell and Emeric Pressburger","https://www.criterion.com/films/359-the-life-and-death-of-colonel-blimp","https://github.com/brittonwalker/criterion-top-ten",""
"Ken Jennings","The Life and Death of Colonel Blimp","Michael Powell and Emeric Pressburger","https://www.criterion.com/films/359-the-life-and-death-of-colonel-blimp","https://github.com/brittonwalker/criterion-top-ten",""
" John Taylor","The Life and Death of Colonel Blimp","Michael Powell and Emeric Pressburger","https://www.criterion.com/films/359-the-life-and-death-of-colonel-blimp","https://github.com/brittonwalker/criterion-top-ten",""
"D. A. Pennebaker","The Life and Death of Colonel Blimp","Michael Powell and Emeric Pressburger","https://www.criterion.com/films/359-the-life-and-death-of-colonel-blimp","https://github.com/brittonwalker/criterion-top-ten",""
"Patton Oswalt","The Life and Death of Colonel Blimp","Michael Powell and Emeric Pressburger","https://www.criterion.com/films/359-the-life-and-death-of-colonel-blimp","https://github.com/brittonwalker/criterion-top-ten",""
"Ari Aster","A Matter of Life and Death","Michael Powell and Emeric Pressburger","https://www.criterion.com/films/28833-a-matter-of-life-and-death","https://github.com/brittonwalker/criterion-top-ten",""
"Ari Aster","Black Narcissus","Michael Powell and Emeric Pressburger","https://www.criterion.com/films/632-black-narcissus","https://github.com/brittonwalker/criterion-top-ten",""
"Zach Clark","Black Narcissus","Michael Powell and Emeric Pressburger","https://www.criterion.com/films/632-black-narcissus","https://github.com/brittonwalker/criterion-top-ten",""
"Amy Fine Collins","Black Narcissus","Michael Powell and Emeric Pressburger","https://www.criterion.com/films/632-black-narcissus","https://github.com/brittonwalker/criterion-top-ten",""
"Christopher Hobbs","Black Narcissus","Michael Powell and Emeric Pressburger","https://www.criterion.com/films/632-black-narcissus","https://github.com/brittonwalker/criterion-top-ten",""
"Andrew Haigh ","Black Narcissus","Michael Powell and Emeric Pressburger","https://www.criterion.com/films/632-black-narcissus","https://github.com/brittonwalker/criterion-top-ten",""
"John Bailey","Black Narcissus","Michael Powell and Emeric Pressburger","https://www.criterion.com/films/632-black-narcissus","https://github.com/brittonwalker/criterion-top-ten",""
"Angus MacLachlan","Black Narcissus","Michael Powell and Emeric Pressburger","https://www.criterion.com/films/632-black-narcissus","https://github.com/brittonwalker/criterion-top-ten",""
"Guy Maddin","Black Narcissus","Michael Powell and Emeric Pressburger","https://www.criterion.com/films/632-black-narcissus","https://github.com/brittonwalker/criterion-top-ten",""
"Neil LaBute","Black Narcissus","Michael Powell and Emeric Pressburger","https://www.criterion.com/films/632-black-narcissus","https://github.com/brittonwalker/criterion-top-ten",""
"Mike Allred","Black Narcissus","Michael Powell and Emeric Pressburger","https://www.criterion.com/films/632-black-narcissus","https://github.com/brittonwalker/criterion-top-ten",""
"Ari Aster","I Know Where I’m Going!","Michael Powell and Emeric Pressburger","https://www.criterion.com/films/633-i-know-where-im-going","https://github.com/brittonwalker/criterion-top-ten",""
"Bill Condon","I Know Where I’m Going!","Michael Powell and Emeric Pressburger","https://www.criterion.com/films/633-i-know-where-im-going","https://github.com/brittonwalker/criterion-top-ten",""
"Chris Hegedus","I Know Where I’m Going!","Michael Powell and Emeric Pressburger","https://www.criterion.com/films/633-i-know-where-im-going","https://github.com/brittonwalker/criterion-top-ten",""
"Ricky Jay","I Know Where I’m Going!","Michael Powell and Emeric Pressburger","https://www.criterion.com/films/633-i-know-where-im-going","https://github.com/brittonwalker/criterion-top-ten",""
"Robin Wood","I Know Where I’m Going!","Michael Powell and Emeric Pressburger","https://www.criterion.com/films/633-i-know-where-im-going","https://github.com/brittonwalker/criterion-top-ten",""
"D. A. Pennebaker","I Know Where I’m Going!","Michael Powell and Emeric Pressburger","https://www.criterion.com/films/633-i-know-where-im-going","https://github.com/brittonwalker/criterion-top-ten",""
"Kevin Macdonald","I Know Where I’m Going!","Michael Powell and Emeric Pressburger","https://www.criterion.com/films/633-i-know-where-im-going","https://github.com/brittonwalker/criterion-top-ten",""
"Richard Linklater","I Know Where I’m Going!","Michael Powell and Emeric Pressburger","https://www.criterion.com/films/633-i-know-where-im-going","https://github.com/brittonwalker/criterion-top-ten",""
"Jonathan Lethem","I Know Where I’m Going!","Michael Powell and Emeric Pressburger","https://www.criterion.com/films/633-i-know-where-im-going","https://github.com/brittonwalker/criterion-top-ten",""
"Ari Aster","A Brighter Summer Day","Edward Yang","https://www.criterion.com/films/28596-a-brighter-summer-day","https://github.com/brittonwalker/criterion-top-ten",""
"Connor Jessup","A Brighter Summer Day","Edward Yang","https://www.criterion.com/films/28596-a-brighter-summer-day","https://github.com/brittonwalker/criterion-top-ten",""
"Christopher Radcliff and Lauren Wolkstein","A Brighter Summer Day","Edward Yang","https://www.criterion.com/films/28596-a-brighter-summer-day","https://github.com/brittonwalker/criterion-top-ten",""
"Ari Aster","Repulsion","Roman Polanski","https://www.criterion.com/films/404-repulsion","https://github.com/brittonwalker/criterion-top-ten",""
"Ana Lily Amirpour","Repulsion","Roman Polanski","https://www.criterion.com/films/404-repulsion","https://github.com/brittonwalker/criterion-top-ten",""
"Mary Ellen Mark","Repulsion","Roman Polanski","https://www.criterion.com/films/404-repulsion","https://github.com/brittonwalker/criterion-top-ten",""
"Jonathan Caouette","Repulsion","Roman Polanski","https://www.criterion.com/films/404-repulsion","https://github.com/brittonwalker/criterion-top-ten",""
"Bill Hader","Repulsion","Roman Polanski","https://www.criterion.com/films/404-repulsion","https://github.com/brittonwalker/criterion-top-ten",""
"Frederick Elmes","Repulsion","Roman Polanski","https://www.criterion.com/films/404-repulsion","https://github.com/brittonwalker/criterion-top-ten",""
"Ari Aster","Aparajito","Satyajit Ray","https://www.criterion.com/films/28443-aparajito","https://github.com/brittonwalker/criterion-top-ten",""
"Joshua Z Weinstein","Aparajito","Satyajit Ray","https://www.criterion.com/films/28443-aparajito","https://github.com/brittonwalker/criterion-top-ten",""
"Terence Nance","Aparajito","Satyajit Ray","https://www.criterion.com/films/28443-aparajito","https://github.com/brittonwalker/criterion-top-ten",""
"Meg Baird","Aparajito","Satyajit Ray","https://www.criterion.com/films/28443-aparajito","https://github.com/brittonwalker/criterion-top-ten",""
"Ramin Bahrani","Aparajito","Satyajit Ray","https://www.criterion.com/films/28443-aparajito","https://github.com/brittonwalker/criterion-top-ten",""
"Ari Aster","Apur Sansar","Satyajit Ray","https://www.criterion.com/films/27905-apur-sansar","https://github.com/brittonwalker/criterion-top-ten",""
"Joshua Z Weinstein","Apur Sansar","Satyajit Ray","https://www.criterion.com/films/27905-apur-sansar","https://github.com/brittonwalker/criterion-top-ten",""
"Terence Nance","Apur Sansar","Satyajit Ray","https://www.criterion.com/films/27905-apur-sansar","https://github.com/brittonwalker/criterion-top-ten",""
"Meg Baird","Apur Sansar","Satyajit Ray","https://www.criterion.com/films/27905-apur-sansar","https://github.com/brittonwalker/criterion-top-ten",""
"Matthew Weiner","Apur Sansar","Satyajit Ray","https://www.criterion.com/films/27905-apur-sansar","https://github.com/brittonwalker/criterion-top-ten",""
"Ramin Bahrani","Apur Sansar","Satyajit Ray","https://www.criterion.com/films/27905-apur-sansar","https://github.com/brittonwalker/criterion-top-ten",""
"Sloane Crosley","Sweet Smell of Success","Alexander Mackendrick","https://www.criterion.com/films/27542-sweet-smell-of-success","https://github.com/brittonwalker/criterion-top-ten",""
"Barry Levinson","Sweet Smell of Success","Alexander Mackendrick","https://www.criterion.com/films/27542-sweet-smell-of-success","https://github.com/brittonwalker/criterion-top-ten",""
"Pat Healy","Sweet Smell of Success","Alexander Mackendrick","https://www.criterion.com/films/27542-sweet-smell-of-success","https://github.com/brittonwalker/criterion-top-ten",""
"Jenni Olson","Sweet Smell of Success","Alexander Mackendrick","https://www.criterion.com/films/27542-sweet-smell-of-success","https://github.com/brittonwalker/criterion-top-ten",""
"Richard Hell","Sweet Smell of Success","Alexander Mackendrick","https://www.criterion.com/films/27542-sweet-smell-of-success","https://github.com/brittonwalker/criterion-top-ten",""
"Dick Cavett","Sweet Smell of Success","Alexander Mackendrick","https://www.criterion.com/films/27542-sweet-smell-of-success","https://github.com/brittonwalker/criterion-top-ten",""
"Andrew Loog Oldham","Sweet Smell of Success","Alexander Mackendrick","https://www.criterion.com/films/27542-sweet-smell-of-success","https://github.com/brittonwalker/criterion-top-ten",""
"Franc Roddam","Sweet Smell of Success","Alexander Mackendrick","https://www.criterion.com/films/27542-sweet-smell-of-success","https://github.com/brittonwalker/criterion-top-ten",""
"Phil Rosenthal","Sweet Smell of Success","Alexander Mackendrick","https://www.criterion.com/films/27542-sweet-smell-of-success","https://github.com/brittonwalker/criterion-top-ten",""
"Michael Korda","Sweet Smell of Success","Alexander Mackendrick","https://www.criterion.com/films/27542-sweet-smell-of-success","https://github.com/brittonwalker/criterion-top-ten",""
"Alec Baldwin","Sweet Smell of Success","Alexander Mackendrick","https://www.criterion.com/films/27542-sweet-smell-of-success","https://github.com/brittonwalker/criterion-top-ten",""
"Nicolas Winding Refn","Sweet Smell of Success","Alexander Mackendrick","https://www.criterion.com/films/27542-sweet-smell-of-success","https://github.com/brittonwalker/criterion-top-ten",""
"Greg Mottola","Sweet Smell of Success","Alexander Mackendrick","https://www.criterion.com/films/27542-sweet-smell-of-success","https://github.com/brittonwalker/criterion-top-ten",""
"Sloane Crosley","Dazed and Confused","Richard Linklater","https://www.criterion.com/films/314-dazed-and-confused","https://github.com/brittonwalker/criterion-top-ten",""
"Mike Portnoy","Dazed and Confused","Richard Linklater","https://www.criterion.com/films/314-dazed-and-confused","https://github.com/brittonwalker/criterion-top-ten",""
"Meg Baird","Dazed and Confused","Richard Linklater","https://www.criterion.com/films/314-dazed-and-confused","https://github.com/brittonwalker/criterion-top-ten",""
"Reggie Watts","Dazed and Confused","Richard Linklater","https://www.criterion.com/films/314-dazed-and-confused","https://github.com/brittonwalker/criterion-top-ten",""
"Ana Lily Amirpour","Dazed and Confused","Richard Linklater","https://www.criterion.com/films/314-dazed-and-confused","https://github.com/brittonwalker/criterion-top-ten",""
"Olivier Assayas","Dazed and Confused","Richard Linklater","https://www.criterion.com/films/314-dazed-and-confused","https://github.com/brittonwalker/criterion-top-ten",""
"Austin Garrick","Dazed and Confused","Richard Linklater","https://www.criterion.com/films/314-dazed-and-confused","https://github.com/brittonwalker/criterion-top-ten",""
"Bill Hader","Dazed and Confused","Richard Linklater","https://www.criterion.com/films/314-dazed-and-confused","https://github.com/brittonwalker/criterion-top-ten",""
"Dave Filipi","Dazed and Confused","Richard Linklater","https://www.criterion.com/films/314-dazed-and-confused","https://github.com/brittonwalker/criterion-top-ten",""
"Diablo Cody","Dazed and Confused","Richard Linklater","https://www.criterion.com/films/314-dazed-and-confused","https://github.com/brittonwalker/criterion-top-ten",""
"Allison Anders","Dazed and Confused","Richard Linklater","https://www.criterion.com/films/314-dazed-and-confused","https://github.com/brittonwalker/criterion-top-ten",""
"Sloane Crosley","Metropolitan","Whit Stillman","https://www.criterion.com/films/774-metropolitan","https://github.com/brittonwalker/criterion-top-ten",""
"Jessica Morgan","Metropolitan","Whit Stillman","https://www.criterion.com/films/774-metropolitan","https://github.com/brittonwalker/criterion-top-ten",""
"Brie Larson ","Metropolitan","Whit Stillman","https://www.criterion.com/films/774-metropolitan","https://github.com/brittonwalker/criterion-top-ten",""
"Richard Ayoade","Metropolitan","Whit Stillman","https://www.criterion.com/films/774-metropolitan","https://github.com/brittonwalker/criterion-top-ten",""
"Seth","Metropolitan","Whit Stillman","https://www.criterion.com/films/774-metropolitan","https://github.com/brittonwalker/criterion-top-ten",""
"Sloane Crosley","Kicking and Screaming","Noah Baumbach","https://www.criterion.com/films/795-kicking-and-screaming","https://github.com/brittonwalker/criterion-top-ten",""
"Chuck Klosterman","Kicking and Screaming","Noah Baumbach","https://www.criterion.com/films/795-kicking-and-screaming","https://github.com/brittonwalker/criterion-top-ten",""
"Sebastián Lelio","Cría cuervos . . .","Carlos Saura","https://www.criterion.com/films/519-cra-cuervos","https://github.com/brittonwalker/criterion-top-ten",""
"Sebastián Lelio","Solaris","Andrei Tarkovsky","https://www.criterion.com/films/553-solaris","https://github.com/brittonwalker/criterion-top-ten",""
"Young Jean Lee","Solaris","Andrei Tarkovsky","https://www.criterion.com/films/553-solaris","https://github.com/brittonwalker/criterion-top-ten",""
"Will Oldham","Solaris","Andrei Tarkovsky","https://www.criterion.com/films/553-solaris","https://github.com/brittonwalker/criterion-top-ten",""
"Stella Mozgawa","Solaris","Andrei Tarkovsky","https://www.criterion.com/films/553-solaris","https://github.com/brittonwalker/criterion-top-ten",""
"Al Reinert","Solaris","Andrei Tarkovsky","https://www.criterion.com/films/553-solaris","https://github.com/brittonwalker/criterion-top-ten",""
"Barry Levinson","Oliver Twist","David Lean","https://www.criterion.com/films/567-oliver-twist","https://github.com/brittonwalker/criterion-top-ten",""
"Christopher Hobbs","Oliver Twist","David Lean","https://www.criterion.com/films/567-oliver-twist","https://github.com/brittonwalker/criterion-top-ten",""
"Alec Baldwin","Oliver Twist","David Lean","https://www.criterion.com/films/567-oliver-twist","https://github.com/brittonwalker/criterion-top-ten",""
"Guillermo del Toro","Oliver Twist","David Lean","https://www.criterion.com/films/567-oliver-twist","https://github.com/brittonwalker/criterion-top-ten",""
"Ricky Jay","Oliver Twist","David Lean","https://www.criterion.com/films/567-oliver-twist","https://github.com/brittonwalker/criterion-top-ten",""
"Frank Kozik","Oliver Twist","David Lean","https://www.criterion.com/films/567-oliver-twist","https://github.com/brittonwalker/criterion-top-ten",""
"Barry Levinson","Spartacus","Stanley Kubrick","https://www.criterion.com/films/449-spartacus","https://github.com/brittonwalker/criterion-top-ten",""
"Guillermo del Toro","Spartacus","Stanley Kubrick","https://www.criterion.com/films/449-spartacus","https://github.com/brittonwalker/criterion-top-ten",""
"Joe Mantegna","Spartacus","Stanley Kubrick","https://www.criterion.com/films/449-spartacus","https://github.com/brittonwalker/criterion-top-ten",""
"Barry Levinson","Salesman","David Maysles, Albert Maysles, and Charlotte Zwerin","https://www.criterion.com/films/663-salesman","https://github.com/brittonwalker/criterion-top-ten",""
"Joshua Z Weinstein","Salesman","David Maysles, Albert Maysles, and Charlotte Zwerin","https://www.criterion.com/films/663-salesman","https://github.com/brittonwalker/criterion-top-ten",""
"Robert Greene","Salesman","David Maysles, Albert Maysles, and Charlotte Zwerin","https://www.criterion.com/films/663-salesman","https://github.com/brittonwalker/criterion-top-ten",""
"Oren Moverman","Salesman","David Maysles, Albert Maysles, and Charlotte Zwerin","https://www.criterion.com/films/663-salesman","https://github.com/brittonwalker/criterion-top-ten",""
"James Franco","Salesman","David Maysles, Albert Maysles, and Charlotte Zwerin","https://www.criterion.com/films/663-salesman","https://github.com/brittonwalker/criterion-top-ten",""
"Chris Hegedus","Salesman","David Maysles, Albert Maysles, and Charlotte Zwerin","https://www.criterion.com/films/663-salesman","https://github.com/brittonwalker/criterion-top-ten",""
"Neil LaBute","Salesman","David Maysles, Albert Maysles, and Charlotte Zwerin","https://www.criterion.com/films/663-salesman","https://github.com/brittonwalker/criterion-top-ten",""
"Jean-Pierre Gorin","Salesman","David Maysles, Albert Maysles, and Charlotte Zwerin","https://www.criterion.com/films/663-salesman","https://github.com/brittonwalker/criterion-top-ten",""
"Steve Buscemi","Salesman","David Maysles, Albert Maysles, and Charlotte Zwerin","https://www.criterion.com/films/663-salesman","https://github.com/brittonwalker/criterion-top-ten",""
"Barry Levinson","I vitelloni","Federico Fellini","https://www.criterion.com/films/966-i-vitelloni","https://github.com/brittonwalker/criterion-top-ten",""
"Annie Baker","I vitelloni","Federico Fellini","https://www.criterion.com/films/966-i-vitelloni","https://github.com/brittonwalker/criterion-top-ten",""
"Greg Mottola","I vitelloni","Federico Fellini","https://www.criterion.com/films/966-i-vitelloni","https://github.com/brittonwalker/criterion-top-ten",""
"Guy Maddin","I vitelloni","Federico Fellini","https://www.criterion.com/films/966-i-vitelloni","https://github.com/brittonwalker/criterion-top-ten",""
"Kevin Macdonald","I vitelloni","Federico Fellini","https://www.criterion.com/films/966-i-vitelloni","https://github.com/brittonwalker/criterion-top-ten",""
"Neil LaBute","I vitelloni","Federico Fellini","https://www.criterion.com/films/966-i-vitelloni","https://github.com/brittonwalker/criterion-top-ten",""
"Barry Levinson","Shadows","John Cassavetes","https://www.criterion.com/films/500-shadows","https://github.com/brittonwalker/criterion-top-ten",""
"Stephen Cone","Shadows","John Cassavetes","https://www.criterion.com/films/500-shadows","https://github.com/brittonwalker/criterion-top-ten",""
"Sean Baker","Shadows","John Cassavetes","https://www.criterion.com/films/500-shadows","https://github.com/brittonwalker/criterion-top-ten",""
"Josh and Benny Safdie","Shadows","John Cassavetes","https://www.criterion.com/films/500-shadows","https://github.com/brittonwalker/criterion-top-ten",""
"Jesse Malin","Shadows","John Cassavetes","https://www.criterion.com/films/500-shadows","https://github.com/brittonwalker/criterion-top-ten",""
"Alex Ross Perry","Shadows","John Cassavetes","https://www.criterion.com/films/500-shadows","https://github.com/brittonwalker/criterion-top-ten",""
"Aki Kaurismäki ","Shadows","John Cassavetes","https://www.criterion.com/films/500-shadows","https://github.com/brittonwalker/criterion-top-ten",""
"David Markey","Shadows","John Cassavetes","https://www.criterion.com/films/500-shadows","https://github.com/brittonwalker/criterion-top-ten",""
"Jean-Pierre Gorin","Shadows","John Cassavetes","https://www.criterion.com/films/500-shadows","https://github.com/brittonwalker/criterion-top-ten",""
"Matt Dentler","Shadows","John Cassavetes","https://www.criterion.com/films/500-shadows","https://github.com/brittonwalker/criterion-top-ten",""
"Barry Levinson","Faces","John Cassavetes","https://www.criterion.com/films/915-faces","https://github.com/brittonwalker/criterion-top-ten",""
"Jonas Carpignano","Faces","John Cassavetes","https://www.criterion.com/films/915-faces","https://github.com/brittonwalker/criterion-top-ten",""
"Stephen Cone","Faces","John Cassavetes","https://www.criterion.com/films/915-faces","https://github.com/brittonwalker/criterion-top-ten",""
"Troy Miller","Faces","John Cassavetes","https://www.criterion.com/films/915-faces","https://github.com/brittonwalker/criterion-top-ten",""
"Sean Baker","Faces","John Cassavetes","https://www.criterion.com/films/915-faces","https://github.com/brittonwalker/criterion-top-ten",""
"Josh and Benny Safdie","Faces","John Cassavetes","https://www.criterion.com/films/915-faces","https://github.com/brittonwalker/criterion-top-ten",""
"Jesse Malin","Faces","John Cassavetes","https://www.criterion.com/films/915-faces","https://github.com/brittonwalker/criterion-top-ten",""
"Alex Ross Perry","Faces","John Cassavetes","https://www.criterion.com/films/915-faces","https://github.com/brittonwalker/criterion-top-ten",""
"Aki Kaurismäki ","Faces","John Cassavetes","https://www.criterion.com/films/915-faces","https://github.com/brittonwalker/criterion-top-ten",""
"Barry Levinson","Ace in the Hole","Billy Wilder","https://www.criterion.com/films/829-ace-in-the-hole","https://github.com/brittonwalker/criterion-top-ten",""
"Mark Cousins","Ace in the Hole","Billy Wilder","https://www.criterion.com/films/829-ace-in-the-hole","https://github.com/brittonwalker/criterion-top-ten",""
"Aki Kaurismäki ","Ace in the Hole","Billy Wilder","https://www.criterion.com/films/829-ace-in-the-hole","https://github.com/brittonwalker/criterion-top-ten",""
"Bill Hader","Ace in the Hole","Billy Wilder","https://www.criterion.com/films/829-ace-in-the-hole","https://github.com/brittonwalker/criterion-top-ten",""
"Sonic Youth","Ace in the Hole","Billy Wilder","https://www.criterion.com/films/829-ace-in-the-hole","https://github.com/brittonwalker/criterion-top-ten",""
"Bill Plympton","Ace in the Hole","Billy Wilder","https://www.criterion.com/films/829-ace-in-the-hole","https://github.com/brittonwalker/criterion-top-ten",""
"Jessica Morgan","A Room with a View","James Ivory","https://www.criterion.com/films/28597-a-room-with-a-view","https://github.com/brittonwalker/criterion-top-ten",""
"Meg Baird","A Room with a View","James Ivory","https://www.criterion.com/films/28597-a-room-with-a-view","https://github.com/brittonwalker/criterion-top-ten",""
"Annie Baker","A Room with a View","James Ivory","https://www.criterion.com/films/28597-a-room-with-a-view","https://github.com/brittonwalker/criterion-top-ten",""
"Jessica Morgan","The Royal Tenenbaums","Wes Anderson","https://www.criterion.com/films/230-the-royal-tenenbaums","https://github.com/brittonwalker/criterion-top-ten",""
"Clea DuVall","The Royal Tenenbaums","Wes Anderson","https://www.criterion.com/films/230-the-royal-tenenbaums","https://github.com/brittonwalker/criterion-top-ten",""
"Terence Nance","The Royal Tenenbaums","Wes Anderson","https://www.criterion.com/films/230-the-royal-tenenbaums","https://github.com/brittonwalker/criterion-top-ten",""
"Jesse Malin","The Royal Tenenbaums","Wes Anderson","https://www.criterion.com/films/230-the-royal-tenenbaums","https://github.com/brittonwalker/criterion-top-ten",""
"Alex Ross Perry","The Royal Tenenbaums","Wes Anderson","https://www.criterion.com/films/230-the-royal-tenenbaums","https://github.com/brittonwalker/criterion-top-ten",""
"Alec Baldwin","The Royal Tenenbaums","Wes Anderson","https://www.criterion.com/films/230-the-royal-tenenbaums","https://github.com/brittonwalker/criterion-top-ten",""
"Caitlin Kuhwald","The Royal Tenenbaums","Wes Anderson","https://www.criterion.com/films/230-the-royal-tenenbaums","https://github.com/brittonwalker/criterion-top-ten",""
"David Schwartz","The Royal Tenenbaums","Wes Anderson","https://www.criterion.com/films/230-the-royal-tenenbaums","https://github.com/brittonwalker/criterion-top-ten",""
"Dennis Lehane","The Royal Tenenbaums","Wes Anderson","https://www.criterion.com/films/230-the-royal-tenenbaums","https://github.com/brittonwalker/criterion-top-ten",""
"Diablo Cody","The Royal Tenenbaums","Wes Anderson","https://www.criterion.com/films/230-the-royal-tenenbaums","https://github.com/brittonwalker/criterion-top-ten",""
"Jessica Morgan","The Silence of the Lambs","Jonathan Demme","https://www.criterion.com/films/528-the-silence-of-the-lambs","https://github.com/brittonwalker/criterion-top-ten",""
"Christopher Radcliff and Lauren Wolkstein","The Silence of the Lambs","Jonathan Demme","https://www.criterion.com/films/528-the-silence-of-the-lambs","https://github.com/brittonwalker/criterion-top-ten",""
"Clea DuVall","The Silence of the Lambs","Jonathan Demme","https://www.criterion.com/films/528-the-silence-of-the-lambs","https://github.com/brittonwalker/criterion-top-ten",""
"Bret Easton Ellis","The Silence of the Lambs","Jonathan Demme","https://www.criterion.com/films/528-the-silence-of-the-lambs","https://github.com/brittonwalker/criterion-top-ten",""
"Paul Schneider","The Silence of the Lambs","Jonathan Demme","https://www.criterion.com/films/528-the-silence-of-the-lambs","https://github.com/brittonwalker/criterion-top-ten",""
"Daniel Lopatin","The Silence of the Lambs","Jonathan Demme","https://www.criterion.com/films/528-the-silence-of-the-lambs","https://github.com/brittonwalker/criterion-top-ten",""
" John Taylor","The Silence of the Lambs","Jonathan Demme","https://www.criterion.com/films/528-the-silence-of-the-lambs","https://github.com/brittonwalker/criterion-top-ten",""
"Georgia Hubley","The Silence of the Lambs","Jonathan Demme","https://www.criterion.com/films/528-the-silence-of-the-lambs","https://github.com/brittonwalker/criterion-top-ten",""
"Jessica Morgan","The Ice Storm","Ang Lee","https://www.criterion.com/films/336-the-ice-storm","https://github.com/brittonwalker/criterion-top-ten",""
"Zach Braff","The Ice Storm","Ang Lee","https://www.criterion.com/films/336-the-ice-storm","https://github.com/brittonwalker/criterion-top-ten",""
"Bill Condon","The Ice Storm","Ang Lee","https://www.criterion.com/films/336-the-ice-storm","https://github.com/brittonwalker/criterion-top-ten",""
"Dana Calvo","The Ice Storm","Ang Lee","https://www.criterion.com/films/336-the-ice-storm","https://github.com/brittonwalker/criterion-top-ten",""
"Clea DuVall","The Ice Storm","Ang Lee","https://www.criterion.com/films/336-the-ice-storm","https://github.com/brittonwalker/criterion-top-ten",""
"Reggie Watts","The Ice Storm","Ang Lee","https://www.criterion.com/films/336-the-ice-storm","https://github.com/brittonwalker/criterion-top-ten",""
"Nicholas Stoller","The Ice Storm","Ang Lee","https://www.criterion.com/films/336-the-ice-storm","https://github.com/brittonwalker/criterion-top-ten",""
"Robert Ben Garant and Tom Lennon","The Ice Storm","Ang Lee","https://www.criterion.com/films/336-the-ice-storm","https://github.com/brittonwalker/criterion-top-ten",""
"Ruben Östlund","The Great Beauty","Paolo Sorrentino","https://www.criterion.com/films/28604-the-great-beauty","https://github.com/brittonwalker/criterion-top-ten",""
"Alton Brown","The Great Beauty","Paolo Sorrentino","https://www.criterion.com/films/28604-the-great-beauty","https://github.com/brittonwalker/criterion-top-ten",""
"Ruben Östlund","Antichrist","Lars von Trier","https://www.criterion.com/films/27524-antichrist","https://github.com/brittonwalker/criterion-top-ten",""
"Ana Lily Amirpour","Antichrist","Lars von Trier","https://www.criterion.com/films/27524-antichrist","https://github.com/brittonwalker/criterion-top-ten",""
"Ruben Östlund","Code Unknown","Michael Haneke","https://www.criterion.com/films/28738-code-unknown","https://github.com/brittonwalker/criterion-top-ten",""
"Tracy Letts","The Friends of Eddie Coyle","Peter Yates","https://www.criterion.com/films/1426-the-friends-of-eddie-coyle","https://github.com/brittonwalker/criterion-top-ten",""
"Anthony Bourdain","The Friends of Eddie Coyle","Peter Yates","https://www.criterion.com/films/1426-the-friends-of-eddie-coyle","https://github.com/brittonwalker/criterion-top-ten",""
"Wes Anderson","The Friends of Eddie Coyle","Peter Yates","https://www.criterion.com/films/1426-the-friends-of-eddie-coyle","https://github.com/brittonwalker/criterion-top-ten",""
"Joe Mantegna","The Friends of Eddie Coyle","Peter Yates","https://www.criterion.com/films/1426-the-friends-of-eddie-coyle","https://github.com/brittonwalker/criterion-top-ten",""
"Tracy Letts","The Gold Rush","Charles Chaplin","https://www.criterion.com/films/27565-the-gold-rush","https://github.com/brittonwalker/criterion-top-ten",""
"Tracy Letts","The Last Picture Show","Peter Bogdanovich","https://www.criterion.com/films/27533-the-last-picture-show","https://github.com/brittonwalker/criterion-top-ten",""
"Doug Nichol","The Last Picture Show","Peter Bogdanovich","https://www.criterion.com/films/27533-the-last-picture-show","https://github.com/brittonwalker/criterion-top-ten",""
"Zach Braff","The Last Picture Show","Peter Bogdanovich","https://www.criterion.com/films/27533-the-last-picture-show","https://github.com/brittonwalker/criterion-top-ten",""
"Terence Nance","The Last Picture Show","Peter Bogdanovich","https://www.criterion.com/films/27533-the-last-picture-show","https://github.com/brittonwalker/criterion-top-ten",""
"Bret Easton Ellis","The Last Picture Show","Peter Bogdanovich","https://www.criterion.com/films/27533-the-last-picture-show","https://github.com/brittonwalker/criterion-top-ten",""
"Matthew Weiner","The Last Picture Show","Peter Bogdanovich","https://www.criterion.com/films/27533-the-last-picture-show","https://github.com/brittonwalker/criterion-top-ten",""
"Andrew Haigh ","The Last Picture Show","Peter Bogdanovich","https://www.criterion.com/films/27533-the-last-picture-show","https://github.com/brittonwalker/criterion-top-ten",""
"Greg Mottola","The Last Picture Show","Peter Bogdanovich","https://www.criterion.com/films/27533-the-last-picture-show","https://github.com/brittonwalker/criterion-top-ten",""
"Tracy Letts","Red River","Howard Hawks","https://www.criterion.com/films/28046-red-river","https://github.com/brittonwalker/criterion-top-ten",""
"Jonas Carpignano","The Leopard","Luchino Visconti","https://www.criterion.com/films/790-the-leopard","https://github.com/brittonwalker/criterion-top-ten",""
"Olivier Assayas","The Leopard","Luchino Visconti","https://www.criterion.com/films/790-the-leopard","https://github.com/brittonwalker/criterion-top-ten",""
"Christopher Hobbs","The Leopard","Luchino Visconti","https://www.criterion.com/films/790-the-leopard","https://github.com/brittonwalker/criterion-top-ten",""
"Martin Scorsese","The Leopard","Luchino Visconti","https://www.criterion.com/films/790-the-leopard","https://github.com/brittonwalker/criterion-top-ten",""
"Paul Morrissey","The Leopard","Luchino Visconti","https://www.criterion.com/films/790-the-leopard","https://github.com/brittonwalker/criterion-top-ten",""
"Nicolas Roeg","The Leopard","Luchino Visconti","https://www.criterion.com/films/790-the-leopard","https://github.com/brittonwalker/criterion-top-ten",""
"Stuart Cooper","The Leopard","Luchino Visconti","https://www.criterion.com/films/790-the-leopard","https://github.com/brittonwalker/criterion-top-ten",""
"Jonas Carpignano","The Secret of the Grain","Abdellatif Kechiche","https://www.criterion.com/films/1344-the-secret-of-the-grain","https://github.com/brittonwalker/criterion-top-ten",""
"Jonas Carpignano","Salvatore Giuliano","Francesco Rosi","https://www.criterion.com/films/687-salvatore-giuliano","https://github.com/brittonwalker/criterion-top-ten",""
"Martin Scorsese","Salvatore Giuliano","Francesco Rosi","https://www.criterion.com/films/687-salvatore-giuliano","https://github.com/brittonwalker/criterion-top-ten",""
"Stephen Cone","The Long Day Closes","Terence Davies","https://www.criterion.com/films/27984-the-long-day-closes","https://github.com/brittonwalker/criterion-top-ten",""
"André Gregory and Wallace Shawn","The Long Day Closes","Terence Davies","https://www.criterion.com/films/27984-the-long-day-closes","https://github.com/brittonwalker/criterion-top-ten",""
"Christopher Hobbs","The Long Day Closes","Terence Davies","https://www.criterion.com/films/27984-the-long-day-closes","https://github.com/brittonwalker/criterion-top-ten",""
"Stephen Cone","Shoah","Claude Lanzmann","https://www.criterion.com/films/27968-shoah","https://github.com/brittonwalker/criterion-top-ten",""
"Richard Hell","Shoah","Claude Lanzmann","https://www.criterion.com/films/27968-shoah","https://github.com/brittonwalker/criterion-top-ten",""
"Stephen Cone","French Cancan","Jean Renoir","https://www.criterion.com/films/891-french-cancan","https://github.com/brittonwalker/criterion-top-ten",""
"Miguel Arteta ","French Cancan","Jean Renoir","https://www.criterion.com/films/891-french-cancan","https://github.com/brittonwalker/criterion-top-ten",""
"Stephen Cone","The Thin Red Line","Terrence Malick","https://www.criterion.com/films/27513-the-thin-red-line","https://github.com/brittonwalker/criterion-top-ten",""
"Geoff Dyer","The Thin Red Line","Terrence Malick","https://www.criterion.com/films/27513-the-thin-red-line","https://github.com/brittonwalker/criterion-top-ten",""
"Christopher Nolan","The Thin Red Line","Terrence Malick","https://www.criterion.com/films/27513-the-thin-red-line","https://github.com/brittonwalker/criterion-top-ten",""
"Bill Hader","The Thin Red Line","Terrence Malick","https://www.criterion.com/films/27513-the-thin-red-line","https://github.com/brittonwalker/criterion-top-ten",""
"Stephen Cone","The New World","Terrence Malick","https://www.criterion.com/films/28713-the-new-world","https://github.com/brittonwalker/criterion-top-ten",""
"Stephen Cone","Day of Wrath","Carl Th. Dreyer","https://www.criterion.com/films/442-day-of-wrath","https://github.com/brittonwalker/criterion-top-ten",""
"Donald Fagen","Day of Wrath","Carl Th. Dreyer","https://www.criterion.com/films/442-day-of-wrath","https://github.com/brittonwalker/criterion-top-ten",""
"Guy Maddin","Day of Wrath","Carl Th. Dreyer","https://www.criterion.com/films/442-day-of-wrath","https://github.com/brittonwalker/criterion-top-ten",""
"Richard Linklater","Day of Wrath","Carl Th. Dreyer","https://www.criterion.com/films/442-day-of-wrath","https://github.com/brittonwalker/criterion-top-ten",""
"Stephen Cone","Ordet","Carl Th. Dreyer","https://www.criterion.com/films/441-ordet","https://github.com/brittonwalker/criterion-top-ten",""
"James Schamus","Ordet","Carl Th. Dreyer","https://www.criterion.com/films/441-ordet","https://github.com/brittonwalker/criterion-top-ten",""
"William Friedkin ","Ordet","Carl Th. Dreyer","https://www.criterion.com/films/441-ordet","https://github.com/brittonwalker/criterion-top-ten",""
"Stephen Cone","The Curious Case of Benjamin Button","David Fincher","https://www.criterion.com/films/1584-the-curious-case-of-benjamin-button","https://github.com/brittonwalker/criterion-top-ten",""
"Stephen Cone","A Christmas Tale","Arnaud Desplechin","https://www.criterion.com/films/474-a-christmas-tale","https://github.com/brittonwalker/criterion-top-ten",""
"Paul Schneider","A Christmas Tale","Arnaud Desplechin","https://www.criterion.com/films/474-a-christmas-tale","https://github.com/brittonwalker/criterion-top-ten",""
"Olivier Assayas","A Christmas Tale","Arnaud Desplechin","https://www.criterion.com/films/474-a-christmas-tale","https://github.com/brittonwalker/criterion-top-ten",""
"Stephen Cone","My Darling Clementine","John Ford","https://www.criterion.com/films/28570-my-darling-clementine","https://github.com/brittonwalker/criterion-top-ten",""
"Ken Jennings","My Darling Clementine","John Ford","https://www.criterion.com/films/28570-my-darling-clementine","https://github.com/brittonwalker/criterion-top-ten",""
"Megan Abbott","My Darling Clementine","John Ford","https://www.criterion.com/films/28570-my-darling-clementine","https://github.com/brittonwalker/criterion-top-ten",""
"Bruce Beresford","My Darling Clementine","John Ford","https://www.criterion.com/films/28570-my-darling-clementine","https://github.com/brittonwalker/criterion-top-ten",""
"Connor Jessup","Taste of Cherry","Abbas Kiarostami","https://www.criterion.com/films/242-taste-of-cherry","https://github.com/brittonwalker/criterion-top-ten",""
"Robert Greene","Taste of Cherry","Abbas Kiarostami","https://www.criterion.com/films/242-taste-of-cherry","https://github.com/brittonwalker/criterion-top-ten",""
"Xavier Dolan","Taste of Cherry","Abbas Kiarostami","https://www.criterion.com/films/242-taste-of-cherry","https://github.com/brittonwalker/criterion-top-ten",""
"Michael Atkinson","Taste of Cherry","Abbas Kiarostami","https://www.criterion.com/films/242-taste-of-cherry","https://github.com/brittonwalker/criterion-top-ten",""
"Connor Jessup","There Was a Father","Yasujiro Ozu","https://www.criterion.com/films/22839-there-was-a-father","https://github.com/brittonwalker/criterion-top-ten",""
"Connor Jessup","Mysterious Object at Noon","Apichatpong Weerasethakul","https://www.criterion.com/films/29098-mysterious-object-at-noon","https://github.com/brittonwalker/criterion-top-ten",""
"Connor Jessup","The Naked Island","Kaneto Shindo","https://www.criterion.com/films/27774-the-naked-island","https://github.com/brittonwalker/criterion-top-ten",""
"Connor Jessup","Cameraperson","Kirsten Johnson","https://www.criterion.com/films/29003-cameraperson","https://github.com/brittonwalker/criterion-top-ten",""
"Dustin Guy Defa","Cameraperson","Kirsten Johnson","https://www.criterion.com/films/29003-cameraperson","https://github.com/brittonwalker/criterion-top-ten",""
"Christopher Radcliff and Lauren Wolkstein","Tampopo","Juzo Itami","https://www.criterion.com/films/28880-tampopo","https://github.com/brittonwalker/criterion-top-ten",""
"Christopher Radcliff and Lauren Wolkstein","Picnic at Hanging Rock","Peter Weir","https://www.criterion.com/films/565-picnic-at-hanging-rock","https://github.com/brittonwalker/criterion-top-ten",""
"Julia Cafritz","Picnic at Hanging Rock","Peter Weir","https://www.criterion.com/films/565-picnic-at-hanging-rock","https://github.com/brittonwalker/criterion-top-ten",""
"Meg Baird","Picnic at Hanging Rock","Peter Weir","https://www.criterion.com/films/565-picnic-at-hanging-rock","https://github.com/brittonwalker/criterion-top-ten",""
"Lena Dunham ","Picnic at Hanging Rock","Peter Weir","https://www.criterion.com/films/565-picnic-at-hanging-rock","https://github.com/brittonwalker/criterion-top-ten",""
"Frederick Elmes","Picnic at Hanging Rock","Peter Weir","https://www.criterion.com/films/565-picnic-at-hanging-rock","https://github.com/brittonwalker/criterion-top-ten",""
"Dennis Lehane","Picnic at Hanging Rock","Peter Weir","https://www.criterion.com/films/565-picnic-at-hanging-rock","https://github.com/brittonwalker/criterion-top-ten",""
"Christopher Radcliff and Lauren Wolkstein","Personal Shopper","Olivier Assayas","https://www.criterion.com/films/29252-personal-shopper","https://github.com/brittonwalker/criterion-top-ten",""
"Christopher Radcliff and Lauren Wolkstein","Violence at Noon","Nagisa Oshima","https://www.criterion.com/films/22296-violence-at-noon","https://github.com/brittonwalker/criterion-top-ten",""
"Christopher Radcliff and Lauren Wolkstein","Rumble Fish","Francis Ford Coppola","https://www.criterion.com/films/28993-rumble-fish","https://github.com/brittonwalker/criterion-top-ten",""
"Christopher Radcliff and Lauren Wolkstein","Through a Glass Darkly","Ingmar Bergman","https://www.criterion.com/films/568-through-a-glass-darkly","https://github.com/brittonwalker/criterion-top-ten",""
"Atom Egoyan","Through a Glass Darkly","Ingmar Bergman","https://www.criterion.com/films/568-through-a-glass-darkly","https://github.com/brittonwalker/criterion-top-ten",""
"Lena Dunham ","Through a Glass Darkly","Ingmar Bergman","https://www.criterion.com/films/568-through-a-glass-darkly","https://github.com/brittonwalker/criterion-top-ten",""
"Greg Mottola","Through a Glass Darkly","Ingmar Bergman","https://www.criterion.com/films/568-through-a-glass-darkly","https://github.com/brittonwalker/criterion-top-ten",""
"Angus MacLachlan","Through a Glass Darkly","Ingmar Bergman","https://www.criterion.com/films/568-through-a-glass-darkly","https://github.com/brittonwalker/criterion-top-ten",""
"Ramin Bahrani","Through a Glass Darkly","Ingmar Bergman","https://www.criterion.com/films/568-through-a-glass-darkly","https://github.com/brittonwalker/criterion-top-ten",""
"Christopher Radcliff and Lauren Wolkstein","Clean, Shaven","Lodge Kerrigan","https://www.criterion.com/films/551-clean-shaven","https://github.com/brittonwalker/criterion-top-ten",""
"Doug Nichol","Ikiru","Akira Kurosawa","https://www.criterion.com/films/353-ikiru","https://github.com/brittonwalker/criterion-top-ten",""
"Barnaby Clay","Ikiru","Akira Kurosawa","https://www.criterion.com/films/353-ikiru","https://github.com/brittonwalker/criterion-top-ten",""
"Mary Ellen Mark","Ikiru","Akira Kurosawa","https://www.criterion.com/films/353-ikiru","https://github.com/brittonwalker/criterion-top-ten",""
"Kazu Kibuishi","Ikiru","Akira Kurosawa","https://www.criterion.com/films/353-ikiru","https://github.com/brittonwalker/criterion-top-ten",""
"Aki Kaurismäki ","Ikiru","Akira Kurosawa","https://www.criterion.com/films/353-ikiru","https://github.com/brittonwalker/criterion-top-ten",""
"Richard Ayoade","Ikiru","Akira Kurosawa","https://www.criterion.com/films/353-ikiru","https://github.com/brittonwalker/criterion-top-ten",""
"Michael Barker","Ikiru","Akira Kurosawa","https://www.criterion.com/films/353-ikiru","https://github.com/brittonwalker/criterion-top-ten",""
"Ramin Bahrani","Ikiru","Akira Kurosawa","https://www.criterion.com/films/353-ikiru","https://github.com/brittonwalker/criterion-top-ten",""
"Doug Nichol","It’s a Mad, Mad, Mad, Mad World","Stanley Kramer","https://www.criterion.com/films/28579-its-a-mad-mad-mad-mad-world","https://github.com/brittonwalker/criterion-top-ten",""
"Reggie Watts","It’s a Mad, Mad, Mad, Mad World","Stanley Kramer","https://www.criterion.com/films/28579-its-a-mad-mad-mad-mad-world","https://github.com/brittonwalker/criterion-top-ten",""
"Troy Miller","It’s a Mad, Mad, Mad, Mad World","Stanley Kramer","https://www.criterion.com/films/28579-its-a-mad-mad-mad-mad-world","https://github.com/brittonwalker/criterion-top-ten",""
"Doug Nichol","Gates of Heaven","Errol Morris","https://www.criterion.com/films/28354-gates-of-heaven","https://github.com/brittonwalker/criterion-top-ten",""
"Doug Nichol","Vernon, Florida","Errol Morris","https://www.criterion.com/films/28356-vernon-florida","https://github.com/brittonwalker/criterion-top-ten",""
"Clea DuVall","Vernon, Florida","Errol Morris","https://www.criterion.com/films/28356-vernon-florida","https://github.com/brittonwalker/criterion-top-ten",""
"Janicza Bravo","Beware of a Holy Whore","Rainer Werner Fassbinder","https://www.criterion.com/films/27952-beware-of-a-holy-whore","https://github.com/brittonwalker/criterion-top-ten",""
"Janicza Bravo","Fear and Loathing in Las Vegas","Terry Gilliam","https://www.criterion.com/films/215-fear-and-loathing-in-las-vegas","https://github.com/brittonwalker/criterion-top-ten",""
"Flying Lotus","Fear and Loathing in Las Vegas","Terry Gilliam","https://www.criterion.com/films/215-fear-and-loathing-in-las-vegas","https://github.com/brittonwalker/criterion-top-ten",""
"David Markey","Fear and Loathing in Las Vegas","Terry Gilliam","https://www.criterion.com/films/215-fear-and-loathing-in-las-vegas","https://github.com/brittonwalker/criterion-top-ten",""
"Janicza Bravo","Juliet of the Spirits","Federico Fellini","https://www.criterion.com/films/689-juliet-of-the-spirits","https://github.com/brittonwalker/criterion-top-ten",""
"Anna Sui","Juliet of the Spirits","Federico Fellini","https://www.criterion.com/films/689-juliet-of-the-spirits","https://github.com/brittonwalker/criterion-top-ten",""
"Donald Fagen","Juliet of the Spirits","Federico Fellini","https://www.criterion.com/films/689-juliet-of-the-spirits","https://github.com/brittonwalker/criterion-top-ten",""
"Miguel Arteta ","Juliet of the Spirits","Federico Fellini","https://www.criterion.com/films/689-juliet-of-the-spirits","https://github.com/brittonwalker/criterion-top-ten",""
"Frederick Elmes","Juliet of the Spirits","Federico Fellini","https://www.criterion.com/films/689-juliet-of-the-spirits","https://github.com/brittonwalker/criterion-top-ten",""
"Joe Mantegna","Juliet of the Spirits","Federico Fellini","https://www.criterion.com/films/689-juliet-of-the-spirits","https://github.com/brittonwalker/criterion-top-ten",""
"Chris Hegedus","Juliet of the Spirits","Federico Fellini","https://www.criterion.com/films/689-juliet-of-the-spirits","https://github.com/brittonwalker/criterion-top-ten",""
"Janicza Bravo","Love in the Afternoon","Eric Rohmer","https://www.criterion.com/films/794-love-in-the-afternoon","https://github.com/brittonwalker/criterion-top-ten",""
"Sean Baker","Love in the Afternoon","Eric Rohmer","https://www.criterion.com/films/794-love-in-the-afternoon","https://github.com/brittonwalker/criterion-top-ten",""
"André Gregory and Wallace Shawn","Love in the Afternoon","Eric Rohmer","https://www.criterion.com/films/794-love-in-the-afternoon","https://github.com/brittonwalker/criterion-top-ten",""
"Tim Forbes","Love in the Afternoon","Eric Rohmer","https://www.criterion.com/films/794-love-in-the-afternoon","https://github.com/brittonwalker/criterion-top-ten",""
"Richard Ayoade","Love in the Afternoon","Eric Rohmer","https://www.criterion.com/films/794-love-in-the-afternoon","https://github.com/brittonwalker/criterion-top-ten",""
"Dustin Guy Defa","A Married Couple","Allan King","https://www.criterion.com/films/27515-a-married-couple","https://github.com/brittonwalker/criterion-top-ten",""
"Robert Greene","A Married Couple","Allan King","https://www.criterion.com/films/27515-a-married-couple","https://github.com/brittonwalker/criterion-top-ten",""
"Joshua Z Weinstein","Before the Rain","Milcho Manchevski","https://www.criterion.com/films/858-before-the-rain","https://github.com/brittonwalker/criterion-top-ten",""
"Götz Spielmann","Before the Rain","Milcho Manchevski","https://www.criterion.com/films/858-before-the-rain","https://github.com/brittonwalker/criterion-top-ten",""
"Joshua Z Weinstein","Inside Llewyn Davis","Joel Coen and Ethan Coen","https://www.criterion.com/films/28721-inside-llewyn-davis","https://github.com/brittonwalker/criterion-top-ten",""
"Mike Portnoy","Inside Llewyn Davis","Joel Coen and Ethan Coen","https://www.criterion.com/films/28721-inside-llewyn-davis","https://github.com/brittonwalker/criterion-top-ten",""
"Joshua Z Weinstein","The Kid with a Bike","Jean-Pierre Dardenne and Luc Dardenne","https://www.criterion.com/films/28405-the-kid-with-a-bike","https://github.com/brittonwalker/criterion-top-ten",""
"Bret Easton Ellis","The Kid with a Bike","Jean-Pierre Dardenne and Luc Dardenne","https://www.criterion.com/films/28405-the-kid-with-a-bike","https://github.com/brittonwalker/criterion-top-ten",""
"Joshua Z Weinstein","Night on Earth","Jim Jarmusch","https://www.criterion.com/films/227-night-on-earth","https://github.com/brittonwalker/criterion-top-ten",""
"Dominic Monaghan","Night on Earth","Jim Jarmusch","https://www.criterion.com/films/227-night-on-earth","https://github.com/brittonwalker/criterion-top-ten",""
"Sonic Youth","Night on Earth","Jim Jarmusch","https://www.criterion.com/films/227-night-on-earth","https://github.com/brittonwalker/criterion-top-ten",""
"Alison Maclean","Le doulos","Jean-Pierre Melville","https://www.criterion.com/films/759-le-doulos","https://github.com/brittonwalker/criterion-top-ten",""
"Bill Hader","Le doulos","Jean-Pierre Melville","https://www.criterion.com/films/759-le-doulos","https://github.com/brittonwalker/criterion-top-ten",""
"Jennifer Reeder","Rebecca","Alfred Hitchcock","https://www.criterion.com/films/680-rebecca","https://github.com/brittonwalker/criterion-top-ten",""
"Meg Baird","Rebecca","Alfred Hitchcock","https://www.criterion.com/films/680-rebecca","https://github.com/brittonwalker/criterion-top-ten",""
"Leanne Shapton","Rebecca","Alfred Hitchcock","https://www.criterion.com/films/680-rebecca","https://github.com/brittonwalker/criterion-top-ten",""
"Rodarte","Harlan County USA","Barbara Kopple","https://www.criterion.com/films/777-harlan-county-usa","https://github.com/brittonwalker/criterion-top-ten",""
"Illeana Douglas","Harlan County USA","Barbara Kopple","https://www.criterion.com/films/777-harlan-county-usa","https://github.com/brittonwalker/criterion-top-ten",""
"Paul Schneider","Harlan County USA","Barbara Kopple","https://www.criterion.com/films/777-harlan-county-usa","https://github.com/brittonwalker/criterion-top-ten",""
"Susie Bright ","Harlan County USA","Barbara Kopple","https://www.criterion.com/films/777-harlan-county-usa","https://github.com/brittonwalker/criterion-top-ten",""
"Rodarte","An Autumn Afternoon","Yasujiro Ozu","https://www.criterion.com/films/784-an-autumn-afternoon","https://github.com/brittonwalker/criterion-top-ten",""
"Aki Kaurismäki ","An Autumn Afternoon","Yasujiro Ozu","https://www.criterion.com/films/784-an-autumn-afternoon","https://github.com/brittonwalker/criterion-top-ten",""
"Rodarte","La Pointe Courte","Agnès Varda","https://www.criterion.com/films/524-la-pointe-courte","https://github.com/brittonwalker/criterion-top-ten",""
"Lena Dunham ","La Pointe Courte","Agnès Varda","https://www.criterion.com/films/524-la-pointe-courte","https://github.com/brittonwalker/criterion-top-ten",""
"Pat Healy","Seconds","John Frankenheimer","https://www.criterion.com/films/28428-seconds","https://github.com/brittonwalker/criterion-top-ten",""
"Keith Gordon","Seconds","John Frankenheimer","https://www.criterion.com/films/28428-seconds","https://github.com/brittonwalker/criterion-top-ten",""
"Troy Miller","Seconds","John Frankenheimer","https://www.criterion.com/films/28428-seconds","https://github.com/brittonwalker/criterion-top-ten",""
"K. K. Barrett","Seconds","John Frankenheimer","https://www.criterion.com/films/28428-seconds","https://github.com/brittonwalker/criterion-top-ten",""
"Kim Newman","Seconds","John Frankenheimer","https://www.criterion.com/films/28428-seconds","https://github.com/brittonwalker/criterion-top-ten",""
"Pat Healy","The Killing","Stanley Kubrick","https://www.criterion.com/films/27751-the-killing","https://github.com/brittonwalker/criterion-top-ten",""
"Marc Maron","The Killing","Stanley Kubrick","https://www.criterion.com/films/27751-the-killing","https://github.com/brittonwalker/criterion-top-ten",""
"Franc Roddam","The Killing","Stanley Kubrick","https://www.criterion.com/films/27751-the-killing","https://github.com/brittonwalker/criterion-top-ten",""
"Pat Healy","Paths of Glory","Stanley Kubrick","https://www.criterion.com/films/27522-paths-of-glory","https://github.com/brittonwalker/criterion-top-ten",""
"Keith Gordon","Paths of Glory","Stanley Kubrick","https://www.criterion.com/films/27522-paths-of-glory","https://github.com/brittonwalker/criterion-top-ten",""
"Troy Miller","Paths of Glory","Stanley Kubrick","https://www.criterion.com/films/27522-paths-of-glory","https://github.com/brittonwalker/criterion-top-ten",""
"Jesse Malin","Paths of Glory","Stanley Kubrick","https://www.criterion.com/films/27522-paths-of-glory","https://github.com/brittonwalker/criterion-top-ten",""
"Roger Corman","Paths of Glory","Stanley Kubrick","https://www.criterion.com/films/27522-paths-of-glory","https://github.com/brittonwalker/criterion-top-ten",""
"Nicholas Stoller","Paths of Glory","Stanley Kubrick","https://www.criterion.com/films/27522-paths-of-glory","https://github.com/brittonwalker/criterion-top-ten",""
"Andrew Weil","Paths of Glory","Stanley Kubrick","https://www.criterion.com/films/27522-paths-of-glory","https://github.com/brittonwalker/criterion-top-ten",""
"William Friedkin ","Paths of Glory","Stanley Kubrick","https://www.criterion.com/films/27522-paths-of-glory","https://github.com/brittonwalker/criterion-top-ten",""
"Michael Korda","Paths of Glory","Stanley Kubrick","https://www.criterion.com/films/27522-paths-of-glory","https://github.com/brittonwalker/criterion-top-ten",""
"Alec Baldwin","Paths of Glory","Stanley Kubrick","https://www.criterion.com/films/27522-paths-of-glory","https://github.com/brittonwalker/criterion-top-ten",""
"Guillermo del Toro","Paths of Glory","Stanley Kubrick","https://www.criterion.com/films/27522-paths-of-glory","https://github.com/brittonwalker/criterion-top-ten",""
"Steve Gunn","Vive le Tour","Louis Malle","https://www.criterion.com/films/670-vive-le-tour","https://github.com/brittonwalker/criterion-top-ten",""
"Steve Gunn","Gimme Shelter","David Maysles, Albert Maysles, and Charlotte Zwerin","https://www.criterion.com/films/637-gimme-shelter","https://github.com/brittonwalker/criterion-top-ten",""
"Anna Sui","Gimme Shelter","David Maysles, Albert Maysles, and Charlotte Zwerin","https://www.criterion.com/films/637-gimme-shelter","https://github.com/brittonwalker/criterion-top-ten",""
"Julia Cafritz","Gimme Shelter","David Maysles, Albert Maysles, and Charlotte Zwerin","https://www.criterion.com/films/637-gimme-shelter","https://github.com/brittonwalker/criterion-top-ten",""
"Meg Baird","Gimme Shelter","David Maysles, Albert Maysles, and Charlotte Zwerin","https://www.criterion.com/films/637-gimme-shelter","https://github.com/brittonwalker/criterion-top-ten",""
"Don Hertzfeldt","Gimme Shelter","David Maysles, Albert Maysles, and Charlotte Zwerin","https://www.criterion.com/films/637-gimme-shelter","https://github.com/brittonwalker/criterion-top-ten",""
"Geoff Dyer","Gimme Shelter","David Maysles, Albert Maysles, and Charlotte Zwerin","https://www.criterion.com/films/637-gimme-shelter","https://github.com/brittonwalker/criterion-top-ten",""
"Chuck Klosterman","Gimme Shelter","David Maysles, Albert Maysles, and Charlotte Zwerin","https://www.criterion.com/films/637-gimme-shelter","https://github.com/brittonwalker/criterion-top-ten",""
" John Taylor","Gimme Shelter","David Maysles, Albert Maysles, and Charlotte Zwerin","https://www.criterion.com/films/637-gimme-shelter","https://github.com/brittonwalker/criterion-top-ten",""
"Alec Baldwin","Gimme Shelter","David Maysles, Albert Maysles, and Charlotte Zwerin","https://www.criterion.com/films/637-gimme-shelter","https://github.com/brittonwalker/criterion-top-ten",""
"Marcel Dzama","Gimme Shelter","David Maysles, Albert Maysles, and Charlotte Zwerin","https://www.criterion.com/films/637-gimme-shelter","https://github.com/brittonwalker/criterion-top-ten",""
"Caitlin Kuhwald","Gimme Shelter","David Maysles, Albert Maysles, and Charlotte Zwerin","https://www.criterion.com/films/637-gimme-shelter","https://github.com/brittonwalker/criterion-top-ten",""
"Joe Swanberg","Gimme Shelter","David Maysles, Albert Maysles, and Charlotte Zwerin","https://www.criterion.com/films/637-gimme-shelter","https://github.com/brittonwalker/criterion-top-ten",""
"James Franco","Gimme Shelter","David Maysles, Albert Maysles, and Charlotte Zwerin","https://www.criterion.com/films/637-gimme-shelter","https://github.com/brittonwalker/criterion-top-ten",""
"Patton Oswalt","Gimme Shelter","David Maysles, Albert Maysles, and Charlotte Zwerin","https://www.criterion.com/films/637-gimme-shelter","https://github.com/brittonwalker/criterion-top-ten",""
"Kevin Macdonald","Gimme Shelter","David Maysles, Albert Maysles, and Charlotte Zwerin","https://www.criterion.com/films/637-gimme-shelter","https://github.com/brittonwalker/criterion-top-ten",""
"Diablo Cody","Gimme Shelter","David Maysles, Albert Maysles, and Charlotte Zwerin","https://www.criterion.com/films/637-gimme-shelter","https://github.com/brittonwalker/criterion-top-ten",""
"Allison Anders","Gimme Shelter","David Maysles, Albert Maysles, and Charlotte Zwerin","https://www.criterion.com/films/637-gimme-shelter","https://github.com/brittonwalker/criterion-top-ten",""
"Mike Allred","Gimme Shelter","David Maysles, Albert Maysles, and Charlotte Zwerin","https://www.criterion.com/films/637-gimme-shelter","https://github.com/brittonwalker/criterion-top-ten",""
"Steve Gunn","Trances","Ahmed El Maanouni","https://www.criterion.com/films/28413-trances","https://github.com/brittonwalker/criterion-top-ten",""
"Will Oldham","Trances","Ahmed El Maanouni","https://www.criterion.com/films/28413-trances","https://github.com/brittonwalker/criterion-top-ten",""
"Nathan Silver","Pickpocket","Robert Bresson","https://www.criterion.com/films/229-pickpocket","https://github.com/brittonwalker/criterion-top-ten",""
"Olivier Assayas","Pickpocket","Robert Bresson","https://www.criterion.com/films/229-pickpocket","https://github.com/brittonwalker/criterion-top-ten",""
"João Pedro Rodrigues","Pickpocket","Robert Bresson","https://www.criterion.com/films/229-pickpocket","https://github.com/brittonwalker/criterion-top-ten",""
"Richard Linklater","Pickpocket","Robert Bresson","https://www.criterion.com/films/229-pickpocket","https://github.com/brittonwalker/criterion-top-ten",""
"Christa Lang-Fuller","Pickpocket","Robert Bresson","https://www.criterion.com/films/229-pickpocket","https://github.com/brittonwalker/criterion-top-ten",""
"Michael Barker","Pickpocket","Robert Bresson","https://www.criterion.com/films/229-pickpocket","https://github.com/brittonwalker/criterion-top-ten",""
"Ramin Bahrani","Pickpocket","Robert Bresson","https://www.criterion.com/films/229-pickpocket","https://github.com/brittonwalker/criterion-top-ten",""
"Nathan Silver","In a Lonely Place","Nicholas Ray","https://www.criterion.com/films/27908-in-a-lonely-place","https://github.com/brittonwalker/criterion-top-ten",""
"Illeana Douglas","In a Lonely Place","Nicholas Ray","https://www.criterion.com/films/27908-in-a-lonely-place","https://github.com/brittonwalker/criterion-top-ten",""
"Megan Abbott","In a Lonely Place","Nicholas Ray","https://www.criterion.com/films/27908-in-a-lonely-place","https://github.com/brittonwalker/criterion-top-ten",""
"Zach Braff","Rushmore","Wes Anderson","https://www.criterion.com/films/333-rushmore","https://github.com/brittonwalker/criterion-top-ten",""
"Alton Brown","Rushmore","Wes Anderson","https://www.criterion.com/films/333-rushmore","https://github.com/brittonwalker/criterion-top-ten",""
"Terence Nance","Rushmore","Wes Anderson","https://www.criterion.com/films/333-rushmore","https://github.com/brittonwalker/criterion-top-ten",""
"Bong Joon-ho","Rushmore","Wes Anderson","https://www.criterion.com/films/333-rushmore","https://github.com/brittonwalker/criterion-top-ten",""
"Nicholas Stoller","Rushmore","Wes Anderson","https://www.criterion.com/films/333-rushmore","https://github.com/brittonwalker/criterion-top-ten",""
"Chuck Klosterman","Rushmore","Wes Anderson","https://www.criterion.com/films/333-rushmore","https://github.com/brittonwalker/criterion-top-ten",""
"Edgar Wright","Rushmore","Wes Anderson","https://www.criterion.com/films/333-rushmore","https://github.com/brittonwalker/criterion-top-ten",""
"Adam Yauch","Rushmore","Wes Anderson","https://www.criterion.com/films/333-rushmore","https://github.com/brittonwalker/criterion-top-ten",""
"Dennis Lehane","Rushmore","Wes Anderson","https://www.criterion.com/films/333-rushmore","https://github.com/brittonwalker/criterion-top-ten",""
"Matt Dentler","Rushmore","Wes Anderson","https://www.criterion.com/films/333-rushmore","https://github.com/brittonwalker/criterion-top-ten",""
"Mike Allred","Rushmore","Wes Anderson","https://www.criterion.com/films/333-rushmore","https://github.com/brittonwalker/criterion-top-ten",""
"Barnaby Clay","For All Mankind","Al Reinert","https://www.criterion.com/films/599-for-all-mankind","https://github.com/brittonwalker/criterion-top-ten",""
"Geoff Dyer","For All Mankind","Al Reinert","https://www.criterion.com/films/599-for-all-mankind","https://github.com/brittonwalker/criterion-top-ten",""
"Christopher Nolan","For All Mankind","Al Reinert","https://www.criterion.com/films/599-for-all-mankind","https://github.com/brittonwalker/criterion-top-ten",""
"Barnaby Clay","Nights of Cabiria","Federico Fellini","https://www.criterion.com/films/243-nights-of-cabiria","https://github.com/brittonwalker/criterion-top-ten",""
"Young Jean Lee","Nights of Cabiria","Federico Fellini","https://www.criterion.com/films/243-nights-of-cabiria","https://github.com/brittonwalker/criterion-top-ten",""
"Andrew Weil","Nights of Cabiria","Federico Fellini","https://www.criterion.com/films/243-nights-of-cabiria","https://github.com/brittonwalker/criterion-top-ten",""
"Paul Feig ","Nights of Cabiria","Federico Fellini","https://www.criterion.com/films/243-nights-of-cabiria","https://github.com/brittonwalker/criterion-top-ten",""
"Greg Mottola","Nights of Cabiria","Federico Fellini","https://www.criterion.com/films/243-nights-of-cabiria","https://github.com/brittonwalker/criterion-top-ten",""
"Seth","Nights of Cabiria","Federico Fellini","https://www.criterion.com/films/243-nights-of-cabiria","https://github.com/brittonwalker/criterion-top-ten",""
"Jaime Hernandez","Nights of Cabiria","Federico Fellini","https://www.criterion.com/films/243-nights-of-cabiria","https://github.com/brittonwalker/criterion-top-ten",""
"Monte Hellman","Nights of Cabiria","Federico Fellini","https://www.criterion.com/films/243-nights-of-cabiria","https://github.com/brittonwalker/criterion-top-ten",""
"Adam Yauch","Nights of Cabiria","Federico Fellini","https://www.criterion.com/films/243-nights-of-cabiria","https://github.com/brittonwalker/criterion-top-ten",""
"Barnaby Clay","Eyes Without a Face","Georges Franju","https://www.criterion.com/films/950-eyes-without-a-face","https://github.com/brittonwalker/criterion-top-ten",""
"Kim Newman","Eyes Without a Face","Georges Franju","https://www.criterion.com/films/950-eyes-without-a-face","https://github.com/brittonwalker/criterion-top-ten",""
"Edgar Wright","Eyes Without a Face","Georges Franju","https://www.criterion.com/films/950-eyes-without-a-face","https://github.com/brittonwalker/criterion-top-ten",""
"Anthony Bourdain","Eyes Without a Face","Georges Franju","https://www.criterion.com/films/950-eyes-without-a-face","https://github.com/brittonwalker/criterion-top-ten",""
"João Pedro Rodrigues","Eyes Without a Face","Georges Franju","https://www.criterion.com/films/950-eyes-without-a-face","https://github.com/brittonwalker/criterion-top-ten",""
"Guillermo del Toro","Eyes Without a Face","Georges Franju","https://www.criterion.com/films/950-eyes-without-a-face","https://github.com/brittonwalker/criterion-top-ten",""
"Neil LaBute","Eyes Without a Face","Georges Franju","https://www.criterion.com/films/950-eyes-without-a-face","https://github.com/brittonwalker/criterion-top-ten",""
"Bill Condon","Beauty and the Beast","Jean Cocteau","https://www.criterion.com/films/177-beauty-and-the-beast","https://github.com/brittonwalker/criterion-top-ten",""
"Christopher Hobbs","Beauty and the Beast","Jean Cocteau","https://www.criterion.com/films/177-beauty-and-the-beast","https://github.com/brittonwalker/criterion-top-ten",""
"Andrew Weil","Beauty and the Beast","Jean Cocteau","https://www.criterion.com/films/177-beauty-and-the-beast","https://github.com/brittonwalker/criterion-top-ten",""
"Susie Bright ","Beauty and the Beast","Jean Cocteau","https://www.criterion.com/films/177-beauty-and-the-beast","https://github.com/brittonwalker/criterion-top-ten",""
"Nicolas Winding Refn","Beauty and the Beast","Jean Cocteau","https://www.criterion.com/films/177-beauty-and-the-beast","https://github.com/brittonwalker/criterion-top-ten",""
"Guillermo del Toro","Beauty and the Beast","Jean Cocteau","https://www.criterion.com/films/177-beauty-and-the-beast","https://github.com/brittonwalker/criterion-top-ten",""
"Xavier Dolan","Beauty and the Beast","Jean Cocteau","https://www.criterion.com/films/177-beauty-and-the-beast","https://github.com/brittonwalker/criterion-top-ten",""
"Nicolas Roeg","Beauty and the Beast","Jean Cocteau","https://www.criterion.com/films/177-beauty-and-the-beast","https://github.com/brittonwalker/criterion-top-ten",""
"Bill Plympton","Beauty and the Beast","Jean Cocteau","https://www.criterion.com/films/177-beauty-and-the-beast","https://github.com/brittonwalker/criterion-top-ten",""
"Bill Condon","The Love Parade","Ernst Lubitsch","https://www.criterion.com/films/898-the-love-parade","https://github.com/brittonwalker/criterion-top-ten",""
"Bill Condon","Monte Carlo","Ernst Lubitsch","https://www.criterion.com/films/899-monte-carlo","https://github.com/brittonwalker/criterion-top-ten",""
"Bill Condon","The Smiling Lieutenant","Ernst Lubitsch","https://www.criterion.com/films/900-the-smiling-lieutenant","https://github.com/brittonwalker/criterion-top-ten",""
"Bill Condon","One Hour with You","Ernst Lubitsch","https://www.criterion.com/films/901-one-hour-with-you","https://github.com/brittonwalker/criterion-top-ten",""
"Bill Condon","Make Way for Tomorrow","Leo McCarey","https://www.criterion.com/films/2350-make-way-for-tomorrow","https://github.com/brittonwalker/criterion-top-ten",""
"Mike Portnoy","Blood Simple","Joel Coen","https://www.criterion.com/films/28852-blood-simple","https://github.com/brittonwalker/criterion-top-ten",""
"Alton Brown","Blood Simple","Joel Coen","https://www.criterion.com/films/28852-blood-simple","https://github.com/brittonwalker/criterion-top-ten",""
"Mike Portnoy","Blue Is the Warmest Color","Abdellatif Kechiche","https://www.criterion.com/films/28603-blue-is-the-warmest-color","https://github.com/brittonwalker/criterion-top-ten",""
"Austin Garrick","Blue Is the Warmest Color","Abdellatif Kechiche","https://www.criterion.com/films/28603-blue-is-the-warmest-color","https://github.com/brittonwalker/criterion-top-ten",""
"Mike Portnoy","Man Bites Dog","Rémy Belvaux, André Bonzel, and Benoit Poelvoorde","https://www.criterion.com/films/718-man-bites-dog","https://github.com/brittonwalker/criterion-top-ten",""
"Zola Jesus","Man Bites Dog","Rémy Belvaux, André Bonzel, and Benoit Poelvoorde","https://www.criterion.com/films/718-man-bites-dog","https://github.com/brittonwalker/criterion-top-ten",""
"Flying Lotus","Man Bites Dog","Rémy Belvaux, André Bonzel, and Benoit Poelvoorde","https://www.criterion.com/films/718-man-bites-dog","https://github.com/brittonwalker/criterion-top-ten",""
"Bill Plympton","Man Bites Dog","Rémy Belvaux, André Bonzel, and Benoit Poelvoorde","https://www.criterion.com/films/718-man-bites-dog","https://github.com/brittonwalker/criterion-top-ten",""
"Steve Buscemi","Man Bites Dog","Rémy Belvaux, André Bonzel, and Benoit Poelvoorde","https://www.criterion.com/films/718-man-bites-dog","https://github.com/brittonwalker/criterion-top-ten",""
"Ken Jennings","The Palm Beach Story","Preston Sturges","https://www.criterion.com/films/28103-the-palm-beach-story","https://github.com/brittonwalker/criterion-top-ten",""
"Megan Abbott","The Palm Beach Story","Preston Sturges","https://www.criterion.com/films/28103-the-palm-beach-story","https://github.com/brittonwalker/criterion-top-ten",""
"Dana Calvo","El Norte","Gregory Nava","https://www.criterion.com/films/972-el-norte","https://github.com/brittonwalker/criterion-top-ten",""
"Dana Calvo","The Unbearable Lightness of Being","Philip Kaufman","https://www.criterion.com/films/600-the-unbearable-lightness-of-being","https://github.com/brittonwalker/criterion-top-ten",""
"Dave Filipi","The Unbearable Lightness of Being","Philip Kaufman","https://www.criterion.com/films/600-the-unbearable-lightness-of-being","https://github.com/brittonwalker/criterion-top-ten",""
"Dana Calvo","Traffic","Steven Soderbergh","https://www.criterion.com/films/381-traffic","https://github.com/brittonwalker/criterion-top-ten",""
"Troy Miller","Traffic","Steven Soderbergh","https://www.criterion.com/films/381-traffic","https://github.com/brittonwalker/criterion-top-ten",""
"Dana Calvo","The Manchurian Candidate","John Frankenheimer","https://www.criterion.com/films/28784-the-manchurian-candidate","https://github.com/brittonwalker/criterion-top-ten",""
"Dana Calvo","Boyhood","Richard Linklater","https://www.criterion.com/films/28820-boyhood","https://github.com/brittonwalker/criterion-top-ten",""
"Clea DuVall","Short Cuts","Robert Altman","https://www.criterion.com/films/376-short-cuts","https://github.com/brittonwalker/criterion-top-ten",""
"Marc Maron","Short Cuts","Robert Altman","https://www.criterion.com/films/376-short-cuts","https://github.com/brittonwalker/criterion-top-ten",""
" John Taylor","Short Cuts","Robert Altman","https://www.criterion.com/films/376-short-cuts","https://github.com/brittonwalker/criterion-top-ten",""
"Oren Moverman","Short Cuts","Robert Altman","https://www.criterion.com/films/376-short-cuts","https://github.com/brittonwalker/criterion-top-ten",""
"Steve Buscemi","Short Cuts","Robert Altman","https://www.criterion.com/films/376-short-cuts","https://github.com/brittonwalker/criterion-top-ten",""
"Clea DuVall","The Big Chill","Lawrence Kasdan","https://www.criterion.com/films/28610-the-big-chill","https://github.com/brittonwalker/criterion-top-ten",""
"Marc Maron","The Big Chill","Lawrence Kasdan","https://www.criterion.com/films/28610-the-big-chill","https://github.com/brittonwalker/criterion-top-ten",""
"Alton Brown","Babette’s Feast","Gabriel Axel","https://www.criterion.com/films/27894-babettes-feast","https://github.com/brittonwalker/criterion-top-ten",""
"Alton Brown","Yojimbo","Akira Kurosawa","https://www.criterion.com/films/597-yojimbo","https://github.com/brittonwalker/criterion-top-ten",""
"Scott Morse’s Top Ten","Yojimbo","Akira Kurosawa","https://www.criterion.com/films/597-yojimbo","https://github.com/brittonwalker/criterion-top-ten",""
"Johnnie To","Yojimbo","Akira Kurosawa","https://www.criterion.com/films/597-yojimbo","https://github.com/brittonwalker/criterion-top-ten",""
"Iron and Wine","Yojimbo","Akira Kurosawa","https://www.criterion.com/films/597-yojimbo","https://github.com/brittonwalker/criterion-top-ten",""
"Caitlin Kuhwald","Yojimbo","Akira Kurosawa","https://www.criterion.com/films/597-yojimbo","https://github.com/brittonwalker/criterion-top-ten",""
"Adam Yauch","Yojimbo","Akira Kurosawa","https://www.criterion.com/films/597-yojimbo","https://github.com/brittonwalker/criterion-top-ten",""
"Zach Clark","Tout va bien","Jean-Luc Godard and Jean-Pierre Gorin","https://www.criterion.com/films/929-tout-va-bien","https://github.com/brittonwalker/criterion-top-ten",""
"Terence Nance","Black Panthers","Agnès Varda","https://www.criterion.com/films/28627-black-panthers","https://github.com/brittonwalker/criterion-top-ten",""
"Terence Nance","The Life Aquatic with Steve Zissou","Wes Anderson","https://www.criterion.com/films/741-the-life-aquatic-with-steve-zissou","https://github.com/brittonwalker/criterion-top-ten",""
"Flying Lotus","The Life Aquatic with Steve Zissou","Wes Anderson","https://www.criterion.com/films/741-the-life-aquatic-with-steve-zissou","https://github.com/brittonwalker/criterion-top-ten",""
"Adam Yauch","The Life Aquatic with Steve Zissou","Wes Anderson","https://www.criterion.com/films/741-the-life-aquatic-with-steve-zissou","https://github.com/brittonwalker/criterion-top-ten",""
"Frank Kozik","The Life Aquatic with Steve Zissou","Wes Anderson","https://www.criterion.com/films/741-the-life-aquatic-with-steve-zissou","https://github.com/brittonwalker/criterion-top-ten",""
"Terence Nance","The Darjeeling Limited","Wes Anderson","https://www.criterion.com/films/27520-the-darjeeling-limited","https://github.com/brittonwalker/criterion-top-ten",""
"Terence Nance","Moonrise Kingdom","Wes Anderson","https://www.criterion.com/films/28757-moonrise-kingdom","https://github.com/brittonwalker/criterion-top-ten",""
"Olivier Assayas","Moonrise Kingdom","Wes Anderson","https://www.criterion.com/films/28757-moonrise-kingdom","https://github.com/brittonwalker/criterion-top-ten",""
"Amy Fine Collins","The Thief of Bagdad","Ludwig Berger, Michael Powell, and Tim Whelan","https://www.criterion.com/films/544-the-thief-of-bagdad","https://github.com/brittonwalker/criterion-top-ten",""
"Jaime Hernandez","The Thief of Bagdad","Ludwig Berger, Michael Powell, and Tim Whelan","https://www.criterion.com/films/544-the-thief-of-bagdad","https://github.com/brittonwalker/criterion-top-ten",""
"Paul Morrissey","The Thief of Bagdad","Ludwig Berger, Michael Powell, and Tim Whelan","https://www.criterion.com/films/544-the-thief-of-bagdad","https://github.com/brittonwalker/criterion-top-ten",""
"Amy Fine Collins","The Fugitive Kind","Sidney Lumet","https://www.criterion.com/films/17998-the-fugitive-kind","https://github.com/brittonwalker/criterion-top-ten",""
"Douglas Hart","The Fugitive Kind","Sidney Lumet","https://www.criterion.com/films/17998-the-fugitive-kind","https://github.com/brittonwalker/criterion-top-ten",""
"Jesse Malin","The Fugitive Kind","Sidney Lumet","https://www.criterion.com/films/17998-the-fugitive-kind","https://github.com/brittonwalker/criterion-top-ten",""
"Amy Fine Collins","My Man Godfrey","Gregory La Cava","https://www.criterion.com/films/653-my-man-godfrey","https://github.com/brittonwalker/criterion-top-ten",""
"Donald Fagen","My Man Godfrey","Gregory La Cava","https://www.criterion.com/films/653-my-man-godfrey","https://github.com/brittonwalker/criterion-top-ten",""
"Whit Stillman","My Man Godfrey","Gregory La Cava","https://www.criterion.com/films/653-my-man-godfrey","https://github.com/brittonwalker/criterion-top-ten",""
"Allison Anders","My Man Godfrey","Gregory La Cava","https://www.criterion.com/films/653-my-man-godfrey","https://github.com/brittonwalker/criterion-top-ten",""
"Amy Fine Collins","Senso","Luchino Visconti","https://www.criterion.com/films/27543-senso","https://github.com/brittonwalker/criterion-top-ten",""
"Tim Forbes","Senso","Luchino Visconti","https://www.criterion.com/films/27543-senso","https://github.com/brittonwalker/criterion-top-ten",""
"Jenni Olson","God’s Country","Louis Malle","https://www.criterion.com/films/675-gods-country","https://github.com/brittonwalker/criterion-top-ten",""
"Jenni Olson","The Times of Harvey Milk","Robert Epstein","https://www.criterion.com/films/27549-the-times-of-harvey-milk","https://github.com/brittonwalker/criterion-top-ten",""
"Jenni Olson","Brief Encounter","David Lean","https://www.criterion.com/films/345-brief-encounter","https://github.com/brittonwalker/criterion-top-ten",""
"André Gregory and Wallace Shawn","Brief Encounter","David Lean","https://www.criterion.com/films/345-brief-encounter","https://github.com/brittonwalker/criterion-top-ten",""
"Geoff Dyer","Brief Encounter","David Lean","https://www.criterion.com/films/345-brief-encounter","https://github.com/brittonwalker/criterion-top-ten",""
"Andrew Loog Oldham","Brief Encounter","David Lean","https://www.criterion.com/films/345-brief-encounter","https://github.com/brittonwalker/criterion-top-ten",""
"Michael Korda","Brief Encounter","David Lean","https://www.criterion.com/films/345-brief-encounter","https://github.com/brittonwalker/criterion-top-ten",""
"Jenni Olson","Summertime","David Lean","https://www.criterion.com/films/368-summertime","https://github.com/brittonwalker/criterion-top-ten",""
"Aaron Katz's Top 10 ","Summertime","David Lean","https://www.criterion.com/films/368-summertime","https://github.com/brittonwalker/criterion-top-ten",""
"Michael Korda","Summertime","David Lean","https://www.criterion.com/films/368-summertime","https://github.com/brittonwalker/criterion-top-ten",""
"Paul Morrissey","Summertime","David Lean","https://www.criterion.com/films/368-summertime","https://github.com/brittonwalker/criterion-top-ten",""
"Jenni Olson","My Dinner with André","Louis Malle","https://www.criterion.com/films/1093-my-dinner-with-andr","https://github.com/brittonwalker/criterion-top-ten",""
"Illeana Douglas","My Life as a Dog","Lasse Hallström","https://www.criterion.com/films/727-my-life-as-a-dog","https://github.com/brittonwalker/criterion-top-ten",""
"Nicolas Winding Refn","My Life as a Dog","Lasse Hallström","https://www.criterion.com/films/727-my-life-as-a-dog","https://github.com/brittonwalker/criterion-top-ten",""
"Robert Ben Garant and Tom Lennon","My Life as a Dog","Lasse Hallström","https://www.criterion.com/films/727-my-life-as-a-dog","https://github.com/brittonwalker/criterion-top-ten",""
"Marcel Dzama","My Life as a Dog","Lasse Hallström","https://www.criterion.com/films/727-my-life-as-a-dog","https://github.com/brittonwalker/criterion-top-ten",""
"Jaime Hernandez","My Life as a Dog","Lasse Hallström","https://www.criterion.com/films/727-my-life-as-a-dog","https://github.com/brittonwalker/criterion-top-ten",""
"Leanne Shapton","My Life as a Dog","Lasse Hallström","https://www.criterion.com/films/727-my-life-as-a-dog","https://github.com/brittonwalker/criterion-top-ten",""
"Illeana Douglas","Easy Rider","Dennis Hopper","https://www.criterion.com/films/27528-easy-rider","https://github.com/brittonwalker/criterion-top-ten",""
"Jesse Malin","Easy Rider","Dennis Hopper","https://www.criterion.com/films/27528-easy-rider","https://github.com/brittonwalker/criterion-top-ten",""
"Tunde Adebimpe","Akira Kurosawa’s Dreams","Akira Kurosawa","https://www.criterion.com/films/28700-akira-kurosawas-dreams","https://github.com/brittonwalker/criterion-top-ten",""
"Tunde Adebimpe","Louie Bluie","Terry Zwigoff","https://www.criterion.com/films/27509-louie-bluie","https://github.com/brittonwalker/criterion-top-ten",""
"Andrew Ahn","Pina","Wim Wenders","https://www.criterion.com/films/28404-pina","https://github.com/brittonwalker/criterion-top-ten",""
"Douglas Hart","Zéro de conduite","Jean Vigo","https://www.criterion.com/films/27757-zro-de-conduite","https://github.com/brittonwalker/criterion-top-ten",""
"Keegan McHargue","Zéro de conduite","Jean Vigo","https://www.criterion.com/films/27757-zro-de-conduite","https://github.com/brittonwalker/criterion-top-ten",""
"Aki Kaurismäki ","Zéro de conduite","Jean Vigo","https://www.criterion.com/films/27757-zro-de-conduite","https://github.com/brittonwalker/criterion-top-ten",""
"Douglas Hart","Dont Look Back","D. A. Pennebaker","https://www.criterion.com/films/28655-dont-look-back","https://github.com/brittonwalker/criterion-top-ten",""
"Mogwai","Dont Look Back","D. A. Pennebaker","https://www.criterion.com/films/28655-dont-look-back","https://github.com/brittonwalker/criterion-top-ten",""
"Julia Cafritz","Dont Look Back","D. A. Pennebaker","https://www.criterion.com/films/28655-dont-look-back","https://github.com/brittonwalker/criterion-top-ten",""
"Douglas Hart","Simon of the Desert","Luis Buñuel","https://www.criterion.com/films/1077-simon-of-the-desert","https://github.com/brittonwalker/criterion-top-ten",""
"Keegan McHargue","Simon of the Desert","Luis Buñuel","https://www.criterion.com/films/1077-simon-of-the-desert","https://github.com/brittonwalker/criterion-top-ten",""
"Aki Kaurismäki ","Simon of the Desert","Luis Buñuel","https://www.criterion.com/films/1077-simon-of-the-desert","https://github.com/brittonwalker/criterion-top-ten",""
"Megan Abbott","Kiss Me Deadly","Robert Aldrich","https://www.criterion.com/films/27620-kiss-me-deadly","https://github.com/brittonwalker/criterion-top-ten",""
"Mogwai","Kiss Me Deadly","Robert Aldrich","https://www.criterion.com/films/27620-kiss-me-deadly","https://github.com/brittonwalker/criterion-top-ten",""
"Richard Hell","Kiss Me Deadly","Robert Aldrich","https://www.criterion.com/films/27620-kiss-me-deadly","https://github.com/brittonwalker/criterion-top-ten",""
"Anthony Bourdain","Kiss Me Deadly","Robert Aldrich","https://www.criterion.com/films/27620-kiss-me-deadly","https://github.com/brittonwalker/criterion-top-ten",""
"Megan Abbott","Dressed to Kill","Brian De Palma","https://www.criterion.com/films/28686-dressed-to-kill","https://github.com/brittonwalker/criterion-top-ten",""
"Megan Abbott","Gilda","Charles Vidor","https://www.criterion.com/films/27909-gilda","https://github.com/brittonwalker/criterion-top-ten",""
"Megan Abbott","The Naked Kiss","Samuel Fuller","https://www.criterion.com/films/533-the-naked-kiss","https://github.com/brittonwalker/criterion-top-ten",""
"João Pedro Rodrigues","The Naked Kiss","Samuel Fuller","https://www.criterion.com/films/533-the-naked-kiss","https://github.com/brittonwalker/criterion-top-ten",""
"John Lurie","The Naked Kiss","Samuel Fuller","https://www.criterion.com/films/533-the-naked-kiss","https://github.com/brittonwalker/criterion-top-ten",""
"Christa Lang-Fuller","The Naked Kiss","Samuel Fuller","https://www.criterion.com/films/533-the-naked-kiss","https://github.com/brittonwalker/criterion-top-ten",""
"Frank Kozik","The Naked Kiss","Samuel Fuller","https://www.criterion.com/films/533-the-naked-kiss","https://github.com/brittonwalker/criterion-top-ten",""
"Gary Giddins","The Naked Kiss","Samuel Fuller","https://www.criterion.com/films/533-the-naked-kiss","https://github.com/brittonwalker/criterion-top-ten",""
"Duncan Hannah","The Soft Skin","François Truffaut","https://www.criterion.com/films/27640-the-soft-skin","https://github.com/brittonwalker/criterion-top-ten",""
"Duncan Hannah","Lacombe, Lucien","Louis Malle","https://www.criterion.com/films/776-lacombe-lucien","https://github.com/brittonwalker/criterion-top-ten",""
"Haskell Wexler","Lacombe, Lucien","Louis Malle","https://www.criterion.com/films/776-lacombe-lucien","https://github.com/brittonwalker/criterion-top-ten",""
"James Franco","Lacombe, Lucien","Louis Malle","https://www.criterion.com/films/776-lacombe-lucien","https://github.com/brittonwalker/criterion-top-ten",""
"Duncan Hannah","I Knew Her Well","Antonio Pietrangeli","https://www.criterion.com/films/28600-i-knew-her-well","https://github.com/brittonwalker/criterion-top-ten",""
"Duncan Hannah","The 39 Steps","Alfred Hitchcock","https://www.criterion.com/films/234-the-39-steps","https://github.com/brittonwalker/criterion-top-ten",""
"Haskell Wexler","The 39 Steps","Alfred Hitchcock","https://www.criterion.com/films/234-the-39-steps","https://github.com/brittonwalker/criterion-top-ten",""
" John Taylor","The 39 Steps","Alfred Hitchcock","https://www.criterion.com/films/234-the-39-steps","https://github.com/brittonwalker/criterion-top-ten",""
"Ricky Jay","The 39 Steps","Alfred Hitchcock","https://www.criterion.com/films/234-the-39-steps","https://github.com/brittonwalker/criterion-top-ten",""
"Bruce Goldstein","The 39 Steps","Alfred Hitchcock","https://www.criterion.com/films/234-the-39-steps","https://github.com/brittonwalker/criterion-top-ten",""
"Duncan Hannah","Charade","Stanley Donen","https://www.criterion.com/films/603-charade","https://github.com/brittonwalker/criterion-top-ten",""
"Caitlin Kuhwald","Charade","Stanley Donen","https://www.criterion.com/films/603-charade","https://github.com/brittonwalker/criterion-top-ten",""
"Allison Anders","Charade","Stanley Donen","https://www.criterion.com/films/603-charade","https://github.com/brittonwalker/criterion-top-ten",""
"Mike Allred","Charade","Stanley Donen","https://www.criterion.com/films/603-charade","https://github.com/brittonwalker/criterion-top-ten",""
"Duncan Hannah","Bob le flambeur","Jean-Pierre Melville","https://www.criterion.com/films/690-bob-le-flambeur","https://github.com/brittonwalker/criterion-top-ten",""
"Peter Cowie","Bob le flambeur","Jean-Pierre Melville","https://www.criterion.com/films/690-bob-le-flambeur","https://github.com/brittonwalker/criterion-top-ten",""
"Duncan Hannah","Overlord","Stuart Cooper","https://www.criterion.com/films/550-overlord","https://github.com/brittonwalker/criterion-top-ten",""
"Alan Arkin","The Rules of the Game","Jean Renoir","https://www.criterion.com/films/295-the-rules-of-the-game","https://github.com/brittonwalker/criterion-top-ten",""
"André Gregory and Wallace Shawn","The Rules of the Game","Jean Renoir","https://www.criterion.com/films/295-the-rules-of-the-game","https://github.com/brittonwalker/criterion-top-ten",""
"James Schamus","The Rules of the Game","Jean Renoir","https://www.criterion.com/films/295-the-rules-of-the-game","https://github.com/brittonwalker/criterion-top-ten",""
"Roger Corman","The Rules of the Game","Jean Renoir","https://www.criterion.com/films/295-the-rules-of-the-game","https://github.com/brittonwalker/criterion-top-ten",""
"John Bailey","The Rules of the Game","Jean Renoir","https://www.criterion.com/films/295-the-rules-of-the-game","https://github.com/brittonwalker/criterion-top-ten",""
"Angus MacLachlan","The Rules of the Game","Jean Renoir","https://www.criterion.com/films/295-the-rules-of-the-game","https://github.com/brittonwalker/criterion-top-ten",""
"Michael Atkinson","The Rules of the Game","Jean Renoir","https://www.criterion.com/films/295-the-rules-of-the-game","https://github.com/brittonwalker/criterion-top-ten",""
"Leanne Shapton","The Rules of the Game","Jean Renoir","https://www.criterion.com/films/295-the-rules-of-the-game","https://github.com/brittonwalker/criterion-top-ten",""
"David Schwartz","The Rules of the Game","Jean Renoir","https://www.criterion.com/films/295-the-rules-of-the-game","https://github.com/brittonwalker/criterion-top-ten",""
"Dennis Lehane","The Rules of the Game","Jean Renoir","https://www.criterion.com/films/295-the-rules-of-the-game","https://github.com/brittonwalker/criterion-top-ten",""
"Christa Lang-Fuller","The Rules of the Game","Jean Renoir","https://www.criterion.com/films/295-the-rules-of-the-game","https://github.com/brittonwalker/criterion-top-ten",""
"Matt Dentler","The Rules of the Game","Jean Renoir","https://www.criterion.com/films/295-the-rules-of-the-game","https://github.com/brittonwalker/criterion-top-ten",""
"Allan Arkush","The Rules of the Game","Jean Renoir","https://www.criterion.com/films/295-the-rules-of-the-game","https://github.com/brittonwalker/criterion-top-ten",""
"Alan Arkin","Gomorrah","Matteo Garrone","https://www.criterion.com/films/1590-gomorrah","https://github.com/brittonwalker/criterion-top-ten",""
"Alan Arkin","The Wages of Fear","Henri-Georges Clouzot","https://www.criterion.com/films/370-the-wages-of-fear","https://github.com/brittonwalker/criterion-top-ten",""
"Keith Gordon","The Wages of Fear","Henri-Georges Clouzot","https://www.criterion.com/films/370-the-wages-of-fear","https://github.com/brittonwalker/criterion-top-ten",""
"Andrew Weil","The Wages of Fear","Henri-Georges Clouzot","https://www.criterion.com/films/370-the-wages-of-fear","https://github.com/brittonwalker/criterion-top-ten",""
"Franc Roddam","The Wages of Fear","Henri-Georges Clouzot","https://www.criterion.com/films/370-the-wages-of-fear","https://github.com/brittonwalker/criterion-top-ten",""
"Michael Korda","The Wages of Fear","Henri-Georges Clouzot","https://www.criterion.com/films/370-the-wages-of-fear","https://github.com/brittonwalker/criterion-top-ten",""
"John Bailey","The Wages of Fear","Henri-Georges Clouzot","https://www.criterion.com/films/370-the-wages-of-fear","https://github.com/brittonwalker/criterion-top-ten",""
"Georgia Hubley","The Wages of Fear","Henri-Georges Clouzot","https://www.criterion.com/films/370-the-wages-of-fear","https://github.com/brittonwalker/criterion-top-ten",""
"Jaime Hernandez","The Wages of Fear","Henri-Georges Clouzot","https://www.criterion.com/films/370-the-wages-of-fear","https://github.com/brittonwalker/criterion-top-ten",""
"Tom Schnabel","The Wages of Fear","Henri-Georges Clouzot","https://www.criterion.com/films/370-the-wages-of-fear","https://github.com/brittonwalker/criterion-top-ten",""
"Bill Plympton","The Wages of Fear","Henri-Georges Clouzot","https://www.criterion.com/films/370-the-wages-of-fear","https://github.com/brittonwalker/criterion-top-ten",""
"Kevin Macdonald","The Wages of Fear","Henri-Georges Clouzot","https://www.criterion.com/films/370-the-wages-of-fear","https://github.com/brittonwalker/criterion-top-ten",""
"John Lurie","The Wages of Fear","Henri-Georges Clouzot","https://www.criterion.com/films/370-the-wages-of-fear","https://github.com/brittonwalker/criterion-top-ten",""
"Dennis Lehane","The Wages of Fear","Henri-Georges Clouzot","https://www.criterion.com/films/370-the-wages-of-fear","https://github.com/brittonwalker/criterion-top-ten",""
"Alan Arkin","The Horse’s Mouth","Ronald Neame","https://www.criterion.com/films/695-the-horses-mouth","https://github.com/brittonwalker/criterion-top-ten",""
"Bill Plympton","The Horse’s Mouth","Ronald Neame","https://www.criterion.com/films/695-the-horses-mouth","https://github.com/brittonwalker/criterion-top-ten",""
"D. A. Pennebaker","The Horse’s Mouth","Ronald Neame","https://www.criterion.com/films/695-the-horses-mouth","https://github.com/brittonwalker/criterion-top-ten",""
"Alan Arkin","Grand Illusion","Jean Renoir","https://www.criterion.com/films/351-grand-illusion","https://github.com/brittonwalker/criterion-top-ten",""
"Anna Sui","Grand Illusion","Jean Renoir","https://www.criterion.com/films/351-grand-illusion","https://github.com/brittonwalker/criterion-top-ten",""
"Kazu Kibuishi","Grand Illusion","Jean Renoir","https://www.criterion.com/films/351-grand-illusion","https://github.com/brittonwalker/criterion-top-ten",""
"Oren Moverman","Grand Illusion","Jean Renoir","https://www.criterion.com/films/351-grand-illusion","https://github.com/brittonwalker/criterion-top-ten",""
"Monte Hellman","Grand Illusion","Jean Renoir","https://www.criterion.com/films/351-grand-illusion","https://github.com/brittonwalker/criterion-top-ten",""
"Alan Arkin","The Great Dictator","Charles Chaplin","https://www.criterion.com/films/27605-the-great-dictator","https://github.com/brittonwalker/criterion-top-ten",""
"Reggie Watts","The Great Dictator","Charles Chaplin","https://www.criterion.com/films/27605-the-great-dictator","https://github.com/brittonwalker/criterion-top-ten",""
"Don Hertzfeldt","The Great Dictator","Charles Chaplin","https://www.criterion.com/films/27605-the-great-dictator","https://github.com/brittonwalker/criterion-top-ten",""
"Anna Sui","Last Year at Marienbad","Alain Resnais","https://www.criterion.com/films/1517-last-year-at-marienbad","https://github.com/brittonwalker/criterion-top-ten",""
"William Friedkin ","Last Year at Marienbad","Alain Resnais","https://www.criterion.com/films/1517-last-year-at-marienbad","https://github.com/brittonwalker/criterion-top-ten",""
"Seth","Last Year at Marienbad","Alain Resnais","https://www.criterion.com/films/1517-last-year-at-marienbad","https://github.com/brittonwalker/criterion-top-ten",""
"Anna Sui","Dillinger Is Dead","Marco Ferreri","https://www.criterion.com/films/21641-dillinger-is-dead","https://github.com/brittonwalker/criterion-top-ten",""
"Anna Sui","The Earrings of Madame de . . .","Max Ophuls","https://www.criterion.com/films/571-the-earrings-of-madame-de","https://github.com/brittonwalker/criterion-top-ten",""
"Laura Mulvey","The Earrings of Madame de . . .","Max Ophuls","https://www.criterion.com/films/571-the-earrings-of-madame-de","https://github.com/brittonwalker/criterion-top-ten",""
"João Pedro Rodrigues","The Earrings of Madame de . . .","Max Ophuls","https://www.criterion.com/films/571-the-earrings-of-madame-de","https://github.com/brittonwalker/criterion-top-ten",""
"Bill Hader","The Earrings of Madame de . . .","Max Ophuls","https://www.criterion.com/films/571-the-earrings-of-madame-de","https://github.com/brittonwalker/criterion-top-ten",""
"Angus MacLachlan","The Earrings of Madame de . . .","Max Ophuls","https://www.criterion.com/films/571-the-earrings-of-madame-de","https://github.com/brittonwalker/criterion-top-ten",""
"Wes Anderson","The Earrings of Madame de . . .","Max Ophuls","https://www.criterion.com/films/571-the-earrings-of-madame-de","https://github.com/brittonwalker/criterion-top-ten",""
"Nathan Lee","The Earrings of Madame de . . .","Max Ophuls","https://www.criterion.com/films/571-the-earrings-of-madame-de","https://github.com/brittonwalker/criterion-top-ten",""
"Paul Morrissey","The Earrings of Madame de . . .","Max Ophuls","https://www.criterion.com/films/571-the-earrings-of-madame-de","https://github.com/brittonwalker/criterion-top-ten",""
"Richard Hell","The Brood","David Cronenberg","https://www.criterion.com/films/28439-the-brood","https://github.com/brittonwalker/criterion-top-ten",""
"Richard Hell","Pickup on South Street","Samuel Fuller","https://www.criterion.com/films/446-pickup-on-south-street","https://github.com/brittonwalker/criterion-top-ten",""
"Susie Bright ","Pickup on South Street","Samuel Fuller","https://www.criterion.com/films/446-pickup-on-south-street","https://github.com/brittonwalker/criterion-top-ten",""
"Georgia Hubley","Pickup on South Street","Samuel Fuller","https://www.criterion.com/films/446-pickup-on-south-street","https://github.com/brittonwalker/criterion-top-ten",""
"Scott Morse’s Top Ten","Pickup on South Street","Samuel Fuller","https://www.criterion.com/films/446-pickup-on-south-street","https://github.com/brittonwalker/criterion-top-ten",""
"Jaime Hernandez","Pickup on South Street","Samuel Fuller","https://www.criterion.com/films/446-pickup-on-south-street","https://github.com/brittonwalker/criterion-top-ten",""
"Robin Wood","Pickup on South Street","Samuel Fuller","https://www.criterion.com/films/446-pickup-on-south-street","https://github.com/brittonwalker/criterion-top-ten",""
"Richard Hell","Journey to Italy","Roberto Rossellini","https://www.criterion.com/films/28081-journey-to-italy","https://github.com/brittonwalker/criterion-top-ten",""
"Laura Mulvey","Journey to Italy","Roberto Rossellini","https://www.criterion.com/films/28081-journey-to-italy","https://github.com/brittonwalker/criterion-top-ten",""
"Tim Forbes","Journey to Italy","Roberto Rossellini","https://www.criterion.com/films/28081-journey-to-italy","https://github.com/brittonwalker/criterion-top-ten",""
"Aaron Katz's Top 10 ","Equinox Flower","Yasujiro Ozu","https://www.criterion.com/films/783-equinox-flower","https://github.com/brittonwalker/criterion-top-ten",""
"Aaron Katz's Top 10 ","The Last Days of Disco","Whit Stillman","https://www.criterion.com/films/2954-the-last-days-of-disco","https://github.com/brittonwalker/criterion-top-ten",""
"Chuck Klosterman","The Last Days of Disco","Whit Stillman","https://www.criterion.com/films/2954-the-last-days-of-disco","https://github.com/brittonwalker/criterion-top-ten",""
"Aaron Katz's Top 10 ","Three Colors: Blue","Krzysztof Kieślowski","https://www.criterion.com/films/27731-three-colors-blue","https://github.com/brittonwalker/criterion-top-ten",""
"Paul Schneider","Three Colors: Blue","Krzysztof Kieślowski","https://www.criterion.com/films/27731-three-colors-blue","https://github.com/brittonwalker/criterion-top-ten",""
"Kazu Kibuishi","Three Colors: Blue","Krzysztof Kieślowski","https://www.criterion.com/films/27731-three-colors-blue","https://github.com/brittonwalker/criterion-top-ten",""
"Aaron Katz's Top 10 ","Le samouraï","Jean-Pierre Melville","https://www.criterion.com/films/184-le-samoura","https://github.com/brittonwalker/criterion-top-ten",""
"Ben Wheatley","Le samouraï","Jean-Pierre Melville","https://www.criterion.com/films/184-le-samoura","https://github.com/brittonwalker/criterion-top-ten",""
"Hossein Amini","Le samouraï","Jean-Pierre Melville","https://www.criterion.com/films/184-le-samoura","https://github.com/brittonwalker/criterion-top-ten",""
"Andrew Loog Oldham","Le samouraï","Jean-Pierre Melville","https://www.criterion.com/films/184-le-samoura","https://github.com/brittonwalker/criterion-top-ten",""
"William Friedkin ","Le samouraï","Jean-Pierre Melville","https://www.criterion.com/films/184-le-samoura","https://github.com/brittonwalker/criterion-top-ten",""
"Edgar Wright","Le samouraï","Jean-Pierre Melville","https://www.criterion.com/films/184-le-samoura","https://github.com/brittonwalker/criterion-top-ten",""
"Johnnie To","Le samouraï","Jean-Pierre Melville","https://www.criterion.com/films/184-le-samoura","https://github.com/brittonwalker/criterion-top-ten",""
"Götz Spielmann","Le samouraï","Jean-Pierre Melville","https://www.criterion.com/films/184-le-samoura","https://github.com/brittonwalker/criterion-top-ten",""
"Monte Hellman","Le samouraï","Jean-Pierre Melville","https://www.criterion.com/films/184-le-samoura","https://github.com/brittonwalker/criterion-top-ten",""
"Mike Allred","Le samouraï","Jean-Pierre Melville","https://www.criterion.com/films/184-le-samoura","https://github.com/brittonwalker/criterion-top-ten",""
"Aaron Katz's Top 10 ","The Killer","John Woo","https://www.criterion.com/films/231-the-killer","https://github.com/brittonwalker/criterion-top-ten",""
"Mike Allred","The Killer","John Woo","https://www.criterion.com/films/231-the-killer","https://github.com/brittonwalker/criterion-top-ten",""
"Julia Cafritz","Secret Honor","Robert Altman","https://www.criterion.com/films/955-secret-honor","https://github.com/brittonwalker/criterion-top-ten",""
"James Franco","Secret Honor","Robert Altman","https://www.criterion.com/films/955-secret-honor","https://github.com/brittonwalker/criterion-top-ten",""
"Ricky Jay","Secret Honor","Robert Altman","https://www.criterion.com/films/955-secret-honor","https://github.com/brittonwalker/criterion-top-ten",""
"Julia Cafritz","Tanner ’88","Robert Altman","https://www.criterion.com/films/952-tanner-88","https://github.com/brittonwalker/criterion-top-ten",""
"Julia Cafritz","Medium Cool","Haskell Wexler","https://www.criterion.com/films/28426-medium-cool","https://github.com/brittonwalker/criterion-top-ten",""
"Mark Cousins","Medium Cool","Haskell Wexler","https://www.criterion.com/films/28426-medium-cool","https://github.com/brittonwalker/criterion-top-ten",""
"Julia Cafritz","Nanook of the North","Robert Flaherty","https://www.criterion.com/films/574-nanook-of-the-north","https://github.com/brittonwalker/criterion-top-ten",""
"Aki Kaurismäki ","Nanook of the North","Robert Flaherty","https://www.criterion.com/films/574-nanook-of-the-north","https://github.com/brittonwalker/criterion-top-ten",""
"D. A. Pennebaker","Nanook of the North","Robert Flaherty","https://www.criterion.com/films/574-nanook-of-the-north","https://github.com/brittonwalker/criterion-top-ten",""
"Stuart Cooper","Nanook of the North","Robert Flaherty","https://www.criterion.com/films/574-nanook-of-the-north","https://github.com/brittonwalker/criterion-top-ten",""
"Julia Cafritz","Quadrophenia","Franc Roddam","https://www.criterion.com/films/27775-quadrophenia","https://github.com/brittonwalker/criterion-top-ten",""
"Meg Baird","Monterey Pop","D. A. Pennebaker","https://www.criterion.com/films/720-monterey-pop","https://github.com/brittonwalker/criterion-top-ten",""
" John Taylor","Monterey Pop","D. A. Pennebaker","https://www.criterion.com/films/720-monterey-pop","https://github.com/brittonwalker/criterion-top-ten",""
"Caitlin Kuhwald","Monterey Pop","D. A. Pennebaker","https://www.criterion.com/films/720-monterey-pop","https://github.com/brittonwalker/criterion-top-ten",""
"Al Reinert","Monterey Pop","D. A. Pennebaker","https://www.criterion.com/films/720-monterey-pop","https://github.com/brittonwalker/criterion-top-ten",""
"Chris Hegedus","Monterey Pop","D. A. Pennebaker","https://www.criterion.com/films/720-monterey-pop","https://github.com/brittonwalker/criterion-top-ten",""
"David Markey","Monterey Pop","D. A. Pennebaker","https://www.criterion.com/films/720-monterey-pop","https://github.com/brittonwalker/criterion-top-ten",""
"Allan Arkush","Monterey Pop","D. A. Pennebaker","https://www.criterion.com/films/720-monterey-pop","https://github.com/brittonwalker/criterion-top-ten",""
"Allison Anders","Monterey Pop","D. A. Pennebaker","https://www.criterion.com/films/720-monterey-pop","https://github.com/brittonwalker/criterion-top-ten",""
"Meg Baird","Alexander Nevsky","Sergei Eisenstein","https://www.criterion.com/films/341-alexander-nevsky","https://github.com/brittonwalker/criterion-top-ten",""
"Paul Schneider","Three Colors: Red","Krzysztof Kieślowski","https://www.criterion.com/films/27733-three-colors-red","https://github.com/brittonwalker/criterion-top-ten",""
"Paul Schneider","Three Colors: White","Krzysztof Kieślowski","https://www.criterion.com/films/27732-three-colors-white","https://github.com/brittonwalker/criterion-top-ten",""
"Paul Schneider","Tokyo Olympiad","Kon Ichikawa","https://www.criterion.com/films/709-tokyo-olympiad","https://github.com/brittonwalker/criterion-top-ten",""
"Robert Greene","Tokyo Olympiad","Kon Ichikawa","https://www.criterion.com/films/709-tokyo-olympiad","https://github.com/brittonwalker/criterion-top-ten",""
"Tom Schnabel","Tokyo Olympiad","Kon Ichikawa","https://www.criterion.com/films/709-tokyo-olympiad","https://github.com/brittonwalker/criterion-top-ten",""
"Paul Schneider","Dead Ringers","David Cronenberg","https://www.criterion.com/films/541-dead-ringers","https://github.com/brittonwalker/criterion-top-ten",""
"Reggie Watts","Dead Ringers","David Cronenberg","https://www.criterion.com/films/541-dead-ringers","https://github.com/brittonwalker/criterion-top-ten",""
"Daniel Lopatin","Dead Ringers","David Cronenberg","https://www.criterion.com/films/541-dead-ringers","https://github.com/brittonwalker/criterion-top-ten",""
"Lena Dunham ","Dead Ringers","David Cronenberg","https://www.criterion.com/films/541-dead-ringers","https://github.com/brittonwalker/criterion-top-ten",""
"Michael Atkinson","Dead Ringers","David Cronenberg","https://www.criterion.com/films/541-dead-ringers","https://github.com/brittonwalker/criterion-top-ten",""
"Nathan Lee","Dead Ringers","David Cronenberg","https://www.criterion.com/films/541-dead-ringers","https://github.com/brittonwalker/criterion-top-ten",""
"David Hudson","Dead Ringers","David Cronenberg","https://www.criterion.com/films/541-dead-ringers","https://github.com/brittonwalker/criterion-top-ten",""
"Paul Schneider","George Washington","David Gordon Green","https://www.criterion.com/films/691-george-washington","https://github.com/brittonwalker/criterion-top-ten",""
"Bill Hader","George Washington","David Gordon Green","https://www.criterion.com/films/691-george-washington","https://github.com/brittonwalker/criterion-top-ten",""
"Patton Oswalt","George Washington","David Gordon Green","https://www.criterion.com/films/691-george-washington","https://github.com/brittonwalker/criterion-top-ten",""
"Laura Mulvey","People on Sunday","Robert Siodmak and Edgar G. Ulmer","https://www.criterion.com/films/27625-people-on-sunday","https://github.com/brittonwalker/criterion-top-ten",""
"Ana Lily Amirpour","The Fisher King","Terry Gilliam","https://www.criterion.com/films/28719-the-fisher-king","https://github.com/brittonwalker/criterion-top-ten",""
"Ana Lily Amirpour","And God Created Woman","Roger Vadim","https://www.criterion.com/films/616-and-god-created-woman","https://github.com/brittonwalker/criterion-top-ten",""
"Adam Yauch","And God Created Woman","Roger Vadim","https://www.criterion.com/films/616-and-god-created-woman","https://github.com/brittonwalker/criterion-top-ten",""
"Tom Schnabel","And God Created Woman","Roger Vadim","https://www.criterion.com/films/616-and-god-created-woman","https://github.com/brittonwalker/criterion-top-ten",""
"Matthew Weiner","The Last Command","Josef von Sternberg","https://www.criterion.com/films/6721-the-last-command","https://github.com/brittonwalker/criterion-top-ten",""
"Matthew Weiner","Bitter Rice","Giuseppe De Santis","https://www.criterion.com/films/27805-bitter-rice","https://github.com/brittonwalker/criterion-top-ten",""
"Matthew Weiner","Monty Python’s Life of Brian","Terry Jones","https://www.criterion.com/films/606-monty-pythons-life-of-brian","https://github.com/brittonwalker/criterion-top-ten",""
"Don Hertzfeldt","Monty Python’s Life of Brian","Terry Jones","https://www.criterion.com/films/606-monty-pythons-life-of-brian","https://github.com/brittonwalker/criterion-top-ten",""
"Nicholas Stoller","Monty Python’s Life of Brian","Terry Jones","https://www.criterion.com/films/606-monty-pythons-life-of-brian","https://github.com/brittonwalker/criterion-top-ten",""
"Dominic Monaghan","Monty Python’s Life of Brian","Terry Jones","https://www.criterion.com/films/606-monty-pythons-life-of-brian","https://github.com/brittonwalker/criterion-top-ten",""
"Bill Hader","Monty Python’s Life of Brian","Terry Jones","https://www.criterion.com/films/606-monty-pythons-life-of-brian","https://github.com/brittonwalker/criterion-top-ten",""
"Matthew Weiner","The Young Girls of Rochefort","Jacques Demy","https://www.criterion.com/films/28615-the-young-girls-of-rochefort","https://github.com/brittonwalker/criterion-top-ten",""
"Bruce Beresford","The Music Room","Satyajit Ray","https://www.criterion.com/films/27657-the-music-room","https://github.com/brittonwalker/criterion-top-ten",""
"Bruce Beresford","Miss Julie","Alf Sjöberg","https://www.criterion.com/films/361-miss-julie","https://github.com/brittonwalker/criterion-top-ten",""
"Bruce Beresford","Odd Man Out","Carol Reed","https://www.criterion.com/films/28173-odd-man-out","https://github.com/brittonwalker/criterion-top-ten",""
"Bruce Beresford","The Story of a Cheat","Sacha Guitry","https://www.criterion.com/films/21815-the-story-of-a-cheat","https://github.com/brittonwalker/criterion-top-ten",""
"Bruce Beresford","Rome Open City","Roberto Rossellini","https://www.criterion.com/films/975-rome-open-city","https://github.com/brittonwalker/criterion-top-ten",""
"John Bailey","Rome Open City","Roberto Rossellini","https://www.criterion.com/films/975-rome-open-city","https://github.com/brittonwalker/criterion-top-ten",""
"Bruce Beresford","Hobson’s Choice","David Lean","https://www.criterion.com/films/1078-hobsons-choice","https://github.com/brittonwalker/criterion-top-ten",""
"Keith Gordon","Umberto D.","Vittorio De Sica","https://www.criterion.com/films/371-umberto-d","https://github.com/brittonwalker/criterion-top-ten",""
"Jesse Malin","Umberto D.","Vittorio De Sica","https://www.criterion.com/films/371-umberto-d","https://github.com/brittonwalker/criterion-top-ten",""
"James Schamus","Umberto D.","Vittorio De Sica","https://www.criterion.com/films/371-umberto-d","https://github.com/brittonwalker/criterion-top-ten",""
"Greg Mottola","Umberto D.","Vittorio De Sica","https://www.criterion.com/films/371-umberto-d","https://github.com/brittonwalker/criterion-top-ten",""
"Guy Maddin","Umberto D.","Vittorio De Sica","https://www.criterion.com/films/371-umberto-d","https://github.com/brittonwalker/criterion-top-ten",""
"Keith Gordon","Berlin Alexanderplatz","Rainer Werner Fassbinder","https://www.criterion.com/films/839-berlin-alexanderplatz","https://github.com/brittonwalker/criterion-top-ten",""
"Paul Schrader","Berlin Alexanderplatz","Rainer Werner Fassbinder","https://www.criterion.com/films/839-berlin-alexanderplatz","https://github.com/brittonwalker/criterion-top-ten",""
"David Hudson","Berlin Alexanderplatz","Rainer Werner Fassbinder","https://www.criterion.com/films/839-berlin-alexanderplatz","https://github.com/brittonwalker/criterion-top-ten",""
"Troy Miller","The Killers","Don Siegel","https://www.criterion.com/films/725-the-killers","https://github.com/brittonwalker/criterion-top-ten",""
"Austin Garrick","The Killers","Don Siegel","https://www.criterion.com/films/725-the-killers","https://github.com/brittonwalker/criterion-top-ten",""
"Stuart Cooper","The Killers","Don Siegel","https://www.criterion.com/films/725-the-killers","https://github.com/brittonwalker/criterion-top-ten",""
"Michael Barker","The Killers","Don Siegel","https://www.criterion.com/films/725-the-killers","https://github.com/brittonwalker/criterion-top-ten",""
"Sean Baker","A Constant Forge","Charles Kiselyak","https://www.criterion.com/films/956-a-constant-forge","https://github.com/brittonwalker/criterion-top-ten",""
"Daniel Lopatin","A Constant Forge","Charles Kiselyak","https://www.criterion.com/films/956-a-constant-forge","https://github.com/brittonwalker/criterion-top-ten",""
"Sean Baker","The Bakery Girl of Monceau","Eric Rohmer","https://www.criterion.com/films/786-the-bakery-girl-of-monceau","https://github.com/brittonwalker/criterion-top-ten",""
"André Gregory and Wallace Shawn","The Bakery Girl of Monceau","Eric Rohmer","https://www.criterion.com/films/786-the-bakery-girl-of-monceau","https://github.com/brittonwalker/criterion-top-ten",""
"Richard Ayoade","The Bakery Girl of Monceau","Eric Rohmer","https://www.criterion.com/films/786-the-bakery-girl-of-monceau","https://github.com/brittonwalker/criterion-top-ten",""
"Sean Baker","My Night at Maud’s","Eric Rohmer","https://www.criterion.com/films/791-my-night-at-mauds","https://github.com/brittonwalker/criterion-top-ten",""
"André Gregory and Wallace Shawn","My Night at Maud’s","Eric Rohmer","https://www.criterion.com/films/791-my-night-at-mauds","https://github.com/brittonwalker/criterion-top-ten",""
"Richard Ayoade","My Night at Maud’s","Eric Rohmer","https://www.criterion.com/films/791-my-night-at-mauds","https://github.com/brittonwalker/criterion-top-ten",""
"David Schwartz","My Night at Maud’s","Eric Rohmer","https://www.criterion.com/films/791-my-night-at-mauds","https://github.com/brittonwalker/criterion-top-ten",""
"David Hudson","My Night at Maud’s","Eric Rohmer","https://www.criterion.com/films/791-my-night-at-mauds","https://github.com/brittonwalker/criterion-top-ten",""
"Annie Baker","Diary of a Country Priest","Robert Bresson","https://www.criterion.com/films/452-diary-of-a-country-priest","https://github.com/brittonwalker/criterion-top-ten",""
"Pedro Costa","Diary of a Country Priest","Robert Bresson","https://www.criterion.com/films/452-diary-of-a-country-priest","https://github.com/brittonwalker/criterion-top-ten",""
"Annie Baker","The Tales of Hoffmann","Michael Powell and Emeric Pressburger","https://www.criterion.com/films/748-the-tales-of-hoffmann","https://github.com/brittonwalker/criterion-top-ten",""
"Kim Newman","The Tales of Hoffmann","Michael Powell and Emeric Pressburger","https://www.criterion.com/films/748-the-tales-of-hoffmann","https://github.com/brittonwalker/criterion-top-ten",""
"Annie Baker","Vanya on 42nd Street","Louis Malle","https://www.criterion.com/films/28022-vanya-on-42nd-street","https://github.com/brittonwalker/criterion-top-ten",""
"Annie Baker","Documenteur","Agnès Varda","https://www.criterion.com/films/28630-documenteur","https://github.com/brittonwalker/criterion-top-ten",""
"André Gregory and Wallace Shawn","Murmur of the Heart","Louis Malle","https://www.criterion.com/films/775-murmur-of-the-heart","https://github.com/brittonwalker/criterion-top-ten",""
"Mary Ellen Mark","Murmur of the Heart","Louis Malle","https://www.criterion.com/films/775-murmur-of-the-heart","https://github.com/brittonwalker/criterion-top-ten",""
"Marcel Dzama","Murmur of the Heart","Louis Malle","https://www.criterion.com/films/775-murmur-of-the-heart","https://github.com/brittonwalker/criterion-top-ten",""
"Frederick Elmes","Murmur of the Heart","Louis Malle","https://www.criterion.com/films/775-murmur-of-the-heart","https://github.com/brittonwalker/criterion-top-ten",""
"James Franco","Murmur of the Heart","Louis Malle","https://www.criterion.com/films/775-murmur-of-the-heart","https://github.com/brittonwalker/criterion-top-ten",""
"Kevin Macdonald","Murmur of the Heart","Louis Malle","https://www.criterion.com/films/775-murmur-of-the-heart","https://github.com/brittonwalker/criterion-top-ten",""
"Josh and Benny Safdie","The Moment of Truth","Francesco Rosi","https://www.criterion.com/films/27674-the-moment-of-truth","https://github.com/brittonwalker/criterion-top-ten",""
"Olivier Assayas","White Material","Claire Denis","https://www.criterion.com/films/27559-white-material","https://github.com/brittonwalker/criterion-top-ten",""
"Olivier Assayas","Frances Ha","Noah Baumbach","https://www.criterion.com/films/28560-frances-ha","https://github.com/brittonwalker/criterion-top-ten",""
"Olivier Assayas","Che","Steven Soderbergh","https://www.criterion.com/films/20987-che","https://github.com/brittonwalker/criterion-top-ten",""
"Olivier Assayas","Désiré","Sacha Guitry","https://www.criterion.com/films/26184-dsir","https://github.com/brittonwalker/criterion-top-ten",""
"Olivier Assayas","Judex","Georges Franju","https://www.criterion.com/films/28047-judex","https://github.com/brittonwalker/criterion-top-ten",""
"Olivier Assayas","Thief","Michael Mann","https://www.criterion.com/films/28024-thief","https://github.com/brittonwalker/criterion-top-ten",""
"Austin Garrick","Thief","Michael Mann","https://www.criterion.com/films/28024-thief","https://github.com/brittonwalker/criterion-top-ten",""
"Hossein Amini","Thief","Michael Mann","https://www.criterion.com/films/28024-thief","https://github.com/brittonwalker/criterion-top-ten",""
"Mark Cousins","The Decameron","Pier Paolo Pasolini","https://www.criterion.com/films/28105-the-decameron","https://github.com/brittonwalker/criterion-top-ten",""
"Mark Cousins","The Canterbury Tales","Pier Paolo Pasolini","https://www.criterion.com/films/28106-the-canterbury-tales","https://github.com/brittonwalker/criterion-top-ten",""
"Mark Cousins","Veronika Voss","Rainer Werner Fassbinder","https://www.criterion.com/films/593-veronika-voss","https://github.com/brittonwalker/criterion-top-ten",""
"Marc Maron","Veronika Voss","Rainer Werner Fassbinder","https://www.criterion.com/films/593-veronika-voss","https://github.com/brittonwalker/criterion-top-ten",""
"Mark Cousins","The Insect Woman","Shohei Imamura","https://www.criterion.com/films/1430-the-insect-woman","https://github.com/brittonwalker/criterion-top-ten",""
"Wes Anderson","The Insect Woman","Shohei Imamura","https://www.criterion.com/films/1430-the-insect-woman","https://github.com/brittonwalker/criterion-top-ten",""
"Mark Cousins","A River Called Titas","Ritwik Ghatak","https://www.criterion.com/films/28411-a-river-called-titas","https://github.com/brittonwalker/criterion-top-ten",""
"Ben Wheatley","Wings","Larisa Shepitko","https://www.criterion.com/films/560-wings","https://github.com/brittonwalker/criterion-top-ten",""
"Paul Schrader","Wings","Larisa Shepitko","https://www.criterion.com/films/560-wings","https://github.com/brittonwalker/criterion-top-ten",""
"Atom Egoyan","The Silence","Ingmar Bergman","https://www.criterion.com/films/570-the-silence","https://github.com/brittonwalker/criterion-top-ten",""
"Greg Mottola","The Silence","Ingmar Bergman","https://www.criterion.com/films/570-the-silence","https://github.com/brittonwalker/criterion-top-ten",""
"Angus MacLachlan","The Silence","Ingmar Bergman","https://www.criterion.com/films/570-the-silence","https://github.com/brittonwalker/criterion-top-ten",""
"Ramin Bahrani","The Silence","Ingmar Bergman","https://www.criterion.com/films/570-the-silence","https://github.com/brittonwalker/criterion-top-ten",""
"Atom Egoyan","On the Waterfront","Elia Kazan","https://www.criterion.com/films/27899-on-the-waterfront","https://github.com/brittonwalker/criterion-top-ten",""
"Dick Cavett","On the Waterfront","Elia Kazan","https://www.criterion.com/films/27899-on-the-waterfront","https://github.com/brittonwalker/criterion-top-ten",""
"Donald Fagen","On the Waterfront","Elia Kazan","https://www.criterion.com/films/27899-on-the-waterfront","https://github.com/brittonwalker/criterion-top-ten",""
"Roger Corman","On the Waterfront","Elia Kazan","https://www.criterion.com/films/27899-on-the-waterfront","https://github.com/brittonwalker/criterion-top-ten",""
"Atom Egoyan","Fists in the Pocket","Marco Bellocchio","https://www.criterion.com/films/348-fists-in-the-pocket","https://github.com/brittonwalker/criterion-top-ten",""
"Jean-Pierre Gorin","Fists in the Pocket","Marco Bellocchio","https://www.criterion.com/films/348-fists-in-the-pocket","https://github.com/brittonwalker/criterion-top-ten",""
"Dick Cavett","Notorious","Alfred Hitchcock","https://www.criterion.com/films/682-notorious","https://github.com/brittonwalker/criterion-top-ten",""
"Austin Garrick","Notorious","Alfred Hitchcock","https://www.criterion.com/films/682-notorious","https://github.com/brittonwalker/criterion-top-ten",""
"Phil Rosenthal","Notorious","Alfred Hitchcock","https://www.criterion.com/films/682-notorious","https://github.com/brittonwalker/criterion-top-ten",""
"Greg Mottola","Notorious","Alfred Hitchcock","https://www.criterion.com/films/682-notorious","https://github.com/brittonwalker/criterion-top-ten",""
"Scott Morse’s Top Ten","Notorious","Alfred Hitchcock","https://www.criterion.com/films/682-notorious","https://github.com/brittonwalker/criterion-top-ten",""
"Pedro Costa","Notorious","Alfred Hitchcock","https://www.criterion.com/films/682-notorious","https://github.com/brittonwalker/criterion-top-ten",""
"Whit Stillman","Notorious","Alfred Hitchcock","https://www.criterion.com/films/682-notorious","https://github.com/brittonwalker/criterion-top-ten",""
"Monte Hellman","Notorious","Alfred Hitchcock","https://www.criterion.com/films/682-notorious","https://github.com/brittonwalker/criterion-top-ten",""
"Robin Wood","Notorious","Alfred Hitchcock","https://www.criterion.com/films/682-notorious","https://github.com/brittonwalker/criterion-top-ten",""
"Dick Cavett","To Be or Not to Be","Ernst Lubitsch","https://www.criterion.com/films/27690-to-be-or-not-to-be","https://github.com/brittonwalker/criterion-top-ten",""
"Dick Cavett","Kind Hearts and Coronets","Robert Hamer","https://www.criterion.com/films/357-kind-hearts-and-coronets","https://github.com/brittonwalker/criterion-top-ten",""
"Neil LaBute","Kind Hearts and Coronets","Robert Hamer","https://www.criterion.com/films/357-kind-hearts-and-coronets","https://github.com/brittonwalker/criterion-top-ten",""
"Marc Maron","Straw Dogs","Sam Peckinpah","https://www.criterion.com/films/730-straw-dogs","https://github.com/brittonwalker/criterion-top-ten",""
"Lena Dunham ","Straw Dogs","Sam Peckinpah","https://www.criterion.com/films/730-straw-dogs","https://github.com/brittonwalker/criterion-top-ten",""
"Johnnie To","Straw Dogs","Sam Peckinpah","https://www.criterion.com/films/730-straw-dogs","https://github.com/brittonwalker/criterion-top-ten",""
"Joe Swanberg","Straw Dogs","Sam Peckinpah","https://www.criterion.com/films/730-straw-dogs","https://github.com/brittonwalker/criterion-top-ten",""
"Nicolas Roeg","Straw Dogs","Sam Peckinpah","https://www.criterion.com/films/730-straw-dogs","https://github.com/brittonwalker/criterion-top-ten",""
"Robert Greene","A Woman Is a Woman","Jean-Luc Godard","https://www.criterion.com/films/854-a-woman-is-a-woman","https://github.com/brittonwalker/criterion-top-ten",""
"Brie Larson ","A Woman Is a Woman","Jean-Luc Godard","https://www.criterion.com/films/854-a-woman-is-a-woman","https://github.com/brittonwalker/criterion-top-ten",""
"Allison Anders","A Woman Is a Woman","Jean-Luc Godard","https://www.criterion.com/films/854-a-woman-is-a-woman","https://github.com/brittonwalker/criterion-top-ten",""
"Robert Greene","WR: Mysteries of the Organism","Dušan Makavejev","https://www.criterion.com/films/824-wr-mysteries-of-the-organism","https://github.com/brittonwalker/criterion-top-ten",""
"Alex Ross Perry","Stolen Kisses","François Truffaut","https://www.criterion.com/films/732-stolen-kisses","https://github.com/brittonwalker/criterion-top-ten",""
"Alex Ross Perry","Bed and Board","François Truffaut","https://www.criterion.com/films/733-bed-and-board","https://github.com/brittonwalker/criterion-top-ten",""
"Alex Ross Perry","Love on the Run","François Truffaut","https://www.criterion.com/films/734-love-on-the-run","https://github.com/brittonwalker/criterion-top-ten",""
"Alex Ross Perry","Withnail and I","Bruce Robinson","https://www.criterion.com/films/658-withnail-and-i","https://github.com/brittonwalker/criterion-top-ten",""
"Donald Fagen","Withnail and I","Bruce Robinson","https://www.criterion.com/films/658-withnail-and-i","https://github.com/brittonwalker/criterion-top-ten",""
"Dominic Monaghan","Withnail and I","Bruce Robinson","https://www.criterion.com/films/658-withnail-and-i","https://github.com/brittonwalker/criterion-top-ten",""
"Anthony Bourdain","Withnail and I","Bruce Robinson","https://www.criterion.com/films/658-withnail-and-i","https://github.com/brittonwalker/criterion-top-ten",""
"Leanne Shapton","Withnail and I","Bruce Robinson","https://www.criterion.com/films/658-withnail-and-i","https://github.com/brittonwalker/criterion-top-ten",""
"Don Hertzfeldt","Modern Times","Charles Chaplin","https://www.criterion.com/films/27526-modern-times","https://github.com/brittonwalker/criterion-top-ten",""
"Greg Mottola","Modern Times","Charles Chaplin","https://www.criterion.com/films/27526-modern-times","https://github.com/brittonwalker/criterion-top-ten",""
"Don Hertzfeldt","F for Fake","Orson Welles","https://www.criterion.com/films/908-f-for-fake","https://github.com/brittonwalker/criterion-top-ten",""
"Chuck Klosterman","F for Fake","Orson Welles","https://www.criterion.com/films/908-f-for-fake","https://github.com/brittonwalker/criterion-top-ten",""
"Richard Ayoade","F for Fake","Orson Welles","https://www.criterion.com/films/908-f-for-fake","https://github.com/brittonwalker/criterion-top-ten",""
"Ricky Jay","F for Fake","Orson Welles","https://www.criterion.com/films/908-f-for-fake","https://github.com/brittonwalker/criterion-top-ten",""
"Rian Johnson","F for Fake","Orson Welles","https://www.criterion.com/films/908-f-for-fake","https://github.com/brittonwalker/criterion-top-ten",""
"Jonathan Lethem","F for Fake","Orson Welles","https://www.criterion.com/films/908-f-for-fake","https://github.com/brittonwalker/criterion-top-ten",""
"Don Hertzfeldt","Lonesome","Paul Fejos","https://www.criterion.com/films/28212-lonesome","https://github.com/brittonwalker/criterion-top-ten",""
"Don Hertzfeldt","By Brakhage: An Anthology, Volume One","Stan Brakhage","https://www.criterion.com/films/731-by-brakhage-an-anthology-volume-one","https://github.com/brittonwalker/criterion-top-ten",""
"Flying Lotus","By Brakhage: An Anthology, Volume One","Stan Brakhage","https://www.criterion.com/films/731-by-brakhage-an-anthology-volume-one","https://github.com/brittonwalker/criterion-top-ten",""
"Frederick Elmes","By Brakhage: An Anthology, Volume One","Stan Brakhage","https://www.criterion.com/films/731-by-brakhage-an-anthology-volume-one","https://github.com/brittonwalker/criterion-top-ten",""
"Iron and Wine","By Brakhage: An Anthology, Volume One","Stan Brakhage","https://www.criterion.com/films/731-by-brakhage-an-anthology-volume-one","https://github.com/brittonwalker/criterion-top-ten",""
"Nathan Lee","By Brakhage: An Anthology, Volume One","Stan Brakhage","https://www.criterion.com/films/731-by-brakhage-an-anthology-volume-one","https://github.com/brittonwalker/criterion-top-ten",""
"Joe Swanberg","By Brakhage: An Anthology, Volume One","Stan Brakhage","https://www.criterion.com/films/731-by-brakhage-an-anthology-volume-one","https://github.com/brittonwalker/criterion-top-ten",""
"David Schwartz","By Brakhage: An Anthology, Volume One","Stan Brakhage","https://www.criterion.com/films/731-by-brakhage-an-anthology-volume-one","https://github.com/brittonwalker/criterion-top-ten",""
"Don Hertzfeldt","By Brakhage: An Anthology, Volume Two","Stan Brakhage","https://www.criterion.com/films/23953-by-brakhage-an-anthology-volume-two","https://github.com/brittonwalker/criterion-top-ten",""
"Will Oldham","Coup de torchon","Bertrand Tavernier","https://www.criterion.com/films/647-coup-de-torchon","https://github.com/brittonwalker/criterion-top-ten",""
"Will Oldham","The Harder They Come","Perry Henzell","https://www.criterion.com/films/623-the-harder-they-come","https://github.com/brittonwalker/criterion-top-ten",""
"Susie Bright ","The Harder They Come","Perry Henzell","https://www.criterion.com/films/623-the-harder-they-come","https://github.com/brittonwalker/criterion-top-ten",""
"Whit Stillman","The Harder They Come","Perry Henzell","https://www.criterion.com/films/623-the-harder-they-come","https://github.com/brittonwalker/criterion-top-ten",""
"Joe Swanberg","The Harder They Come","Perry Henzell","https://www.criterion.com/films/623-the-harder-they-come","https://github.com/brittonwalker/criterion-top-ten",""
"Adam Yauch","The Harder They Come","Perry Henzell","https://www.criterion.com/films/623-the-harder-they-come","https://github.com/brittonwalker/criterion-top-ten",""
"Will Oldham","Floating Weeds","Yasujiro Ozu","https://www.criterion.com/films/349-floating-weeds","https://github.com/brittonwalker/criterion-top-ten",""
"Sonic Youth","Floating Weeds","Yasujiro Ozu","https://www.criterion.com/films/349-floating-weeds","https://github.com/brittonwalker/criterion-top-ten",""
"Götz Spielmann","Floating Weeds","Yasujiro Ozu","https://www.criterion.com/films/349-floating-weeds","https://github.com/brittonwalker/criterion-top-ten",""
"Neil LaBute","Floating Weeds","Yasujiro Ozu","https://www.criterion.com/films/349-floating-weeds","https://github.com/brittonwalker/criterion-top-ten",""
"Austin Garrick","M","Fritz Lang","https://www.criterion.com/films/558-m","https://github.com/brittonwalker/criterion-top-ten",""
"Marcel Dzama","M","Fritz Lang","https://www.criterion.com/films/558-m","https://github.com/brittonwalker/criterion-top-ten",""
"Nathan Lee","M","Fritz Lang","https://www.criterion.com/films/558-m","https://github.com/brittonwalker/criterion-top-ten",""
"Dennis Lehane","M","Fritz Lang","https://www.criterion.com/films/558-m","https://github.com/brittonwalker/criterion-top-ten",""
"Christa Lang-Fuller","M","Fritz Lang","https://www.criterion.com/films/558-m","https://github.com/brittonwalker/criterion-top-ten",""
"David Hudson","M","Fritz Lang","https://www.criterion.com/films/558-m","https://github.com/brittonwalker/criterion-top-ten",""
"Gary Giddins","M","Fritz Lang","https://www.criterion.com/films/558-m","https://github.com/brittonwalker/criterion-top-ten",""
"Michael Barker","M","Fritz Lang","https://www.criterion.com/films/558-m","https://github.com/brittonwalker/criterion-top-ten",""
"K. K. Barrett","The Element of Crime","Lars von Trier","https://www.criterion.com/films/619-the-element-of-crime","https://github.com/brittonwalker/criterion-top-ten",""
"K. K. Barrett","Mr. Freedom","William Klein","https://www.criterion.com/films/903-mr-freedom","https://github.com/brittonwalker/criterion-top-ten",""
"K. K. Barrett","The Warped Ones","Koreyoshi Kurahara","https://www.criterion.com/films/27687-the-warped-ones","https://github.com/brittonwalker/criterion-top-ten",""
"K. K. Barrett","Pandora’s Box","G. W. Pabst","https://www.criterion.com/films/362-pandoras-box","https://github.com/brittonwalker/criterion-top-ten",""
"Guy Maddin","Pandora’s Box","G. W. Pabst","https://www.criterion.com/films/362-pandoras-box","https://github.com/brittonwalker/criterion-top-ten",""
"Jean-Pierre Gorin","Pandora’s Box","G. W. Pabst","https://www.criterion.com/films/362-pandoras-box","https://github.com/brittonwalker/criterion-top-ten",""
"Diablo Cody","Pandora’s Box","G. W. Pabst","https://www.criterion.com/films/362-pandoras-box","https://github.com/brittonwalker/criterion-top-ten",""
"K. K. Barrett","Daisies","Věra Chytilová","https://www.criterion.com/films/27854-daisies","https://github.com/brittonwalker/criterion-top-ten",""
"K. K. Barrett","Mala Noche","Gus Van Sant","https://www.criterion.com/films/253-mala-noche","https://github.com/brittonwalker/criterion-top-ten",""
"Xavier Dolan","Mala Noche","Gus Van Sant","https://www.criterion.com/films/253-mala-noche","https://github.com/brittonwalker/criterion-top-ten",""
"James Franco","Mala Noche","Gus Van Sant","https://www.criterion.com/films/253-mala-noche","https://github.com/brittonwalker/criterion-top-ten",""
"Paul Schrader","Mala Noche","Gus Van Sant","https://www.criterion.com/films/253-mala-noche","https://github.com/brittonwalker/criterion-top-ten",""
"K. K. Barrett","Bottle Rocket","Wes Anderson","https://www.criterion.com/films/594-bottle-rocket","https://github.com/brittonwalker/criterion-top-ten",""
"Kazu Kibuishi","Bottle Rocket","Wes Anderson","https://www.criterion.com/films/594-bottle-rocket","https://github.com/brittonwalker/criterion-top-ten",""
"Bill Hader","Bottle Rocket","Wes Anderson","https://www.criterion.com/films/594-bottle-rocket","https://github.com/brittonwalker/criterion-top-ten",""
"Christopher Hobbs","Vampyr","Carl Th. Dreyer","https://www.criterion.com/films/661-vampyr","https://github.com/brittonwalker/criterion-top-ten",""
"Nicolas Winding Refn","Vampyr","Carl Th. Dreyer","https://www.criterion.com/films/661-vampyr","https://github.com/brittonwalker/criterion-top-ten",""
"Guillermo del Toro","Vampyr","Carl Th. Dreyer","https://www.criterion.com/films/661-vampyr","https://github.com/brittonwalker/criterion-top-ten",""
"Pedro Costa","Vampyr","Carl Th. Dreyer","https://www.criterion.com/films/661-vampyr","https://github.com/brittonwalker/criterion-top-ten",""
"Tim Forbes","Capricious Summer","Jiří Menzel","https://www.criterion.com/films/27852-capricious-summer","https://github.com/brittonwalker/criterion-top-ten",""
"Tim Forbes","In the Realm of the Senses","Nagisa Oshima","https://www.criterion.com/films/1287-in-the-realm-of-the-senses","https://github.com/brittonwalker/criterion-top-ten",""
"Oren Moverman","In the Realm of the Senses","Nagisa Oshima","https://www.criterion.com/films/1287-in-the-realm-of-the-senses","https://github.com/brittonwalker/criterion-top-ten",""
"Tim Forbes","Love Affair, or the Case of the Missing Switchboard Operator","Dušan Makavejev","https://www.criterion.com/films/3985-love-affair-or-the-case-of-the-missing-switchboard-operator","https://github.com/brittonwalker/criterion-top-ten",""
"Martin Scorsese","The River","Jean Renoir","https://www.criterion.com/films/679-the-river","https://github.com/brittonwalker/criterion-top-ten",""
"Pedro Costa","The River","Jean Renoir","https://www.criterion.com/films/679-the-river","https://github.com/brittonwalker/criterion-top-ten",""
"Stella Mozgawa","The Beales of Grey Gardens","Albert Maysles and David Maysles","https://www.criterion.com/films/666-the-beales-of-grey-gardens","https://github.com/brittonwalker/criterion-top-ten",""
"Bong Joon-ho","The Ballad of Narayama","Keisuke Kinoshita","https://www.criterion.com/films/28240-the-ballad-of-narayama","https://github.com/brittonwalker/criterion-top-ten",""
"Bong Joon-ho","Things to Come","William Cameron Menzies","https://www.criterion.com/films/27552-things-to-come","https://github.com/brittonwalker/criterion-top-ten",""
"Geoff Dyer","The Night Porter","Liliana Cavani","https://www.criterion.com/films/604-the-night-porter","https://github.com/brittonwalker/criterion-top-ten",""
"Jane Campion","The Night Porter","Liliana Cavani","https://www.criterion.com/films/604-the-night-porter","https://github.com/brittonwalker/criterion-top-ten",""
"Kim Newman","The Most Dangerous Game","Ernest B. Schoedsack and Irving Pichel","https://www.criterion.com/films/584-the-most-dangerous-game","https://github.com/brittonwalker/criterion-top-ten",""
"Kim Newman","Sisters","Brian De Palma","https://www.criterion.com/films/377-sisters","https://github.com/brittonwalker/criterion-top-ten",""
"Bill Hader","Sisters","Brian De Palma","https://www.criterion.com/films/377-sisters","https://github.com/brittonwalker/criterion-top-ten",""
"Kim Newman","The Living Skeleton","Hiroshi Matsuno","https://www.criterion.com/films/28286-the-living-skeleton","https://github.com/brittonwalker/criterion-top-ten",""
"Kim Newman","The Uninvited","Lewis Allen","https://www.criterion.com/films/27964-the-uninvited","https://github.com/brittonwalker/criterion-top-ten",""
"Jonathan Caouette","Au revoir les enfants","Louis Malle","https://www.criterion.com/films/549-au-revoir-les-enfants","https://github.com/brittonwalker/criterion-top-ten",""
"Andrew Haigh ","Au revoir les enfants","Louis Malle","https://www.criterion.com/films/549-au-revoir-les-enfants","https://github.com/brittonwalker/criterion-top-ten",""
"Xavier Dolan","Au revoir les enfants","Louis Malle","https://www.criterion.com/films/549-au-revoir-les-enfants","https://github.com/brittonwalker/criterion-top-ten",""
"Keegan McHargue","The Scarlet Empress","Josef von Sternberg","https://www.criterion.com/films/431-the-scarlet-empress","https://github.com/brittonwalker/criterion-top-ten",""
"Paul Morrissey","The Scarlet Empress","Josef von Sternberg","https://www.criterion.com/films/431-the-scarlet-empress","https://github.com/brittonwalker/criterion-top-ten",""
"Keegan McHargue","Sweet Movie","Dušan Makavejev","https://www.criterion.com/films/552-sweet-movie","https://github.com/brittonwalker/criterion-top-ten",""
"Keegan McHargue","Jubilee","Derek Jarman","https://www.criterion.com/films/736-jubilee","https://github.com/brittonwalker/criterion-top-ten",""
"Keegan McHargue","Black Moon","Louis Malle","https://www.criterion.com/films/27627-black-moon","https://github.com/brittonwalker/criterion-top-ten",""
"Kazu Kibuishi","Kagemusha","Akira Kurosawa","https://www.criterion.com/films/948-kagemusha","https://github.com/brittonwalker/criterion-top-ten",""
"Zola Jesus","Pitfall","Hiroshi Teshigahara","https://www.criterion.com/films/827-pitfall","https://github.com/brittonwalker/criterion-top-ten",""
"Zola Jesus","Winter Light","Ingmar Bergman","https://www.criterion.com/films/569-winter-light","https://github.com/brittonwalker/criterion-top-ten",""
"Angus MacLachlan","Winter Light","Ingmar Bergman","https://www.criterion.com/films/569-winter-light","https://github.com/brittonwalker/criterion-top-ten",""
"Seth","Winter Light","Ingmar Bergman","https://www.criterion.com/films/569-winter-light","https://github.com/brittonwalker/criterion-top-ten",""
"Jean-Pierre Gorin","Winter Light","Ingmar Bergman","https://www.criterion.com/films/569-winter-light","https://github.com/brittonwalker/criterion-top-ten",""
"Ramin Bahrani","Winter Light","Ingmar Bergman","https://www.criterion.com/films/569-winter-light","https://github.com/brittonwalker/criterion-top-ten",""
"Zola Jesus","Kuroneko","Kaneto Shindo","https://www.criterion.com/films/27628-kuroneko","https://github.com/brittonwalker/criterion-top-ten",""
"Guillermo del Toro","Kuroneko","Kaneto Shindo","https://www.criterion.com/films/27628-kuroneko","https://github.com/brittonwalker/criterion-top-ten",""
"Zola Jesus","Jigoku","Nobuo Nakagawa","https://www.criterion.com/films/797-jigoku","https://github.com/brittonwalker/criterion-top-ten",""
"Roger Corman","Ivan the Terrible, Part I","Sergei Eisenstein","https://www.criterion.com/films/625-ivan-the-terrible-part-i","https://github.com/brittonwalker/criterion-top-ten",""
"Lena Dunham ","The War Room","Chris Hegedus and D. A. Pennebaker","https://www.criterion.com/films/28029-the-war-room","https://github.com/brittonwalker/criterion-top-ten",""
"Haskell Wexler","Les enfants terribles","Jean-Pierre Melville","https://www.criterion.com/films/758-les-enfants-terribles","https://github.com/brittonwalker/criterion-top-ten",""
"Andrew Loog Oldham","Les cousins","Claude Chabrol","https://www.criterion.com/films/27816-les-cousins","https://github.com/brittonwalker/criterion-top-ten",""
"Andrew Loog Oldham","Touchez pas au grisbi","Jacques Becker","https://www.criterion.com/films/941-touchez-pas-au-grisbi","https://github.com/brittonwalker/criterion-top-ten",""
"Andrew Loog Oldham","Le cercle rouge","Jean-Pierre Melville","https://www.criterion.com/films/628-le-cercle-rouge","https://github.com/brittonwalker/criterion-top-ten",""
"Johnnie To","Le cercle rouge","Jean-Pierre Melville","https://www.criterion.com/films/628-le-cercle-rouge","https://github.com/brittonwalker/criterion-top-ten",""
"Andrew Weil","House of Games","David Mamet","https://www.criterion.com/films/831-house-of-games","https://github.com/brittonwalker/criterion-top-ten",""
"Chuck Klosterman","House of Games","David Mamet","https://www.criterion.com/films/831-house-of-games","https://github.com/brittonwalker/criterion-top-ten",""
"Anthony Bourdain","House of Games","David Mamet","https://www.criterion.com/films/831-house-of-games","https://github.com/brittonwalker/criterion-top-ten",""
"Joe Mantegna","House of Games","David Mamet","https://www.criterion.com/films/831-house-of-games","https://github.com/brittonwalker/criterion-top-ten",""
"Christopher Nolan","The Hit","Stephen Frears","https://www.criterion.com/films/1285-the-hit","https://github.com/brittonwalker/criterion-top-ten",""
"Bill Hader","The Hit","Stephen Frears","https://www.criterion.com/films/1285-the-hit","https://github.com/brittonwalker/criterion-top-ten",""
"Christopher Nolan","The Testament of Dr. Mabuse","Fritz Lang","https://www.criterion.com/films/721-the-testament-of-dr-mabuse","https://github.com/brittonwalker/criterion-top-ten",""
"Christopher Nolan","The Complete Mr. Arkadin","Orson Welles","https://www.criterion.com/films/767-the-complete-mr-arkadin","https://github.com/brittonwalker/criterion-top-ten",""
"Robin Wood","The Complete Mr. Arkadin","Orson Welles","https://www.criterion.com/films/767-the-complete-mr-arkadin","https://github.com/brittonwalker/criterion-top-ten",""
"Kevin Macdonald","The Complete Mr. Arkadin","Orson Welles","https://www.criterion.com/films/767-the-complete-mr-arkadin","https://github.com/brittonwalker/criterion-top-ten",""
"Gary Giddins","The Complete Mr. Arkadin","Orson Welles","https://www.criterion.com/films/767-the-complete-mr-arkadin","https://github.com/brittonwalker/criterion-top-ten",""
"Paul Feig ","Mafioso","Alberto Lattuada","https://www.criterion.com/films/527-mafioso","https://github.com/brittonwalker/criterion-top-ten",""
"William Friedkin ","Night and Fog","Alain Resnais","https://www.criterion.com/films/238-night-and-fog","https://github.com/brittonwalker/criterion-top-ten",""
"Stuart Cooper","Night and Fog","Alain Resnais","https://www.criterion.com/films/238-night-and-fog","https://github.com/brittonwalker/criterion-top-ten",""
"William Friedkin ","Diabolique","Henri-Georges Clouzot","https://www.criterion.com/films/575-diabolique","https://github.com/brittonwalker/criterion-top-ten",""
"William Friedkin ","Vengeance Is Mine","Shohei Imamura","https://www.criterion.com/films/822-vengeance-is-mine","https://github.com/brittonwalker/criterion-top-ten",""
"Franc Roddam","Seduced and Abandoned","Pietro Germi","https://www.criterion.com/films/796-seduced-and-abandoned","https://github.com/brittonwalker/criterion-top-ten",""
"Brie Larson ","I Am Curious—Yellow","Vilgot Sjöman","https://www.criterion.com/films/728-i-am-curiousyellow","https://github.com/brittonwalker/criterion-top-ten",""
"Miguel Arteta ","The Docks of New York","Josef von Sternberg","https://www.criterion.com/films/1942-the-docks-of-new-york","https://github.com/brittonwalker/criterion-top-ten",""
"Miguel Arteta ","Dodes’ka-den","Akira Kurosawa","https://www.criterion.com/films/1083-dodeska-den","https://github.com/brittonwalker/criterion-top-ten",""
"Miguel Arteta ","Magnificent Obsession","Douglas Sirk","https://www.criterion.com/films/973-magnificent-obsession","https://github.com/brittonwalker/criterion-top-ten",""
" John Taylor","Smiles of a Summer Night","Ingmar Bergman","https://www.criterion.com/films/849-smiles-of-a-summer-night","https://github.com/brittonwalker/criterion-top-ten",""
" John Taylor","The Spy Who Came in from the Cold","Martin Ritt","https://www.criterion.com/films/860-the-spy-who-came-in-from-the-cold","https://github.com/brittonwalker/criterion-top-ten",""
"Wes Anderson","The Spy Who Came in from the Cold","Martin Ritt","https://www.criterion.com/films/860-the-spy-who-came-in-from-the-cold","https://github.com/brittonwalker/criterion-top-ten",""
"Oren Moverman","The Hidden Fortress","Akira Kurosawa","https://www.criterion.com/films/655-the-hidden-fortress","https://github.com/brittonwalker/criterion-top-ten",""
"Susie Bright ","Mon oncle Antoine","Claude Jutra","https://www.criterion.com/films/590-mon-oncle-antoine","https://github.com/brittonwalker/criterion-top-ten",""
"Dominic Monaghan","Sid & Nancy","Alex Cox","https://www.criterion.com/films/535-sid-nancy","https://github.com/brittonwalker/criterion-top-ten",""
"Alec Baldwin","Sid & Nancy","Alex Cox","https://www.criterion.com/films/535-sid-nancy","https://github.com/brittonwalker/criterion-top-ten",""
"Al Reinert","Sid & Nancy","Alex Cox","https://www.criterion.com/films/535-sid-nancy","https://github.com/brittonwalker/criterion-top-ten",""
"Diablo Cody","Sid & Nancy","Alex Cox","https://www.criterion.com/films/535-sid-nancy","https://github.com/brittonwalker/criterion-top-ten",""
"Michael Korda","The Fallen Idol","Carol Reed","https://www.criterion.com/films/346-the-fallen-idol","https://github.com/brittonwalker/criterion-top-ten",""
"Monte Hellman","The Fallen Idol","Carol Reed","https://www.criterion.com/films/346-the-fallen-idol","https://github.com/brittonwalker/criterion-top-ten",""
"Michael Korda","Tunes of Glory","Ronald Neame","https://www.criterion.com/films/659-tunes-of-glory","https://github.com/brittonwalker/criterion-top-ten",""
"Seth","Tunes of Glory","Ronald Neame","https://www.criterion.com/films/659-tunes-of-glory","https://github.com/brittonwalker/criterion-top-ten",""
"Michael Korda","À nous la liberté","René Clair","https://www.criterion.com/films/714-nous-la-libert","https://github.com/brittonwalker/criterion-top-ten",""
"Michael Atkinson","À nous la liberté","René Clair","https://www.criterion.com/films/714-nous-la-libert","https://github.com/brittonwalker/criterion-top-ten",""
"D. A. Pennebaker","À nous la liberté","René Clair","https://www.criterion.com/films/714-nous-la-libert","https://github.com/brittonwalker/criterion-top-ten",""
"Bruce Goldstein","À nous la liberté","René Clair","https://www.criterion.com/films/714-nous-la-libert","https://github.com/brittonwalker/criterion-top-ten",""
"Nicolas Winding Refn","Tokyo Drifter","Seijun Suzuki","https://www.criterion.com/films/577-tokyo-drifter","https://github.com/brittonwalker/criterion-top-ten",""
"Nicolas Winding Refn","Flesh for Frankenstein","Paul Morrissey","https://www.criterion.com/films/562-flesh-for-frankenstein","https://github.com/brittonwalker/criterion-top-ten",""
"Nicolas Winding Refn","Branded to Kill","Seijun Suzuki","https://www.criterion.com/films/576-branded-to-kill","https://github.com/brittonwalker/criterion-top-ten",""
"Aki Kaurismäki ","Red Beard","Akira Kurosawa","https://www.criterion.com/films/713-red-beard","https://github.com/brittonwalker/criterion-top-ten",""
"Jonathan Lethem","Red Beard","Akira Kurosawa","https://www.criterion.com/films/713-red-beard","https://github.com/brittonwalker/criterion-top-ten",""
"Aki Kaurismäki ","À propos de Nice","Jean Vigo and Boris Kaufman","https://www.criterion.com/films/27752-propos-de-nice","https://github.com/brittonwalker/criterion-top-ten",""
"Aki Kaurismäki ","49th Parallel","Michael Powell","https://www.criterion.com/films/520-49th-parallel","https://github.com/brittonwalker/criterion-top-ten",""
"Aki Kaurismäki ","The Small Back Room","Michael Powell and Emeric Pressburger","https://www.criterion.com/films/747-the-small-back-room","https://github.com/brittonwalker/criterion-top-ten",""
"Aki Kaurismäki ","Le deuxième souffle","Jean-Pierre Melville","https://www.criterion.com/films/760-le-deuxime-souffle","https://github.com/brittonwalker/criterion-top-ten",""
"Aki Kaurismäki ","Port of Shadows","Marcel Carné","https://www.criterion.com/films/947-port-of-shadows","https://github.com/brittonwalker/criterion-top-ten",""
"Monte Hellman","Port of Shadows","Marcel Carné","https://www.criterion.com/films/947-port-of-shadows","https://github.com/brittonwalker/criterion-top-ten",""
"Aki Kaurismäki ","Jimi Plays Monterey & Shake! Otis at Monterey","D. A. Pennebaker and Chris Hegedus","https://www.criterion.com/films/722-jimi-plays-monterey-shake-otis-at-monterey","https://github.com/brittonwalker/criterion-top-ten",""
"Richard Ayoade","Zazie dans le métro","Louis Malle","https://www.criterion.com/films/27626-zazie-dans-le-mtro","https://github.com/brittonwalker/criterion-top-ten",""
"Richard Ayoade","The Golden Age of Television","","https://www.criterion.com/films/3560-the-golden-age-of-television","https://github.com/brittonwalker/criterion-top-ten",""
"Scott Morse’s Top Ten","The Golden Age of Television","","https://www.criterion.com/films/3560-the-golden-age-of-television","https://github.com/brittonwalker/criterion-top-ten",""
"Joe Mantegna","The Golden Age of Television","","https://www.criterion.com/films/3560-the-golden-age-of-television","https://github.com/brittonwalker/criterion-top-ten",""
"Robert Ben Garant and Tom Lennon","Stagecoach","John Ford","https://www.criterion.com/films/980-stagecoach","https://github.com/brittonwalker/criterion-top-ten",""
"João Pedro Rodrigues","Stagecoach","John Ford","https://www.criterion.com/films/980-stagecoach","https://github.com/brittonwalker/criterion-top-ten",""
"John Bailey","I fidanzati","Ermanno Olmi","https://www.criterion.com/films/739-i-fidanzati","https://github.com/brittonwalker/criterion-top-ten",""
"John Bailey","Germany Year Zero","Roberto Rossellini","https://www.criterion.com/films/297-germany-year-zero","https://github.com/brittonwalker/criterion-top-ten",""
"João Pedro Rodrigues","La ronde","Max Ophuls","https://www.criterion.com/films/573-la-ronde","https://github.com/brittonwalker/criterion-top-ten",""
"Bill Hader","Stray Dog","Akira Kurosawa","https://www.criterion.com/films/788-stray-dog","https://github.com/brittonwalker/criterion-top-ten",""
"Bruce Goldstein","Stray Dog","Akira Kurosawa","https://www.criterion.com/films/788-stray-dog","https://github.com/brittonwalker/criterion-top-ten",""
"Bill Hader","Le plaisir","Max Ophuls","https://www.criterion.com/films/572-le-plaisir","https://github.com/brittonwalker/criterion-top-ten",""
"Bill Hader","The Steel Helmet","Samuel Fuller","https://www.criterion.com/films/445-the-steel-helmet","https://github.com/brittonwalker/criterion-top-ten",""
"Greg Mottola","The White Sheik","Federico Fellini","https://www.criterion.com/films/374-the-white-sheik","https://github.com/brittonwalker/criterion-top-ten",""
"Paul Morrissey","The White Sheik","Federico Fellini","https://www.criterion.com/films/374-the-white-sheik","https://github.com/brittonwalker/criterion-top-ten",""
"Georgia Hubley","White Dog","Samuel Fuller","https://www.criterion.com/films/861-white-dog","https://github.com/brittonwalker/criterion-top-ten",""
"Scott Morse’s Top Ten","The Blob","Irvin S. Yeaworth Jr.","https://www.criterion.com/films/630-the-blob","https://github.com/brittonwalker/criterion-top-ten",""
"Diablo Cody","The Blob","Irvin S. Yeaworth Jr.","https://www.criterion.com/films/630-the-blob","https://github.com/brittonwalker/criterion-top-ten",""
"Guillermo del Toro","Häxan","Benjamin Christensen","https://www.criterion.com/films/352-hxan","https://github.com/brittonwalker/criterion-top-ten",""
"Guy Maddin","Häxan","Benjamin Christensen","https://www.criterion.com/films/352-hxan","https://github.com/brittonwalker/criterion-top-ten",""
"Peter Cowie","Häxan","Benjamin Christensen","https://www.criterion.com/films/352-hxan","https://github.com/brittonwalker/criterion-top-ten",""
"Angus MacLachlan","Boudu Saved from Drowning","Jean Renoir","https://www.criterion.com/films/756-boudu-saved-from-drowning","https://github.com/brittonwalker/criterion-top-ten",""
"Wes Anderson","Pigs and Battleships","Shohei Imamura","https://www.criterion.com/films/1428-pigs-and-battleships","https://github.com/brittonwalker/criterion-top-ten",""
"Wes Anderson","The Taking of Power by Louis XIV","Roberto Rossellini","https://www.criterion.com/films/971-the-taking-of-power-by-louis-xiv","https://github.com/brittonwalker/criterion-top-ten",""
"Wes Anderson","Classe tous risques","Claude Sautet","https://www.criterion.com/films/591-classe-tous-risques","https://github.com/brittonwalker/criterion-top-ten",""
"Wes Anderson","L’enfance nue","Maurice Pialat","https://www.criterion.com/films/2337-lenfance-nue","https://github.com/brittonwalker/criterion-top-ten",""
"Marcel Dzama","Heaven Can Wait","Ernst Lubitsch","https://www.criterion.com/films/878-heaven-can-wait","https://github.com/brittonwalker/criterion-top-ten",""
"Pedro Costa","Heaven Can Wait","Ernst Lubitsch","https://www.criterion.com/films/878-heaven-can-wait","https://github.com/brittonwalker/criterion-top-ten",""
"Michael Barker","Heaven Can Wait","Ernst Lubitsch","https://www.criterion.com/films/878-heaven-can-wait","https://github.com/brittonwalker/criterion-top-ten",""
"Xavier Dolan","Forbidden Games","René Clément","https://www.criterion.com/films/350-forbidden-games","https://github.com/brittonwalker/criterion-top-ten",""
"Guy Maddin","Forbidden Games","René Clément","https://www.criterion.com/films/350-forbidden-games","https://github.com/brittonwalker/criterion-top-ten",""
"Frederick Elmes","The Virgin Spring","Ingmar Bergman","https://www.criterion.com/films/372-the-virgin-spring","https://github.com/brittonwalker/criterion-top-ten",""
"Johnnie To","Harakiri","Masaki Kobayashi","https://www.criterion.com/films/743-harakiri","https://github.com/brittonwalker/criterion-top-ten",""
"Johnnie To","The Last Emperor","Bernardo Bertolucci","https://www.criterion.com/films/254-the-last-emperor","https://github.com/brittonwalker/criterion-top-ten",""
"Joe Mantegna","The Last Emperor","Bernardo Bertolucci","https://www.criterion.com/films/254-the-last-emperor","https://github.com/brittonwalker/criterion-top-ten",""
"Seth","Paddle to the Sea","William Mason","https://www.criterion.com/films/944-paddle-to-the-sea","https://github.com/brittonwalker/criterion-top-ten",""
"Seth","The Browning Version","Anthony Asquith","https://www.criterion.com/films/873-the-browning-version","https://github.com/brittonwalker/criterion-top-ten",""
"Seth","Equinox","Jack Woods","https://www.criterion.com/films/780-equinox","https://github.com/brittonwalker/criterion-top-ten",""
"Jaime Hernandez","Equinox","Jack Woods","https://www.criterion.com/films/780-equinox","https://github.com/brittonwalker/criterion-top-ten",""
"Pedro Costa","When a Woman Ascends the Stairs","Mikio Naruse","https://www.criterion.com/films/816-when-a-woman-ascends-the-stairs","https://github.com/brittonwalker/criterion-top-ten",""
"Paul Schrader","When a Woman Ascends the Stairs","Mikio Naruse","https://www.criterion.com/films/816-when-a-woman-ascends-the-stairs","https://github.com/brittonwalker/criterion-top-ten",""
"Pedro Costa","Young Mr. Lincoln","John Ford","https://www.criterion.com/films/766-young-mr-lincoln","https://github.com/brittonwalker/criterion-top-ten",""
"Jean-Pierre Gorin","Young Mr. Lincoln","John Ford","https://www.criterion.com/films/766-young-mr-lincoln","https://github.com/brittonwalker/criterion-top-ten",""
"Allan Arkush","Young Mr. Lincoln","John Ford","https://www.criterion.com/films/766-young-mr-lincoln","https://github.com/brittonwalker/criterion-top-ten",""
"Allison Anders","Young Mr. Lincoln","John Ford","https://www.criterion.com/films/766-young-mr-lincoln","https://github.com/brittonwalker/criterion-top-ten",""
"Joe Mantegna","Brute Force","Jules Dassin","https://www.criterion.com/films/820-brute-force","https://github.com/brittonwalker/criterion-top-ten",""
"Steve Buscemi","Brute Force","Jules Dassin","https://www.criterion.com/films/820-brute-force","https://github.com/brittonwalker/criterion-top-ten",""
"Joe Mantegna","The Naked Prey","Cornel Wilde","https://www.criterion.com/films/848-the-naked-prey","https://github.com/brittonwalker/criterion-top-ten",""
"Sonic Youth","Masculin féminin","Jean-Luc Godard","https://www.criterion.com/films/508-masculin-fminin","https://github.com/brittonwalker/criterion-top-ten",""
"Leanne Shapton","Masculin féminin","Jean-Luc Godard","https://www.criterion.com/films/508-masculin-fminin","https://github.com/brittonwalker/criterion-top-ten",""
"D. A. Pennebaker","Masculin féminin","Jean-Luc Godard","https://www.criterion.com/films/508-masculin-fminin","https://github.com/brittonwalker/criterion-top-ten",""
"Sonic Youth","Double Suicide","Masahiro Shinoda","https://www.criterion.com/films/640-double-suicide","https://github.com/brittonwalker/criterion-top-ten",""
"Whit Stillman","The Lady Vanishes","Alfred Hitchcock","https://www.criterion.com/films/358-the-lady-vanishes","https://github.com/brittonwalker/criterion-top-ten",""
"D. A. Pennebaker","The Lady Vanishes","Alfred Hitchcock","https://www.criterion.com/films/358-the-lady-vanishes","https://github.com/brittonwalker/criterion-top-ten",""
"Whit Stillman","Big Deal on Madonna Street","Mario Monicelli","https://www.criterion.com/films/652-big-deal-on-madonna-street","https://github.com/brittonwalker/criterion-top-ten",""
"Bruce Goldstein","Big Deal on Madonna Street","Mario Monicelli","https://www.criterion.com/films/652-big-deal-on-madonna-street","https://github.com/brittonwalker/criterion-top-ten",""
"Al Reinert","Robinson Crusoe on Mars","Byron Haskin","https://www.criterion.com/films/821-robinson-crusoe-on-mars","https://github.com/brittonwalker/criterion-top-ten",""
"Dave Filipi","Robinson Crusoe on Mars","Byron Haskin","https://www.criterion.com/films/821-robinson-crusoe-on-mars","https://github.com/brittonwalker/criterion-top-ten",""
"James Franco","Il posto","Ermanno Olmi","https://www.criterion.com/films/364-il-posto","https://github.com/brittonwalker/criterion-top-ten",""
"Paul Morrissey","Richard III","Laurence Olivier","https://www.criterion.com/films/366-richard-iii","https://github.com/brittonwalker/criterion-top-ten",""
"Gary Giddins","Richard III","Laurence Olivier","https://www.criterion.com/films/366-richard-iii","https://github.com/brittonwalker/criterion-top-ten",""
"Paul Morrissey","Under the Volcano","John Huston","https://www.criterion.com/films/837-under-the-volcano","https://github.com/brittonwalker/criterion-top-ten",""
"Dave Filipi","Fiend Without a Face","Arthur Crabtree","https://www.criterion.com/films/631-fiend-without-a-face","https://github.com/brittonwalker/criterion-top-ten",""
"Dave Filipi","The Flowers of St. Francis","Roberto Rossellini","https://www.criterion.com/films/874-the-flowers-of-st-francis","https://github.com/brittonwalker/criterion-top-ten",""
"Richard Linklater","The Flowers of St. Francis","Roberto Rossellini","https://www.criterion.com/films/874-the-flowers-of-st-francis","https://github.com/brittonwalker/criterion-top-ten",""
"Ricky Jay","Samurai I: Musashi Miyamoto","Hiroshi Inagaki","https://www.criterion.com/films/529-samurai-i-musashi-miyamoto","https://github.com/brittonwalker/criterion-top-ten",""
"Jane Campion","Samurai I: Musashi Miyamoto","Hiroshi Inagaki","https://www.criterion.com/films/529-samurai-i-musashi-miyamoto","https://github.com/brittonwalker/criterion-top-ten",""
"Ricky Jay","Night and the City","Jules Dassin","https://www.criterion.com/films/933-night-and-the-city","https://github.com/brittonwalker/criterion-top-ten",""
"Dennis Lehane","Night and the City","Jules Dassin","https://www.criterion.com/films/933-night-and-the-city","https://github.com/brittonwalker/criterion-top-ten",""
"Bruce Goldstein","Night and the City","Jules Dassin","https://www.criterion.com/films/933-night-and-the-city","https://github.com/brittonwalker/criterion-top-ten",""
"Gary Giddins","Night and the City","Jules Dassin","https://www.criterion.com/films/933-night-and-the-city","https://github.com/brittonwalker/criterion-top-ten",""
"Adam Yauch","Sanjuro","Akira Kurosawa","https://www.criterion.com/films/598-sanjuro","https://github.com/brittonwalker/criterion-top-ten",""
"Paul Schrader","Death of a Cyclist","Juan Antonio Bardem","https://www.criterion.com/films/537-death-of-a-cyclist","https://github.com/brittonwalker/criterion-top-ten",""
"Paul Schrader","The Face of Another","Hiroshi Teshigahara","https://www.criterion.com/films/828-the-face-of-another","https://github.com/brittonwalker/criterion-top-ten",""
"Paul Schrader","The Furies","Anthony Mann","https://www.criterion.com/films/596-the-furies","https://github.com/brittonwalker/criterion-top-ten",""
"Paul Schrader","Hands over the City","Francesco Rosi","https://www.criterion.com/films/799-hands-over-the-city","https://github.com/brittonwalker/criterion-top-ten",""
"Paul Schrader","Street of Shame","Kenji Mizoguchi","https://www.criterion.com/films/970-street-of-shame","https://github.com/brittonwalker/criterion-top-ten",""
"Leanne Shapton","A Night to Remember","Roy Ward Baker","https://www.criterion.com/films/521-a-night-to-remember","https://github.com/brittonwalker/criterion-top-ten",""
"D. A. Pennebaker","Le million","René Clair","https://www.criterion.com/films/614-le-million","https://github.com/brittonwalker/criterion-top-ten",""
"Bruce Goldstein","Le million","René Clair","https://www.criterion.com/films/614-le-million","https://github.com/brittonwalker/criterion-top-ten",""
"Patton Oswalt","The Baron of Arizona","Samuel Fuller","https://www.criterion.com/films/881-the-baron-of-arizona","https://github.com/brittonwalker/criterion-top-ten",""
"Patton Oswalt","The Honeymoon Killers","Leonard Kastle","https://www.criterion.com/films/582-the-honeymoon-killers","https://github.com/brittonwalker/criterion-top-ten",""
"Jean-Pierre Gorin","The Honeymoon Killers","Leonard Kastle","https://www.criterion.com/films/582-the-honeymoon-killers","https://github.com/brittonwalker/criterion-top-ten",""
"Bruce Goldstein","The Honeymoon Killers","Leonard Kastle","https://www.criterion.com/films/582-the-honeymoon-killers","https://github.com/brittonwalker/criterion-top-ten",""
"Gary Giddins","The Honeymoon Killers","Leonard Kastle","https://www.criterion.com/films/582-the-honeymoon-killers","https://github.com/brittonwalker/criterion-top-ten",""
"Steve Buscemi","The Honeymoon Killers","Leonard Kastle","https://www.criterion.com/films/582-the-honeymoon-killers","https://github.com/brittonwalker/criterion-top-ten",""
"Guy Maddin","Ivan the Terrible, Part II","Sergei Eisenstein","https://www.criterion.com/films/354-ivan-the-terrible-part-ii","https://github.com/brittonwalker/criterion-top-ten",""
"John Lurie","The Pornographers","Shohei Imamura","https://www.criterion.com/films/602-the-pornographers","https://github.com/brittonwalker/criterion-top-ten",""
"Jean-Pierre Gorin","The Pornographers","Shohei Imamura","https://www.criterion.com/films/602-the-pornographers","https://github.com/brittonwalker/criterion-top-ten",""
"Dennis Lehane","Insomnia","Erik Skjoldbjærg","https://www.criterion.com/films/585-insomnia","https://github.com/brittonwalker/criterion-top-ten",""
"Christa Lang-Fuller","That Obscure Object of Desire","Luis Buñuel","https://www.criterion.com/films/686-that-obscure-object-of-desire","https://github.com/brittonwalker/criterion-top-ten",""
"Jane Campion","That Obscure Object of Desire","Luis Buñuel","https://www.criterion.com/films/686-that-obscure-object-of-desire","https://github.com/brittonwalker/criterion-top-ten",""
"Michael Barker","That Obscure Object of Desire","Luis Buñuel","https://www.criterion.com/films/686-that-obscure-object-of-desire","https://github.com/brittonwalker/criterion-top-ten",""
"Neil LaBute","A Story of Floating Weeds","Yasujiro Ozu","https://www.criterion.com/films/752-a-story-of-floating-weeds","https://github.com/brittonwalker/criterion-top-ten",""
"Frank Kozik","General Idi Amin Dada: A Self-Portrait","Barbet Schroeder","https://www.criterion.com/films/545-general-idi-amin-dada-a-self-portrait","https://github.com/brittonwalker/criterion-top-ten",""
"Frank Kozik","The Last Wave","Peter Weir","https://www.criterion.com/films/685-the-last-wave","https://github.com/brittonwalker/criterion-top-ten",""
"Frank Kozik","Lord of the Flies","Peter Brook","https://www.criterion.com/films/563-lord-of-the-flies","https://github.com/brittonwalker/criterion-top-ten",""
"Rian Johnson","The Bad Sleep Well","Akira Kurosawa","https://www.criterion.com/films/765-the-bad-sleep-well","https://github.com/brittonwalker/criterion-top-ten",""
"Jean-Pierre Gorin","Le trou","Jacques Becker","https://www.criterion.com/films/668-le-trou","https://github.com/brittonwalker/criterion-top-ten",""
"Jonathan Lethem","Le trou","Jacques Becker","https://www.criterion.com/films/668-le-trou","https://github.com/brittonwalker/criterion-top-ten",""
"Bruce Goldstein","Divorce Italian Style","Pietro Germi","https://www.criterion.com/films/877-divorce-italian-style","https://github.com/brittonwalker/criterion-top-ten",""
"Peter Cowie","Crazed Fruit","Kô Nakahira","https://www.criterion.com/films/872-crazed-fruit","https://github.com/brittonwalker/criterion-top-ten",""
"Jane Campion","The Firemen’s Ball","Miloš Forman","https://www.criterion.com/films/688-the-firemens-ball","https://github.com/brittonwalker/criterion-top-ten",""
"Michael Barker","The Shop on Main Street","Ján Kadár and Elmar Klos","https://www.criterion.com/films/669-the-shop-on-main-street","https://github.com/brittonwalker/criterion-top-ten",""
"Jonathan Lethem","The Making of Fanny and Alexander","Ingmar Bergman","https://www.criterion.com/films/627-the-making-of-fanny-and-alexander","https://github.com/brittonwalker/criterion-top-ten",""
"Jonathan Lethem","The Sword of Doom","Kihachi Okamoto","https://www.criterion.com/films/925-the-sword-of-doom","https://github.com/brittonwalker/criterion-top-ten",""
