"guest_slug","film_slug","start_timestamp_seconds","youtube_timestamp_url","extraction_confidence","source","visit_index","pick_order","is_box_set","box_set_name","box_set_film_count","box_set_criterion_url","box_set_film_titles","vimeo_timestamp_url"
"barry-jenkins","weekend-2011","7","https://www.youtube.com/watch?v=R7HLpe65fHY&t=7","high","criterion","1","1","0","","","","",""
"barry-jenkins","dekalog","48","https://www.youtube.com/watch?v=R7HLpe65fHY&t=48","high","criterion","1","2","0","","","","",""
"barry-jenkins","la-haine","0","","none","criterion","1","3","0","","","","",""
"barry-jenkins","blood-simple","162","https://www.youtube.com/watch?v=R7HLpe65fHY&t=162","none","criterion","1","4","0","","","","",""
"barry-jenkins","fat-girl","162","https://www.youtube.com/watch?v=R7HLpe65fHY&t=162","none","criterion","1","5","0","","","","",""
"barry-jenkins","monsoon-wedding","162","https://www.youtube.com/watch?v=R7HLpe65fHY&t=162","none","criterion","1","6","0","","","","",""
"barry-jenkins","la-cienaga","162","https://www.youtube.com/watch?v=R7HLpe65fHY&t=162","none","criterion","1","7","0","","","","",""
"barry-jenkins","ratcatcher","78","https://www.youtube.com/watch?v=R7HLpe65fHY&t=78","high","criterion","1","8","0","","","","",""
"barry-jenkins","george-washington","104","https://www.youtube.com/watch?v=R7HLpe65fHY&t=104","high","criterion","1","9","0","","","","",""
"barry-jenkins","rashomon","162","https://www.youtube.com/watch?v=R7HLpe65fHY&t=162","none","criterion","1","10","0","","","","",""
"barry-jenkins","breathless","147","https://www.youtube.com/watch?v=R7HLpe65fHY&t=147","high","criterion","1","11","0","","","","",""
"barry-jenkins","a-brighter-summer-day","186","https://www.youtube.com/watch?v=R7HLpe65fHY&t=186","low","criterion","1","12","0","","","","",""
"barry-jenkins","the-apu-trilogy","162","https://www.youtube.com/watch?v=R7HLpe65fHY&t=162","none","criterion","1","13","1","The Apu Trilogy","3","https://www.criterion.com/boxsets/1145-the-apu-trilogy","",""
"barry-jenkins","john-cassavetes-five-films","27","https://www.youtube.com/watch?v=R7HLpe65fHY&t=27","high","criterion","1","14","1","John Cassavetes: Five Films","5","https://www.criterion.com/boxsets/558-john-cassavetes-five-films","",""
"barry-jenkins","the-three-colors-trilogy","0","","none","criterion","1","15","0","","","","",""
"barry-jenkins","the-essential-jacques-demy","162","https://www.youtube.com/watch?v=R7HLpe65fHY&t=162","none","criterion","1","16","1","The Essential Jacques Demy","6","https://www.criterion.com/boxsets/1055-the-essential-jacques-demy","",""
"barry-jenkins","the-complete-jacques-tati","162","https://www.youtube.com/watch?v=R7HLpe65fHY&t=162","none","criterion","1","17","1","The Complete Jacques Tati","6","https://www.criterion.com/boxsets/1069-the-complete-jacques-tati","",""
"guillermo-del-toro","the-red-shoes","25","https://www.youtube.com/watch?v=49Al7eYy6sg&t=25","high","criterion","1","1","0","","","","",""
"guillermo-del-toro","the-400-blows","27","https://www.youtube.com/watch?v=49Al7eYy6sg&t=27","high","criterion","1","2","0","","","","",""
"guillermo-del-toro","charade","30","https://www.youtube.com/watch?v=49Al7eYy6sg&t=30","high","criterion","1","3","0","","","","",""
"guillermo-del-toro","crumb","49","https://www.youtube.com/watch?v=49Al7eYy6sg&t=49","high","criterion","1","4","0","","","","",""
"guillermo-del-toro","the-thin-red-line","55","https://www.youtube.com/watch?v=49Al7eYy6sg&t=55","high","criterion","1","5","0","","","","",""
"guillermo-del-toro","the-magician","60","https://www.youtube.com/watch?v=49Al7eYy6sg&t=60","high","criterion","1","6","1","Ingmar Bergman's Cinema","","","",""
"guillermo-del-toro","repulsion","73","https://www.youtube.com/watch?v=49Al7eYy6sg&t=73","high","criterion","1","7","0","","","","",""
"guillermo-del-toro","paths-of-glory","92","https://www.youtube.com/watch?v=49Al7eYy6sg&t=92","high","criterion","1","8","0","","","","",""
"guillermo-del-toro","notorious","47","https://www.youtube.com/watch?v=49Al7eYy6sg&t=47","high","criterion","2","1","0","","","","",""
"guillermo-del-toro","black-narcissus","13","https://www.youtube.com/watch?v=49Al7eYy6sg&t=13","high","criterion","2","2","0","","","","",""
"guillermo-del-toro","salesman","79","https://www.youtube.com/watch?v=49Al7eYy6sg&t=79","high","criterion","2","3","0","","","","",""
"guillermo-del-toro","all-that-heaven-allows","94","https://www.youtube.com/watch?v=49Al7eYy6sg&t=94","high","criterion","2","4","0","","","","",""
"guillermo-del-toro","roma-1972","193","https://www.youtube.com/watch?v=49Al7eYy6sg&t=193","high","criterion","2","5","1","Essential Fellini","","","",""
"guillermo-del-toro","the-age-of-innocence","281","https://www.youtube.com/watch?v=49Al7eYy6sg&t=281","high","criterion","2","6","0","","","","",""
"guillermo-del-toro","au-revoir-les-enfants","326","https://www.youtube.com/watch?v=49Al7eYy6sg&t=326","high","criterion","2","7","0","","","","",""
"guillermo-del-toro","the-wes-anderson-archive-ten-films-twenty-five-years","153","https://www.youtube.com/watch?v=49Al7eYy6sg&t=153","high","criterion","2","8","1","The Wes Anderson Archive: Ten Films, Twenty-Five Years","10","https://www.criterion.com/boxsets/8208-the-wes-anderson-archive-ten-films-twenty-five-years","",""
"guillermo-del-toro","roma-2018","227","https://www.youtube.com/watch?v=49Al7eYy6sg&t=227","high","criterion","2","9","1","Essential Fellini","","","",""
"bill-hader","salo-or-the-120-days-of-sodom","42","https://www.youtube.com/watch?v=y2TK8IHWIcY&t=42","high","criterion","1","1","0","","","","",""
"bill-hader","amarcord","10","https://www.youtube.com/watch?v=348qOuXOAXo&t=10","high","criterion","1","2","1","Essential Fellini","","","",""
"bill-hader","house","24","https://www.youtube.com/watch?v=348qOuXOAXo&t=24","high","criterion","1","3","0","","","","",""
"bill-hader","green-for-danger","61","https://www.youtube.com/watch?v=348qOuXOAXo&t=61","high","criterion","1","4","0","","","","",""
"bill-hader","loves-of-a-blonde","81","https://www.youtube.com/watch?v=348qOuXOAXo&t=81","high","criterion","1","5","0","","","","",""
"bill-hader","the-daytrippers","81","https://www.youtube.com/watch?v=348qOuXOAXo&t=81","medium","criterion","1","6","0","","","","",""
"bill-hader","antichrist","41","https://www.youtube.com/watch?v=348qOuXOAXo&t=41","high","criterion","1","7","0","","","","",""
"bill-hader","yi-yi","79","https://www.youtube.com/watch?v=348qOuXOAXo&t=79","high","criterion","2","1","0","","","","",""
"bill-hader","ikiru","88","https://www.youtube.com/watch?v=348qOuXOAXo&t=88","high","criterion","2","2","0","","","","",""
"bill-hader","barry-lyndon","111","https://www.youtube.com/watch?v=348qOuXOAXo&t=111","high","criterion","2","3","0","","","","",""
"bill-hader","roma-2018","133","https://www.youtube.com/watch?v=348qOuXOAXo&t=133","high","criterion","2","4","1","Essential Fellini","","","",""
"bill-hader","real-life","146","https://www.youtube.com/watch?v=348qOuXOAXo&t=146","high","criterion","2","5","0","","","","",""
"bill-hader","my-darling-clementine","169","https://www.youtube.com/watch?v=348qOuXOAXo&t=169","high","criterion","2","6","0","","","","",""
"bill-hader","cold-war","215","https://www.youtube.com/watch?v=348qOuXOAXo&t=215","high","criterion","2","7","0","","","","",""
"bill-hader","salvatore-giuliano","0","","none","criterion","2","8","0","","","","",""
"bill-hader","a-man-escaped","0","https://www.youtube.com/watch?v=348qOuXOAXo&t=0","none","criterion","2","9","0","","","","",""
"bill-hader","petite-maman","0","https://www.youtube.com/watch?v=348qOuXOAXo&t=0","none","criterion","2","10","0","","","","",""
"bill-hader","the-asphalt-jungle","0","https://www.youtube.com/watch?v=348qOuXOAXo&t=0","none","criterion","2","11","0","","","","",""
"bill-hader","cat-people","0","https://www.youtube.com/watch?v=348qOuXOAXo&t=0","none","criterion","2","12","0","","","","",""
"bill-hader","essential-fellini","188","https://www.youtube.com/watch?v=348qOuXOAXo&t=188","high","criterion","2","13","1","Essential Fellini","14","https://www.criterion.com/boxsets/3626-essential-fellini","",""
"bill-hader","eclipse-series-24-the-actuality-dramas-of-allan-king","0","https://www.youtube.com/watch?v=348qOuXOAXo&t=0","none","criterion","2","14","1","Eclipse Series 24: The Actuality Dramas of Allan King","5","https://www.criterion.com/boxsets/752-eclipse-series-24-the-actuality-dramas-of-allan-king","",""
"denis-villeneuve","che","103","https://www.youtube.com/watch?v=UrgucAPeqIs&t=103","high","criterion","1","1","0","","","","",""
"denis-villeneuve","le-salaire-de-la-peur","136","https://www.youtube.com/watch?v=UrgucAPeqIs&t=136","high","criterion","1","2","0","","","","",""
"denis-villeneuve","fellini-satyricon","223","https://www.youtube.com/watch?v=UrgucAPeqIs&t=223","high","criterion","1","3","1","Essential Fellini","","","",""
"denis-villeneuve","seven-samurai","281","https://www.youtube.com/watch?v=UrgucAPeqIs&t=281","high","criterion","1","4","0","","","","",""
"denis-villeneuve","the-three-colors-trilogy","8","https://www.youtube.com/watch?v=UrgucAPeqIs&t=8","high","criterion","1","5","1","Three Colors","3","https://www.criterion.com/boxsets/844-three-colors","",""
"denis-villeneuve","a-film-trilogy-by-ingmar-bergman","43","https://www.youtube.com/watch?v=UrgucAPeqIs&t=43","high","criterion","1","6","1","A Film Trilogy by Ingmar Bergman","3","https://www.criterion.com/boxsets/89-a-film-trilogy-by-ingmar-bergman","",""
"denis-villeneuve","lars-von-triers-europe-trilogy","179","https://www.youtube.com/watch?v=UrgucAPeqIs&t=179","high","criterion","1","7","1","Lars von Trier's Europe Trilogy","3","https://www.criterion.com/boxsets/6344-lars-von-trier-s-europe-trilogy","",""
"ayo-edebiri","high-and-low","24","https://www.youtube.com/watch?v=7LvIlPvrjGk&t=24","high","criterion","1","1","0","","","","",""
"ayo-edebiri","charade","85","https://www.youtube.com/watch?v=7LvIlPvrjGk&t=85","high","criterion","1","2","0","","","","",""
"ayo-edebiri","bottle-rocket","113","https://www.youtube.com/watch?v=7LvIlPvrjGk&t=113","high","criterion","1","3","0","","","","",""
"ayo-edebiri","thief","150","https://www.youtube.com/watch?v=7LvIlPvrjGk&t=150","high","criterion","1","4","0","","","","",""
"ayo-edebiri","the-funeral","161","https://www.youtube.com/watch?v=7LvIlPvrjGk&t=161","high","criterion","1","5","0","","","","",""
"ayo-edebiri","to-sleep-with-anger","192","https://www.youtube.com/watch?v=7LvIlPvrjGk&t=192","high","criterion","1","6","0","","","","",""
"ayo-edebiri","eyimofe-this-is-my-desire","229","https://www.youtube.com/watch?v=7LvIlPvrjGk&t=229","high","criterion","1","7","0","","","","",""
"charli-xcx","celine-and-julie-go-boating","13","https://www.youtube.com/watch?v=-93R-4Dqzd0&t=13","high","criterion","1","1","0","","","","",""
"charli-xcx","the-shrouds","86","https://www.youtube.com/watch?v=-93R-4Dqzd0&t=86","high","criterion","1","2","0","","","","",""
"charli-xcx","la-notte","161","https://www.youtube.com/watch?v=-93R-4Dqzd0&t=161","high","criterion","1","3","0","","","","",""
"charli-xcx","autumn-sonata","250","https://www.youtube.com/watch?v=-93R-4Dqzd0&t=250","high","criterion","1","4","1","Ingmar Bergman's Cinema","","","",""
"andrew-garfield","brazil","29","https://www.youtube.com/watch?v=3tH0irhiQVg&t=29","high","criterion","1","1","0","","","","",""
"andrew-garfield","the-red-shoes","66","https://www.youtube.com/watch?v=3tH0irhiQVg&t=66","high","criterion","1","2","0","","","","",""
"andrew-garfield","salesman","84","https://www.youtube.com/watch?v=3tH0irhiQVg&t=84","high","criterion","1","3","0","","","","",""
"andrew-garfield","hoop-dreams","137","https://www.youtube.com/watch?v=3tH0irhiQVg&t=137","high","criterion","1","4","0","","","","",""
"andrew-garfield","naked","182","https://www.youtube.com/watch?v=3tH0irhiQVg&t=182","high","criterion","1","5","0","","","","",""
"andrew-garfield","kes","214","https://www.youtube.com/watch?v=3tH0irhiQVg&t=214","high","criterion","1","6","0","","","","",""
"andrew-garfield","the-game","259","https://www.youtube.com/watch?v=3tH0irhiQVg&t=259","high","criterion","1","7","0","","","","",""
"andrew-garfield","happiness","289","https://www.youtube.com/watch?v=3tH0irhiQVg&t=289","high","criterion","1","8","0","","","","",""
"andrew-garfield","original-cast-album-company","319","https://www.youtube.com/watch?v=3tH0irhiQVg&t=319","high","criterion","1","9","0","","","","",""
"andrew-garfield","tampopo","355","https://www.youtube.com/watch?v=3tH0irhiQVg&t=355","high","criterion","1","10","0","","","","",""
"nicholas-britell","the-underground-railroad","10","https://www.youtube.com/watch?v=Jh1o_OE3-Ic&t=10","high","criterion","1","1","0","","","","",""
"nicholas-britell","citizen-kane","42","https://www.youtube.com/watch?v=Jh1o_OE3-Ic&t=42","high","criterion","1","2","0","","","","",""
"nicholas-britell","the-double-life-of-veronique","92","https://www.youtube.com/watch?v=Jh1o_OE3-Ic&t=92","high","criterion","1","3","0","","","","",""
"nicholas-britell","tokyo-olympiad","165","https://www.youtube.com/watch?v=Jh1o_OE3-Ic&t=165","high","criterion","1","4","0","","","","",""
"nicholas-britell","malcolm-x","290","https://www.youtube.com/watch?v=Jh1o_OE3-Ic&t=290","high","criterion","1","5","0","","","","",""
"nicholas-britell","la-jetee-sans-soleil","217","https://www.youtube.com/watch?v=Jh1o_OE3-Ic&t=217","high","criterion","1","6","1","La Jetée/Sans Soleil","2","https://www.criterion.com/boxsets/77-la-jetee-sans-soleil","",""
"jodie-foster","portrait-of-a-lady-on-fire","23","https://www.youtube.com/watch?v=wO2fHMqAXO8&t=23","high","criterion","1","1","0","","","","",""
"jodie-foster","petite-maman","48","https://www.youtube.com/watch?v=wO2fHMqAXO8&t=48","high","criterion","1","2","0","","","","",""
"jodie-foster","the-piano","64","https://www.youtube.com/watch?v=wO2fHMqAXO8&t=64","high","criterion","1","3","0","","","","",""
"jodie-foster","visions-of-eight","94","https://www.youtube.com/watch?v=wO2fHMqAXO8&t=94","high","criterion","1","4","0","","","","",""
"jodie-foster","parasite","129","https://www.youtube.com/watch?v=wO2fHMqAXO8&t=129","high","criterion","1","5","0","","","","",""
"jodie-foster","la-haine","186","https://www.youtube.com/watch?v=wO2fHMqAXO8&t=186","high","criterion","1","6","0","","","","",""
"jodie-foster","la-strada","230","https://www.youtube.com/watch?v=wO2fHMqAXO8&t=230","high","criterion","1","7","1","Essential Fellini","","","",""
"jodie-foster","the-woman-in-the-dunes","258","https://www.youtube.com/watch?v=wO2fHMqAXO8&t=258","high","criterion","1","8","0","","","","",""
"jodie-foster","wings-of-desire","274","https://www.youtube.com/watch?v=wO2fHMqAXO8&t=274","high","criterion","1","9","0","","","","",""
"jodie-foster","berlin-alexanderplatz","309","https://www.youtube.com/watch?v=wO2fHMqAXO8&t=309","high","criterion","1","10","0","","","","",""
"jodie-foster","three-films-by-mai-zetterling","123","https://www.youtube.com/watch?v=wO2fHMqAXO8&t=123","high","criterion","1","11","1","Three Films by Mai Zetterling","3","https://www.criterion.com/boxsets/6324-three-films-by-mai-zetterling","",""
"jodie-foster","essential-fellini","238","https://www.youtube.com/watch?v=wO2fHMqAXO8&t=238","high","criterion","1","12","1","Essential Fellini","14","https://www.criterion.com/boxsets/3626-essential-fellini","",""
"jodie-foster","john-cassavetes-five-films","331","https://www.youtube.com/watch?v=wO2fHMqAXO8&t=331","high","criterion","1","13","1","John Cassavetes: Five Films","5","https://www.criterion.com/boxsets/558-john-cassavetes-five-films","",""
"atom-egoyan","wings-of-desire","21","https://www.youtube.com/watch?v=X0yY-bMTFq4&t=21","high","criterion","1","1","0","","","","",""
"atom-egoyan","fat-girl","159","https://www.youtube.com/watch?v=X0yY-bMTFq4&t=159","high","criterion","1","2","0","","","","",""
"atom-egoyan","working-girls","213","https://www.youtube.com/watch?v=X0yY-bMTFq4&t=213","high","criterion","1","3","0","","","","",""
"atom-egoyan","the-night-porter","298","https://www.youtube.com/watch?v=X0yY-bMTFq4&t=298","high","criterion","1","4","0","","","","",""
"atom-egoyan","walkabout","340","https://www.youtube.com/watch?v=X0yY-bMTFq4&t=340","high","criterion","1","5","0","","","","",""
"atom-egoyan","michael-haneke-trilogy","105","https://www.youtube.com/watch?v=X0yY-bMTFq4&t=105","high","criterion","1","6","1","Michael Haneke: Trilogy","3","https://www.criterion.com/boxsets/6323-michael-haneke-trilogy","",""
"atom-egoyan","pasolini-101","245","https://www.youtube.com/watch?v=X0yY-bMTFq4&t=245","high","criterion","1","7","1","Pasolini 101","9","https://www.criterion.com/boxsets/6588-pasolini-101","",""
"atom-egoyan","ingmar-bergmans-cinema","424","https://www.youtube.com/watch?v=X0yY-bMTFq4&t=424","high","criterion","1","8","1","Ingmar Bergman's Cinema","40","https://www.criterion.com/boxsets/1427-ingmar-bergman-s-cinema","",""
"stellan-skarsgard","seven-samurai","10","https://www.youtube.com/watch?v=vpw582iA-n4&t=10","high","criterion","1","1","0","","","","",""
"stellan-skarsgard","la-strada","44","https://www.youtube.com/watch?v=vpw582iA-n4&t=44","high","criterion","1","2","1","Essential Fellini","","","",""
"stellan-skarsgard","naked","60","https://www.youtube.com/watch?v=vpw582iA-n4&t=60","high","criterion","1","3","0","","","","",""
"stellan-skarsgard","city-lights","77","https://www.youtube.com/watch?v=vpw582iA-n4&t=77","high","criterion","1","4","0","","","","",""
"stellan-skarsgard","children-of-paradise","110","https://www.youtube.com/watch?v=vpw582iA-n4&t=110","high","criterion","1","5","0","","","","",""
"stellan-skarsgard","john-cassavetes-five-films","28","https://www.youtube.com/watch?v=vpw582iA-n4&t=28","high","criterion","1","6","1","John Cassavetes: Five Films","5","https://www.criterion.com/boxsets/558-john-cassavetes-five-films","",""
"lav-diaz","lost-highway","11","https://www.youtube.com/watch?v=wuWY9CPr2hI&t=11","high","criterion","1","1","0","","","","",""
"lav-diaz","the-leopard","33","https://www.youtube.com/watch?v=wuWY9CPr2hI&t=33","high","criterion","1","2","0","","","","",""
"lav-diaz","le-samourai","40","https://www.youtube.com/watch?v=wuWY9CPr2hI&t=40","high","criterion","1","3","0","","","","",""
"lav-diaz","i-am-cuba","77","https://www.youtube.com/watch?v=wuWY9CPr2hI&t=77","high","criterion","1","4","0","","","","",""
"lav-diaz","werckmeister-harmonies","83","https://www.youtube.com/watch?v=wuWY9CPr2hI&t=83","medium","criterion","1","5","0","","","","",""
"lav-diaz","naked","87","https://www.youtube.com/watch?v=wuWY9CPr2hI&t=87","high","criterion","1","6","0","","","","",""
"lav-diaz","persona","100","https://www.youtube.com/watch?v=wuWY9CPr2hI&t=100","high","criterion","1","7","1","Ingmar Bergman's Cinema","","","",""
"lav-diaz","ugetsu","114","https://www.youtube.com/watch?v=wuWY9CPr2hI&t=114","high","criterion","1","8","0","","","","",""
"lav-diaz","the-apu-trilogy","21","https://www.youtube.com/watch?v=wuWY9CPr2hI&t=21","high","criterion","1","9","1","The Apu Trilogy","3","https://www.criterion.com/boxsets/1145-the-apu-trilogy","",""
"lav-diaz","essential-fellini","51","https://www.youtube.com/watch?v=wuWY9CPr2hI&t=51","high","criterion","1","10","1","Essential Fellini","14","https://www.criterion.com/boxsets/3626-essential-fellini","",""
"lav-diaz","ingmar-bergmans-cinema","64","https://www.youtube.com/watch?v=wuWY9CPr2hI&t=64","high","criterion","1","11","1","Ingmar Bergman's Cinema","40","https://www.criterion.com/boxsets/1427-ingmar-bergman-s-cinema","",""
"lav-diaz","letters-from-fontainhas-three-films-by-pedro-costa","133","https://www.youtube.com/watch?v=wuWY9CPr2hI&t=133","high","criterion","1","12","1","Letters from Fontainhas: Three Films by Pedro Costa","3","https://www.criterion.com/boxsets/704-letters-from-fontainhas-three-films-by-pedro-costa","",""
"will-arnett","stranger-than-paradise","22","https://www.youtube.com/watch?v=KE2G9pU6PbM&t=22","high","criterion","1","1","0","","","","",""
"will-arnett","the-tin-drum","76","https://www.youtube.com/watch?v=KE2G9pU6PbM&t=76","high","criterion","1","2","0","","","","",""
"will-arnett","dekalog","107","https://www.youtube.com/watch?v=KE2G9pU6PbM&t=107","high","criterion","1","3","0","","","","",""
"will-arnett","withnail-and-i","143","https://www.youtube.com/watch?v=KE2G9pU6PbM&t=143","high","criterion","1","4","0","","","","",""
"will-arnett","les-blank-always-for-pleasure","257","https://www.youtube.com/watch?v=KE2G9pU6PbM&t=257","high","criterion","1","5","0","","","","",""
"will-arnett","john-cassavetes-five-films","209","https://www.youtube.com/watch?v=KE2G9pU6PbM&t=209","high","criterion","1","6","1","John Cassavetes: Five Films","5","https://www.criterion.com/boxsets/558-john-cassavetes-five-films","",""
"florence-welch","picnic-at-hanging-rock","6","https://www.youtube.com/watch?v=p4g1Tz4F8Vo&t=6","high","criterion","1","1","0","","","","",""
"florence-welch","withnail-and-i","48","https://www.youtube.com/watch?v=p4g1Tz4F8Vo&t=48","high","criterion","1","2","0","","","","",""
"florence-welch","the-red-shoes","95","https://www.youtube.com/watch?v=p4g1Tz4F8Vo&t=95","high","criterion","1","3","0","","","","",""
"florence-welch","pina","130","https://www.youtube.com/watch?v=p4g1Tz4F8Vo&t=130","high","criterion","1","4","0","","","","",""
"florence-welch","valerie-and-her-week-of-wonders","155","https://www.youtube.com/watch?v=p4g1Tz4F8Vo&t=155","high","criterion","1","5","0","","","","",""
"florence-welch","i-married-a-witch","203","https://www.youtube.com/watch?v=p4g1Tz4F8Vo&t=203","high","criterion","1","6","0","","","","",""
"florence-welch","haxan","212","https://www.youtube.com/watch?v=p4g1Tz4F8Vo&t=212","high","criterion","1","7","0","","","","",""
"florence-welch","this-is-spinal-tap","218","https://www.youtube.com/watch?v=p4g1Tz4F8Vo&t=218","high","criterion","1","8","0","","","","",""
"rose-byrne","the-piano","15","https://www.youtube.com/watch?v=GlCaEnEAhoM&t=15","high","criterion","1","1","0","","","","",""
"rose-byrne","trainspotting","44","https://www.youtube.com/watch?v=GlCaEnEAhoM&t=44","high","criterion","1","2","0","","","","",""
"rose-byrne","mulholland-dr","84","https://www.youtube.com/watch?v=GlCaEnEAhoM&t=84","high","criterion","1","3","0","","","","",""
"rose-byrne","paris-texas","135","https://www.youtube.com/watch?v=GlCaEnEAhoM&t=135","high","criterion","1","4","0","","","","",""
"rose-byrne","secrets-lies","183","https://www.youtube.com/watch?v=GlCaEnEAhoM&t=183","high","criterion","1","5","0","","","","",""
"rose-byrne","an-unmarried-woman","232","https://www.youtube.com/watch?v=GlCaEnEAhoM&t=232","high","criterion","1","6","0","","","","",""
"lucy-liu","roma-2018","51","https://www.youtube.com/watch?v=NnldiqFIStY&t=51","high","criterion","1","1","1","Essential Fellini","","","",""
"lucy-liu","on-the-waterfront","113","https://www.youtube.com/watch?v=NnldiqFIStY&t=113","high","criterion","1","2","0","","","","",""
"lucy-liu","the-grifters","136","https://www.youtube.com/watch?v=NnldiqFIStY&t=136","high","criterion","1","3","0","","","","",""
"lucy-liu","fa-yeung-nin-wa","187","https://www.youtube.com/watch?v=NnldiqFIStY&t=187","high","criterion","1","4","0","","","","",""
"lucy-liu","jackie-chan-emergence-of-a-superstar-box-set","6","https://www.youtube.com/watch?v=NnldiqFIStY&t=6","high","criterion","1","5","1","Jackie Chan: Emergence of a Superstar","6","https://www.criterion.com/boxsets/6970-jackie-chan-emergence-of-a-superstar","",""
"lucy-liu","bruce-lee-his-greatest-hits-box-set","78","https://www.youtube.com/watch?v=NnldiqFIStY&t=78","high","criterion","1","6","1","Bruce Lee: His Greatest Hits","5","https://www.criterion.com/boxsets/3205-bruce-lee-his-greatest-hits","",""
"tom-rothman","down-by-law","7","https://www.youtube.com/watch?v=9za40HYRkcE&t=7","high","criterion","1","1","0","","","","",""
"tom-rothman","to-be-or-not-to-be","47","https://www.youtube.com/watch?v=9za40HYRkcE&t=47","high","criterion","1","2","0","","","","",""
"tom-rothman","harlan-county-usa","86","https://www.youtube.com/watch?v=9za40HYRkcE&t=86","high","criterion","1","3","0","","","","",""
"tom-rothman","winchester-73","115","https://www.youtube.com/watch?v=9za40HYRkcE&t=115","high","criterion","1","4","0","","","","",""
"tom-rothman","to-sleep-with-anger","178","https://www.youtube.com/watch?v=9za40HYRkcE&t=178","high","criterion","1","5","0","","","","",""
"tom-rothman","the-ice-storm","199","https://www.youtube.com/watch?v=9za40HYRkcE&t=199","high","criterion","1","6","0","","","","",""
"tom-rothman","the-big-chill","218","https://www.youtube.com/watch?v=9za40HYRkcE&t=218","high","criterion","1","7","0","","","","",""
"tom-rothman","the-philadelphia-story","248","https://www.youtube.com/watch?v=9za40HYRkcE&t=248","high","criterion","1","8","0","","","","",""
"rian-johnson","girlfight","7","https://www.youtube.com/watch?v=U2plMSuOgrI&t=7","high","criterion","1","1","0","","","","",""
"rian-johnson","love-basketball","78","https://www.youtube.com/watch?v=U2plMSuOgrI&t=78","high","criterion","1","2","0","","","","",""
"rian-johnson","topsy-turvy","157","https://www.youtube.com/watch?v=U2plMSuOgrI&t=157","high","criterion","1","3","0","","","","",""
"rian-johnson","hells-angels","236","https://www.youtube.com/watch?v=U2plMSuOgrI&t=236","high","criterion","1","4","0","","","","",""
"derek-cianfrance","short-cuts","7","https://www.youtube.com/watch?v=rzK__Z6jIwY&t=7","high","criterion","1","1","0","","","","",""
"derek-cianfrance","to-sleep-with-anger","30","https://www.youtube.com/watch?v=rzK__Z6jIwY&t=30","high","criterion","1","2","0","","","","",""
"derek-cianfrance","certified-copy","270","https://www.youtube.com/watch?v=rzK__Z6jIwY&t=270","high","criterion","1","3","0","","","","",""
"derek-cianfrance","tod-brownings-sideshow-shockers-freaks-the-unknown-the-mystic","62","https://www.youtube.com/watch?v=rzK__Z6jIwY&t=62","high","criterion","1","4","1","Freaks / The Unknown / The Mystic: Tod Browning's Sideshow Shockers","3","https://www.criterion.com/boxsets/6911-freaks-the-unknown-the-mystic-tod-browning-s-sideshow-shockers","",""
"derek-cianfrance","pasolini-101","85","https://www.youtube.com/watch?v=rzK__Z6jIwY&t=85","high","criterion","1","5","1","Pasolini 101","9","https://www.criterion.com/boxsets/6588-pasolini-101","",""
"derek-cianfrance","by-brakhage-an-anthology-volumes-one-and-two","202","https://www.youtube.com/watch?v=rzK__Z6jIwY&t=202","high","criterion","1","6","1","By Brakhage: An Anthology, Volumes One and Two","2","https://www.criterion.com/boxsets/722-by-brakhage-an-anthology-volumes-one-and-two","",""
"nia-dacosta","love-basketball","9","https://www.youtube.com/watch?v=ZAYw4GYFh10&t=9","high","criterion","1","1","0","","","","",""
"nia-dacosta","come-and-see","32","https://www.youtube.com/watch?v=ZAYw4GYFh10&t=32","high","criterion","1","2","0","","","","",""
"nia-dacosta","the-cranes-are-flying","55","https://www.youtube.com/watch?v=ZAYw4GYFh10&t=55","high","criterion","1","3","0","","","","",""
"nia-dacosta","barry-lyndon","79","https://www.youtube.com/watch?v=ZAYw4GYFh10&t=79","high","criterion","1","4","0","","","","",""
"nia-dacosta","summer-hours","110","https://www.youtube.com/watch?v=ZAYw4GYFh10&t=110","high","criterion","1","5","0","","","","",""
"nia-dacosta","the-power-of-the-dog","149","https://www.youtube.com/watch?v=ZAYw4GYFh10&t=149","high","criterion","1","6","0","","","","",""
"nia-dacosta","phoenix","216","https://www.youtube.com/watch?v=ZAYw4GYFh10&t=216","high","criterion","1","7","0","","","","",""
"nia-dacosta","twin-peaks-fire-walk-with-me","255","https://www.youtube.com/watch?v=ZAYw4GYFh10&t=255","high","criterion","1","8","0","","","","",""
"nia-dacosta","the-complete-films-of-agnes-varda","177","https://www.youtube.com/watch?v=ZAYw4GYFh10&t=177","high","criterion","1","9","1","The Complete Films of Agnès Varda","22","https://www.criterion.com/boxsets/3432-the-complete-films-of-agnes-varda","",""
"rachel-sennott","tiny-furniture","8","https://www.youtube.com/watch?v=8i3ZVJRQYYY&t=8","high","criterion","1","1","0","","","","",""
"rachel-sennott","happiness","53","https://www.youtube.com/watch?v=8i3ZVJRQYYY&t=53","high","criterion","1","2","0","","","","",""
"rachel-sennott","women-on-the-verge-of-a-nervous-breakdown","67","https://www.youtube.com/watch?v=8i3ZVJRQYYY&t=67","high","criterion","1","3","0","","","","",""
"rachel-sennott","punch-drunk-love","88","https://www.youtube.com/watch?v=8i3ZVJRQYYY&t=88","high","criterion","1","4","0","","","","",""
"rachel-sennott","to-die-for","128","https://www.youtube.com/watch?v=8i3ZVJRQYYY&t=128","high","criterion","1","5","0","","","","",""
"kathryn-bigelow","detour","11","https://www.youtube.com/watch?v=oXDO1X8yQyA&t=11","high","criterion","1","1","0","","","","",""
"kathryn-bigelow","the-battle-of-algiers","45","https://www.youtube.com/watch?v=oXDO1X8yQyA&t=45","high","criterion","1","2","0","","","","",""
"kathryn-bigelow","straw-dogs","72","https://www.youtube.com/watch?v=oXDO1X8yQyA&t=72","high","criterion","1","3","0","","","","",""
"kathryn-bigelow","army-of-shadows","101","https://www.youtube.com/watch?v=oXDO1X8yQyA&t=101","high","criterion","1","4","0","","","","",""
"kathryn-bigelow","the-confession","127","https://www.youtube.com/watch?v=oXDO1X8yQyA&t=127","high","criterion","1","5","0","","","","",""
"kathryn-bigelow","hiroshima-mon-amour","174","https://www.youtube.com/watch?v=oXDO1X8yQyA&t=174","high","criterion","1","6","0","","","","",""
"kathryn-bigelow","notorious","209","https://www.youtube.com/watch?v=oXDO1X8yQyA&t=209","high","criterion","1","7","0","","","","",""
"kathryn-bigelow","the-lodger-a-story-of-the-london-fog","240","https://www.youtube.com/watch?v=oXDO1X8yQyA&t=240","high","criterion","1","8","0","","","","",""
"wagner-moura","black-god-white-devil","13","https://www.youtube.com/watch?v=hvOnBK-L-zg&t=13","high","criterion","1","1","0","","","","",""
"wagner-moura","il-posto","77","https://www.youtube.com/watch?v=hvOnBK-L-zg&t=77","high","criterion","1","2","0","","","","",""
"wagner-moura","memories-of-underdevelopment","205","https://www.youtube.com/watch?v=hvOnBK-L-zg&t=205","high","criterion","1","3","0","","","","",""
"wagner-moura","rosetta","259","https://www.youtube.com/watch?v=hvOnBK-L-zg&t=259","high","criterion","1","4","0","","","","",""
"wagner-moura","the-kid-with-a-bike","314","https://www.youtube.com/watch?v=hvOnBK-L-zg&t=314","high","criterion","1","5","0","","","","",""
"wagner-moura","martin-scorseses-world-cinema-project-no-3","112","https://www.youtube.com/watch?v=hvOnBK-L-zg&t=112","high","criterion","1","6","1","Martin Scorsese's World Cinema Project No. 3","6","https://www.criterion.com/boxsets/3506-martin-scorsese-s-world-cinema-project-no-3","",""
"wagner-moura","martin-scorsese-s-world-cinema-project-no-2","162","https://www.youtube.com/watch?v=hvOnBK-L-zg&t=162","high","criterion","1","7","1","Martin Scorsese's World Cinema Project No. 2","6","https://www.criterion.com/boxsets/1258-martin-scorsese-s-world-cinema-project-no-2","",""
"kahlil-joseph","days-of-heaven","9","https://www.youtube.com/watch?v=PPw7sJJkQFY&t=9","high","criterion","1","1","0","","","","",""
"kahlil-joseph","the-color-of-pomegranates","56","https://www.youtube.com/watch?v=PPw7sJJkQFY&t=56","high","criterion","1","2","0","","","","",""
"kahlil-joseph","yi-yi","93","https://www.youtube.com/watch?v=PPw7sJJkQFY&t=93","high","criterion","1","3","0","","","","",""
"kahlil-joseph","tampopo","130","https://www.youtube.com/watch?v=PPw7sJJkQFY&t=130","high","criterion","1","4","0","","","","",""
"kahlil-joseph","tokyo-olympiad","163","https://www.youtube.com/watch?v=PPw7sJJkQFY&t=163","high","criterion","1","5","0","","","","",""
"elle-fanning","the-red-shoes","13","https://www.youtube.com/watch?v=4G7KuHCJMFg&t=13","high","criterion","1","1","0","","","","",""
"elle-fanning","the-virgin-suicides","65","https://www.youtube.com/watch?v=4G7KuHCJMFg&t=65","high","criterion","1","2","0","","","","",""
"elle-fanning","daisies","85","https://www.youtube.com/watch?v=4G7KuHCJMFg&t=85","high","criterion","1","3","0","","","","",""
"elle-fanning","bringing-up-baby","103","https://www.youtube.com/watch?v=4G7KuHCJMFg&t=103","high","criterion","1","4","0","","","","",""
"elle-fanning","to-die-for","123","https://www.youtube.com/watch?v=4G7KuHCJMFg&t=123","high","criterion","1","5","0","","","","",""
"elle-fanning","the-power-of-the-dog","145","https://www.youtube.com/watch?v=4G7KuHCJMFg&t=145","high","criterion","1","6","0","","","","",""
"elle-fanning","the-worst-person-in-the-world","165","https://www.youtube.com/watch?v=4G7KuHCJMFg&t=165","high","criterion","1","7","0","","","","",""
"elle-fanning","parasite","181","https://www.youtube.com/watch?v=4G7KuHCJMFg&t=181","high","criterion","1","8","0","","","","",""
"elle-fanning","the-princess-bride","213","https://www.youtube.com/watch?v=4G7KuHCJMFg&t=213","high","criterion","1","9","0","","","","",""
"elle-fanning","i-knew-her-well","234","https://www.youtube.com/watch?v=4G7KuHCJMFg&t=234","high","criterion","1","10","0","","","","",""
"billy-crudup","kicking-and-screaming","6","https://www.youtube.com/watch?v=FMxLQPHnuZA&t=6","high","criterion","1","1","0","","","","",""
"billy-crudup","my-darling-clementine","34","https://www.youtube.com/watch?v=FMxLQPHnuZA&t=34","high","criterion","1","2","0","","","","",""
"billy-crudup","12-angry-men","76","https://www.youtube.com/watch?v=FMxLQPHnuZA&t=76","high","criterion","1","3","0","","","","",""
"billy-crudup","carnal-knowledge","136","https://www.youtube.com/watch?v=FMxLQPHnuZA&t=136","high","criterion","1","4","0","","","","",""
"billy-crudup","mulholland-dr","149","https://www.youtube.com/watch?v=FMxLQPHnuZA&t=149","high","criterion","1","5","0","","","","",""
"billy-crudup","no-country-for-old-men","174","https://www.youtube.com/watch?v=FMxLQPHnuZA&t=174","high","criterion","1","6","0","","","","",""
"billy-crudup","defending-your-life","213","https://www.youtube.com/watch?v=FMxLQPHnuZA&t=213","high","criterion","1","7","0","","","","",""
"billy-crudup","matewan","241","https://www.youtube.com/watch?v=FMxLQPHnuZA&t=241","high","criterion","1","8","0","","","","",""
"nick-offerman","heart-of-a-dog","22","https://www.youtube.com/watch?v=Ti-nujcoKnk&t=22","high","criterion","1","1","0","","","","",""
"nick-offerman","rashomon","55","https://www.youtube.com/watch?v=Ti-nujcoKnk&t=55","high","criterion","1","2","0","","","","",""
"nick-offerman","kes","85","https://www.youtube.com/watch?v=Ti-nujcoKnk&t=85","high","criterion","1","3","0","","","","",""
"nick-offerman","dead-man","126","https://www.youtube.com/watch?v=Ti-nujcoKnk&t=126","high","criterion","1","4","0","","","","",""
"nick-offerman","a-room-with-a-view","173","https://www.youtube.com/watch?v=Ti-nujcoKnk&t=173","high","criterion","1","5","0","","","","",""
"june-squibb","seven-samurai","7","https://www.youtube.com/watch?v=K0nb9ECXdGE&t=7","high","criterion","1","1","0","","","","",""
"june-squibb","diabolique","44","https://www.youtube.com/watch?v=K0nb9ECXdGE&t=44","high","criterion","1","2","0","","","","",""
"june-squibb","children-of-paradise","69","https://www.youtube.com/watch?v=K0nb9ECXdGE&t=69","high","criterion","1","3","0","","","","",""
"june-squibb","shaft","91","https://www.youtube.com/watch?v=K0nb9ECXdGE&t=91","high","criterion","1","4","0","","","","",""
"june-squibb","buena-vista-social-club","115","https://www.youtube.com/watch?v=K0nb9ECXdGE&t=115","high","criterion","1","5","0","","","","",""
"june-squibb","paris-is-burning","117","https://www.youtube.com/watch?v=K0nb9ECXdGE&t=117","high","criterion","1","6","0","","","","",""
"june-squibb","the-age-of-innocence","149","https://www.youtube.com/watch?v=K0nb9ECXdGE&t=149","high","criterion","1","7","0","","","","",""
"june-squibb","yojimbo-sanjuro-two-samurai-films-by-akira-kurosawa","15","https://www.youtube.com/watch?v=K0nb9ECXdGE&t=15","high","criterion","1","8","1","Yojimbo / Sanjuro: Two Samurai Films by Akira Kurosawa","2","https://www.criterion.com/boxsets/590-yojimbo-sanjuro-two-samurai-films-by-akira-kurosawa","",""
"june-squibb","godzilla-the-showa-era-films-19541975","200","https://www.youtube.com/watch?v=K0nb9ECXdGE&t=200","high","criterion","1","9","1","Godzilla: The Showa-Era Films, 1954–1975","15","https://www.criterion.com/boxsets/2648-godzilla-the-showa-era-films-1954-1975","",""
"diane-kruger","easy-rider","78","https://www.youtube.com/watch?v=Y8ZAGd2IBaU&t=78","high","criterion","1","1","0","","","","",""
"diane-kruger","fish-tank","128","https://www.youtube.com/watch?v=Y8ZAGd2IBaU&t=128","high","criterion","1","2","0","","","","",""
"diane-kruger","fa-yeung-nin-wa","153","https://www.youtube.com/watch?v=Y8ZAGd2IBaU&t=153","high","criterion","1","3","0","","","","",""
"diane-kruger","crash","187","https://www.youtube.com/watch?v=Y8ZAGd2IBaU&t=187","high","criterion","1","4","0","","","","",""
"diane-kruger","dietrich-von-sternberg-in-hollywood-box-set","12","https://www.youtube.com/watch?v=Y8ZAGd2IBaU&t=12","high","criterion","1","5","1","Dietrich & von Sternberg in Hollywood","6","https://www.criterion.com/boxsets/1329-dietrich-von-sternberg-in-hollywood","",""
"cillian-murphy","la-piscine","14","https://www.youtube.com/watch?v=v4Ze7Yo9jgY&t=14","high","criterion","1","1","0","","","","",""
"cillian-murphy","rosetta","40","https://www.youtube.com/watch?v=v4Ze7Yo9jgY&t=40","high","criterion","1","2","0","","","","",""
"cillian-murphy","code-unknown","188","https://www.youtube.com/watch?v=v4Ze7Yo9jgY&t=188","high","criterion","1","3","0","","","","",""
"cillian-murphy","john-cassavetes-five-films","111","https://www.youtube.com/watch?v=v4Ze7Yo9jgY&t=111","high","criterion","1","4","1","John Cassavetes: Five Films","5","https://www.criterion.com/boxsets/558-john-cassavetes-five-films","",""
"cillian-murphy","the-wes-anderson-archive-ten-films-twenty-five-years","253","https://www.youtube.com/watch?v=v4Ze7Yo9jgY&t=253","high","criterion","1","5","1","The Wes Anderson Archive: Ten Films, Twenty-Five Years","10","https://www.criterion.com/boxsets/8208-the-wes-anderson-archive-ten-films-twenty-five-years","",""
"amy-irving","the-great-escape","23","https://www.youtube.com/watch?v=SNT0QRnkN3I&t=23","high","criterion","1","1","0","","","","",""
"amy-irving","blue-velvet","79","https://www.youtube.com/watch?v=SNT0QRnkN3I&t=79","high","criterion","1","2","0","","","","",""
"amy-irving","cries-and-whispers","107","https://www.youtube.com/watch?v=SNT0QRnkN3I&t=107","high","criterion","1","3","1","Ingmar Bergman's Cinema","","","",""
"amy-irving","thief","144","https://www.youtube.com/watch?v=SNT0QRnkN3I&t=144","high","criterion","1","4","0","","","","",""
"amy-irving","days-of-heaven","181","https://www.youtube.com/watch?v=SNT0QRnkN3I&t=181","high","criterion","1","5","0","","","","",""
"amy-irving","crossing-delancey","12","https://www.youtube.com/watch?v=SNT0QRnkN3I&t=12","high","criterion","1","6","0","","","","",""
"amy-irving","la-regle-du-jeu","260","https://www.youtube.com/watch?v=SNT0QRnkN3I&t=260","high","criterion","1","7","0","","","","",""
"amy-irving","le-petit-soldat","265","https://www.youtube.com/watch?v=SNT0QRnkN3I&t=265","high","criterion","1","8","0","","","","",""
"amy-irving","the-ranown-westerns-five-films-directed-by-budd-boetticher","223","https://www.youtube.com/watch?v=SNT0QRnkN3I&t=223","high","criterion","1","9","1","The Ranown Westerns: Five Films Directed by Budd Boetticher","5","https://www.criterion.com/boxsets/6702-the-ranown-westerns-five-films-directed-by-budd-boetticher","",""
"anohni","jubilee","12","https://www.youtube.com/watch?v=ty13anJtnV4&t=12","high","criterion","1","1","0","","","","",""
"anohni","night-and-fog","31","https://www.youtube.com/watch?v=ty13anJtnV4&t=31","high","criterion","1","2","0","","","","",""
"anohni","the-times-of-harvey-milk","65","https://www.youtube.com/watch?v=ty13anJtnV4&t=65","high","criterion","1","3","0","","","","",""
"anohni","paris-is-burning","131","https://www.youtube.com/watch?v=ty13anJtnV4&t=131","high","criterion","1","4","0","","","","",""
"anohni","1984","164","https://www.youtube.com/watch?v=ty13anJtnV4&t=164","high","criterion","1","5","0","","","","",""
"anohni","science-is-fiction-23-films-by-jean-painleve","215","https://www.youtube.com/watch?v=ty13anJtnV4&t=215","high","criterion","1","6","0","","","","",""
"anohni","three-silent-classics-by-josef-von-sternberg","92","https://www.youtube.com/watch?v=ty13anJtnV4&t=92","high","criterion","1","7","1","3 Silent Classics by Josef von Sternberg","3","https://www.criterion.com/boxsets/744-3-silent-classics-by-josef-von-sternberg","",""
"marion-cotillard","fanfan-la-tulipe","10","https://www.youtube.com/watch?v=sPP5CuNVNU8&t=10","high","criterion","1","1","0","","","","",""
"marion-cotillard","the-great-dictator","44","https://www.youtube.com/watch?v=sPP5CuNVNU8&t=44","high","criterion","1","2","0","","","","",""
"marion-cotillard","hedwig-and-the-angry-inch","92","https://www.youtube.com/watch?v=sPP5CuNVNU8&t=92","high","criterion","1","3","0","","","","",""
"marion-cotillard","the-complete-films-of-agnes-varda","159","https://www.youtube.com/watch?v=sPP5CuNVNU8&t=159","high","criterion","1","4","1","The Complete Films of Agnès Varda","22","https://www.criterion.com/boxsets/3432-the-complete-films-of-agnes-varda","",""
"alicia-silverstone","hedwig-and-the-angry-inch","13","https://www.youtube.com/watch?v=Rb096RLBiZI&t=13","high","criterion","1","1","0","","","","",""
"alicia-silverstone","blow-up","29","https://www.youtube.com/watch?v=Rb096RLBiZI&t=29","high","criterion","1","2","0","","","","",""
"alicia-silverstone","secrets-lies","68","https://www.youtube.com/watch?v=Rb096RLBiZI&t=68","high","criterion","1","3","0","","","","",""
"alicia-silverstone","smooth-talk","103","https://www.youtube.com/watch?v=Rb096RLBiZI&t=103","high","criterion","1","4","0","","","","",""
"alicia-silverstone","it-happened-one-night","168","https://www.youtube.com/watch?v=Rb096RLBiZI&t=168","high","criterion","1","5","0","","","","",""
"alicia-silverstone","paper-moon","184","https://www.youtube.com/watch?v=Rb096RLBiZI&t=184","high","criterion","1","6","0","","","","",""
"alicia-silverstone","all-about-eve","209","https://www.youtube.com/watch?v=Rb096RLBiZI&t=209","high","criterion","1","7","0","","","","",""
"josh-brolin","mikey-and-nicky","15","https://www.youtube.com/watch?v=7FdeJX23RHw&t=15","high","criterion","1","1","0","","","","",""
"josh-brolin","traffic","48","https://www.youtube.com/watch?v=7FdeJX23RHw&t=48","high","criterion","1","2","0","","","","",""
"josh-brolin","lost-highway","80","https://www.youtube.com/watch?v=7FdeJX23RHw&t=80","high","criterion","1","3","0","","","","",""
"josh-brolin","repo-man","111","https://www.youtube.com/watch?v=7FdeJX23RHw&t=111","high","criterion","1","4","0","","","","",""
"josh-brolin","sid-nancy","124","https://www.youtube.com/watch?v=7FdeJX23RHw&t=124","high","criterion","1","5","0","","","","",""
"josh-brolin","drugstore-cowboy","171","https://www.youtube.com/watch?v=7FdeJX23RHw&t=171","high","criterion","1","6","0","","","","",""
"josh-brolin","no-country-for-old-men","198","https://www.youtube.com/watch?v=7FdeJX23RHw&t=198","high","criterion","1","7","0","","","","",""
"judd-apatow","george-washington","18","https://www.youtube.com/watch?v=pnzdSo4vkck&t=18","high","criterion","1","1","0","","","","",""
"judd-apatow","fast-times-at-ridgemont-high","61","https://www.youtube.com/watch?v=pnzdSo4vkck&t=61","high","criterion","1","2","0","","","","",""
"judd-apatow","defending-your-life","82","https://www.youtube.com/watch?v=pnzdSo4vkck&t=82","high","criterion","1","3","0","","","","",""
"judd-apatow","original-cast-album-company","101","https://www.youtube.com/watch?v=pnzdSo4vkck&t=101","high","criterion","1","4","0","","","","",""
"judd-apatow","tootsie","118","https://www.youtube.com/watch?v=pnzdSo4vkck&t=118","high","criterion","1","5","0","","","","",""
"judd-apatow","the-life-aquatic-with-steve-zissou","146","https://www.youtube.com/watch?v=pnzdSo4vkck&t=146","high","criterion","1","6","0","","","","",""
"judd-apatow","fa-yeung-nin-wa","164","https://www.youtube.com/watch?v=pnzdSo4vkck&t=164","high","criterion","1","7","0","","","","",""
"judd-apatow","the-age-of-innocence","177","https://www.youtube.com/watch?v=pnzdSo4vkck&t=177","high","criterion","1","8","0","","","","",""
"judd-apatow","guillermo-del-toros-pinocchio","200","https://www.youtube.com/watch?v=pnzdSo4vkck&t=200","high","criterion","1","9","0","","","","",""
"judd-apatow","kameradschaft","233","https://www.youtube.com/watch?v=pnzdSo4vkck&t=233","high","criterion","1","10","0","","","","",""
"judd-apatow","john-cassavetes-five-films","35","https://www.youtube.com/watch?v=pnzdSo4vkck&t=35","high","criterion","1","11","1","John Cassavetes: Five Films","5","https://www.criterion.com/boxsets/558-john-cassavetes-five-films","",""
"david-byrne","the-color-of-pomegranates","51","https://www.youtube.com/watch?v=Hp2jZ7epT6s&t=51","high","criterion","1","1","0","","","","",""
"david-byrne","dead-man","84","https://www.youtube.com/watch?v=Hp2jZ7epT6s&t=84","high","criterion","1","2","0","","","","",""
"david-byrne","a-matter-of-life-and-death","134","https://www.youtube.com/watch?v=Hp2jZ7epT6s&t=134","high","criterion","1","3","0","","","","",""
"david-byrne","the-39-steps","208","https://www.youtube.com/watch?v=Hp2jZ7epT6s&t=208","high","criterion","1","4","0","","","","",""
"david-byrne","true-stories","247","https://www.youtube.com/watch?v=Hp2jZ7epT6s&t=247","high","criterion","1","5","0","","","","",""
"david-byrne","the-complete-jacques-tati","7","https://www.youtube.com/watch?v=Hp2jZ7epT6s&t=7","high","criterion","1","6","1","The Complete Jacques Tati","6","https://www.criterion.com/boxsets/1069-the-complete-jacques-tati","",""
"matt-dillon","touki-bouki","9","https://www.youtube.com/watch?v=dztz_rQrOGM&t=9","high","criterion","1","1","0","","","","",""
"matt-dillon","white-material","39","https://www.youtube.com/watch?v=dztz_rQrOGM&t=39","high","criterion","1","2","0","","","","",""
"matt-dillon","le-salaire-de-la-peur","73","https://www.youtube.com/watch?v=dztz_rQrOGM&t=73","high","criterion","1","3","0","","","","",""
"matt-dillon","memories-of-underdevelopment","108","https://www.youtube.com/watch?v=dztz_rQrOGM&t=108","high","criterion","1","4","0","","","","",""
"matt-dillon","pickup-on-south-street","152","https://www.youtube.com/watch?v=dztz_rQrOGM&t=152","high","criterion","1","5","0","","","","",""
"matt-dillon","drugstore-cowboy","167","https://www.youtube.com/watch?v=dztz_rQrOGM&t=167","high","criterion","1","6","0","","","","",""
"matt-dillon","pasolini-101","188","https://www.youtube.com/watch?v=dztz_rQrOGM&t=188","high","criterion","1","7","1","Pasolini 101","9","https://www.criterion.com/boxsets/6588-pasolini-101","",""
"betsey-johnson","the-red-shoes","13","https://www.youtube.com/watch?v=BlsETid3hSw&t=13","high","criterion","1","1","0","","","","",""
"betsey-johnson","moonstruck","49","https://www.youtube.com/watch?v=BlsETid3hSw&t=49","high","criterion","1","2","0","","","","",""
"betsey-johnson","the-silence-of-the-lambs","81","https://www.youtube.com/watch?v=BlsETid3hSw&t=81","high","criterion","1","3","0","","","","",""
"betsey-johnson","blue-velvet","112","https://www.youtube.com/watch?v=BlsETid3hSw&t=112","high","criterion","1","4","0","","","","",""
"betsey-johnson","mccabe-mrs-miller","162","https://www.youtube.com/watch?v=BlsETid3hSw&t=162","high","criterion","1","5","0","","","","",""
"peter-wolf","chimes-at-midnight","8","https://www.youtube.com/watch?v=rib1VHrBTdk&t=8","high","criterion","1","1","0","","","","",""
"peter-wolf","i-know-where-im-going","49","https://www.youtube.com/watch?v=rib1VHrBTdk&t=49","high","criterion","1","2","0","","","","",""
"peter-wolf","elevator-to-the-gallows","77","https://www.youtube.com/watch?v=rib1VHrBTdk&t=77","high","criterion","1","3","0","","","","",""
"peter-wolf","the-earrings-of-madame-de","115","https://www.youtube.com/watch?v=rib1VHrBTdk&t=115","high","criterion","1","4","0","","","","",""
"peter-wolf","band-of-outsiders","151","https://www.youtube.com/watch?v=rib1VHrBTdk&t=151","high","criterion","1","5","0","","","","",""
"peter-wolf","seven-samurai","194","https://www.youtube.com/watch?v=rib1VHrBTdk&t=194","high","criterion","1","6","0","","","","",""
"margaret-qualley","beau-travail","9","https://www.youtube.com/watch?v=Ddh6FBvHFi0&t=9","high","criterion","1","1","0","","","","",""
"margaret-qualley","to-die-for","33","https://www.youtube.com/watch?v=Ddh6FBvHFi0&t=33","high","criterion","1","2","0","","","","",""
"margaret-qualley","punch-drunk-love","66","https://www.youtube.com/watch?v=Ddh6FBvHFi0&t=66","high","criterion","1","3","0","","","","",""
"margaret-qualley","all-about-eve","110","https://www.youtube.com/watch?v=Ddh6FBvHFi0&t=110","high","criterion","1","4","0","","","","",""
"margaret-qualley","all-that-jazz","115","https://www.youtube.com/watch?v=Ddh6FBvHFi0&t=115","high","criterion","1","5","0","","","","",""
"margaret-qualley","thelma-louise","132","https://www.youtube.com/watch?v=Ddh6FBvHFi0&t=132","high","criterion","1","6","0","","","","",""
"rza","mikey-and-nicky","103","https://www.youtube.com/watch?v=4BOvz4Z6eM8&t=103","high","criterion","1","1","0","","","","",""
"rza","down-by-law","155","https://www.youtube.com/watch?v=4BOvz4Z6eM8&t=155","high","criterion","1","2","0","","","","",""
"rza","ghost-dog-the-way-of-the-samurai","190","https://www.youtube.com/watch?v=4BOvz4Z6eM8&t=190","high","criterion","1","3","0","","","","",""
"rza","on-the-waterfront","213","https://www.youtube.com/watch?v=4BOvz4Z6eM8&t=213","high","criterion","1","4","0","","","","",""
"rza","la-haine","250","https://www.youtube.com/watch?v=4BOvz4Z6eM8&t=250","high","criterion","1","5","0","","","","",""
"rza","bruce-lee-his-greatest-hits-box-set","11","https://www.youtube.com/watch?v=4BOvz4Z6eM8&t=11","high","criterion","1","6","1","Bruce Lee: His Greatest Hits","5","https://www.criterion.com/boxsets/3205-bruce-lee-his-greatest-hits","",""
"rza","once-upon-a-time-in-china-the-complete-films","53","https://www.youtube.com/watch?v=4BOvz4Z6eM8&t=53","high","criterion","1","7","1","Once Upon a Time in China: The Complete Films","5","https://www.criterion.com/boxsets/5026-once-upon-a-time-in-china-the-complete-films","",""
"rza","john-cassavetes-five-films","141","https://www.youtube.com/watch?v=4BOvz4Z6eM8&t=141","high","criterion","1","8","1","John Cassavetes: Five Films","5","https://www.criterion.com/boxsets/558-john-cassavetes-five-films","",""
"rza","melvin-van-peebles-essential-films","279","https://www.youtube.com/watch?v=4BOvz4Z6eM8&t=279","high","criterion","1","9","1","Melvin Van Peebles: Essential Films","4","https://www.criterion.com/boxsets/4787-melvin-van-peebles-essential-films","",""
"harris-dickinson","life-is-sweet","11","https://www.youtube.com/watch?v=mUrp1Czlkzk&t=11","high","criterion","1","1","0","","","","",""
"harris-dickinson","the-life-of-oharu","35","https://www.youtube.com/watch?v=mUrp1Czlkzk&t=35","high","criterion","1","2","0","","","","",""
"harris-dickinson","manila-in-the-claws-of-light","105","https://www.youtube.com/watch?v=mUrp1Czlkzk&t=105","high","criterion","1","3","0","","","","",""
"harris-dickinson","gummo","140","https://www.youtube.com/watch?v=mUrp1Czlkzk&t=140","high","criterion","1","4","0","","","","",""
"harris-dickinson","to-die-for","170","https://www.youtube.com/watch?v=mUrp1Czlkzk&t=170","high","criterion","1","5","0","","","","",""
"harris-dickinson","the-long-good-friday","199","https://www.youtube.com/watch?v=mUrp1Czlkzk&t=199","high","criterion","1","6","0","","","","",""
"harris-dickinson","yi-yi","245","https://www.youtube.com/watch?v=mUrp1Czlkzk&t=245","high","criterion","1","7","0","","","","",""
"harris-dickinson","martin-scorsese-s-world-cinema-project-no-2","65","https://www.youtube.com/watch?v=mUrp1Czlkzk&t=65","high","criterion","1","8","1","Martin Scorsese's World Cinema Project No. 2","6","https://www.criterion.com/boxsets/1258-martin-scorsese-s-world-cinema-project-no-2","",""
"tunde-adebimpe","akira-kurosawas-dreams","14","https://www.youtube.com/watch?v=2sGGq2NxN10&t=14","high","criterion","1","1","0","","","","",""
"tunde-adebimpe","812","57","https://www.youtube.com/watch?v=2sGGq2NxN10&t=57","high","criterion","1","2","1","Essential Fellini","","","",""
"tunde-adebimpe","true-stories","104","https://www.youtube.com/watch?v=2sGGq2NxN10&t=104","high","criterion","1","3","0","","","","",""
"tunde-adebimpe","black-girl","143","https://www.youtube.com/watch?v=2sGGq2NxN10&t=143","high","criterion","1","4","0","","","","",""
"tunde-adebimpe","pariah","171","https://www.youtube.com/watch?v=2sGGq2NxN10&t=171","high","criterion","1","5","0","","","","",""
"tunde-adebimpe","the-silence-of-the-lambs","201","https://www.youtube.com/watch?v=2sGGq2NxN10&t=201","high","criterion","1","6","0","","","","",""
"tunde-adebimpe","by-brakhage-an-anthology-volumes-one-and-two","82","https://www.youtube.com/watch?v=2sGGq2NxN10&t=82","high","criterion","1","7","1","By Brakhage: An Anthology, Volumes One and Two","2","https://www.criterion.com/boxsets/722-by-brakhage-an-anthology-volumes-one-and-two","",""
"tunde-adebimpe","godzilla-the-showa-era-films-19541975","231","https://www.youtube.com/watch?v=2sGGq2NxN10&t=231","high","criterion","1","8","1","Godzilla: The Showa-Era Films, 1954–1975","15","https://www.criterion.com/boxsets/2648-godzilla-the-showa-era-films-1954-1975","",""
"bowen-yang","multiple-maniacs","79","https://www.youtube.com/watch?v=CWsXjptCScU&t=79","high","criterion","1","1","0","","","","",""
"bowen-yang","all-about-eve","117","https://www.youtube.com/watch?v=CWsXjptCScU&t=117","high","criterion","1","2","0","","","","",""
"bowen-yang","real-life","151","https://www.youtube.com/watch?v=CWsXjptCScU&t=151","high","criterion","1","3","0","","","","",""
"bowen-yang","the-last-days-of-disco","183","https://www.youtube.com/watch?v=CWsXjptCScU&t=183","high","criterion","1","4","0","","","","",""
"bowen-yang","mystery-train","247","https://www.youtube.com/watch?v=CWsXjptCScU&t=247","high","criterion","1","5","0","","","","",""
"bowen-yang","paris-texas","277","https://www.youtube.com/watch?v=CWsXjptCScU&t=277","high","criterion","1","6","0","","","","",""
"bowen-yang","police-story-police-story-2","27","https://www.youtube.com/watch?v=CWsXjptCScU&t=27","high","criterion","1","7","1","Police Story / Police Story 2","2","https://www.criterion.com/boxsets/1554-police-story-police-story-2","",""
"bowen-yang","the-complete-films-of-agnes-varda","305","https://www.youtube.com/watch?v=CWsXjptCScU&t=305","high","criterion","1","8","1","The Complete Films of Agnès Varda","22","https://www.criterion.com/boxsets/3432-the-complete-films-of-agnes-varda","",""
"bowen-yang","godzilla-the-showa-era-films-19541975","314","https://www.youtube.com/watch?v=CWsXjptCScU&t=314","high","criterion","1","9","1","Godzilla: The Showa-Era Films, 1954–1975","15","https://www.criterion.com/boxsets/2648-godzilla-the-showa-era-films-1954-1975","",""
"joel-kim-booster","the-philadelphia-story","16","https://www.youtube.com/watch?v=G-GfwsmtLn8&t=16","high","criterion","1","1","0","","","","",""
"joel-kim-booster","the-big-chill","52","https://www.youtube.com/watch?v=G-GfwsmtLn8&t=52","high","criterion","1","2","0","","","","",""
"joel-kim-booster","the-others","76","https://www.youtube.com/watch?v=G-GfwsmtLn8&t=76","high","criterion","1","3","0","","","","",""
"joel-kim-booster","sound-of-metal","123","https://www.youtube.com/watch?v=G-GfwsmtLn8&t=123","high","criterion","1","4","0","","","","",""
"joel-kim-booster","fa-yeung-nin-wa","203","https://www.youtube.com/watch?v=G-GfwsmtLn8&t=203","high","criterion","1","5","0","","","","",""
"joel-kim-booster","hedwig-and-the-angry-inch","285","https://www.youtube.com/watch?v=G-GfwsmtLn8&t=285","high","criterion","1","6","0","","","","",""
"joel-kim-booster","godzilla-the-showa-era-films-19541975","155","https://www.youtube.com/watch?v=G-GfwsmtLn8&t=155","high","criterion","1","7","1","Godzilla: The Showa-Era Films, 1954–1975","15","https://www.criterion.com/boxsets/2648-godzilla-the-showa-era-films-1954-1975","",""
"gina-gershon","dont-look-now","17","https://www.youtube.com/watch?v=Rz6_8c617Ik&t=17","high","criterion","1","1","0","","","","",""
"gina-gershon","bound","60","https://www.youtube.com/watch?v=Rz6_8c617Ik&t=60","high","criterion","1","2","0","","","","",""
"gina-gershon","brazil","82","https://www.youtube.com/watch?v=Rz6_8c617Ik&t=82","high","criterion","1","3","0","","","","",""
"gina-gershon","lola-montes","124","https://www.youtube.com/watch?v=Rz6_8c617Ik&t=124","high","criterion","1","4","0","","","","",""
"gina-gershon","the-seventh-seal","190","https://www.youtube.com/watch?v=Rz6_8c617Ik&t=190","high","criterion","1","5","1","Ingmar Bergman's Cinema","","","",""
"gina-gershon","the-friends-of-eddie-coyle","245","https://www.youtube.com/watch?v=Rz6_8c617Ik&t=245","high","criterion","1","6","0","","","","",""
"gina-gershon","godzilla-the-showa-era-films-19541975","155","https://www.youtube.com/watch?v=Rz6_8c617Ik&t=155","high","criterion","1","7","1","Godzilla: The Showa-Era Films, 1954–1975","15","https://www.criterion.com/boxsets/2648-godzilla-the-showa-era-films-1954-1975","",""
"daniels","tampopo","166","https://www.youtube.com/watch?v=ZpZXgO_3vN4&t=166","high","criterion","1","1","0","","","","",""
"daniels","malcolm-x","238","https://www.youtube.com/watch?v=ZpZXgO_3vN4&t=238","high","criterion","1","2","0","","","","",""
"daniels","repo-man","271","https://www.youtube.com/watch?v=ZpZXgO_3vN4&t=271","high","criterion","1","3","0","","","","",""
"daniels","police-story-police-story-2","79","https://www.youtube.com/watch?v=ZpZXgO_3vN4&t=79","high","criterion","1","4","1","Police Story / Police Story 2","2","https://www.criterion.com/boxsets/1554-police-story-police-story-2","",""
"daniels","godzilla-the-showa-era-films-19541975","133","https://www.youtube.com/watch?v=ZpZXgO_3vN4&t=133","high","criterion","1","5","1","Godzilla: The Showa-Era Films, 1954–1975","15","https://www.criterion.com/boxsets/2648-godzilla-the-showa-era-films-1954-1975","",""
"daniels","the-before-trilogy","11","https://www.youtube.com/watch?v=ZpZXgO_3vN4&t=11","high","criterion","1","6","1","The Before Trilogy","3","https://www.criterion.com/boxsets/1237-the-before-trilogy","",""
"alicia-malone","breaker-morant","9","https://www.youtube.com/watch?v=7QT96iMk0Kw&t=9","high","criterion","1","1","0","","","","",""
"alicia-malone","eraserhead","40","https://www.youtube.com/watch?v=7QT96iMk0Kw&t=40","high","criterion","1","2","0","","","","",""
"alicia-malone","ikiru","84","https://www.youtube.com/watch?v=7QT96iMk0Kw&t=84","high","criterion","1","3","0","","","","",""
"alicia-malone","lady-snowblood","130","https://www.youtube.com/watch?v=7QT96iMk0Kw&t=130","high","criterion","1","4","0","","","","",""
"alicia-malone","weekend-1967","146","https://www.youtube.com/watch?v=7QT96iMk0Kw&t=146","high","criterion","1","5","0","","","","",""
"alicia-malone","gilda","173","https://www.youtube.com/watch?v=7QT96iMk0Kw&t=173","high","criterion","1","6","0","","","","",""
"alicia-malone","his-girl-friday","207","https://www.youtube.com/watch?v=7QT96iMk0Kw&t=207","high","criterion","1","7","0","","","","",""
"alicia-malone","walkabout","231","https://www.youtube.com/watch?v=7QT96iMk0Kw&t=231","high","criterion","1","8","0","","","","",""
"owen-kline","written-on-the-wind","13","https://www.youtube.com/watch?v=zrllJjiEYg8&t=13","high","criterion","1","1","0","","","","",""
"owen-kline","crumb","27","https://www.youtube.com/watch?v=zrllJjiEYg8&t=27","high","criterion","1","2","0","","","","",""
"owen-kline","the-horses-mouth","45","https://www.youtube.com/watch?v=zrllJjiEYg8&t=45","high","criterion","1","3","0","","","","",""
"owen-kline","pickpocket","49","https://www.youtube.com/watch?v=zrllJjiEYg8&t=49","high","criterion","1","4","0","","","","",""
"owen-kline","the-golden-age-of-television","119","https://www.youtube.com/watch?v=zrllJjiEYg8&t=119","high","criterion","1","5","0","","","","",""
"owen-kline","paths-of-glory","128","https://www.youtube.com/watch?v=zrllJjiEYg8&t=128","high","criterion","1","6","0","","","","",""
"owen-kline","the-naked-kiss","152","https://www.youtube.com/watch?v=zrllJjiEYg8&t=152","high","criterion","1","7","0","","","","",""
"owen-kline","the-shootingride-in-the-whirlwind","36","https://www.youtube.com/watch?v=zrllJjiEYg8&t=36","high","criterion","1","8","1","The Shooting/Ride in the Whirlwind","2","https://www.criterion.com/boxsets/1073-the-shooting-ride-in-the-whirlwind","",""
"owen-kline","eclipse-series-33-up-all-night-with-robert-downey-sr","72","https://www.youtube.com/watch?v=zrllJjiEYg8&t=72","high","criterion","1","9","1","Eclipse Series 33: Up All Night with Robert Downey Sr.","5","https://www.criterion.com/boxsets/887-eclipse-series-33-up-all-night-with-robert-downey-sr","",""
"danny-boyle","all-that-jazz","11","https://www.youtube.com/watch?v=Ud1T9R6vy2s&t=11","high","criterion","1","1","0","","","","",""
"danny-boyle","anora","35","https://www.youtube.com/watch?v=Ud1T9R6vy2s&t=35","high","criterion","1","2","0","","","","",""
"danny-boyle","prince-of-broadway","60","https://www.youtube.com/watch?v=Ud1T9R6vy2s&t=60","high","criterion","1","3","0","","","","",""
"danny-boyle","the-grifters","70","https://www.youtube.com/watch?v=Ud1T9R6vy2s&t=70","high","criterion","1","4","0","","","","",""
"danny-boyle","fish-tank","106","https://www.youtube.com/watch?v=Ud1T9R6vy2s&t=106","high","criterion","1","5","0","","","","",""
"danny-boyle","blood-simple","180","https://www.youtube.com/watch?v=Ud1T9R6vy2s&t=180","high","criterion","1","6","0","","","","",""
"danny-boyle","i-am-cuba","224","https://www.youtube.com/watch?v=Ud1T9R6vy2s&t=224","high","criterion","1","7","0","","","","",""
"danny-boyle","memories-of-underdevelopment","231","https://www.youtube.com/watch?v=Ud1T9R6vy2s&t=231","high","criterion","1","8","0","","","","",""
"barbie-ferreira","videodrome","32","https://www.youtube.com/watch?v=RpttR1gI91Q&t=32","high","criterion","1","1","0","","","","",""
"barbie-ferreira","the-vanishing","47","https://www.youtube.com/watch?v=RpttR1gI91Q&t=47","high","criterion","1","2","0","","","","",""
"barbie-ferreira","my-own-private-idaho","59","https://www.youtube.com/watch?v=RpttR1gI91Q&t=59","high","criterion","1","3","0","","","","",""
"barbie-ferreira","drugstore-cowboy","64","https://www.youtube.com/watch?v=RpttR1gI91Q&t=64","high","criterion","1","4","0","","","","",""
"barbie-ferreira","mildred-pierce","80","https://www.youtube.com/watch?v=RpttR1gI91Q&t=80","high","criterion","1","5","0","","","","",""
"barbie-ferreira","betty-blue","91","https://www.youtube.com/watch?v=RpttR1gI91Q&t=91","high","criterion","1","6","0","","","","",""
"barbie-ferreira","polyester","112","https://www.youtube.com/watch?v=RpttR1gI91Q&t=112","high","criterion","1","7","0","","","","",""
"barbie-ferreira","red-desert","164","https://www.youtube.com/watch?v=RpttR1gI91Q&t=164","high","criterion","1","8","0","","","","",""
"barbie-ferreira","safe","170","https://www.youtube.com/watch?v=RpttR1gI91Q&t=170","high","criterion","1","9","0","","","","",""
"barbie-ferreira","john-cassavetes-five-films","98","https://www.youtube.com/watch?v=RpttR1gI91Q&t=98","high","criterion","1","10","1","John Cassavetes: Five Films","5","https://www.criterion.com/boxsets/558-john-cassavetes-five-films","",""
"barbie-ferreira","gregg-arakis-teen-apocalypse-trilogy","127","https://www.youtube.com/watch?v=RpttR1gI91Q&t=127","high","criterion","1","11","1","Gregg Araki's Teen Apocalypse Trilogy","3","https://www.criterion.com/boxsets/7581-gregg-araki-s-teen-apocalypse-trilogy","",""
"simon-pegg","my-life-as-a-dog","13","https://www.youtube.com/watch?v=vIYr2eAlazo&t=13","high","criterion","1","1","0","","","","",""
"simon-pegg","night-of-the-living-dead","47","https://www.youtube.com/watch?v=vIYr2eAlazo&t=47","high","criterion","1","2","0","","","","",""
"simon-pegg","quadrophenia","140","https://www.youtube.com/watch?v=vIYr2eAlazo&t=140","high","criterion","1","3","0","","","","",""
"simon-pegg","blue-velvet","201","https://www.youtube.com/watch?v=vIYr2eAlazo&t=201","high","criterion","1","4","0","","","","",""
"lena-dunham","town-bloody-hall","62","https://www.youtube.com/watch?v=PqpRsEF6Gn8&t=62","high","criterion","1","1","0","","","","",""
"lena-dunham","love-basketball","79","https://www.youtube.com/watch?v=PqpRsEF6Gn8&t=79","high","criterion","1","2","0","","","","",""
"lena-dunham","streetwise","95","https://www.youtube.com/watch?v=PqpRsEF6Gn8&t=95","high","criterion","1","3","0","","","","",""
"lena-dunham","my-brilliant-career","136","https://www.youtube.com/watch?v=PqpRsEF6Gn8&t=136","high","criterion","1","4","0","","","","",""
"lena-dunham","the-daytrippers","154","https://www.youtube.com/watch?v=PqpRsEF6Gn8&t=154","high","criterion","1","5","0","","","","",""
"lena-dunham","okja","193","https://www.youtube.com/watch?v=PqpRsEF6Gn8&t=193","high","criterion","1","6","0","","","","",""
"lena-dunham","night-on-earth","231","https://www.youtube.com/watch?v=PqpRsEF6Gn8&t=231","high","criterion","1","7","0","","","","",""
"lena-dunham","defending-your-life","242","https://www.youtube.com/watch?v=PqpRsEF6Gn8&t=242","high","criterion","1","8","0","","","","",""
"lena-dunham","wanda","0","","none","criterion","1","9","0","","","","",""
"david-cronenberg","la-strada","25","https://www.youtube.com/watch?v=UUM9Wrn2F3c&t=25","high","criterion","1","1","1","Essential Fellini","","","",""
"david-cronenberg","odd-man-out","116","https://www.youtube.com/watch?v=UUM9Wrn2F3c&t=116","high","criterion","1","2","0","","","","",""
"david-cronenberg","eraserhead","169","https://www.youtube.com/watch?v=UUM9Wrn2F3c&t=169","high","criterion","1","3","0","","","","",""
"david-cronenberg","ingmar-bergmans-cinema","232","https://www.youtube.com/watch?v=UUM9Wrn2F3c&t=232","high","criterion","1","4","1","Ingmar Bergman's Cinema","40","https://www.criterion.com/boxsets/1427-ingmar-bergman-s-cinema","",""
"dick-cavett","the-philadelphia-story","31","https://www.youtube.com/watch?v=9FqyB5edf38&t=31","high","criterion","1","1","0","","","","",""
"dick-cavett","every-man-for-himself","75","https://www.youtube.com/watch?v=9FqyB5edf38&t=75","high","criterion","1","2","0","","","","",""
"dick-cavett","only-angels-have-wings","87","https://www.youtube.com/watch?v=9FqyB5edf38&t=87","high","criterion","1","3","0","","","","",""
"dick-cavett","stagecoach","99","https://www.youtube.com/watch?v=9FqyB5edf38&t=99","high","criterion","1","4","0","","","","",""
"dick-cavett","odd-man-out","145","https://www.youtube.com/watch?v=9FqyB5edf38&t=145","high","criterion","1","5","0","","","","",""
"dick-cavett","husbands","166","https://www.youtube.com/watch?v=9FqyB5edf38&t=166","high","criterion","1","6","0","","","","",""
"dick-cavett","david-lean-directs-noel-coward","119","https://www.youtube.com/watch?v=9FqyB5edf38&t=119","high","criterion","1","7","1","David Lean Directs Noël Coward","4","https://www.criterion.com/boxsets/861-david-lean-directs-noel-coward","",""
"charles-burnett","killer-of-sheep-1978","33","https://www.youtube.com/watch?v=FvEjl2VUT8c&t=33","high","criterion","1","1","0","","","","",""
"charles-burnett","dodeska-den","45","https://www.youtube.com/watch?v=FvEjl2VUT8c&t=45","high","criterion","1","2","0","","","","",""
"charles-burnett","a-day-in-the-country","60","https://www.youtube.com/watch?v=FvEjl2VUT8c&t=60","high","criterion","1","3","0","","","","",""
"charles-burnett","il-posto","93","https://www.youtube.com/watch?v=FvEjl2VUT8c&t=93","high","criterion","1","4","0","","","","",""
"charles-burnett","i-fidanzati","93","https://www.youtube.com/watch?v=FvEjl2VUT8c&t=93","none","criterion","1","5","0","","","","",""
"charles-burnett","double-indemnity","172","https://www.youtube.com/watch?v=FvEjl2VUT8c&t=172","high","criterion","1","6","0","","","","",""
"charles-burnett","melvin-van-peebles-essential-films","7","https://www.youtube.com/watch?v=FvEjl2VUT8c&t=7","high","criterion","1","7","1","Melvin Van Peebles: Essential Films","4","https://www.criterion.com/boxsets/4787-melvin-van-peebles-essential-films","",""
"charles-burnett","three-revolutionary-films-by-ousmane-sembene","143","https://www.youtube.com/watch?v=FvEjl2VUT8c&t=143","high","criterion","1","8","1","Three Revolutionary Films by Ousmane Sembène","3","https://www.criterion.com/boxsets/7304-three-revolutionary-films-by-ousmane-sembene","",""
"charles-burnett","ingmar-bergmans-cinema","198","https://www.youtube.com/watch?v=FvEjl2VUT8c&t=198","high","criterion","1","9","1","Ingmar Bergman's Cinema","40","https://www.criterion.com/boxsets/1427-ingmar-bergman-s-cinema","",""
"rob-delaney","harlan-county-usa","11","https://www.youtube.com/watch?v=lbF3XIDKM8Y&t=11","high","criterion","1","1","0","","","","",""
"rob-delaney","the-umbrellas-of-cherbourg-jacques-demy-box","58","https://www.youtube.com/watch?v=lbF3XIDKM8Y&t=58","high","criterion","1","2","1","Jacques Demy box","","","",""
"rob-delaney","andre-gregory-wallace-shawn-3-films","199","https://www.youtube.com/watch?v=lbF3XIDKM8Y&t=199","high","criterion","1","3","1","André Gregory & Wallace Shawn: 3 Films","3","https://www.criterion.com/boxsets/1110-andre-gregory-wallace-shawn-3-films","",""
"rob-delaney","the-before-trilogy","125","https://www.youtube.com/watch?v=lbF3XIDKM8Y&t=125","high","criterion","1","4","1","The Before Trilogy","3","https://www.criterion.com/boxsets/1237-the-before-trilogy","",""
"ryan-coogler","malcolm-x","13","https://www.youtube.com/watch?v=V_wzBKheKEE&t=13","high","criterion","1","1","0","","","","",""
"ryan-coogler","love-jones","90","https://www.youtube.com/watch?v=V_wzBKheKEE&t=90","high","criterion","1","2","0","","","","",""
"ryan-coogler","thief","118","https://www.youtube.com/watch?v=V_wzBKheKEE&t=118","high","criterion","1","3","0","","","","",""
"ryan-coogler","following","139","https://www.youtube.com/watch?v=V_wzBKheKEE&t=139","high","criterion","1","4","0","","","","",""
"ryan-coogler","seven-samurai","252","https://www.youtube.com/watch?v=V_wzBKheKEE&t=252","high","criterion","1","5","0","","","","",""
"ryan-coogler","late-spring","293","https://www.youtube.com/watch?v=V_wzBKheKEE&t=293","high","criterion","1","6","0","","","","",""
"ryan-coogler","devil-in-a-blue-dress","384","https://www.youtube.com/watch?v=V_wzBKheKEE&t=384","high","criterion","1","7","0","","","","",""
"ryan-coogler","love-basketball","418","https://www.youtube.com/watch?v=V_wzBKheKEE&t=418","high","criterion","1","8","0","","","","",""
"michelle-zauner","a-brighter-summer-day","81","https://www.youtube.com/watch?v=gmeWU8oqy-A&t=81","high","criterion","1","1","0","","","","",""
"michelle-zauner","still-walking","120","https://www.youtube.com/watch?v=gmeWU8oqy-A&t=120","high","criterion","1","2","0","","","","",""
"michelle-zauner","the-spirit-of-the-beehive","224","https://www.youtube.com/watch?v=gmeWU8oqy-A&t=224","high","criterion","1","3","0","","","","",""
"michelle-zauner","essential-fellini","11","https://www.youtube.com/watch?v=gmeWU8oqy-A&t=11","high","criterion","1","4","1","Essential Fellini","14","https://www.criterion.com/boxsets/3626-essential-fellini","",""
"michelle-zauner","martin-scorsese-s-world-cinema-project-no-1","209","https://www.youtube.com/watch?v=gmeWU8oqy-A&t=209","high","criterion","1","5","1","Martin Scorsese's World Cinema Project No. 1","6","https://www.criterion.com/boxsets/1021-martin-scorsese-s-world-cinema-project-no-1","[""A River Called Titas"",""Dry Summer"",""Redes"",""The Housemaid"",""Touki bouki"",""Trances""]",""
"katya-zamolodchikova","mirror","11","https://www.youtube.com/watch?v=SCKxAojIGeg&t=11","high","criterion","1","1","0","","","","",""
"katya-zamolodchikova","all-of-us-strangers","43","https://www.youtube.com/watch?v=SCKxAojIGeg&t=43","high","criterion","1","2","0","","","","",""
"katya-zamolodchikova","belle-de-jour","98","https://www.youtube.com/watch?v=SCKxAojIGeg&t=98","high","criterion","1","3","0","","","","",""
"katya-zamolodchikova","pina","142","https://www.youtube.com/watch?v=SCKxAojIGeg&t=142","high","criterion","1","4","0","","","","",""
"katya-zamolodchikova","tootsie","176","https://www.youtube.com/watch?v=SCKxAojIGeg&t=176","high","criterion","1","5","0","","","","",""
"katya-zamolodchikova","happiness","222","https://www.youtube.com/watch?v=SCKxAojIGeg&t=222","high","criterion","1","6","0","","","","",""
"katya-zamolodchikova","polyester","246","https://www.youtube.com/watch?v=SCKxAojIGeg&t=246","high","criterion","1","7","0","","","","",""
"katya-zamolodchikova","querelle","281","https://www.youtube.com/watch?v=SCKxAojIGeg&t=281","high","criterion","1","8","0","","","","",""
"matias-pineiro","la-cienaga","56","https://www.youtube.com/watch?v=fZB0eT4ayzY&t=56","high","criterion","1","1","0","","","","",""
"matias-pineiro","to-be-or-not-to-be","121","https://www.youtube.com/watch?v=fZB0eT4ayzY&t=121","high","criterion","1","2","0","","","","",""
"matias-pineiro","les-blank-always-for-pleasure","0","","none","criterion","1","3","0","","","","",""
"matias-pineiro","a-day-in-the-country","82","https://www.youtube.com/watch?v=fZB0eT4ayzY&t=82","high","criterion","1","4","0","","","","",""
"matias-pineiro","stage-and-spectacle-three-films-by-jean-renoir","29","https://www.youtube.com/watch?v=fZB0eT4ayzY&t=29","high","criterion","1","5","1","Stage and Spectacle: Three Films by Jean Renoir","3","https://www.criterion.com/boxsets/540-stage-and-spectacle-three-films-by-jean-renoir","",""
"matias-pineiro","3-films-by-roberto-rossellini-starring-ingrid-bergman","68","https://www.youtube.com/watch?v=fZB0eT4ayzY&t=68","high","criterion","1","6","1","3 Films by Roberto Rossellini Starring Ingrid Bergman","3","https://www.criterion.com/boxsets/982-3-films-by-roberto-rossellini-starring-ingrid-bergman","",""
"matias-pineiro","six-moral-tales","191","https://www.youtube.com/watch?v=fZB0eT4ayzY&t=191","high","criterion","1","7","1","Six Moral Tales","6","https://www.criterion.com/boxsets/417-six-moral-tales","",""
"matias-pineiro","the-complete-jean-vigo","256","https://www.youtube.com/watch?v=fZB0eT4ayzY&t=256","high","criterion","1","8","1","The Complete Jean Vigo","3","https://www.criterion.com/boxsets/819-the-complete-jean-vigo","",""
"natasha-lyonne","naked","8","https://www.youtube.com/watch?v=sNUAkiIoTFk&t=8","high","criterion","1","1","0","","","","",""
"natasha-lyonne","hoop-dreams","50","https://www.youtube.com/watch?v=sNUAkiIoTFk&t=50","high","criterion","1","2","0","","","","",""
"natasha-lyonne","heaven-can-wait","52","https://www.youtube.com/watch?v=sNUAkiIoTFk&t=52","high","criterion","1","3","0","","","","",""
"natasha-lyonne","la-strada","60","https://www.youtube.com/watch?v=sNUAkiIoTFk&t=60","high","criterion","1","4","1","Essential Fellini","","","",""
"natasha-lyonne","naked-lunch","61","https://www.youtube.com/watch?v=sNUAkiIoTFk&t=61","high","criterion","1","5","0","","","","",""
"natasha-lyonne","umberto-d","75","https://www.youtube.com/watch?v=sNUAkiIoTFk&t=75","high","criterion","1","6","0","","","","",""
"natasha-lyonne","uncut-gems","80","https://www.youtube.com/watch?v=sNUAkiIoTFk&t=80","high","criterion","1","7","0","","","","",""
"natasha-lyonne","devil-in-a-blue-dress","88","https://www.youtube.com/watch?v=sNUAkiIoTFk&t=88","high","criterion","1","8","0","","","","",""
"natasha-lyonne","raging-bull","91","https://www.youtube.com/watch?v=sNUAkiIoTFk&t=91","high","criterion","1","9","0","","","","",""
"natasha-lyonne","town-bloody-hall","93","https://www.youtube.com/watch?v=sNUAkiIoTFk&t=93","high","criterion","1","10","0","","","","",""
"natasha-lyonne","pickpocket","121","https://www.youtube.com/watch?v=sNUAkiIoTFk&t=121","high","criterion","1","11","0","","","","",""
"natasha-lyonne","sunday-bloody-sunday","140","https://www.youtube.com/watch?v=sNUAkiIoTFk&t=140","high","criterion","1","12","0","","","","",""
"natasha-lyonne","city-lights","164","https://www.youtube.com/watch?v=sNUAkiIoTFk&t=164","high","criterion","1","13","0","","","","",""
"natasha-lyonne","pandoras-box","164","https://www.youtube.com/watch?v=sNUAkiIoTFk&t=164","high","criterion","1","14","0","","","","",""
"natasha-lyonne","sweet-smell-of-success","191","https://www.youtube.com/watch?v=sNUAkiIoTFk&t=191","high","criterion","1","15","0","","","","",""
"natasha-lyonne","jo-jo-dancer-your-life-is-calling","215","https://www.youtube.com/watch?v=sNUAkiIoTFk&t=215","high","criterion","1","16","0","","","","",""
"natasha-lyonne","all-that-jazz","223","https://www.youtube.com/watch?v=sNUAkiIoTFk&t=223","high","criterion","1","17","0","","","","",""
"natasha-lyonne","trilogy-of-life","137","https://www.youtube.com/watch?v=sNUAkiIoTFk&t=137","high","criterion","1","18","1","Trilogy of Life","3","https://www.criterion.com/boxsets/916-trilogy-of-life","",""
"natasha-lyonne","3-films-by-roberto-rossellini-starring-ingrid-bergman","156","https://www.youtube.com/watch?v=sNUAkiIoTFk&t=156","high","criterion","1","19","1","3 Films by Roberto Rossellini Starring Ingrid Bergman","3","https://www.criterion.com/boxsets/982-3-films-by-roberto-rossellini-starring-ingrid-bergman","",""
"natasha-lyonne","six-moral-tales","172","https://www.youtube.com/watch?v=sNUAkiIoTFk&t=172","high","criterion","1","20","1","Six Moral Tales","6","https://www.criterion.com/boxsets/417-six-moral-tales","",""
"questlove","beastie-boys-video-anthology","21","https://www.youtube.com/watch?v=xFuN-Qi-FW4&t=21","high","criterion","1","1","0","","","","",""
"questlove","black-orpheus","41","https://www.youtube.com/watch?v=xFuN-Qi-FW4&t=41","high","criterion","1","2","0","","","","",""
"questlove","gimme-shelter","186","https://www.youtube.com/watch?v=xFuN-Qi-FW4&t=186","high","criterion","1","3","0","","","","",""
"questlove","do-the-right-thing","235","https://www.youtube.com/watch?v=xFuN-Qi-FW4&t=235","high","criterion","1","4","0","","","","",""
"questlove","bamboozled","314","https://www.youtube.com/watch?v=xFuN-Qi-FW4&t=314","high","criterion","1","5","0","","","","",""
"questlove","the-complete-monterey-pop-festival","114","https://www.youtube.com/watch?v=xFuN-Qi-FW4&t=114","high","criterion","1","6","1","The Complete Monterey Pop Festival","2","https://www.criterion.com/boxsets/326-the-complete-monterey-pop-festival","",""
"ben-affleck","la-regle-du-jeu","9","https://www.youtube.com/watch?v=3TJ2BlReus0&t=9","high","criterion","1","1","0","","","","",""
"ben-affleck","millers-crossing","43","https://www.youtube.com/watch?v=3TJ2BlReus0&t=43","high","criterion","1","2","0","","","","",""
"ben-affleck","dazed-and-confused","71","https://www.youtube.com/watch?v=3TJ2BlReus0&t=71","high","criterion","1","3","0","","","","",""
"ben-affleck","badlands","106","https://www.youtube.com/watch?v=3TJ2BlReus0&t=106","high","criterion","1","4","0","","","","",""
"ben-affleck","traffic","130","https://www.youtube.com/watch?v=3TJ2BlReus0&t=130","high","criterion","1","5","0","","","","",""
"ben-affleck","hollywood-shuffle","150","https://www.youtube.com/watch?v=3TJ2BlReus0&t=150","high","criterion","1","6","0","","","","",""
"ben-affleck","trainspotting","171","https://www.youtube.com/watch?v=3TJ2BlReus0&t=171","high","criterion","1","7","0","","","","",""
"ben-affleck","malcolm-x","189","https://www.youtube.com/watch?v=3TJ2BlReus0&t=189","high","criterion","1","8","0","","","","",""
"ben-affleck","bull-durham","206","https://www.youtube.com/watch?v=3TJ2BlReus0&t=206","high","criterion","1","9","0","","","","",""
"ben-affleck","fast-times-at-ridgemont-high","231","https://www.youtube.com/watch?v=3TJ2BlReus0&t=231","high","criterion","1","10","0","","","","",""
"ben-affleck","the-silence-of-the-lambs","259","https://www.youtube.com/watch?v=3TJ2BlReus0&t=259","high","criterion","1","11","0","","","","",""
"ben-affleck","armageddon","293","https://www.youtube.com/watch?v=3TJ2BlReus0&t=293","high","criterion","1","12","0","","","","",""
"ben-affleck","the-elephant-man","334","https://www.youtube.com/watch?v=3TJ2BlReus0&t=334","high","criterion","1","13","0","","","","",""
"rosamund-pike","eclipse","38","https://www.youtube.com/watch?v=fiuHyOtavek&t=38","high","criterion","1","1","0","","","","",""
"rosamund-pike","a-taste-of-honey","74","https://www.youtube.com/watch?v=fiuHyOtavek&t=74","high","criterion","1","2","0","","","","",""
"rosamund-pike","daisies","112","https://www.youtube.com/watch?v=fiuHyOtavek&t=112","high","criterion","1","3","0","","","","",""
"rosamund-pike","loves-of-a-blonde","151","https://www.youtube.com/watch?v=fiuHyOtavek&t=151","high","criterion","1","4","0","","","","",""
"rosamund-pike","mean-streets","205","https://www.youtube.com/watch?v=fiuHyOtavek&t=205","high","criterion","1","5","0","","","","",""
"rosamund-pike","scorsese-shorts","210","https://www.youtube.com/watch?v=fiuHyOtavek&t=210","high","criterion","1","6","0","","","","",""
"rosamund-pike","i-am-curious","9","https://www.youtube.com/watch?v=fiuHyOtavek&t=9","high","criterion","1","7","1","I Am Curious","2","https://www.criterion.com/boxsets/338-i-am-curious","",""
"rosamund-pike","the-complete-films-of-agnes-varda","243","https://www.youtube.com/watch?v=fiuHyOtavek&t=243","high","criterion","1","8","1","The Complete Films of Agnès Varda","22","https://www.criterion.com/boxsets/3432-the-complete-films-of-agnes-varda","",""
"rosanna-arquette","wanda","14","https://www.youtube.com/watch?v=pKgdw6EjmeE&t=14","high","criterion","1","1","0","","","","",""
"rosanna-arquette","working-girls","62","https://www.youtube.com/watch?v=pKgdw6EjmeE&t=62","high","criterion","1","2","0","","","","",""
"rosanna-arquette","crash","89","https://www.youtube.com/watch?v=pKgdw6EjmeE&t=89","high","criterion","1","3","0","","","","",""
"rosanna-arquette","summertime","137","https://www.youtube.com/watch?v=pKgdw6EjmeE&t=137","high","criterion","1","4","0","","","","",""
"rosanna-arquette","shampoo","160","https://www.youtube.com/watch?v=pKgdw6EjmeE&t=160","high","criterion","1","5","0","","","","",""
"rosanna-arquette","the-red-shoes","195","https://www.youtube.com/watch?v=pKgdw6EjmeE&t=195","high","criterion","1","6","0","","","","",""
"rosanna-arquette","klute","217","https://www.youtube.com/watch?v=pKgdw6EjmeE&t=217","high","criterion","1","7","0","","","","",""
"rosanna-arquette","mississippi-masala","255","https://www.youtube.com/watch?v=pKgdw6EjmeE&t=255","high","criterion","1","8","0","","","","",""
"rosanna-arquette","the-complete-films-of-agnes-varda","38","https://www.youtube.com/watch?v=pKgdw6EjmeE&t=38","high","criterion","1","9","1","The Complete Films of Agnès Varda","22","https://www.criterion.com/boxsets/3432-the-complete-films-of-agnes-varda","",""
"kevin-bacon","seven-samurai","6","https://www.youtube.com/watch?v=uMNrdRkZwxw&t=6","high","criterion","1","1","0","","","","",""
"kevin-bacon","the-blob","36","https://www.youtube.com/watch?v=uMNrdRkZwxw&t=36","high","criterion","1","2","0","","","","",""
"kevin-bacon","do-the-right-thing","87","https://www.youtube.com/watch?v=uMNrdRkZwxw&t=87","high","criterion","1","3","0","","","","",""
"kevin-bacon","gimme-shelter","114","https://www.youtube.com/watch?v=uMNrdRkZwxw&t=114","high","criterion","1","4","0","","","","",""
"kevin-bacon","sullivans-travels","150","https://www.youtube.com/watch?v=uMNrdRkZwxw&t=150","high","criterion","1","5","0","","","","",""
"kevin-bacon","the-fugitive-kind","216","https://www.youtube.com/watch?v=uMNrdRkZwxw&t=216","high","criterion","1","6","0","","","","",""
"kevin-bacon","jules-and-jim","277","https://www.youtube.com/watch?v=uMNrdRkZwxw&t=277","high","criterion","1","7","0","","","","",""
"seth-rogen-evan-goldberg","defending-your-life","26","https://www.youtube.com/watch?v=BjY2SluwCME&t=26","high","criterion","1","1","0","","","","",""
"seth-rogen-evan-goldberg","the-daytrippers","41","https://www.youtube.com/watch?v=BjY2SluwCME&t=41","high","criterion","1","2","0","","","","",""
"seth-rogen-evan-goldberg","samurai-spy","68","https://www.youtube.com/watch?v=BjY2SluwCME&t=68","high","criterion","1","3","0","","","","",""
"seth-rogen-evan-goldberg","breathless","100","https://www.youtube.com/watch?v=BjY2SluwCME&t=100","high","criterion","1","4","0","","","","",""
"seth-rogen-evan-goldberg","the-cameraman","110","https://www.youtube.com/watch?v=BjY2SluwCME&t=110","high","criterion","1","5","0","","","","",""
"seth-rogen-evan-goldberg","its-a-mad-mad-mad-mad-world","117","https://www.youtube.com/watch?v=BjY2SluwCME&t=117","high","criterion","1","6","0","","","","",""
"seth-rogen-evan-goldberg","funny-games","143","https://www.youtube.com/watch?v=BjY2SluwCME&t=143","high","criterion","1","7","0","","","","",""
"seth-rogen-evan-goldberg","naked-lunch","153","https://www.youtube.com/watch?v=BjY2SluwCME&t=153","high","criterion","1","8","0","","","","",""
"seth-rogen-evan-goldberg","hedwig-and-the-angry-inch","169","https://www.youtube.com/watch?v=BjY2SluwCME&t=169","high","criterion","1","9","0","","","","",""
"seth-rogen-evan-goldberg","badlands","173","https://www.youtube.com/watch?v=BjY2SluwCME&t=173","high","criterion","1","10","0","","","","",""
"seth-rogen-evan-goldberg","the-cranes-are-flying","197","https://www.youtube.com/watch?v=BjY2SluwCME&t=197","high","criterion","1","11","0","","","","",""
"seth-rogen-evan-goldberg","the-killing","225","https://www.youtube.com/watch?v=BjY2SluwCME&t=225","high","criterion","1","12","0","","","","",""
"seth-rogen-evan-goldberg","the-ice-storm","240","https://www.youtube.com/watch?v=BjY2SluwCME&t=240","high","criterion","1","13","0","","","","",""
"seth-rogen-evan-goldberg","shampoo","278","https://www.youtube.com/watch?v=BjY2SluwCME&t=278","high","criterion","1","14","0","","","","",""
"seth-rogen-evan-goldberg","jackie-chan-emergence-of-a-superstar-box-set","56","https://www.youtube.com/watch?v=BjY2SluwCME&t=56","high","criterion","1","15","1","Jackie Chan: Emergence of a Superstar","6","https://www.criterion.com/boxsets/6970-jackie-chan-emergence-of-a-superstar","",""
"seth-rogen-evan-goldberg","police-story-police-story-2","77","https://www.youtube.com/watch?v=BjY2SluwCME&t=77","high","criterion","1","16","1","Police Story / Police Story 2","2","https://www.criterion.com/boxsets/1554-police-story-police-story-2","",""
"seth-rogen-evan-goldberg","the-complete-jacques-tati","138","https://www.youtube.com/watch?v=BjY2SluwCME&t=138","high","criterion","1","17","1","The Complete Jacques Tati","6","https://www.criterion.com/boxsets/1069-the-complete-jacques-tati","",""
"seth-rogen-evan-goldberg","the-infernal-affairs-trilogy","268","https://www.youtube.com/watch?v=BjY2SluwCME&t=268","high","criterion","1","18","1","The Infernal Affairs Trilogy","3","https://www.criterion.com/boxsets/6276-the-infernal-affairs-trilogy","",""
"mark-rylance","the-hidden-fortress","8","https://www.youtube.com/watch?v=ZwcnZjmh0a8&t=8","high","criterion","1","1","0","","","","",""
"mark-rylance","ikiru","27","https://www.youtube.com/watch?v=ZwcnZjmh0a8&t=27","high","criterion","1","2","0","","","","",""
"mark-rylance","miracle-in-milan","63","https://www.youtube.com/watch?v=ZwcnZjmh0a8&t=63","high","criterion","1","3","0","","","","",""
"mark-rylance","the-tree-of-wooden-clogs","79","https://www.youtube.com/watch?v=ZwcnZjmh0a8&t=79","high","criterion","1","4","0","","","","",""
"mark-rylance","high-sierra","121","https://www.youtube.com/watch?v=ZwcnZjmh0a8&t=121","high","criterion","1","5","0","","","","",""
"mark-rylance","dodeska-den","139","https://www.youtube.com/watch?v=ZwcnZjmh0a8&t=139","high","criterion","1","6","0","","","","",""
"mark-rylance","the-friends-of-eddie-coyle","152","https://www.youtube.com/watch?v=ZwcnZjmh0a8&t=152","high","criterion","1","7","0","","","","",""
"mark-rylance","the-woman-in-the-dunes","192","https://www.youtube.com/watch?v=ZwcnZjmh0a8&t=192","high","criterion","1","8","0","","","","",""
"mark-rylance","after-life","211","https://www.youtube.com/watch?v=ZwcnZjmh0a8&t=211","high","criterion","1","9","0","","","","",""
"mark-rylance","small-axe","103","https://www.youtube.com/watch?v=ZwcnZjmh0a8&t=103","high","criterion","1","10","1","Small Axe","5","https://www.criterion.com/boxsets/6517-small-axe","",""
"carrie-coon","naked","10","https://www.youtube.com/watch?v=CgaVmNJscms&t=10","high","criterion","1","1","0","","","","",""
"carrie-coon","the-mother-and-the-whore","25","https://www.youtube.com/watch?v=CgaVmNJscms&t=25","high","criterion","1","2","0","","","","",""
"carrie-coon","jo-jo-dancer-your-life-is-calling","38","https://www.youtube.com/watch?v=CgaVmNJscms&t=38","high","criterion","1","3","0","","","","",""
"carrie-coon","crossing-delancey","51","https://www.youtube.com/watch?v=CgaVmNJscms&t=51","high","criterion","1","4","0","","","","",""
"carrie-coon","godzilla-vs-biollante","86","https://www.youtube.com/watch?v=CgaVmNJscms&t=86","high","criterion","1","5","0","","","","",""
"carrie-coon","paris-texas","149","https://www.youtube.com/watch?v=CgaVmNJscms&t=149","high","criterion","1","6","0","","","","",""
"carrie-coon","happiness","178","https://www.youtube.com/watch?v=CgaVmNJscms&t=178","high","criterion","1","7","0","","","","",""
"carrie-coon","wanda","204","https://www.youtube.com/watch?v=CgaVmNJscms&t=204","high","criterion","1","8","0","","","","",""
"carrie-coon","the-cremator","225","https://www.youtube.com/watch?v=CgaVmNJscms&t=225","high","criterion","1","9","0","","","","",""
"carrie-coon","mandabi","260","https://www.youtube.com/watch?v=CgaVmNJscms&t=260","high","criterion","1","10","0","","","","",""
"carrie-coon","six-moral-tales","112","https://www.youtube.com/watch?v=CgaVmNJscms&t=112","high","criterion","1","11","1","Six Moral Tales","6","https://www.criterion.com/boxsets/417-six-moral-tales","",""
"carrie-coon","eric-rohmers-tales-of-the-four-seasons","112","https://www.youtube.com/watch?v=CgaVmNJscms&t=112","high","criterion","1","12","1","Eric Rohmer's Tales of the Four Seasons","4","https://www.criterion.com/boxsets/7154-eric-rohmer-s-tales-of-the-four-seasons","",""
"karyn-kusama","the-damned","32","https://www.youtube.com/watch?v=QLOziRIYQZo&t=32","high","criterion","1","1","0","","","","",""
"karyn-kusama","not-a-pretty-picture","53","https://www.youtube.com/watch?v=QLOziRIYQZo&t=53","high","criterion","1","2","0","","","","",""
"karyn-kusama","chilly-scenes-of-winter","93","https://www.youtube.com/watch?v=QLOziRIYQZo&t=93","high","criterion","1","3","0","","","","",""
"karyn-kusama","no-country-for-old-men","143","https://www.youtube.com/watch?v=QLOziRIYQZo&t=143","high","criterion","1","4","0","","","","",""
"karyn-kusama","dogfight","177","https://www.youtube.com/watch?v=QLOziRIYQZo&t=177","high","criterion","1","5","0","","","","",""
"karyn-kusama","three-films-by-luis-bunuel","112","https://www.youtube.com/watch?v=QLOziRIYQZo&t=112","high","criterion","1","6","1","Three Films by Luis Buñuel","3","https://www.criterion.com/boxsets/3900-three-films-by-luis-bunuel","",""
"karyn-kusama","eclipse-series-3-late-ozu","216","https://www.youtube.com/watch?v=QLOziRIYQZo&t=216","high","criterion","1","7","1","Eclipse Series 3: Late Ozu","5","https://www.criterion.com/boxsets/427-eclipse-series-3-late-ozu","",""
"karyn-kusama","the-qatsi-trilogy","251","https://www.youtube.com/watch?v=QLOziRIYQZo&t=251","high","criterion","1","8","1","The Qatsi Trilogy","3","https://www.criterion.com/boxsets/934-the-qatsi-trilogy","",""
"julia-fox","the-virgin-suicides","13","https://www.youtube.com/watch?v=ZbuxEu2EoFI&t=13","high","criterion","1","1","0","","","","",""
"julia-fox","a-face-in-the-crowd","47","https://www.youtube.com/watch?v=ZbuxEu2EoFI&t=47","high","criterion","1","2","0","","","","",""
"julia-fox","grey-gardens","72","https://www.youtube.com/watch?v=ZbuxEu2EoFI&t=72","high","criterion","1","3","0","","","","",""
"julia-fox","tiny-furniture","117","https://www.youtube.com/watch?v=ZbuxEu2EoFI&t=117","high","criterion","1","4","0","","","","",""
"julia-fox","all-about-my-mother","182","https://www.youtube.com/watch?v=ZbuxEu2EoFI&t=182","high","criterion","1","5","0","","","","",""
"julia-fox","ugetsu","296","https://www.youtube.com/watch?v=ZbuxEu2EoFI&t=296","high","criterion","1","6","0","","","","",""
"julia-garner","all-about-eve","6","https://www.youtube.com/watch?v=hsB1e2aV4Vo&t=6","high","criterion","1","1","0","","","","",""
"julia-garner","shampoo","37","https://www.youtube.com/watch?v=hsB1e2aV4Vo&t=37","high","criterion","1","2","0","","","","",""
"julia-garner","do-the-right-thing","68","https://www.youtube.com/watch?v=hsB1e2aV4Vo&t=68","high","criterion","1","3","0","","","","",""
"julia-garner","parasite","87","https://www.youtube.com/watch?v=hsB1e2aV4Vo&t=87","high","criterion","1","4","0","","","","",""
"julia-garner","the-princess-bride","160","https://www.youtube.com/watch?v=hsB1e2aV4Vo&t=160","high","criterion","1","5","0","","","","",""
"julia-garner","wanda","168","https://www.youtube.com/watch?v=hsB1e2aV4Vo&t=168","high","criterion","1","6","0","","","","",""
"julia-garner","lars-von-triers-europe-trilogy","105","https://www.youtube.com/watch?v=hsB1e2aV4Vo&t=105","high","criterion","1","7","1","Lars von Trier's Europe Trilogy","3","https://www.criterion.com/boxsets/6344-lars-von-trier-s-europe-trilogy","",""
"julia-garner","john-cassavetes-five-films","120","https://www.youtube.com/watch?v=hsB1e2aV4Vo&t=120","high","criterion","1","8","1","John Cassavetes: Five Films","5","https://www.criterion.com/boxsets/558-john-cassavetes-five-films","",""
"brady-corbet","the-leopard","25","https://www.youtube.com/watch?v=KYw5P3tmba0&t=25","high","criterion","1","1","0","","","","",""
"brady-corbet","death-in-venice","47","https://www.youtube.com/watch?v=KYw5P3tmba0&t=47","high","criterion","1","2","0","","","","",""
"brady-corbet","the-damned","52","https://www.youtube.com/watch?v=KYw5P3tmba0&t=52","high","criterion","1","3","0","","","","",""
"brady-corbet","marketa-lazarova","58","https://www.youtube.com/watch?v=KYw5P3tmba0&t=58","high","criterion","1","4","0","","","","",""
"brady-corbet","salo-or-the-120-days-of-sodom","96","https://www.youtube.com/watch?v=KYw5P3tmba0&t=96","high","criterion","1","5","0","","","","",""
"brady-corbet","the-ascent","131","https://www.youtube.com/watch?v=KYw5P3tmba0&t=131","high","criterion","1","6","0","","","","",""
"brady-corbet","bergman-island-2021","152","https://www.youtube.com/watch?v=KYw5P3tmba0&t=152","high","criterion","1","7","0","","","","",""
"brady-corbet","the-mother-and-the-whore","171","https://www.youtube.com/watch?v=KYw5P3tmba0&t=171","high","criterion","1","8","0","","","","",""
"brady-corbet","dekalog","218","https://www.youtube.com/watch?v=KYw5P3tmba0&t=218","high","criterion","1","9","0","","","","",""
"brady-corbet","world-of-wong-kar-wai","191","https://www.youtube.com/watch?v=KYw5P3tmba0&t=191","high","criterion","1","10","1","World of Wong Kar Wai","7","https://www.criterion.com/boxsets/4117-world-of-wong-kar-wai","",""
"brady-corbet","pasolini-101","196","https://www.youtube.com/watch?v=KYw5P3tmba0&t=196","high","criterion","1","11","1","Pasolini 101","9","https://www.criterion.com/boxsets/6588-pasolini-101","",""
"maura-tierney","hedwig-and-the-angry-inch","13","https://www.youtube.com/watch?v=M3mCdWe4X-0&t=13","high","criterion","1","1","0","","","","",""
"maura-tierney","town-bloody-hall","36","https://www.youtube.com/watch?v=M3mCdWe4X-0&t=36","high","criterion","1","2","0","","","","",""
"maura-tierney","shampoo","87","https://www.youtube.com/watch?v=M3mCdWe4X-0&t=87","high","criterion","1","3","0","","","","",""
"maura-tierney","do-the-right-thing","118","https://www.youtube.com/watch?v=M3mCdWe4X-0&t=118","high","criterion","1","4","0","","","","",""
"maura-tierney","the-ice-storm","129","https://www.youtube.com/watch?v=M3mCdWe4X-0&t=129","high","criterion","1","5","0","","","","",""
"maura-tierney","house","0","","none","criterion","1","6","0","","","","",""
"maura-tierney","paper-moon","175","https://www.youtube.com/watch?v=M3mCdWe4X-0&t=175","high","criterion","1","7","0","","","","",""
"nicholas-hoult","fa-yeung-nin-wa","8","https://www.youtube.com/watch?v=lr5UDJT7zbk&t=8","high","criterion","1","1","0","","","","",""
"nicholas-hoult","shallow-grave","25","https://www.youtube.com/watch?v=lr5UDJT7zbk&t=25","high","criterion","1","2","0","","","","",""
"nicholas-hoult","fantastic-mr-fox","86","https://www.youtube.com/watch?v=lr5UDJT7zbk&t=86","high","criterion","1","3","0","","","","",""
"nicholas-hoult","citizen-kane","101","https://www.youtube.com/watch?v=lr5UDJT7zbk&t=101","high","criterion","1","4","0","","","","",""
"nicholas-hoult","no-country-for-old-men","127","https://www.youtube.com/watch?v=lr5UDJT7zbk&t=127","high","criterion","1","5","0","","","","",""
"nicholas-hoult","being-there","168","https://www.youtube.com/watch?v=lr5UDJT7zbk&t=168","high","criterion","1","6","0","","","","",""
"nicholas-hoult","12-angry-men","211","https://www.youtube.com/watch?v=lr5UDJT7zbk&t=211","high","criterion","1","7","0","","","","",""
"nicholas-hoult","bruce-lee-his-greatest-hits-box-set","59","https://www.youtube.com/watch?v=lr5UDJT7zbk&t=59","high","criterion","1","8","1","Bruce Lee: His Greatest Hits","5","https://www.criterion.com/boxsets/3205-bruce-lee-his-greatest-hits","",""
"pamela-anderson","la-piscine","12","https://www.youtube.com/watch?v=tyo_tJuhw8U&t=12","high","criterion","1","1","0","","","","",""
"pamela-anderson","blue-velvet","17","https://www.youtube.com/watch?v=tyo_tJuhw8U&t=17","high","criterion","1","2","0","","","","",""
"pamela-anderson","la-verite","22","https://www.youtube.com/watch?v=tyo_tJuhw8U&t=22","high","criterion","1","3","0","","","","",""
"pamela-anderson","breathless","28","https://www.youtube.com/watch?v=tyo_tJuhw8U&t=28","high","criterion","1","4","0","","","","",""
"pamela-anderson","la-strada","46","https://www.youtube.com/watch?v=tyo_tJuhw8U&t=46","high","criterion","1","5","1","Essential Fellini","","","",""
"pamela-anderson","elevator-to-the-gallows","90","https://www.youtube.com/watch?v=tyo_tJuhw8U&t=90","high","criterion","1","6","0","","","","",""
"pamela-anderson","wanda","102","https://www.youtube.com/watch?v=tyo_tJuhw8U&t=102","high","criterion","1","7","0","","","","",""
"pamela-anderson","summertime","158","https://www.youtube.com/watch?v=tyo_tJuhw8U&t=158","high","criterion","1","8","0","","","","",""
"pamela-anderson","fists-in-the-pocket","216","https://www.youtube.com/watch?v=tyo_tJuhw8U&t=216","high","criterion","1","9","0","","","","",""
"pamela-anderson","ingmar-bergmans-cinema","197","https://www.youtube.com/watch?v=tyo_tJuhw8U&t=197","high","criterion","1","10","1","Ingmar Bergman's Cinema","40","https://www.criterion.com/boxsets/1427-ingmar-bergman-s-cinema","",""
"pamela-anderson","the-koker-trilogy","129","https://www.youtube.com/watch?v=tyo_tJuhw8U&t=129","high","criterion","1","11","1","The Koker Trilogy","3","https://www.criterion.com/boxsets/2363-the-koker-trilogy","",""
"jeremy-pope","devil-in-a-blue-dress","24","https://www.youtube.com/watch?v=oRDkAdjp_e8&t=24","high","criterion","1","1","0","","","","",""
"jeremy-pope","paris-is-burning","61","https://www.youtube.com/watch?v=oRDkAdjp_e8&t=61","high","criterion","1","2","0","","","","",""
"jeremy-pope","do-the-right-thing","86","https://www.youtube.com/watch?v=oRDkAdjp_e8&t=86","high","criterion","1","3","0","","","","",""
"jeremy-pope","one-night-in-miami","112","https://www.youtube.com/watch?v=oRDkAdjp_e8&t=112","high","criterion","1","4","0","","","","",""
"jeremy-pope","the-philadelphia-story","252","https://www.youtube.com/watch?v=oRDkAdjp_e8&t=252","high","criterion","1","5","0","","","","",""
"jeremy-pope","the-signifyin-works-of-marlon-riggs","184","https://www.youtube.com/watch?v=oRDkAdjp_e8&t=184","high","criterion","1","6","1","The Signifyin' Works of Marlon Riggs","7","https://www.criterion.com/boxsets/4431-the-signifyin-works-of-marlon-riggs","",""
"mikey-madison","five-easy-pieces","17","https://www.youtube.com/watch?v=9AUc5BfebCM&t=17","high","criterion","1","1","0","","","","",""
"mikey-madison","easy-rider","47","https://www.youtube.com/watch?v=9AUc5BfebCM&t=47","high","criterion","1","2","0","","","","",""
"mikey-madison","take-out","70","https://www.youtube.com/watch?v=9AUc5BfebCM&t=70","high","criterion","1","3","0","","","","",""
"mikey-madison","the-piano-teacher","95","https://www.youtube.com/watch?v=9AUc5BfebCM&t=95","high","criterion","1","4","0","","","","",""
"mikey-madison","gilda","152","https://www.youtube.com/watch?v=9AUc5BfebCM&t=152","high","criterion","1","5","0","","","","",""
"mikey-madison","eyes-without-a-face","181","https://www.youtube.com/watch?v=9AUc5BfebCM&t=181","high","criterion","1","6","0","","","","",""
"mikey-madison","the-kid","204","https://www.youtube.com/watch?v=9AUc5BfebCM&t=204","high","criterion","1","7","0","","","","",""
"mikey-madison","heavens-gate","277","https://www.youtube.com/watch?v=9AUc5BfebCM&t=277","high","criterion","1","8","0","","","","",""
"jarvis-cocker","the-incredible-shrinking-man","39","https://www.youtube.com/watch?v=B-F7GT82izA&t=39","high","criterion","1","1","0","","","","",""
"jarvis-cocker","blue-velvet","65","https://www.youtube.com/watch?v=B-F7GT82izA&t=65","high","criterion","1","2","0","","","","",""
"jarvis-cocker","meantime","114","https://www.youtube.com/watch?v=B-F7GT82izA&t=114","high","criterion","1","3","0","","","","",""
"jarvis-cocker","trainspotting","182","https://www.youtube.com/watch?v=B-F7GT82izA&t=182","high","criterion","1","4","0","","","","",""
"jarvis-cocker","salo-or-the-120-days-of-sodom","256","https://www.youtube.com/watch?v=B-F7GT82izA&t=256","high","criterion","1","5","0","","","","",""
"jarvis-cocker","fantastic-mr-fox","281","https://www.youtube.com/watch?v=B-F7GT82izA&t=281","high","criterion","1","6","0","","","","",""
"jarvis-cocker","the-grand-budapest-hotel","309","https://www.youtube.com/watch?v=B-F7GT82izA&t=309","high","criterion","1","7","0","","","","",""
"john-lithgow","sullivans-travels","16","https://www.youtube.com/watch?v=on1zBg40eJ4&t=16","high","criterion","1","1","0","","","","",""
"john-lithgow","this-sporting-life","58","https://www.youtube.com/watch?v=on1zBg40eJ4&t=58","high","criterion","1","2","0","","","","",""
"john-lithgow","the-spy-who-came-in-from-the-cold","118","https://www.youtube.com/watch?v=on1zBg40eJ4&t=118","high","criterion","1","3","0","","","","",""
"john-lithgow","blow-out","154","https://www.youtube.com/watch?v=on1zBg40eJ4&t=154","high","criterion","1","4","0","","","","",""
"john-lithgow","the-lady-vanishes","276","https://www.youtube.com/watch?v=on1zBg40eJ4&t=276","high","criterion","1","5","0","","","","",""
"john-lithgow","the-complete-jacques-tati","220","https://www.youtube.com/watch?v=on1zBg40eJ4&t=220","high","criterion","1","6","1","The Complete Jacques Tati","6","https://www.criterion.com/boxsets/1069-the-complete-jacques-tati","",""
"winona-ryder","au-revoir-les-enfants","24","https://www.youtube.com/watch?v=7qAT_K_YQOA&t=24","high","criterion","1","1","0","","","","",""
"winona-ryder","the-learning-tree","64","https://www.youtube.com/watch?v=7qAT_K_YQOA&t=64","high","criterion","1","2","0","","","","",""
"winona-ryder","ghost-dog-the-way-of-the-samurai","143","https://www.youtube.com/watch?v=7qAT_K_YQOA&t=143","high","criterion","1","3","0","","","","",""
"winona-ryder","down-by-law","177","https://www.youtube.com/watch?v=7qAT_K_YQOA&t=177","high","criterion","1","4","0","","","","",""
"winona-ryder","lost-in-america","184","https://www.youtube.com/watch?v=7qAT_K_YQOA&t=184","high","criterion","1","5","0","","","","",""
"winona-ryder","matewan","214","https://www.youtube.com/watch?v=7qAT_K_YQOA&t=214","high","criterion","1","6","0","","","","",""
"winona-ryder","after-life","233","https://www.youtube.com/watch?v=7qAT_K_YQOA&t=233","high","criterion","1","7","0","","","","",""
"winona-ryder","john-cassavetes-five-films","98","https://www.youtube.com/watch?v=7qAT_K_YQOA&t=98","high","criterion","1","8","1","John Cassavetes: Five Films","5","https://www.criterion.com/boxsets/558-john-cassavetes-five-films","",""
"amelia-dimoldenberg","fish-tank","11","https://www.youtube.com/watch?v=fIvSlhjmbxc&t=11","high","criterion","1","1","0","","","","",""
"amelia-dimoldenberg","a-hard-days-night","46","https://www.youtube.com/watch?v=fIvSlhjmbxc&t=46","high","criterion","1","2","0","","","","",""
"amelia-dimoldenberg","12-angry-men","90","https://www.youtube.com/watch?v=fIvSlhjmbxc&t=90","high","criterion","1","3","0","","","","",""
"amelia-dimoldenberg","all-that-jazz","113","https://www.youtube.com/watch?v=fIvSlhjmbxc&t=113","high","criterion","1","4","0","","","","",""
"amelia-dimoldenberg","the-worst-person-in-the-world","142","https://www.youtube.com/watch?v=fIvSlhjmbxc&t=142","high","criterion","1","5","0","","","","",""
"amelia-dimoldenberg","portrait-of-a-lady-on-fire","190","https://www.youtube.com/watch?v=fIvSlhjmbxc&t=190","high","criterion","1","6","0","","","","",""
"amelia-dimoldenberg","petite-maman","226","https://www.youtube.com/watch?v=fIvSlhjmbxc&t=226","high","criterion","1","7","0","","","","",""
"amelia-dimoldenberg","girlfriends","251","https://www.youtube.com/watch?v=fIvSlhjmbxc&t=251","high","criterion","1","8","0","","","","",""
"eric-bana","the-silence-of-the-lambs","19","https://www.youtube.com/watch?v=Y5-AnhGQek8&t=19","high","criterion","1","1","0","","","","",""
"eric-bana","the-blob","54","https://www.youtube.com/watch?v=Y5-AnhGQek8&t=54","high","criterion","1","2","0","","","","",""
"eric-bana","badlands","108","https://www.youtube.com/watch?v=Y5-AnhGQek8&t=108","high","criterion","1","3","0","","","","",""
"eric-bana","breaker-morant","184","https://www.youtube.com/watch?v=Y5-AnhGQek8&t=184","high","criterion","1","4","0","","","","",""
"eric-bana","the-great-escape","219","https://www.youtube.com/watch?v=Y5-AnhGQek8&t=219","high","criterion","1","5","0","","","","",""
"eric-bana","night-on-earth","256","https://www.youtube.com/watch?v=Y5-AnhGQek8&t=256","high","criterion","1","6","0","","","","",""
"chiara-mastroianni","rebecca","8","https://www.youtube.com/watch?v=oRwDxyMc6G8&t=8","high","criterion","1","1","0","","","","",""
"chiara-mastroianni","to-be-or-not-to-be","34","https://www.youtube.com/watch?v=oRwDxyMc6G8&t=34","high","criterion","1","2","0","","","","",""
"chiara-mastroianni","divorce-italian-style","60","https://www.youtube.com/watch?v=oRwDxyMc6G8&t=60","high","criterion","1","3","0","","","","",""
"chiara-mastroianni","mean-streets","126","https://www.youtube.com/watch?v=oRwDxyMc6G8&t=126","high","criterion","1","4","0","","","","",""
"chiara-mastroianni","cure","138","https://www.youtube.com/watch?v=oRwDxyMc6G8&t=138","high","criterion","1","5","0","","","","",""
"chiara-mastroianni","the-night-of-the-hunter","170","https://www.youtube.com/watch?v=oRwDxyMc6G8&t=170","high","criterion","1","6","0","","","","",""
"chiara-mastroianni","a-special-day","221","https://www.youtube.com/watch?v=oRwDxyMc6G8&t=221","high","criterion","1","7","0","","","","",""
"chiara-mastroianni","the-organizer","303","https://www.youtube.com/watch?v=oRwDxyMc6G8&t=303","high","criterion","1","8","0","","","","",""
"chiara-mastroianni","things-to-come","368","https://www.youtube.com/watch?v=oRwDxyMc6G8&t=368","high","criterion","1","9","0","","","","",""
"walter-salles","andrei-rublev","7","https://www.youtube.com/watch?v=KmsLWBUOVk8&t=7","high","criterion","1","1","0","","","","",""
"walter-salles","stranger-than-paradise","35","https://www.youtube.com/watch?v=KmsLWBUOVk8&t=35","high","criterion","1","2","0","","","","",""
"walter-salles","memories-of-underdevelopment","76","https://www.youtube.com/watch?v=KmsLWBUOVk8&t=76","high","criterion","1","3","0","","","","",""
"walter-salles","la-notte","128","https://www.youtube.com/watch?v=KmsLWBUOVk8&t=128","high","criterion","1","4","0","","","","",""
"walter-salles","time","163","https://www.youtube.com/watch?v=KmsLWBUOVk8&t=163","high","criterion","1","5","0","","","","",""
"walter-salles","raging-bull","204","https://www.youtube.com/watch?v=KmsLWBUOVk8&t=204","high","criterion","1","6","0","","","","",""
"kevin-smith","his-girl-friday","24","https://www.youtube.com/watch?v=5eCxfZKIG90&t=24","high","criterion","1","1","0","","","","",""
"kevin-smith","citizen-kane","42","https://www.youtube.com/watch?v=5eCxfZKIG90&t=42","high","criterion","1","2","0","","","","",""
"kevin-smith","hollywood-shuffle","75","https://www.youtube.com/watch?v=5eCxfZKIG90&t=75","high","criterion","1","3","0","","","","",""
"kevin-smith","bull-durham","145","https://www.youtube.com/watch?v=5eCxfZKIG90&t=145","high","criterion","1","4","0","","","","",""
"kevin-smith","the-prince-of-tides","174","https://www.youtube.com/watch?v=5eCxfZKIG90&t=174","high","criterion","1","5","0","","","","",""
"kevin-smith","deep-cover","202","https://www.youtube.com/watch?v=5eCxfZKIG90&t=202","high","criterion","1","6","0","","","","",""
"kevin-smith","slacker","232","https://www.youtube.com/watch?v=5eCxfZKIG90&t=232","high","criterion","1","7","0","","","","",""
"maura-delpero","i-fidanzati","6","https://www.youtube.com/watch?v=cPPlAVrvhGY&t=6","high","criterion","1","1","0","","","","",""
"maura-delpero","il-posto","17","https://www.youtube.com/watch?v=cPPlAVrvhGY&t=17","high","criterion","1","2","0","","","","",""
"maura-delpero","the-tree-of-wooden-clogs","23","https://www.youtube.com/watch?v=cPPlAVrvhGY&t=23","high","criterion","1","3","0","","","","",""
"maura-delpero","the-piano-teacher","83","https://www.youtube.com/watch?v=cPPlAVrvhGY&t=83","high","criterion","1","4","0","","","","",""
"maura-delpero","the-piano","118","https://www.youtube.com/watch?v=cPPlAVrvhGY&t=118","high","criterion","1","5","0","","","","",""
"maura-delpero","fish-tank","172","https://www.youtube.com/watch?v=cPPlAVrvhGY&t=172","high","criterion","1","6","0","","","","",""
"maura-delpero","the-koker-trilogy","48","https://www.youtube.com/watch?v=cPPlAVrvhGY&t=48","high","criterion","1","7","1","The Koker Trilogy","3","https://www.criterion.com/boxsets/2363-the-koker-trilogy","",""
"barry-sonnenfeld","dr-strangelove-or-how-i-learned-to-stop-worrying-and-love-the-bomb","23","https://www.youtube.com/watch?v=Td2060BoCAk&t=23","high","criterion","1","1","0","","","","",""
"barry-sonnenfeld","fail-safe","71","https://www.youtube.com/watch?v=Td2060BoCAk&t=71","high","criterion","1","2","0","","","","",""
"barry-sonnenfeld","millers-crossing","97","https://www.youtube.com/watch?v=Td2060BoCAk&t=97","high","criterion","1","3","0","","","","",""
"barry-sonnenfeld","blood-simple","235","https://www.youtube.com/watch?v=Td2060BoCAk&t=235","high","criterion","1","4","0","","","","",""
"barry-sonnenfeld","the-thin-blue-line","293","https://www.youtube.com/watch?v=Td2060BoCAk&t=293","high","criterion","1","5","0","","","","",""
"marianne-jean-baptiste-mike-leigh","night-on-earth","31","https://www.youtube.com/watch?v=d1RJNZak2Dw&t=31","high","criterion","1","1","0","","","","",""
"marianne-jean-baptiste-mike-leigh","secrets-lies","60","https://www.youtube.com/watch?v=d1RJNZak2Dw&t=60","high","criterion","1","2","0","","","","",""
"marianne-jean-baptiste-mike-leigh","to-sleep-with-anger","86","https://www.youtube.com/watch?v=d1RJNZak2Dw&t=86","high","criterion","1","3","0","","","","",""
"marianne-jean-baptiste-mike-leigh","loves-of-a-blonde","111","https://www.youtube.com/watch?v=d1RJNZak2Dw&t=111","high","criterion","1","4","0","","","","",""
"marianne-jean-baptiste-mike-leigh","kes","133","https://www.youtube.com/watch?v=d1RJNZak2Dw&t=133","high","criterion","1","5","0","","","","",""
"marianne-jean-baptiste-mike-leigh","white-material","162","https://www.youtube.com/watch?v=d1RJNZak2Dw&t=162","high","criterion","1","6","0","","","","",""
"marianne-jean-baptiste-mike-leigh","hunger","167","https://www.youtube.com/watch?v=d1RJNZak2Dw&t=167","high","criterion","1","7","0","","","","",""
"marianne-jean-baptiste-mike-leigh","the-life-of-oharu","172","https://www.youtube.com/watch?v=d1RJNZak2Dw&t=172","high","criterion","1","8","0","","","","",""
"marianne-jean-baptiste-mike-leigh","ashes-and-diamonds","203","https://www.youtube.com/watch?v=d1RJNZak2Dw&t=203","high","criterion","1","9","0","","","","",""
"marianne-jean-baptiste-mike-leigh","eo","214","https://www.youtube.com/watch?v=d1RJNZak2Dw&t=214","high","criterion","1","10","0","","","","",""
"marianne-jean-baptiste-mike-leigh","claudine","236","https://www.youtube.com/watch?v=d1RJNZak2Dw&t=236","high","criterion","1","11","0","","","","",""
"marianne-jean-baptiste-mike-leigh","a-story-of-floating-weeds-floating-weeds","19","https://www.youtube.com/watch?v=d1RJNZak2Dw&t=19","high","criterion","1","12","1","A Story of Floating Weeds / Floating Weeds: Two Films by Yasujiro Ozu","2","https://www.criterion.com/boxsets/369-a-story-of-floating-weeds-floating-weeds-two-films-by-yasujiro-ozu","",""
"marianne-jean-baptiste-mike-leigh","john-cassavetes-five-films","36","https://www.youtube.com/watch?v=d1RJNZak2Dw&t=36","high","criterion","1","13","1","John Cassavetes: Five Films","5","https://www.criterion.com/boxsets/558-john-cassavetes-five-films","",""
"marianne-jean-baptiste-mike-leigh","eclipse-series-23-the-first-films-of-akira-kurosawa","188","https://www.youtube.com/watch?v=d1RJNZak2Dw&t=188","high","criterion","1","14","1","Eclipse Series 23: The First Films of Akira Kurosawa","4","https://www.criterion.com/boxsets/743-eclipse-series-23-the-first-films-of-akira-kurosawa","",""
"marianne-jean-baptiste-mike-leigh","the-ranown-westerns-five-films-directed-by-budd-boetticher","247","https://www.youtube.com/watch?v=d1RJNZak2Dw&t=247","high","criterion","1","15","1","The Ranown Westerns: Five Films Directed by Budd Boetticher","5","https://www.criterion.com/boxsets/6702-the-ranown-westerns-five-films-directed-by-budd-boetticher","",""
"marianne-jean-baptiste-mike-leigh","bicycle-thieves","0","","none","criterion","1","16","0","","","","",""
"marianne-jean-baptiste-mike-leigh","vivre-sa-vie","0","","none","criterion","1","17","0","","","","",""
"marianne-jean-baptiste-mike-leigh","a-hard-days-night","0","","none","criterion","1","18","0","","","","",""
"marianne-jean-baptiste-mike-leigh","late-spring","0","","none","criterion","1","19","0","","","","",""
"marianne-jean-baptiste-mike-leigh","the-firemens-ball","0","","none","criterion","1","20","0","","","","",""
"marianne-jean-baptiste-mike-leigh","berlin-alexanderplatz","0","","none","criterion","1","21","0","","","","",""
"marianne-jean-baptiste-mike-leigh","jules-and-jim","0","","none","criterion","1","22","0","","","","",""
"marianne-jean-baptiste-mike-leigh","divorce-italian-style","0","","none","criterion","1","23","0","","","","",""
"marianne-jean-baptiste-mike-leigh","judex","0","","none","criterion","1","24","0","","","","",""
"andre-holland","pariah","11","https://www.youtube.com/watch?v=YsOm4L6yzMg&t=11","high","criterion","1","1","0","","","","",""
"andre-holland","to-sleep-with-anger","58","https://www.youtube.com/watch?v=YsOm4L6yzMg&t=58","high","criterion","1","2","0","","","","",""
"andre-holland","medicine-for-melancholy","72","https://www.youtube.com/watch?v=YsOm4L6yzMg&t=72","high","criterion","1","3","0","","","","",""
"andre-holland","claudine","86","https://www.youtube.com/watch?v=YsOm4L6yzMg&t=86","high","criterion","1","4","0","","","","",""
"andre-holland","matewan","163","https://www.youtube.com/watch?v=YsOm4L6yzMg&t=163","high","criterion","1","5","0","","","","",""
"andre-holland","a-raisin-in-the-sun","174","https://www.youtube.com/watch?v=YsOm4L6yzMg&t=174","high","criterion","1","6","0","","","","",""
"andre-holland","melvin-van-peebles-essential-films","41","https://www.youtube.com/watch?v=YsOm4L6yzMg&t=41","high","criterion","1","7","1","Melvin Van Peebles: Essential Films","4","https://www.criterion.com/boxsets/4787-melvin-van-peebles-essential-films","",""
"christian-petzold","wanda","32","https://www.youtube.com/watch?v=qnz4FmBO2RY&t=32","high","criterion","1","1","0","","","","",""
"christian-petzold","the-lady-eve","97","https://www.youtube.com/watch?v=qnz4FmBO2RY&t=97","high","criterion","1","2","0","","","","",""
"christian-petzold","traffic","130","https://www.youtube.com/watch?v=qnz4FmBO2RY&t=130","high","criterion","1","3","0","","","","",""
"christian-petzold","people-on-sunday","161","https://www.youtube.com/watch?v=qnz4FmBO2RY&t=161","high","criterion","1","4","0","","","","",""
"christian-petzold","a-matter-of-life-and-death","286","https://www.youtube.com/watch?v=qnz4FmBO2RY&t=286","high","criterion","1","5","0","","","","",""
"christian-petzold","six-moral-tales","204","https://www.youtube.com/watch?v=qnz4FmBO2RY&t=204","high","criterion","1","6","1","Six Moral Tales","6","https://www.criterion.com/boxsets/417-six-moral-tales","",""
"christian-petzold","3-films-by-roberto-rossellini-starring-ingrid-bergman","209","https://www.youtube.com/watch?v=qnz4FmBO2RY&t=209","high","criterion","1","7","1","3 Films by Roberto Rossellini Starring Ingrid Bergman","3","https://www.criterion.com/boxsets/982-3-films-by-roberto-rossellini-starring-ingrid-bergman","",""
"rebecca-miller","devi","11","https://www.youtube.com/watch?v=FcyNcbgapbE&t=11","high","criterion","1","1","0","","","","",""
"rebecca-miller","the-color-of-pomegranates","45","https://www.youtube.com/watch?v=FcyNcbgapbE&t=45","high","criterion","1","2","0","","","","",""
"rebecca-miller","dekalog","92","https://www.youtube.com/watch?v=FcyNcbgapbE&t=92","high","criterion","1","3","0","","","","",""
"rebecca-miller","loves-of-a-blonde","152","https://www.youtube.com/watch?v=FcyNcbgapbE&t=152","high","criterion","1","4","0","","","","",""
"rebecca-miller","children-of-paradise","189","https://www.youtube.com/watch?v=FcyNcbgapbE&t=189","high","criterion","1","5","0","","","","",""
"alan-palomo","sid-nancy","21","https://www.youtube.com/watch?v=OQ0TJ1IkZIo&t=21","high","criterion","1","1","0","","","","",""
"alan-palomo","maitresse","31","https://www.youtube.com/watch?v=OQ0TJ1IkZIo&t=31","high","criterion","1","2","0","","","","",""
"alan-palomo","fear-and-loathing-in-las-vegas","78","https://www.youtube.com/watch?v=OQ0TJ1IkZIo&t=78","high","criterion","1","3","0","","","","",""
"alan-palomo","medium-cool","112","https://www.youtube.com/watch?v=OQ0TJ1IkZIo&t=112","high","criterion","1","4","0","","","","",""
"alan-palomo","true-stories","130","https://www.youtube.com/watch?v=OQ0TJ1IkZIo&t=130","high","criterion","1","5","0","","","","",""
"alan-palomo","mystery-train","157","https://www.youtube.com/watch?v=OQ0TJ1IkZIo&t=157","high","criterion","1","6","0","","","","",""
"alan-palomo","canoa-a-shameful-memory","203","https://www.youtube.com/watch?v=OQ0TJ1IkZIo&t=203","high","criterion","1","7","0","","","","",""
"alan-palomo","wings-of-desire","250","https://www.youtube.com/watch?v=OQ0TJ1IkZIo&t=250","high","criterion","1","8","0","","","","",""
"tyler-mitchell","the-watermelon-woman","30","https://www.youtube.com/watch?v=Xupq6TR3Q9Y&t=30","high","criterion","1","1","0","","","","",""
"tyler-mitchell","largent","50","https://www.youtube.com/watch?v=Xupq6TR3Q9Y&t=50","high","criterion","1","2","0","","","","",""
"tyler-mitchell","a-brighter-summer-day","97","https://www.youtube.com/watch?v=Xupq6TR3Q9Y&t=97","high","criterion","1","3","0","","","","",""
"tyler-mitchell","claudine","116","https://www.youtube.com/watch?v=Xupq6TR3Q9Y&t=116","high","criterion","1","4","0","","","","",""
"tyler-mitchell","la-cienaga","130","https://www.youtube.com/watch?v=Xupq6TR3Q9Y&t=130","high","criterion","1","5","0","","","","",""
"tyler-mitchell","the-music-room","169","https://www.youtube.com/watch?v=Xupq6TR3Q9Y&t=169","high","criterion","1","6","0","","","","",""
"tyler-mitchell","love-basketball","198","https://www.youtube.com/watch?v=Xupq6TR3Q9Y&t=198","high","criterion","1","7","0","","","","",""
"tyler-mitchell","punch-drunk-love","233","https://www.youtube.com/watch?v=Xupq6TR3Q9Y&t=233","high","criterion","1","8","0","","","","",""
"tyler-mitchell","3-women","207","https://www.youtube.com/watch?v=Xupq6TR3Q9Y&t=207","high","criterion","1","9","0","","","","",""
"tyler-mitchell","time","261","https://www.youtube.com/watch?v=Xupq6TR3Q9Y&t=261","high","criterion","1","10","0","","","","",""
"tyler-mitchell","notorious","297","https://www.youtube.com/watch?v=Xupq6TR3Q9Y&t=297","high","criterion","1","11","0","","","","",""
"tyler-mitchell","rebecca","297","https://www.youtube.com/watch?v=Xupq6TR3Q9Y&t=297","high","criterion","1","12","0","","","","",""
"tyler-mitchell","eclipse-series-3-late-ozu","57","https://www.youtube.com/watch?v=Xupq6TR3Q9Y&t=57","high","criterion","1","13","1","Eclipse Series 3: Late Ozu","5","https://www.criterion.com/boxsets/427-eclipse-series-3-late-ozu","",""
"paul-b-preciado","women-on-the-verge-of-a-nervous-breakdown","33","https://www.youtube.com/watch?v=XqDpc-bnT_U&t=33","high","criterion","1","1","0","","","","",""
"paul-b-preciado","cria-cuervos","48","https://www.youtube.com/watch?v=XqDpc-bnT_U&t=48","high","criterion","1","2","0","","","","",""
"paul-b-preciado","salo-or-the-120-days-of-sodom","91","https://www.youtube.com/watch?v=XqDpc-bnT_U&t=91","high","criterion","1","3","0","","","","",""
"paul-b-preciado","red-desert","185","https://www.youtube.com/watch?v=XqDpc-bnT_U&t=185","high","criterion","1","4","0","","","","",""
"paul-b-preciado","pasolini-101","75","https://www.youtube.com/watch?v=XqDpc-bnT_U&t=75","high","criterion","1","5","1","Pasolini 101","9","https://www.criterion.com/boxsets/6588-pasolini-101","",""
"paul-b-preciado","the-complete-jacques-tati","130","https://www.youtube.com/watch?v=XqDpc-bnT_U&t=130","high","criterion","1","6","1","The Complete Jacques Tati","6","https://www.criterion.com/boxsets/1069-the-complete-jacques-tati","",""
"paul-b-preciado","la-jetee-sans-soleil","150","https://www.youtube.com/watch?v=XqDpc-bnT_U&t=150","high","criterion","1","7","1","La Jetée/Sans Soleil","2","https://www.criterion.com/boxsets/77-la-jetee-sans-soleil","",""
"luis-guzman","12-angry-men","23","https://www.youtube.com/watch?v=_aBjtyBHnY4&t=23","high","criterion","1","1","0","","","","",""
"luis-guzman","cooley-high","47","https://www.youtube.com/watch?v=_aBjtyBHnY4&t=47","high","criterion","1","2","0","","","","",""
"luis-guzman","dr-strangelove-or-how-i-learned-to-stop-worrying-and-love-the-bomb","72","https://www.youtube.com/watch?v=_aBjtyBHnY4&t=72","high","criterion","1","3","0","","","","",""
"luis-guzman","the-ballad-of-gregorio-cortez","121","https://www.youtube.com/watch?v=_aBjtyBHnY4&t=121","high","criterion","1","4","0","","","","",""
"luis-guzman","punch-drunk-love","174","https://www.youtube.com/watch?v=_aBjtyBHnY4&t=174","high","criterion","1","5","0","","","","",""
"luis-guzman","on-the-waterfront","243","https://www.youtube.com/watch?v=_aBjtyBHnY4&t=243","high","criterion","1","6","0","","","","",""
"raven-jackson","eves-bayou","9","https://www.youtube.com/watch?v=pDr2Ptl1ce8&t=9","high","criterion","1","1","0","","","","",""
"raven-jackson","ratcatcher","23","https://www.youtube.com/watch?v=pDr2Ptl1ce8&t=23","high","criterion","1","2","0","","","","",""
"raven-jackson","the-piano-teacher","50","https://www.youtube.com/watch?v=pDr2Ptl1ce8&t=50","high","criterion","1","3","0","","","","",""
"raven-jackson","amores-perros","73","https://www.youtube.com/watch?v=pDr2Ptl1ce8&t=73","high","criterion","1","4","0","","","","",""
"raven-jackson","medicine-for-melancholy","93","https://www.youtube.com/watch?v=pDr2Ptl1ce8&t=93","high","criterion","1","5","0","","","","",""
"raven-jackson","fat-girl","101","https://www.youtube.com/watch?v=pDr2Ptl1ce8&t=101","high","criterion","1","6","0","","","","",""
"raven-jackson","weekend-2011","108","https://www.youtube.com/watch?v=pDr2Ptl1ce8&t=108","high","criterion","1","7","0","","","","",""
"raven-jackson","faya-dayi","128","https://www.youtube.com/watch?v=pDr2Ptl1ce8&t=128","high","criterion","1","8","0","","","","",""
"raven-jackson","la-cienaga","140","https://www.youtube.com/watch?v=pDr2Ptl1ce8&t=140","high","criterion","1","9","0","","","","",""
"raven-jackson","the-devils-backbone","153","https://www.youtube.com/watch?v=pDr2Ptl1ce8&t=153","high","criterion","1","10","0","","","","",""
"kleber-mendonca-filho","after-hours","32","https://www.youtube.com/watch?v=vkJN9gRtjtk&t=32","high","criterion","1","1","0","","","","",""
"kleber-mendonca-filho","the-spirit-of-the-beehive","46","https://www.youtube.com/watch?v=vkJN9gRtjtk&t=46","high","criterion","1","2","0","","","","",""
"kleber-mendonca-filho","barry-lyndon","126","https://www.youtube.com/watch?v=vkJN9gRtjtk&t=126","high","criterion","1","3","0","","","","",""
"kleber-mendonca-filho","lost-in-america","158","https://www.youtube.com/watch?v=vkJN9gRtjtk&t=158","high","criterion","1","4","0","","","","",""
"kleber-mendonca-filho","a-brighter-summer-day","230","https://www.youtube.com/watch?v=vkJN9gRtjtk&t=230","high","criterion","1","5","0","","","","",""
"kleber-mendonca-filho","dont-look-now","287","https://www.youtube.com/watch?v=vkJN9gRtjtk&t=287","high","criterion","1","6","0","","","","",""
"kleber-mendonca-filho","the-signifyin-works-of-marlon-riggs","97","https://www.youtube.com/watch?v=vkJN9gRtjtk&t=97","high","criterion","1","7","1","The Signifyin' Works of Marlon Riggs","7","https://www.criterion.com/boxsets/4431-the-signifyin-works-of-marlon-riggs","",""
"kleber-mendonca-filho","martin-scorseses-world-cinema-project-no-3","202","https://www.youtube.com/watch?v=vkJN9gRtjtk&t=202","high","criterion","1","8","1","Martin Scorsese's World Cinema Project No. 3","6","https://www.criterion.com/boxsets/3506-martin-scorsese-s-world-cinema-project-no-3","",""
"kleber-mendonca-filho","the-complete-films-of-agnes-varda","251","https://www.youtube.com/watch?v=vkJN9gRtjtk&t=251","high","criterion","1","9","1","The Complete Films of Agnès Varda","22","https://www.criterion.com/boxsets/3432-the-complete-films-of-agnes-varda","",""
"lina-rodriguez","wanda","33","https://www.youtube.com/watch?v=0zexLRuhoVY&t=33","high","criterion","1","1","0","","","","",""
"lina-rodriguez","leave-her-to-heaven","51","https://www.youtube.com/watch?v=0zexLRuhoVY&t=51","high","criterion","1","2","0","","","","",""
"lina-rodriguez","portrait-of-a-lady-on-fire","73","https://www.youtube.com/watch?v=0zexLRuhoVY&t=73","high","criterion","1","3","0","","","","",""
"lina-rodriguez","eight-hours-dont-make-a-day","162","https://www.youtube.com/watch?v=0zexLRuhoVY&t=162","high","criterion","1","4","0","","","","",""
"lina-rodriguez","flowers-of-shanghai","216","https://www.youtube.com/watch?v=0zexLRuhoVY&t=216","high","criterion","1","5","0","","","","",""
"lina-rodriguez","exotica","222","https://www.youtube.com/watch?v=0zexLRuhoVY&t=222","high","criterion","1","6","0","","","","",""
"lina-rodriguez","bo-widerbergs-new-swedish-cinema","123","https://www.youtube.com/watch?v=0zexLRuhoVY&t=123","high","criterion","1","7","1","Bo Widerberg's New Swedish Cinema","4","https://www.criterion.com/boxsets/6737-bo-widerberg-s-new-swedish-cinema","",""
"brit-marling-and-zal-batmanglij","klute","5","https://www.youtube.com/watch?v=1gRDJYgoYd4&t=5","high","criterion","1","1","0","","","","",""
"brit-marling-and-zal-batmanglij","time-bandits","52","https://www.youtube.com/watch?v=1gRDJYgoYd4&t=52","high","criterion","1","2","0","","","","",""
"brit-marling-and-zal-batmanglij","blood-simple","98","https://www.youtube.com/watch?v=1gRDJYgoYd4&t=98","high","criterion","1","3","0","","","","",""
"brit-marling-and-zal-batmanglij","the-double-life-of-veronique","166","https://www.youtube.com/watch?v=1gRDJYgoYd4&t=166","high","criterion","1","4","0","","","","",""
"brit-marling-and-zal-batmanglij","after-life","245","https://www.youtube.com/watch?v=1gRDJYgoYd4&t=245","high","criterion","1","5","0","","","","",""
"brit-marling-and-zal-batmanglij","drive-my-car","313","https://www.youtube.com/watch?v=1gRDJYgoYd4&t=313","high","criterion","1","6","0","","","","",""
"willem-dafoe","onibaba","7","https://www.youtube.com/watch?v=9tG_cBdvo2c&t=7","high","criterion","1","1","0","","","","",""
"willem-dafoe","the-leopard","34","https://www.youtube.com/watch?v=9tG_cBdvo2c&t=34","high","criterion","1","2","0","","","","",""
"willem-dafoe","pickpocket","92","https://www.youtube.com/watch?v=9tG_cBdvo2c&t=92","high","criterion","1","3","0","","","","",""
"willem-dafoe","ashes-and-diamonds","76","https://www.youtube.com/watch?v=9tG_cBdvo2c&t=76","high","criterion","1","4","0","","","","",""
"willem-dafoe","gate-of-flesh","102","https://www.youtube.com/watch?v=9tG_cBdvo2c&t=102","high","criterion","1","5","0","","","","",""
"willem-dafoe","the-devils-backbone","137","https://www.youtube.com/watch?v=9tG_cBdvo2c&t=137","high","criterion","1","6","0","","","","",""
"willem-dafoe","mirror","163","https://www.youtube.com/watch?v=9tG_cBdvo2c&t=163","high","criterion","1","7","0","","","","",""
"willem-dafoe","the-piano-teacher","169","https://www.youtube.com/watch?v=9tG_cBdvo2c&t=169","high","criterion","1","8","0","","","","",""
"willem-dafoe","812","183","https://www.youtube.com/watch?v=9tG_cBdvo2c&t=183","high","criterion","1","9","1","Essential Fellini","","","",""
"willem-dafoe","the-last-temptation-of-christ","191","https://www.youtube.com/watch?v=9tG_cBdvo2c&t=191","high","criterion","1","10","0","","","","",""
"willem-dafoe","the-life-aquatic-with-steve-zissou","200","https://www.youtube.com/watch?v=9tG_cBdvo2c&t=200","high","criterion","1","11","0","","","","",""
"willem-dafoe","3-films-by-roberto-rossellini-starring-ingrid-bergman","119","https://www.youtube.com/watch?v=9tG_cBdvo2c&t=119","high","criterion","1","12","1","3 Films by Roberto Rossellini Starring Ingrid Bergman","3","https://www.criterion.com/boxsets/982-3-films-by-roberto-rossellini-starring-ingrid-bergman","",""
"callum-turner","au-hasard-balthazar","58","https://www.youtube.com/watch?v=cQJp-FoH0Es&t=58","high","criterion","1","1","0","","","","",""
"callum-turner","five-easy-pieces","78","https://www.youtube.com/watch?v=cQJp-FoH0Es&t=78","high","criterion","1","2","0","","","","",""
"callum-turner","mean-streets","99","https://www.youtube.com/watch?v=cQJp-FoH0Es&t=99","high","criterion","1","3","0","","","","",""
"callum-turner","the-kid-with-a-bike","126","https://www.youtube.com/watch?v=cQJp-FoH0Es&t=126","high","criterion","1","4","0","","","","",""
"callum-turner","the-cranes-are-flying","152","https://www.youtube.com/watch?v=cQJp-FoH0Es&t=152","high","criterion","1","5","0","","","","",""
"callum-turner","come-and-see","181","https://www.youtube.com/watch?v=cQJp-FoH0Es&t=181","high","criterion","1","6","0","","","","",""
"callum-turner","naked","201","https://www.youtube.com/watch?v=cQJp-FoH0Es&t=201","high","criterion","1","7","0","","","","",""
"callum-turner","the-leopard","240","https://www.youtube.com/watch?v=cQJp-FoH0Es&t=240","high","criterion","1","8","0","","","","",""
"callum-turner","la-strada","270","https://www.youtube.com/watch?v=cQJp-FoH0Es&t=270","high","criterion","1","9","1","Essential Fellini","","","",""
"callum-turner","nothing-but-a-man","290","https://www.youtube.com/watch?v=cQJp-FoH0Es&t=290","high","criterion","1","10","0","","","","",""
"callum-turner","the-complete-films-of-agnes-varda","17","https://www.youtube.com/watch?v=cQJp-FoH0Es&t=17","high","criterion","1","11","1","The Complete Films of Agnès Varda","22","https://www.criterion.com/boxsets/3432-the-complete-films-of-agnes-varda","",""
"paul-giamatti","carnival-of-souls","20","https://www.youtube.com/watch?v=ANxxsFUojco&t=20","high","criterion","1","1","0","","","","",""
"paul-giamatti","the-life-and-death-of-colonel-blimp","72","https://www.youtube.com/watch?v=ANxxsFUojco&t=72","high","criterion","1","2","0","","","","",""
"paul-giamatti","rashomon","115","https://www.youtube.com/watch?v=ANxxsFUojco&t=115","high","criterion","1","3","0","","","","",""
"paul-giamatti","solaris","141","https://www.youtube.com/watch?v=ANxxsFUojco&t=141","high","criterion","1","4","0","","","","",""
"paul-giamatti","cat-people","210","https://www.youtube.com/watch?v=ANxxsFUojco&t=210","high","criterion","1","5","0","","","","",""
"paul-giamatti","seconds","266","https://www.youtube.com/watch?v=ANxxsFUojco&t=266","high","criterion","1","6","0","","","","",""
"paul-giamatti","blue-velvet","328","https://www.youtube.com/watch?v=ANxxsFUojco&t=328","high","criterion","1","7","0","","","","",""
"paul-giamatti","eclipse-series-11-larisa-shepitko","411","https://www.youtube.com/watch?v=ANxxsFUojco&t=411","high","criterion","1","8","1","Eclipse Series 11: Larisa Shepitko","2","https://www.criterion.com/boxsets/75-eclipse-series-11-larisa-shepitko","",""
"chelsea-peretti","girlfriends","26","https://www.youtube.com/watch?v=espgxLcU-Y8&t=26","high","criterion","1","1","0","","","","",""
"chelsea-peretti","me-and-you-and-everyone-we-know","39","https://www.youtube.com/watch?v=espgxLcU-Y8&t=39","high","criterion","1","2","0","","","","",""
"chelsea-peretti","trainspotting","93","https://www.youtube.com/watch?v=espgxLcU-Y8&t=93","high","criterion","1","3","0","","","","",""
"chelsea-peretti","grey-gardens","109","https://www.youtube.com/watch?v=espgxLcU-Y8&t=109","high","criterion","1","4","0","","","","",""
"chelsea-peretti","crumb","136","https://www.youtube.com/watch?v=espgxLcU-Y8&t=136","high","criterion","1","5","0","","","","",""
"chelsea-peretti","hollywood-shuffle","163","https://www.youtube.com/watch?v=espgxLcU-Y8&t=163","high","criterion","1","6","0","","","","",""
"chelsea-peretti","wild-strawberries","187","https://www.youtube.com/watch?v=espgxLcU-Y8&t=187","high","criterion","1","7","1","Ingmar Bergman's Cinema","","","",""
"chelsea-peretti","the-400-blows","267","https://www.youtube.com/watch?v=espgxLcU-Y8&t=267","high","criterion","1","8","0","","","","",""
"chelsea-peretti","mikey-and-nicky","330","https://www.youtube.com/watch?v=espgxLcU-Y8&t=330","high","criterion","1","9","0","","","","",""
"chelsea-peretti","the-blob","358","https://www.youtube.com/watch?v=espgxLcU-Y8&t=358","high","criterion","1","10","0","","","","",""
"chelsea-peretti","the-red-balloon-and-other-stories-five-films-by-albert-lamorisse","214","https://www.youtube.com/watch?v=espgxLcU-Y8&t=214","high","criterion","1","11","1","The Red Balloon and Other Stories: Five Films by Albert Lamorisse","5","https://www.criterion.com/boxsets/6993-the-red-balloon-and-other-stories-five-films-by-albert-lamorisse","",""
"paul-scheer","walker","15","https://www.youtube.com/watch?v=uzhNKMIoq3E&t=15","high","criterion","1","1","0","","","","",""
"paul-scheer","mikey-and-nicky","41","https://www.youtube.com/watch?v=uzhNKMIoq3E&t=41","high","criterion","1","2","0","","","","",""
"paul-scheer","two-lane-blacktop","74","https://www.youtube.com/watch?v=uzhNKMIoq3E&t=74","high","criterion","1","3","0","","","","",""
"paul-scheer","hopscotch","133","https://www.youtube.com/watch?v=uzhNKMIoq3E&t=133","high","criterion","1","4","0","","","","",""
"paul-scheer","make-way-for-tomorrow","164","https://www.youtube.com/watch?v=uzhNKMIoq3E&t=164","high","criterion","1","5","0","","","","",""
"paul-scheer","klute","210","https://www.youtube.com/watch?v=uzhNKMIoq3E&t=210","high","criterion","1","6","0","","","","",""
"carol-kane","all-about-eve","25","https://www.youtube.com/watch?v=TDU3_n78jkc&t=25","high","criterion","1","1","0","","","","",""
"carol-kane","local-hero","112","https://www.youtube.com/watch?v=TDU3_n78jkc&t=112","high","criterion","1","2","0","","","","",""
"carol-kane","my-brilliant-career","142","https://www.youtube.com/watch?v=TDU3_n78jkc&t=142","high","criterion","1","3","0","","","","",""
"carol-kane","the-princess-bride","172","https://www.youtube.com/watch?v=TDU3_n78jkc&t=172","high","criterion","1","4","0","","","","",""
"carol-kane","shampoo","188","https://www.youtube.com/watch?v=TDU3_n78jkc&t=188","high","criterion","1","5","0","","","","",""
"carol-kane","hobsons-choice","202","https://www.youtube.com/watch?v=TDU3_n78jkc&t=202","high","criterion","1","6","0","","","","",""
"carol-kane","my-own-private-idaho","231","https://www.youtube.com/watch?v=TDU3_n78jkc&t=231","high","criterion","1","7","0","","","","",""
"carol-kane","the-fisher-king","235","https://www.youtube.com/watch?v=TDU3_n78jkc&t=235","high","criterion","1","8","0","","","","",""
"carol-kane","city-lights","239","https://www.youtube.com/watch?v=TDU3_n78jkc&t=239","high","criterion","1","9","0","","","","",""
"carol-kane","the-ice-storm","243","https://www.youtube.com/watch?v=TDU3_n78jkc&t=243","high","criterion","1","10","0","","","","",""
"carol-kane","the-royal-tenenbaums","248","https://www.youtube.com/watch?v=TDU3_n78jkc&t=248","high","criterion","1","11","0","","","","",""
"carol-kane","john-cassavetes-five-films","76","https://www.youtube.com/watch?v=TDU3_n78jkc&t=76","high","criterion","1","12","1","John Cassavetes: Five Films","5","https://www.criterion.com/boxsets/558-john-cassavetes-five-films","",""
"bill-pope","bowling-for-columbine","30","https://www.youtube.com/watch?v=l56hwzq1Uog&t=30","high","criterion","1","1","0","","","","",""
"bill-pope","harlan-county-usa","32","https://www.youtube.com/watch?v=l56hwzq1Uog&t=32","high","criterion","1","2","0","","","","",""
"bill-pope","house","48","https://www.youtube.com/watch?v=l56hwzq1Uog&t=48","high","criterion","1","3","0","","","","",""
"bill-pope","stagecoach","62","https://www.youtube.com/watch?v=l56hwzq1Uog&t=62","high","criterion","1","4","0","","","","",""
"bill-pope","band-of-outsiders","128","https://www.youtube.com/watch?v=l56hwzq1Uog&t=128","high","criterion","1","5","0","","","","",""
"bill-pope","2-or-3-things-i-know-about-her","136","https://www.youtube.com/watch?v=l56hwzq1Uog&t=136","high","criterion","1","6","0","","","","",""
"bill-pope","the-last-waltz","158","https://www.youtube.com/watch?v=l56hwzq1Uog&t=158","high","criterion","1","7","0","","","","",""
"lily-gladstone-erica-tremblay","local-hero","11","https://www.youtube.com/watch?v=pI7Nje89peA&t=11","high","criterion","1","1","0","","","","",""
"lily-gladstone-erica-tremblay","quadrophenia","25","https://www.youtube.com/watch?v=pI7Nje89peA&t=25","high","criterion","1","2","0","","","","",""
"lily-gladstone-erica-tremblay","after-life","58","https://www.youtube.com/watch?v=pI7Nje89peA&t=58","high","criterion","1","3","0","","","","",""
"lily-gladstone-erica-tremblay","old-joy","87","https://www.youtube.com/watch?v=pI7Nje89peA&t=87","high","criterion","1","4","0","","","","",""
"lily-gladstone-erica-tremblay","scorsese-shorts","100","https://www.youtube.com/watch?v=pI7Nje89peA&t=100","high","criterion","1","5","0","","","","",""
"lily-gladstone-erica-tremblay","certain-women","148","https://www.youtube.com/watch?v=pI7Nje89peA&t=148","high","criterion","1","6","0","","","","",""
"lily-gladstone-erica-tremblay","down-by-law","195","https://www.youtube.com/watch?v=pI7Nje89peA&t=195","high","criterion","1","7","0","","","","",""
"lily-gladstone-erica-tremblay","frances-ha","224","https://www.youtube.com/watch?v=pI7Nje89peA&t=224","high","criterion","1","8","0","","","","",""
"lily-gladstone-erica-tremblay","the-adventures-of-baron-munchausen","254","https://www.youtube.com/watch?v=pI7Nje89peA&t=254","high","criterion","1","9","0","","","","",""
"lily-gladstone-erica-tremblay","rolling-thunder-revue-a-bob-dylan-story-by-martin-scorsese","270","https://www.youtube.com/watch?v=pI7Nje89peA&t=270","high","criterion","1","10","0","","","","",""
"agnieszka-holland","la-notte","74","https://www.youtube.com/watch?v=pU-zkQTKtpQ&t=74","high","criterion","1","1","0","","","","",""
"agnieszka-holland","parasite","117","https://www.youtube.com/watch?v=pU-zkQTKtpQ&t=117","high","criterion","1","2","0","","","","",""
"agnieszka-holland","perfect-days","140","https://www.youtube.com/watch?v=pU-zkQTKtpQ&t=140","high","criterion","1","3","0","","","","",""
"agnieszka-holland","anatomy-of-a-fall","153","https://www.youtube.com/watch?v=pU-zkQTKtpQ&t=153","high","criterion","1","4","0","","","","",""
"agnieszka-holland","diamonds-of-the-night","188","https://www.youtube.com/watch?v=pU-zkQTKtpQ&t=188","high","criterion","1","5","0","","","","",""
"agnieszka-holland","the-complete-films-of-agnes-varda","25","https://www.youtube.com/watch?v=pU-zkQTKtpQ&t=25","high","criterion","1","6","1","The Complete Films of Agnès Varda","22","https://www.criterion.com/boxsets/3432-the-complete-films-of-agnes-varda","",""
"greg-gonzalez","la-bamba","14","https://www.youtube.com/watch?v=1DvQjLLIFEE&t=14","high","criterion","1","1","0","","","","",""
"greg-gonzalez","the-last-picture-show","54","https://www.youtube.com/watch?v=1DvQjLLIFEE&t=54","high","criterion","1","2","0","","","","",""
"greg-gonzalez","the-worst-person-in-the-world","116","https://www.youtube.com/watch?v=1DvQjLLIFEE&t=116","high","criterion","1","3","0","","","","",""
"greg-gonzalez","risky-business","132","https://www.youtube.com/watch?v=1DvQjLLIFEE&t=132","high","criterion","1","4","0","","","","",""
"greg-gonzalez","the-tales-of-hoffmann","150","https://www.youtube.com/watch?v=1DvQjLLIFEE&t=150","high","criterion","1","5","0","","","","",""
"greg-gonzalez","eric-rohmers-tales-of-the-four-seasons","80","https://www.youtube.com/watch?v=1DvQjLLIFEE&t=80","high","criterion","1","6","1","Eric Rohmer's Tales of the Four Seasons","4","https://www.criterion.com/boxsets/7154-eric-rohmer-s-tales-of-the-four-seasons","",""
"lee-daniels","812","9","","high","criterion","1","1","1","Essential Fellini","","","","https://vimeo.com/1008075360#t=9s"
"lee-daniels","do-the-right-thing","41","","high","criterion","1","2","0","","","","","https://vimeo.com/1008075360#t=41s"
"lee-daniels","querelle","65","","high","criterion","1","3","0","","","","","https://vimeo.com/1008075360#t=65s"
"lee-daniels","female-trouble","84","","high","criterion","1","4","0","","","","","https://vimeo.com/1008075360#t=84s"
"lee-daniels","pickup-on-south-street","126","","high","criterion","1","5","0","","","","","https://vimeo.com/1008075360#t=126s"
"lee-daniels","the-piano","152","","high","criterion","1","6","0","","","","","https://vimeo.com/1008075360#t=152s"
"lee-daniels","claudine","172","","high","criterion","1","7","0","","","","","https://vimeo.com/1008075360#t=172s"
"lee-daniels","spartacus","235","","high","criterion","1","8","0","","","","","https://vimeo.com/1008075360#t=235s"
"lee-daniels","essential-fellini","11","","medium","criterion","1","9","1","Essential Fellini","14","https://www.criterion.com/boxsets/3626-essential-fellini","","https://vimeo.com/1008075360#t=11s"
"dylan-baker","destry-rides-again","13","https://www.youtube.com/watch?v=cZmkXn4wgHA&t=13","high","criterion","1","1","0","","","","",""
"dylan-baker","holiday","22","https://www.youtube.com/watch?v=cZmkXn4wgHA&t=22","high","criterion","1","2","0","","","","",""
"dylan-baker","quadrophenia","46","https://www.youtube.com/watch?v=cZmkXn4wgHA&t=46","high","criterion","1","3","0","","","","",""
"dylan-baker","its-a-mad-mad-mad-mad-world","58","https://www.youtube.com/watch?v=cZmkXn4wgHA&t=58","high","criterion","1","4","0","","","","",""
"dylan-baker","christ-stopped-at-eboli","93","https://www.youtube.com/watch?v=cZmkXn4wgHA&t=93","high","criterion","1","5","0","","","","",""
"dylan-baker","local-hero","102","https://www.youtube.com/watch?v=cZmkXn4wgHA&t=102","high","criterion","1","6","0","","","","",""
"dylan-baker","the-ascent","124","https://www.youtube.com/watch?v=cZmkXn4wgHA&t=124","high","criterion","1","7","0","","","","",""
"dylan-baker","ride-with-the-devil","155","https://www.youtube.com/watch?v=cZmkXn4wgHA&t=155","high","criterion","1","8","0","","","","",""
"jr","amores-perros","75","https://www.youtube.com/watch?v=h5R5ydQZEPA&t=75","high","criterion","1","1","0","","","","",""
"jr","walle","84","https://www.youtube.com/watch?v=h5R5ydQZEPA&t=84","high","criterion","1","2","0","","","","",""
"jr","mean-streets","85","https://www.youtube.com/watch?v=h5R5ydQZEPA&t=85","high","criterion","1","3","0","","","","",""
"jr","la-haine","154","https://www.youtube.com/watch?v=h5R5ydQZEPA&t=154","high","criterion","1","4","0","","","","",""
"jr","the-innocent","208","https://www.youtube.com/watch?v=h5R5ydQZEPA&t=208","high","criterion","1","5","0","","","","",""
"jr","eo","231","https://www.youtube.com/watch?v=h5R5ydQZEPA&t=231","high","criterion","1","6","0","","","","",""
"jr","roma-2018","246","https://www.youtube.com/watch?v=h5R5ydQZEPA&t=246","high","criterion","1","7","1","Essential Fellini","","","",""
"jr","the-complete-films-of-agnes-varda","26","https://www.youtube.com/watch?v=h5R5ydQZEPA&t=26","high","criterion","1","8","1","The Complete Films of Agnès Varda","22","https://www.criterion.com/boxsets/3432-the-complete-films-of-agnes-varda","",""
"jr","john-cassavetes-five-films","75","https://www.youtube.com/watch?v=h5R5ydQZEPA&t=75","high","criterion","1","9","1","John Cassavetes: Five Films","5","https://www.criterion.com/boxsets/558-john-cassavetes-five-films","",""
"anna-kendrick","all-that-jazz","24","https://www.youtube.com/watch?v=CuZo__82POU&t=24","high","criterion","1","1","0","","","","",""
"anna-kendrick","klute","45","https://www.youtube.com/watch?v=CuZo__82POU&t=45","high","criterion","1","2","0","","","","",""
"anna-kendrick","stalker","88","https://www.youtube.com/watch?v=CuZo__82POU&t=88","high","criterion","1","3","0","","","","",""
"anna-kendrick","the-passion-of-joan-of-arc","104","https://www.youtube.com/watch?v=CuZo__82POU&t=104","high","criterion","1","4","0","","","","",""
"anna-kendrick","saint-omer","141","https://www.youtube.com/watch?v=CuZo__82POU&t=141","high","criterion","1","5","0","","","","",""
"anna-kendrick","ingmar-bergmans-cinema","176","https://www.youtube.com/watch?v=CuZo__82POU&t=176","high","criterion","1","6","1","Ingmar Bergman's Cinema","40","https://www.criterion.com/boxsets/1427-ingmar-bergman-s-cinema","",""
"edward-berger","do-the-right-thing","12","https://www.youtube.com/watch?v=-zlyJmf-2MM&t=12","high","criterion","1","1","0","","","","",""
"edward-berger","downhill-racer","37","https://www.youtube.com/watch?v=-zlyJmf-2MM&t=37","high","criterion","1","2","0","","","","",""
"edward-berger","cold-war","169","https://www.youtube.com/watch?v=-zlyJmf-2MM&t=169","high","criterion","1","3","0","","","","",""
"edward-berger","the-exterminating-angel","199","https://www.youtube.com/watch?v=-zlyJmf-2MM&t=199","high","criterion","1","4","0","","","","",""
"edward-berger","3-films-by-roberto-rossellini-starring-ingrid-bergman","98","https://www.youtube.com/watch?v=-zlyJmf-2MM&t=98","high","criterion","1","5","1","3 Films by Roberto Rossellini Starring Ingrid Bergman","3","https://www.criterion.com/boxsets/982-3-films-by-roberto-rossellini-starring-ingrid-bergman","",""
"edward-berger","roberto-rossellinis-war-trilogy","121","https://www.youtube.com/watch?v=-zlyJmf-2MM&t=121","high","criterion","1","6","1","Roberto Rossellini's War Trilogy","3","https://www.criterion.com/boxsets/689-roberto-rossellini-s-war-trilogy","",""
"edward-berger","fanny-and-alexander-box-set","223","https://www.youtube.com/watch?v=-zlyJmf-2MM&t=223","high","criterion","1","7","1","Fanny and Alexander","3","https://www.criterion.com/boxsets/206-fanny-and-alexander","",""
"jennifer-kent","haxan","30","https://www.youtube.com/watch?v=4puN5ASOPGs&t=30","high","criterion","1","1","0","","","","",""
"jennifer-kent","the-last-wave","46","https://www.youtube.com/watch?v=4puN5ASOPGs&t=46","high","criterion","1","2","0","","","","",""
"jennifer-kent","kuroneko","81","https://www.youtube.com/watch?v=4puN5ASOPGs&t=81","high","criterion","1","3","0","","","","",""
"jennifer-kent","onibaba","86","https://www.youtube.com/watch?v=4puN5ASOPGs&t=86","high","criterion","1","4","0","","","","",""
"jennifer-kent","mulholland-dr","108","https://www.youtube.com/watch?v=4puN5ASOPGs&t=108","high","criterion","1","5","0","","","","",""
"jennifer-kent","a-man-escaped","145","https://www.youtube.com/watch?v=4puN5ASOPGs&t=145","high","criterion","1","6","0","","","","",""
"jennifer-kent","tokyo-story","176","https://www.youtube.com/watch?v=4puN5ASOPGs&t=176","high","criterion","1","7","0","","","","",""
"cheryl-dunye","i-married-a-witch","30","https://www.youtube.com/watch?v=24ZeFtAssNE&t=30","high","criterion","1","1","0","","","","",""
"cheryl-dunye","a-hollis-frampton-odyssey","91","https://www.youtube.com/watch?v=24ZeFtAssNE&t=91","high","criterion","1","2","0","","","","",""
"cheryl-dunye","mudbound","124","https://www.youtube.com/watch?v=24ZeFtAssNE&t=124","high","criterion","1","3","0","","","","",""
"cheryl-dunye","the-cameraman","129","https://www.youtube.com/watch?v=24ZeFtAssNE&t=129","high","criterion","1","4","0","","","","",""
"cheryl-dunye","to-die-for","164","https://www.youtube.com/watch?v=24ZeFtAssNE&t=164","high","criterion","1","5","0","","","","",""
"cheryl-dunye","the-watermelon-woman","329","https://www.youtube.com/watch?v=24ZeFtAssNE&t=329","high","criterion","1","6","0","","","","",""
"cheryl-dunye","chantal-akerman-masterpieces-19681978","142","https://www.youtube.com/watch?v=24ZeFtAssNE&t=142","high","criterion","1","7","1","Chantal Akerman Masterpieces, 1968–1978","9","https://www.criterion.com/boxsets/7045-chantal-akerman-masterpieces-1968-1978","",""
"cheryl-dunye","the-signifyin-works-of-marlon-riggs","203","https://www.youtube.com/watch?v=24ZeFtAssNE&t=203","high","criterion","1","8","1","The Signifyin' Works of Marlon Riggs","7","https://www.criterion.com/boxsets/4431-the-signifyin-works-of-marlon-riggs","",""
"cheryl-dunye","the-brd-trilogy","244","https://www.youtube.com/watch?v=24ZeFtAssNE&t=244","high","criterion","1","9","1","The BRD Trilogy","3","https://www.criterion.com/boxsets/138-the-brd-trilogy","",""
"cheryl-dunye","the-complete-films-of-agnes-varda","298","https://www.youtube.com/watch?v=24ZeFtAssNE&t=298","high","criterion","1","10","1","The Complete Films of Agnès Varda","22","https://www.criterion.com/boxsets/3432-the-complete-films-of-agnes-varda","",""
"tim-blake-nelson","blast-of-silence","25","https://www.youtube.com/watch?v=QPpueqWsjf4&t=25","high","criterion","1","1","0","","","","",""
"tim-blake-nelson","topsy-turvy","67","https://www.youtube.com/watch?v=QPpueqWsjf4&t=67","high","criterion","1","2","0","","","","",""
"tim-blake-nelson","the-killing-of-a-chinese-bookie","140","https://www.youtube.com/watch?v=QPpueqWsjf4&t=140","high","criterion","1","3","1","John Cassavetes: Five Films","","","",""
"tim-blake-nelson","inside-llewyn-davis","206","https://www.youtube.com/watch?v=QPpueqWsjf4&t=206","high","criterion","1","4","0","","","","",""
"tim-blake-nelson","millers-crossing","313","https://www.youtube.com/watch?v=QPpueqWsjf4&t=313","high","criterion","1","5","0","","","","",""
"tim-blake-nelson","tokyo-story","422","https://www.youtube.com/watch?v=QPpueqWsjf4&t=422","high","criterion","1","6","0","","","","",""
"jane-schoenbrun","bamboozled","81","https://www.youtube.com/watch?v=Q0iOBmGQKQ8&t=81","high","criterion","1","1","0","","","","",""
"jane-schoenbrun","malcolm-x","73","https://www.youtube.com/watch?v=Q0iOBmGQKQ8&t=73","high","criterion","1","2","0","","","","",""
"jane-schoenbrun","el-sur","83","https://www.youtube.com/watch?v=Q0iOBmGQKQ8&t=83","high","criterion","1","3","0","","","","",""
"jane-schoenbrun","peeping-tom","108","https://www.youtube.com/watch?v=Q0iOBmGQKQ8&t=108","high","criterion","1","4","0","","","","",""
"jane-schoenbrun","werckmeister-harmonies","150","https://www.youtube.com/watch?v=Q0iOBmGQKQ8&t=150","high","criterion","1","5","0","","","","",""
"jane-schoenbrun","autumn-sonata","170","https://www.youtube.com/watch?v=Q0iOBmGQKQ8&t=170","high","criterion","1","6","1","Ingmar Bergman's Cinema","","","",""
"jane-schoenbrun","the-grand-budapest-hotel","197","https://www.youtube.com/watch?v=Q0iOBmGQKQ8&t=197","high","criterion","1","7","0","","","","",""
"jane-schoenbrun","eraserhead","258","https://www.youtube.com/watch?v=Q0iOBmGQKQ8&t=258","high","criterion","1","8","0","","","","",""
"jane-schoenbrun","the-complete-jacques-tati","40","https://www.youtube.com/watch?v=Q0iOBmGQKQ8&t=40","high","criterion","1","9","1","The Complete Jacques Tati","6","https://www.criterion.com/boxsets/1069-the-complete-jacques-tati","",""
"molly-ringwald","a-face-in-the-crowd","38","https://www.youtube.com/watch?v=d_ZBeZ_C0v8&t=38","high","criterion","1","1","0","","","","",""
"molly-ringwald","celine-and-julie-go-boating","64","https://www.youtube.com/watch?v=d_ZBeZ_C0v8&t=64","high","criterion","1","2","0","","","","",""
"molly-ringwald","band-of-outsiders","184","https://www.youtube.com/watch?v=d_ZBeZ_C0v8&t=184","high","criterion","1","3","0","","","","",""
"molly-ringwald","la-vie-de-jesus","191","https://www.youtube.com/watch?v=d_ZBeZ_C0v8&t=191","high","criterion","1","4","0","","","","",""
"molly-ringwald","love-streams","308","https://www.youtube.com/watch?v=d_ZBeZ_C0v8&t=308","high","criterion","1","5","0","","","","",""
"molly-ringwald","umberto-d","341","https://www.youtube.com/watch?v=d_ZBeZ_C0v8&t=341","high","criterion","1","6","0","","","","",""
"molly-ringwald","dietrich-von-sternberg-in-hollywood-box-set","12","https://www.youtube.com/watch?v=d_ZBeZ_C0v8&t=12","high","criterion","1","7","1","Dietrich & von Sternberg in Hollywood","6","https://www.criterion.com/boxsets/1329-dietrich-von-sternberg-in-hollywood","",""
"molly-ringwald","eric-rohmers-tales-of-the-four-seasons","103","https://www.youtube.com/watch?v=d_ZBeZ_C0v8&t=103","high","criterion","1","8","1","Eric Rohmer's Tales of the Four Seasons","4","https://www.criterion.com/boxsets/7154-eric-rohmer-s-tales-of-the-four-seasons","",""
"molly-ringwald","eclipse-series-8-lubitsch-musicals","148","https://www.youtube.com/watch?v=d_ZBeZ_C0v8&t=148","high","criterion","1","9","1","Eclipse Series 8: Lubitsch Musicals","4","https://www.criterion.com/boxsets/517-eclipse-series-8-lubitsch-musicals","",""
"molly-ringwald","essential-fellini","236","https://www.youtube.com/watch?v=d_ZBeZ_C0v8&t=236","high","criterion","1","10","1","Essential Fellini","14","https://www.criterion.com/boxsets/3626-essential-fellini","",""
"molly-ringwald","john-cassavetes-five-films","275","https://www.youtube.com/watch?v=d_ZBeZ_C0v8&t=275","high","criterion","1","11","1","John Cassavetes: Five Films","5","https://www.criterion.com/boxsets/558-john-cassavetes-five-films","",""
"manuel-garcia-rulfo","the-cremator","9","https://www.youtube.com/watch?v=1PvtSPjBvyU&t=9","high","criterion","1","1","0","","","","",""
"manuel-garcia-rulfo","onibaba","30","https://www.youtube.com/watch?v=1PvtSPjBvyU&t=30","high","criterion","1","2","0","","","","",""
"manuel-garcia-rulfo","amores-perros","63","https://www.youtube.com/watch?v=1PvtSPjBvyU&t=63","high","criterion","1","3","0","","","","",""
"manuel-garcia-rulfo","canoa-a-shameful-memory","124","https://www.youtube.com/watch?v=1PvtSPjBvyU&t=124","high","criterion","1","4","0","","","","",""
"manuel-garcia-rulfo","the-new-world","138","https://www.youtube.com/watch?v=1PvtSPjBvyU&t=138","high","criterion","1","5","0","","","","",""
"manuel-garcia-rulfo","cold-war","172","https://www.youtube.com/watch?v=1PvtSPjBvyU&t=172","high","criterion","1","6","0","","","","",""
"kerry-condon","the-night-of-the-hunter","9","https://www.youtube.com/watch?v=8kII05HTS6c&t=9","high","criterion","1","1","0","","","","",""
"kerry-condon","fish-tank","50","https://www.youtube.com/watch?v=8kII05HTS6c&t=50","high","criterion","1","2","0","","","","",""
"kerry-condon","kes","58","https://www.youtube.com/watch?v=8kII05HTS6c&t=58","high","criterion","1","3","0","","","","",""
"kerry-condon","george-washington","60","https://www.youtube.com/watch?v=8kII05HTS6c&t=60","high","criterion","1","4","0","","","","",""
"kerry-condon","the-tin-drum","95","https://www.youtube.com/watch?v=8kII05HTS6c&t=95","high","criterion","1","5","0","","","","",""
"kerry-condon","secrets-lies","142","https://www.youtube.com/watch?v=8kII05HTS6c&t=142","high","criterion","1","6","0","","","","",""
"kerry-condon","mccabe-mrs-miller","174","https://www.youtube.com/watch?v=8kII05HTS6c&t=174","high","criterion","1","7","0","","","","",""
"kerry-condon","valley-of-the-dolls","199","https://www.youtube.com/watch?v=8kII05HTS6c&t=199","high","criterion","1","8","0","","","","",""
"kerry-condon","dogfight","225","https://www.youtube.com/watch?v=8kII05HTS6c&t=225","high","criterion","1","9","0","","","","",""
"kerry-condon","all-about-my-mother","358","https://www.youtube.com/watch?v=8kII05HTS6c&t=358","high","criterion","1","10","0","","","","",""
"kerry-condon","the-prince-of-tides","364","https://www.youtube.com/watch?v=8kII05HTS6c&t=364","high","criterion","1","11","0","","","","",""
"st-vincent","female-trouble","17","https://www.youtube.com/watch?v=JPQG0BKNVqY&t=17","high","criterion","1","1","0","","","","",""
"st-vincent","the-bitter-tears-of-petra-von-kant","24","https://www.youtube.com/watch?v=JPQG0BKNVqY&t=24","high","criterion","1","2","0","","","","",""
"st-vincent","women-on-the-verge-of-a-nervous-breakdown","85","https://www.youtube.com/watch?v=JPQG0BKNVqY&t=85","high","criterion","1","3","0","","","","",""
"st-vincent","to-die-for","121","https://www.youtube.com/watch?v=JPQG0BKNVqY&t=121","high","criterion","1","4","0","","","","",""
"st-vincent","brand-upon-the-brain","189","https://www.youtube.com/watch?v=JPQG0BKNVqY&t=189","high","criterion","1","5","0","","","","",""
"st-vincent","dazed-and-confused","251","https://www.youtube.com/watch?v=JPQG0BKNVqY&t=251","high","criterion","1","6","0","","","","",""
"st-vincent","diamonds-of-the-night","336","https://www.youtube.com/watch?v=JPQG0BKNVqY&t=336","high","criterion","1","7","0","","","","",""
"st-vincent","chantal-akerman-masterpieces-19681978","240","https://www.youtube.com/watch?v=JPQG0BKNVqY&t=240","high","criterion","1","8","1","Chantal Akerman Masterpieces, 1968–1978","9","https://www.criterion.com/boxsets/7045-chantal-akerman-masterpieces-1968-1978","",""
"gregg-araki","bringing-up-baby","0","https://www.youtube.com/watch?v=Nl_6j3NDZjw&t=0","high","criterion","1","1","0","","","","",""
"gregg-araki","something-wild-1986","37","https://www.youtube.com/watch?v=Nl_6j3NDZjw&t=37","high","criterion","1","2","0","","","","",""
"gregg-araki","twin-peaks-fire-walk-with-me","78","https://www.youtube.com/watch?v=Nl_6j3NDZjw&t=78","high","criterion","1","3","0","","","","",""
"gregg-araki","masculin-feminin","121","https://www.youtube.com/watch?v=Nl_6j3NDZjw&t=121","high","criterion","1","4","0","","","","",""
"gregg-araki","pink-flamingos","142","https://www.youtube.com/watch?v=Nl_6j3NDZjw&t=142","high","criterion","1","5","0","","","","",""
"gregg-araki","stranger-than-paradise","180","https://www.youtube.com/watch?v=Nl_6j3NDZjw&t=180","high","criterion","1","6","0","","","","",""
"rodrigo-prieto","amores-perros","10","https://www.youtube.com/watch?v=YQ8h7cyDr1Q&t=10","high","criterion","1","1","0","","","","",""
"rodrigo-prieto","women-on-the-verge-of-a-nervous-breakdown","41","https://www.youtube.com/watch?v=YQ8h7cyDr1Q&t=41","high","criterion","1","2","0","","","","",""
"rodrigo-prieto","kwaidan","96","https://www.youtube.com/watch?v=YQ8h7cyDr1Q&t=96","high","criterion","1","3","0","","","","",""
"rodrigo-prieto","raging-bull","148","https://www.youtube.com/watch?v=YQ8h7cyDr1Q&t=148","high","criterion","1","4","0","","","","",""
"rodrigo-prieto","rumble-fish","204","https://www.youtube.com/watch?v=YQ8h7cyDr1Q&t=204","high","criterion","1","5","0","","","","",""
"rodrigo-prieto","after-life","276","https://www.youtube.com/watch?v=YQ8h7cyDr1Q&t=276","high","criterion","1","6","0","","","","",""
"sally-potter","come-and-see","32","https://www.youtube.com/watch?v=LIBhzriiG-g&t=32","high","criterion","1","1","0","","","","",""
"sally-potter","a-matter-of-life-and-death","114","https://www.youtube.com/watch?v=LIBhzriiG-g&t=114","high","criterion","1","2","0","","","","",""
"sally-potter","dance-girl-dance","98","https://www.youtube.com/watch?v=LIBhzriiG-g&t=98","high","criterion","1","3","0","","","","",""
"sally-potter","fish-tank","178","https://www.youtube.com/watch?v=LIBhzriiG-g&t=178","high","criterion","1","4","0","","","","",""
"sally-potter","la-strada","219","https://www.youtube.com/watch?v=LIBhzriiG-g&t=219","high","criterion","1","5","1","Essential Fellini","","","",""
"sally-potter","the-apu-trilogy","16","https://www.youtube.com/watch?v=LIBhzriiG-g&t=16","high","criterion","1","6","1","The Apu Trilogy","3","https://www.criterion.com/boxsets/1145-the-apu-trilogy","",""
"marc-maron","gimme-shelter","21","https://www.youtube.com/watch?v=giq9THI1RSU&t=21","high","criterion","1","1","0","","","","",""
"marc-maron","burden-of-dreams","38","https://www.youtube.com/watch?v=giq9THI1RSU&t=38","high","criterion","1","2","0","","","","",""
"marc-maron","being-there","47","https://www.youtube.com/watch?v=giq9THI1RSU&t=47","high","criterion","1","3","0","","","","",""
"marc-maron","female-trouble","65","https://www.youtube.com/watch?v=giq9THI1RSU&t=65","high","criterion","1","4","0","","","","",""
"marc-maron","mccabe-mrs-miller","79","https://www.youtube.com/watch?v=giq9THI1RSU&t=79","high","criterion","1","5","0","","","","",""
"marc-maron","the-american-friend","109","https://www.youtube.com/watch?v=giq9THI1RSU&t=109","high","criterion","1","6","0","","","","",""
"marc-maron","my-darling-clementine","119","https://www.youtube.com/watch?v=giq9THI1RSU&t=119","high","criterion","1","7","0","","","","",""
"marc-maron","burroughs-the-movie","135","https://www.youtube.com/watch?v=giq9THI1RSU&t=135","high","criterion","1","8","0","","","","",""
"marc-maron","a-face-in-the-crowd","160","https://www.youtube.com/watch?v=giq9THI1RSU&t=160","high","criterion","1","9","0","","","","",""
"marc-maron","ace-in-the-hole","160","https://www.youtube.com/watch?v=giq9THI1RSU&t=160","medium","criterion","1","10","0","","","","",""
"marc-maron","shame","207","https://www.youtube.com/watch?v=giq9THI1RSU&t=207","high","criterion","1","11","1","Ingmar Bergman's Cinema","","","",""
"floyd-norman","the-thief-of-bagdad","106","https://www.youtube.com/watch?v=mSuVyxoy6Hw&t=106","high","criterion","1","1","0","","","","",""
"floyd-norman","the-hidden-fortress","124","https://www.youtube.com/watch?v=mSuVyxoy6Hw&t=124","high","criterion","1","2","0","","","","",""
"floyd-norman","rebecca","142","https://www.youtube.com/watch?v=mSuVyxoy6Hw&t=142","high","criterion","1","3","0","","","","",""
"floyd-norman","malcolm-x","196","https://www.youtube.com/watch?v=mSuVyxoy6Hw&t=196","high","criterion","1","4","0","","","","",""
"floyd-norman","my-man-godfrey","230","https://www.youtube.com/watch?v=mSuVyxoy6Hw&t=230","high","criterion","1","5","0","","","","",""
"floyd-norman","eclipse-series-30-sabu","92","https://www.youtube.com/watch?v=mSuVyxoy6Hw&t=92","high","criterion","1","6","1","Eclipse Series 30: Sabu!","3","https://www.criterion.com/boxsets/847-eclipse-series-30-sabu","",""
"amir-naderi","a-brighter-summer-day","18","https://www.youtube.com/watch?v=hDgU4rZRnGs&t=18","high","criterion","1","1","0","","","","",""
"amir-naderi","dekalog","152","https://www.youtube.com/watch?v=hDgU4rZRnGs&t=152","high","criterion","1","2","0","","","","",""
"amir-naderi","three-films-by-luis-bunuel","0","","none","criterion","1","3","1","Three Films by Luis Buñuel","3","https://www.criterion.com/boxsets/3900-three-films-by-luis-bunuel","",""
"amir-naderi","a-film-trilogy-by-ingmar-bergman","67","https://www.youtube.com/watch?v=hDgU4rZRnGs&t=67","high","criterion","1","4","1","A Film Trilogy by Ingmar Bergman","3","https://www.criterion.com/boxsets/89-a-film-trilogy-by-ingmar-bergman","",""
"amir-naderi","the-apu-trilogy","192","https://www.youtube.com/watch?v=hDgU4rZRnGs&t=192","high","criterion","1","5","1","The Apu Trilogy","3","https://www.criterion.com/boxsets/1145-the-apu-trilogy","",""
"jerzy-skolimowski","diamonds-of-the-night","19","https://www.youtube.com/watch?v=VC-4KKe3WGM&t=19","high","criterion","1","1","0","","","","",""
"jerzy-skolimowski","ashes-and-diamonds","36","https://www.youtube.com/watch?v=VC-4KKe3WGM&t=36","high","criterion","1","2","0","","","","",""
"jerzy-skolimowski","come-and-see","49","https://www.youtube.com/watch?v=VC-4KKe3WGM&t=49","high","criterion","1","3","0","","","","",""
"jerzy-skolimowski","ivans-childhood","70","https://www.youtube.com/watch?v=VC-4KKe3WGM&t=70","high","criterion","1","4","0","","","","",""
"jerzy-skolimowski","la-strada","106","https://www.youtube.com/watch?v=VC-4KKe3WGM&t=106","high","criterion","1","5","1","Essential Fellini","","","",""
"jerzy-skolimowski","812","113","https://www.youtube.com/watch?v=VC-4KKe3WGM&t=113","high","criterion","1","6","1","Essential Fellini","","","",""
"jerzy-skolimowski","loves-of-a-blonde","194","https://www.youtube.com/watch?v=VC-4KKe3WGM&t=194","high","criterion","1","7","0","","","","",""
"raul-castillo","le-samourai","15","https://www.youtube.com/watch?v=FurjMTpCV9s&t=15","high","criterion","1","1","0","","","","",""
"raul-castillo","traffic","18","https://www.youtube.com/watch?v=FurjMTpCV9s&t=18","high","criterion","1","2","0","","","","",""
"raul-castillo","f-for-fake","23","https://www.youtube.com/watch?v=FurjMTpCV9s&t=23","high","criterion","1","3","0","","","","",""
"raul-castillo","blow-up","49","https://www.youtube.com/watch?v=FurjMTpCV9s&t=49","high","criterion","1","4","0","","","","",""
"raul-castillo","night-of-the-living-dead","62","https://www.youtube.com/watch?v=FurjMTpCV9s&t=62","high","criterion","1","5","0","","","","",""
"raul-castillo","my-own-private-idaho","109","https://www.youtube.com/watch?v=FurjMTpCV9s&t=109","high","criterion","1","6","0","","","","",""
"yo-la-tengo","the-daytrippers","14","https://www.youtube.com/watch?v=IhICyf1kUUw&t=14","high","criterion","1","1","0","","","","",""
"yo-la-tengo","black-girl","36","https://www.youtube.com/watch?v=IhICyf1kUUw&t=36","high","criterion","1","2","0","","","","",""
"yo-la-tengo","beyond-the-valley-of-the-dolls","45","https://www.youtube.com/watch?v=IhICyf1kUUw&t=45","high","criterion","1","3","0","","","","",""
"yo-la-tengo","i-wanna-hold-your-hand","108","https://www.youtube.com/watch?v=IhICyf1kUUw&t=108","high","criterion","1","4","0","","","","",""
"yo-la-tengo","the-velvet-underground","119","https://www.youtube.com/watch?v=IhICyf1kUUw&t=119","high","criterion","1","5","0","","","","",""
"yo-la-tengo","tokyo-story","131","https://www.youtube.com/watch?v=IhICyf1kUUw&t=131","high","criterion","1","6","0","","","","",""
"yo-la-tengo","the-girl-cant-help-it","151","https://www.youtube.com/watch?v=IhICyf1kUUw&t=151","high","criterion","1","7","0","","","","",""
"yo-la-tengo","ministry-of-fear","187","https://www.youtube.com/watch?v=IhICyf1kUUw&t=187","high","criterion","1","8","0","","","","",""
"yo-la-tengo","carnival-of-souls","218","https://www.youtube.com/watch?v=IhICyf1kUUw&t=218","high","criterion","1","9","0","","","","",""
"yo-la-tengo","the-complete-monterey-pop-festival","25","https://www.youtube.com/watch?v=IhICyf1kUUw&t=25","high","criterion","1","10","1","The Complete Monterey Pop Festival","2","https://www.criterion.com/boxsets/326-the-complete-monterey-pop-festival","",""
"sara-dosa","burden-of-dreams","48","https://www.youtube.com/watch?v=-thqiKKZack&t=48","high","criterion","1","1","0","","","","",""
"sara-dosa","faya-dayi","58","https://www.youtube.com/watch?v=-thqiKKZack&t=58","high","criterion","1","2","0","","","","",""
"sara-dosa","jules-and-jim","77","https://www.youtube.com/watch?v=-thqiKKZack&t=77","high","criterion","1","3","0","","","","",""
"sara-dosa","y-tu-mama-tambien","124","https://www.youtube.com/watch?v=-thqiKKZack&t=124","high","criterion","1","4","0","","","","",""
"sara-dosa","me-and-you-and-everyone-we-know","195","https://www.youtube.com/watch?v=-thqiKKZack&t=195","high","criterion","1","5","0","","","","",""
"sara-dosa","la-jetee-sans-soleil","12","https://www.youtube.com/watch?v=-thqiKKZack&t=12","high","criterion","1","6","1","La Jetée/Sans Soleil","2","https://www.criterion.com/boxsets/77-la-jetee-sans-soleil","",""
"sara-dosa","the-complete-films-of-agnes-varda","251","https://www.youtube.com/watch?v=-thqiKKZack&t=251","high","criterion","1","7","1","The Complete Films of Agnès Varda","22","https://www.criterion.com/boxsets/3432-the-complete-films-of-agnes-varda","",""
"charlie-day","the-400-blows","22","https://www.youtube.com/watch?v=lQMK7yKCaUM&t=22","high","criterion","1","1","0","","","","",""
"charlie-day","the-player","64","https://www.youtube.com/watch?v=lQMK7yKCaUM&t=64","high","criterion","1","2","0","","","","",""
"charlie-day","being-there","86","https://www.youtube.com/watch?v=lQMK7yKCaUM&t=86","high","criterion","1","3","0","","","","",""
"charlie-day","punch-drunk-love","121","https://www.youtube.com/watch?v=lQMK7yKCaUM&t=121","high","criterion","1","4","0","","","","",""
"charlie-day","do-the-right-thing","173","https://www.youtube.com/watch?v=lQMK7yKCaUM&t=173","high","criterion","1","5","0","","","","",""
"charlie-day","barry-lyndon","212","https://www.youtube.com/watch?v=lQMK7yKCaUM&t=212","high","criterion","1","6","0","","","","",""
"charlie-day","tokyo-story","315","https://www.youtube.com/watch?v=lQMK7yKCaUM&t=315","high","criterion","1","7","0","","","","",""
"charlie-day","john-cassavetes-five-films","260","https://www.youtube.com/watch?v=lQMK7yKCaUM&t=260","high","criterion","1","8","1","John Cassavetes: Five Films","5","https://www.criterion.com/boxsets/558-john-cassavetes-five-films","",""
"charlie-day","the-complete-films-of-agnes-varda","295","https://www.youtube.com/watch?v=lQMK7yKCaUM&t=295","high","criterion","1","9","1","The Complete Films of Agnès Varda","22","https://www.criterion.com/boxsets/3432-the-complete-films-of-agnes-varda","",""
"carl-franklin","my-life-as-a-dog","15","https://www.youtube.com/watch?v=PnYhi85VmVE&t=15","high","criterion","1","1","0","","","","",""
"carl-franklin","children-of-paradise","24","https://www.youtube.com/watch?v=PnYhi85VmVE&t=24","high","criterion","1","2","0","","","","",""
"carl-franklin","tokyo-story","42","https://www.youtube.com/watch?v=PnYhi85VmVE&t=42","high","criterion","1","3","0","","","","",""
"carl-franklin","late-spring","44","https://www.youtube.com/watch?v=PnYhi85VmVE&t=44","high","criterion","1","4","0","","","","",""
"carl-franklin","812","113","https://www.youtube.com/watch?v=PnYhi85VmVE&t=113","high","criterion","1","5","1","Essential Fellini","","","",""
"carl-franklin","to-sleep-with-anger","136","https://www.youtube.com/watch?v=PnYhi85VmVE&t=136","high","criterion","1","6","0","","","","",""
"carl-franklin","death-in-venice","242","https://www.youtube.com/watch?v=PnYhi85VmVE&t=242","high","criterion","1","7","0","","","","",""
"carl-franklin","the-damned","249","https://www.youtube.com/watch?v=PnYhi85VmVE&t=249","high","criterion","1","8","0","","","","",""
"carl-franklin","round-midnight","258","https://www.youtube.com/watch?v=PnYhi85VmVE&t=258","high","criterion","1","9","0","","","","",""
"carl-franklin","chimes-at-midnight","324","https://www.youtube.com/watch?v=PnYhi85VmVE&t=324","high","criterion","1","10","0","","","","",""
"carl-franklin","the-killers","12","https://www.youtube.com/watch?v=PnYhi85VmVE&t=12","high","criterion","1","11","1","The Killers","-1","https://www.criterion.com/boxsets/334-the-killers","",""
"carl-franklin","martin-scorseses-world-cinema-project-no-3","158","https://www.youtube.com/watch?v=PnYhi85VmVE&t=158","high","criterion","1","12","1","Martin Scorsese's World Cinema Project No. 3","6","https://www.criterion.com/boxsets/3506-martin-scorsese-s-world-cinema-project-no-3","",""
"ari-aster","closely-watched-trains","42","https://www.youtube.com/watch?v=psV-DcsnU1Y&t=42","high","criterion","1","1","0","","","","",""
"ari-aster","daisies","199","https://www.youtube.com/watch?v=psV-DcsnU1Y&t=199","high","criterion","1","2","0","","","","",""
"ari-aster","cure","211","https://www.youtube.com/watch?v=psV-DcsnU1Y&t=211","high","criterion","1","3","0","","","","",""
"ari-aster","mr-klein","218","https://www.youtube.com/watch?v=psV-DcsnU1Y&t=218","high","criterion","1","4","0","","","","",""
"ari-aster","la-poison","308","https://www.youtube.com/watch?v=psV-DcsnU1Y&t=308","high","criterion","1","5","0","","","","",""
"ari-aster","the-new-world","237","https://www.youtube.com/watch?v=psV-DcsnU1Y&t=237","high","criterion","1","6","0","","","","",""
"ari-aster","secret-sunshine","254","https://www.youtube.com/watch?v=psV-DcsnU1Y&t=254","high","criterion","1","7","0","","","","",""
"ari-aster","the-woman-in-the-dunes","320","https://www.youtube.com/watch?v=psV-DcsnU1Y&t=320","high","criterion","1","8","0","","","","",""
"ari-aster","che","346","https://www.youtube.com/watch?v=psV-DcsnU1Y&t=346","high","criterion","1","9","0","","","","",""
"ari-aster","mishima-a-life-in-four-chapters","392","https://www.youtube.com/watch?v=psV-DcsnU1Y&t=392","high","criterion","1","10","0","","","","",""
"ari-aster","bigger-than-life","415","https://www.youtube.com/watch?v=psV-DcsnU1Y&t=415","high","criterion","1","11","0","","","","",""
"ari-aster","brand-upon-the-brain","438","https://www.youtube.com/watch?v=psV-DcsnU1Y&t=438","high","criterion","1","12","0","","","","",""
"ari-aster","walkabout","496","https://www.youtube.com/watch?v=psV-DcsnU1Y&t=496","high","criterion","1","13","0","","","","",""
"ari-aster","michael-haneke-trilogy","59","https://www.youtube.com/watch?v=psV-DcsnU1Y&t=59","high","criterion","1","14","1","Michael Haneke: Trilogy","3","https://www.criterion.com/boxsets/6323-michael-haneke-trilogy","",""
"ari-aster","three-fantastic-journeys-by-karel-zeman-invention-for-destruction","216","https://www.youtube.com/watch?v=psV-DcsnU1Y&t=216","high","criterion","1","15","1","Three Fantastic Journeys by Karel Zeman","3","https://www.criterion.com/boxsets/2880-three-fantastic-journeys-by-karel-zeman","",""
"ari-aster","the-koker-trilogy","158","https://www.youtube.com/watch?v=psV-DcsnU1Y&t=158","high","criterion","1","16","1","The Koker Trilogy","3","https://www.criterion.com/boxsets/2363-the-koker-trilogy","",""
"ari-aster","winchester-73","22","https://www.youtube.com/watch?v=vj6QawF-Q9w&t=22","high","criterion","2","1","0","","","","",""
"ari-aster","the-parallax-view","45","https://www.youtube.com/watch?v=vj6QawF-Q9w&t=45","high","criterion","2","2","0","","","","",""
"ari-aster","lacombe-lucien","69","https://www.youtube.com/watch?v=vj6QawF-Q9w&t=69","high","criterion","2","3","0","","","","",""
"ari-aster","revanche","89","https://www.youtube.com/watch?v=vj6QawF-Q9w&t=89","high","criterion","2","4","0","","","","",""
"ari-aster","straw-dogs","113","https://www.youtube.com/watch?v=vj6QawF-Q9w&t=113","high","criterion","2","5","0","","","","",""
"ari-aster","ace-in-the-hole","143","https://www.youtube.com/watch?v=vj6QawF-Q9w&t=143","high","criterion","2","6","0","","","","",""
"ari-aster","a-face-in-the-crowd","169","https://www.youtube.com/watch?v=vj6QawF-Q9w&t=169","high","criterion","2","7","0","","","","",""
"ari-aster","wanda","191","https://www.youtube.com/watch?v=vj6QawF-Q9w&t=191","high","criterion","2","8","0","","","","",""
"ari-aster","do-the-right-thing","216","https://www.youtube.com/watch?v=vj6QawF-Q9w&t=216","high","criterion","2","9","0","","","","",""
"ari-aster","graduation","237","https://www.youtube.com/watch?v=vj6QawF-Q9w&t=237","high","criterion","2","10","0","","","","",""
"ari-aster","the-grifters","253","https://www.youtube.com/watch?v=vj6QawF-Q9w&t=253","high","criterion","2","11","0","","","","",""
"ari-aster","you-can-count-on-me","266","https://www.youtube.com/watch?v=vj6QawF-Q9w&t=266","high","criterion","2","12","0","","","","",""
"ari-aster","le-salaire-de-la-peur","283","https://www.youtube.com/watch?v=vj6QawF-Q9w&t=283","high","criterion","2","13","0","","","","",""
"ari-aster","lone-star","300","https://www.youtube.com/watch?v=vj6QawF-Q9w&t=300","high","criterion","2","14","0","","","","",""
"ari-aster","the-last-picture-show","317","https://www.youtube.com/watch?v=vj6QawF-Q9w&t=317","high","criterion","2","15","0","","","","",""
"ari-aster","targets","334","https://www.youtube.com/watch?v=vj6QawF-Q9w&t=334","high","criterion","2","16","0","","","","",""
"ari-aster","young-mr-lincoln","353","https://www.youtube.com/watch?v=vj6QawF-Q9w&t=353","high","criterion","2","17","0","","","","",""
"ari-aster","my-darling-clementine","355","https://www.youtube.com/watch?v=vj6QawF-Q9w&t=355","high","criterion","2","18","0","","","","",""
"ari-aster","no-country-for-old-men","372","https://www.youtube.com/watch?v=vj6QawF-Q9w&t=372","high","criterion","2","19","0","","","","",""
"benjamin-millepied","on-the-waterfront","32","https://www.youtube.com/watch?v=uF970Ynyb3U&t=32","high","criterion","1","1","0","","","","",""
"benjamin-millepied","the-tree-of-life","117","https://www.youtube.com/watch?v=uF970Ynyb3U&t=117","high","criterion","1","2","0","","","","",""
"benjamin-millepied","all-that-jazz","235","https://www.youtube.com/watch?v=uF970Ynyb3U&t=235","high","criterion","1","3","0","","","","",""
"benjamin-millepied","lavventura","286","https://www.youtube.com/watch?v=uF970Ynyb3U&t=286","high","criterion","1","4","0","","","","",""
"benjamin-millepied","eclipse-series-23-the-first-films-of-akira-kurosawa","182","https://www.youtube.com/watch?v=uF970Ynyb3U&t=182","high","criterion","1","5","1","Eclipse Series 23: The First Films of Akira Kurosawa","4","https://www.criterion.com/boxsets/743-eclipse-series-23-the-first-films-of-akira-kurosawa","",""
"benjamin-millepied","the-qatsi-trilogy","347","https://www.youtube.com/watch?v=uF970Ynyb3U&t=347","high","criterion","1","6","1","The Qatsi Trilogy","3","https://www.criterion.com/boxsets/934-the-qatsi-trilogy","",""
"ethan-hawke-and-jonathan-marc-sherman","black-orpheus","5","https://www.youtube.com/watch?v=ETrJUaoa1Zc&t=5","high","criterion","1","1","0","","","","",""
"ethan-hawke-and-jonathan-marc-sherman","the-400-blows","10","https://www.youtube.com/watch?v=ETrJUaoa1Zc&t=10","high","criterion","1","2","0","","","","",""
"ethan-hawke-and-jonathan-marc-sherman","tootsie","25","https://www.youtube.com/watch?v=ETrJUaoa1Zc&t=25","high","criterion","1","3","0","","","","",""
"ethan-hawke-and-jonathan-marc-sherman","breaker-morant","46","https://www.youtube.com/watch?v=ETrJUaoa1Zc&t=46","high","criterion","1","4","0","","","","",""
"ethan-hawke-and-jonathan-marc-sherman","rumble-fish","60","https://www.youtube.com/watch?v=ETrJUaoa1Zc&t=60","high","criterion","1","5","0","","","","",""
"ethan-hawke-and-jonathan-marc-sherman","berlin-alexanderplatz","88","https://www.youtube.com/watch?v=ETrJUaoa1Zc&t=88","high","criterion","1","6","0","","","","",""
"ethan-hawke-and-jonathan-marc-sherman","ace-in-the-hole","142","https://www.youtube.com/watch?v=ETrJUaoa1Zc&t=142","high","criterion","1","7","0","","","","",""
"ethan-hawke-and-jonathan-marc-sherman","paris-texas","150","https://www.youtube.com/watch?v=ETrJUaoa1Zc&t=150","high","criterion","1","8","0","","","","",""
"ethan-hawke-and-jonathan-marc-sherman","sullivans-travels","168","https://www.youtube.com/watch?v=ETrJUaoa1Zc&t=168","high","criterion","1","9","0","","","","",""
"ethan-hawke-and-jonathan-marc-sherman","one-eyed-jacks","177","https://www.youtube.com/watch?v=ETrJUaoa1Zc&t=177","high","criterion","1","10","0","","","","",""
"ethan-hawke-and-jonathan-marc-sherman","five-easy-pieces","238","https://www.youtube.com/watch?v=ETrJUaoa1Zc&t=238","high","criterion","1","11","0","","","","",""
"ethan-hawke-and-jonathan-marc-sherman","house","243","https://www.youtube.com/watch?v=ETrJUaoa1Zc&t=243","high","criterion","1","12","0","","","","",""
"ethan-hawke-and-jonathan-marc-sherman","the-essential-jacques-demy","283","https://www.youtube.com/watch?v=ETrJUaoa1Zc&t=283","high","criterion","1","13","1","The Essential Jacques Demy","6","https://www.criterion.com/boxsets/1055-the-essential-jacques-demy","",""
"ethan-hawke-and-jonathan-marc-sherman","the-before-trilogy","0","","none","criterion","1","14","1","The Before Trilogy","3","https://www.criterion.com/boxsets/1237-the-before-trilogy","",""
"michael-shannon","down-by-law","22","https://www.youtube.com/watch?v=Ewx-oog2kmQ&t=22","high","criterion","1","1","0","","","","",""
"michael-shannon","being-john-malkovich","48","https://www.youtube.com/watch?v=Ewx-oog2kmQ&t=48","high","criterion","1","2","0","","","","",""
"michael-shannon","seconds","92","https://www.youtube.com/watch?v=Ewx-oog2kmQ&t=92","high","criterion","1","3","0","","","","",""
"michael-shannon","the-elephant-man","106","https://www.youtube.com/watch?v=Ewx-oog2kmQ&t=106","high","criterion","1","4","0","","","","",""
"michael-shannon","being-there","144","https://www.youtube.com/watch?v=Ewx-oog2kmQ&t=144","high","criterion","1","5","0","","","","",""
"michael-shannon","five-easy-pieces","176","https://www.youtube.com/watch?v=Ewx-oog2kmQ&t=176","high","criterion","1","6","0","","","","",""
"michael-shannon","america-lost-and-found-the-bbs-story","205","https://www.youtube.com/watch?v=Ewx-oog2kmQ&t=205","high","criterion","1","7","1","America Lost and Found: The BBS Story","7","https://www.criterion.com/boxsets/769-america-lost-and-found-the-bbs-story","",""
"mary-harron","the-naked-city","15","https://www.youtube.com/watch?v=n4sA7UOBC_c&t=15","high","criterion","1","1","0","","","","",""
"mary-harron","the-killing-of-a-chinese-bookie","38","https://www.youtube.com/watch?v=n4sA7UOBC_c&t=38","high","criterion","1","2","1","John Cassavetes: Five Films","","","",""
"mary-harron","sid-nancy","69","https://www.youtube.com/watch?v=n4sA7UOBC_c&t=69","high","criterion","1","3","0","","","","",""
"mary-harron","mala-noche","81","https://www.youtube.com/watch?v=n4sA7UOBC_c&t=81","high","criterion","1","4","0","","","","",""
"mary-harron","lost-highway","127","https://www.youtube.com/watch?v=n4sA7UOBC_c&t=127","high","criterion","1","5","0","","","","",""
"mary-harron","my-man-godfrey","212","https://www.youtube.com/watch?v=n4sA7UOBC_c&t=212","high","criterion","1","6","0","","","","",""
"gina-prince-bythewood","love-basketball","9","https://www.youtube.com/watch?v=42NzYofW5eM&t=9","high","criterion","1","1","0","","","","",""
"gina-prince-bythewood","black-orpheus","34","https://www.youtube.com/watch?v=42NzYofW5eM&t=34","high","criterion","1","2","0","","","","",""
"gina-prince-bythewood","fa-yeung-nin-wa","66","https://www.youtube.com/watch?v=42NzYofW5eM&t=66","high","criterion","1","3","0","","","","",""
"gina-prince-bythewood","broadcast-news","75","https://www.youtube.com/watch?v=42NzYofW5eM&t=75","high","criterion","1","4","0","","","","",""
"gina-prince-bythewood","a-dry-white-season","98","https://www.youtube.com/watch?v=42NzYofW5eM&t=98","high","criterion","1","5","0","","","","",""
"gina-prince-bythewood","ratcatcher","174","https://www.youtube.com/watch?v=42NzYofW5eM&t=174","high","criterion","1","6","0","","","","",""
"gina-prince-bythewood","fish-tank","185","https://www.youtube.com/watch?v=42NzYofW5eM&t=185","high","criterion","1","7","0","","","","",""
"gina-prince-bythewood","devil-in-a-blue-dress","192","https://www.youtube.com/watch?v=42NzYofW5eM&t=192","high","criterion","1","8","0","","","","",""
"gina-prince-bythewood","claudine","200","https://www.youtube.com/watch?v=42NzYofW5eM&t=200","high","criterion","1","9","0","","","","",""
"gina-prince-bythewood","fear-and-loathing-in-las-vegas","247","https://www.youtube.com/watch?v=42NzYofW5eM&t=247","high","criterion","1","10","0","","","","",""
"gina-prince-bythewood","an-actors-revenge","263","https://www.youtube.com/watch?v=42NzYofW5eM&t=263","high","criterion","1","11","0","","","","",""
"gina-prince-bythewood","john-cassavetes-five-films","133","https://www.youtube.com/watch?v=42NzYofW5eM&t=133","high","criterion","1","12","1","John Cassavetes: Five Films","5","https://www.criterion.com/boxsets/558-john-cassavetes-five-films","",""
"john-darnielle","original-cast-album-company","92","https://www.youtube.com/watch?v=8xngHLBEXnE&t=92","high","criterion","1","1","0","","","","",""
"john-darnielle","salvatore-giuliano","106","https://www.youtube.com/watch?v=8xngHLBEXnE&t=106","high","criterion","1","2","0","","","","",""
"john-darnielle","richard-iii","126","https://www.youtube.com/watch?v=8xngHLBEXnE&t=126","high","criterion","1","3","0","","","","",""
"john-darnielle","kagemusha","154","https://www.youtube.com/watch?v=8xngHLBEXnE&t=154","high","criterion","1","4","0","","","","",""
"john-darnielle","youth-of-the-beast","240","https://www.youtube.com/watch?v=8xngHLBEXnE&t=240","high","criterion","1","5","0","","","","",""
"john-darnielle","the-ballad-of-narayama","252","https://www.youtube.com/watch?v=8xngHLBEXnE&t=252","high","criterion","1","6","0","","","","",""
"john-darnielle","the-signifyin-works-of-marlon-riggs","185","https://www.youtube.com/watch?v=8xngHLBEXnE&t=185","high","criterion","1","7","1","The Signifyin' Works of Marlon Riggs","7","https://www.criterion.com/boxsets/4431-the-signifyin-works-of-marlon-riggs","",""
"john-darnielle","bruce-lee-his-greatest-hits-box-set","201","https://www.youtube.com/watch?v=8xngHLBEXnE&t=201","high","criterion","1","8","1","Bruce Lee: His Greatest Hits","5","https://www.criterion.com/boxsets/3205-bruce-lee-his-greatest-hits","",""
"john-darnielle","the-samurai-trilogy","62","https://www.youtube.com/watch?v=8xngHLBEXnE&t=62","high","criterion","1","9","1","The Samurai Trilogy","3","https://www.criterion.com/boxsets/40-the-samurai-trilogy","",""
"philip-kaufman","amarcord","21","https://www.youtube.com/watch?v=5sMFHvBEvKI&t=21","high","criterion","1","1","1","Essential Fellini","","","",""
"philip-kaufman","le-salaire-de-la-peur","42","https://www.youtube.com/watch?v=5sMFHvBEvKI&t=42","high","criterion","1","2","0","","","","",""
"philip-kaufman","crumb","71","https://www.youtube.com/watch?v=5sMFHvBEvKI&t=71","high","criterion","1","3","0","","","","",""
"philip-kaufman","the-battle-of-algiers","117","https://www.youtube.com/watch?v=5sMFHvBEvKI&t=117","high","criterion","1","4","0","","","","",""
"philip-kaufman","fanny-and-alexander-box-set","98","https://www.youtube.com/watch?v=5sMFHvBEvKI&t=98","high","criterion","1","5","1","Fanny and Alexander","3","https://www.criterion.com/boxsets/206-fanny-and-alexander","",""
"philip-kaufman","stage-and-spectacle-three-films-by-jean-renoir","166","https://www.youtube.com/watch?v=5sMFHvBEvKI&t=166","high","criterion","1","6","1","Stage and Spectacle: Three Films by Jean Renoir","3","https://www.criterion.com/boxsets/540-stage-and-spectacle-three-films-by-jean-renoir","",""
"ruben-ostlund","the-bitter-tears-of-petra-von-kant","72","https://www.youtube.com/watch?v=0Z2UYLTsPwY&t=72","high","criterion","1","1","0","","","","",""
"ruben-ostlund","fat-girl","104","https://www.youtube.com/watch?v=0Z2UYLTsPwY&t=104","high","criterion","1","2","0","","","","",""
"ruben-ostlund","love-streams","134","https://www.youtube.com/watch?v=0Z2UYLTsPwY&t=134","high","criterion","1","3","0","","","","",""
"ruben-ostlund","bicycle-thieves","162","https://www.youtube.com/watch?v=0Z2UYLTsPwY&t=162","high","criterion","1","4","0","","","","",""
"ruben-ostlund","three-films-by-luis-bunuel","87","https://www.youtube.com/watch?v=0Z2UYLTsPwY&t=87","high","criterion","1","5","1","Three Films by Luis Buñuel","3","https://www.criterion.com/boxsets/3900-three-films-by-luis-bunuel","",""
"ruben-ostlund","fanny-and-alexander-box-set","197","https://www.youtube.com/watch?v=0Z2UYLTsPwY&t=197","high","criterion","1","6","1","Fanny and Alexander","3","https://www.criterion.com/boxsets/206-fanny-and-alexander","",""
"kim-cattrall","jules-and-jim","140","https://www.youtube.com/watch?v=o2Lj-2N2EPQ&t=140","high","criterion","1","1","0","","","","",""
"kim-cattrall","sullivans-travels","154","https://www.youtube.com/watch?v=o2Lj-2N2EPQ&t=154","high","criterion","1","2","0","","","","",""
"kim-cattrall","heaven-can-wait","15","https://www.youtube.com/watch?v=o2Lj-2N2EPQ&t=15","high","criterion","1","3","0","","","","",""
"kim-cattrall","limelight","75","https://www.youtube.com/watch?v=o2Lj-2N2EPQ&t=75","high","criterion","1","4","0","","","","",""
"kim-cattrall","a-taste-of-honey","86","https://www.youtube.com/watch?v=o2Lj-2N2EPQ&t=86","high","criterion","1","5","0","","","","",""
"kim-cattrall","wanda","173","https://www.youtube.com/watch?v=o2Lj-2N2EPQ&t=173","high","criterion","1","6","0","","","","",""
"kim-cattrall","tom-jones","97","https://www.youtube.com/watch?v=o2Lj-2N2EPQ&t=97","medium","criterion","1","7","0","","","","",""
"kim-cattrall","nashville","100","https://www.youtube.com/watch?v=o2Lj-2N2EPQ&t=100","high","criterion","1","8","0","","","","",""
"kim-cattrall","repulsion","151","https://www.youtube.com/watch?v=o2Lj-2N2EPQ&t=151","high","criterion","1","9","0","","","","",""
"kim-cattrall","cat-people","74","https://www.youtube.com/watch?v=o2Lj-2N2EPQ&t=74","high","criterion","1","10","0","","","","",""
"kim-cattrall","fanny-and-alexander-box-set","55","https://www.youtube.com/watch?v=o2Lj-2N2EPQ&t=55","high","criterion","1","11","1","Fanny and Alexander","3","https://www.criterion.com/boxsets/206-fanny-and-alexander","",""
"kim-cattrall","the-complete-jacques-tati","0","","none","criterion","1","12","1","The Complete Jacques Tati","6","https://www.criterion.com/boxsets/1069-the-complete-jacques-tati","",""
"cauleen-smith","do-the-right-thing","7","https://www.youtube.com/watch?v=aYvCHrvbWLs&t=7","high","criterion","1","1","0","","","","",""
"cauleen-smith","the-flavor-of-green-tea-over-rice","26","https://www.youtube.com/watch?v=aYvCHrvbWLs&t=26","high","criterion","1","2","0","","","","",""
"cauleen-smith","stalker","48","https://www.youtube.com/watch?v=aYvCHrvbWLs&t=48","high","criterion","1","3","0","","","","",""
"cauleen-smith","blow-up","59","https://www.youtube.com/watch?v=aYvCHrvbWLs&t=59","high","criterion","1","4","0","","","","",""
"cauleen-smith","the-color-of-pomegranates","80","https://www.youtube.com/watch?v=aYvCHrvbWLs&t=80","high","criterion","1","5","0","","","","",""
"cauleen-smith","black-girl","114","https://www.youtube.com/watch?v=aYvCHrvbWLs&t=114","high","criterion","1","6","0","","","","",""
"cauleen-smith","to-sleep-with-anger","134","https://www.youtube.com/watch?v=aYvCHrvbWLs&t=134","high","criterion","1","7","0","","","","",""
"cauleen-smith","symbiopsychotaxiplasm-two-takes","162","https://www.youtube.com/watch?v=aYvCHrvbWLs&t=162","high","criterion","1","8","0","","","","",""
"cauleen-smith","the-princess-bride","198","https://www.youtube.com/watch?v=aYvCHrvbWLs&t=198","high","criterion","1","9","0","","","","",""
"cauleen-smith","la-jetee-sans-soleil","20","https://www.youtube.com/watch?v=aYvCHrvbWLs&t=20","high","criterion","1","10","1","La Jetée/Sans Soleil","2","https://www.criterion.com/boxsets/77-la-jetee-sans-soleil","",""
"cauleen-smith","eclipse-series-31-three-popular-films-by-jean-pierre-gorin","36","https://www.youtube.com/watch?v=aYvCHrvbWLs&t=36","high","criterion","1","11","1","Eclipse Series 31: Three Popular Films by Jean-Pierre Gorin","3","https://www.criterion.com/boxsets/855-eclipse-series-31-three-popular-films-by-jean-pierre-gorin","",""
"minnie-driver","all-about-eve","16","https://www.youtube.com/watch?v=B-7snPxjLQ8&t=16","high","criterion","1","1","0","","","","",""
"minnie-driver","betty-blue","53","https://www.youtube.com/watch?v=B-7snPxjLQ8&t=53","high","criterion","1","2","0","","","","",""
"minnie-driver","an-angel-at-my-table","99","https://www.youtube.com/watch?v=B-7snPxjLQ8&t=99","high","criterion","1","3","0","","","","",""
"minnie-driver","uncut-gems","137","https://www.youtube.com/watch?v=B-7snPxjLQ8&t=137","high","criterion","1","4","0","","","","",""
"minnie-driver","down-by-law","193","https://www.youtube.com/watch?v=B-7snPxjLQ8&t=193","high","criterion","1","5","0","","","","",""
"minnie-driver","la-cage-aux-folles","272","https://www.youtube.com/watch?v=B-7snPxjLQ8&t=272","high","criterion","1","6","0","","","","",""
"renate-reinsve","pickpocket","136","https://www.youtube.com/watch?v=FAhUrrvwWPQ&t=136","high","criterion","1","1","0","","","","",""
"renate-reinsve","white-material","64","https://www.youtube.com/watch?v=FAhUrrvwWPQ&t=64","high","criterion","1","2","0","","","","",""
"renate-reinsve","mulholland-dr","35","https://www.youtube.com/watch?v=FAhUrrvwWPQ&t=35","high","criterion","1","3","0","","","","",""
"renate-reinsve","certified-copy","187","https://www.youtube.com/watch?v=FAhUrrvwWPQ&t=187","high","criterion","1","4","0","","","","",""
"renate-reinsve","the-piano-teacher","90","https://www.youtube.com/watch?v=FAhUrrvwWPQ&t=90","high","criterion","1","5","0","","","","",""
"renate-reinsve","mirror","12","https://www.youtube.com/watch?v=FAhUrrvwWPQ&t=12","high","criterion","1","6","0","","","","",""
"renate-reinsve","a-film-trilogy-by-ingmar-bergman","204","https://www.youtube.com/watch?v=FAhUrrvwWPQ&t=204","high","criterion","1","7","1","A Film Trilogy by Ingmar Bergman","3","https://www.criterion.com/boxsets/89-a-film-trilogy-by-ingmar-bergman","",""
"renate-reinsve","stage-and-spectacle-three-films-by-jean-renoir","210","https://www.youtube.com/watch?v=FAhUrrvwWPQ&t=210","high","criterion","1","8","1","Stage and Spectacle: Three Films by Jean Renoir","3","https://www.criterion.com/boxsets/540-stage-and-spectacle-three-films-by-jean-renoir","",""
"renate-reinsve","pierre-etaix","0","","none","criterion","1","9","1","Pierre Etaix","5","https://www.criterion.com/boxsets/947-pierre-etaix","",""
"garrett-bradley","the-battle-of-algiers","52","https://www.youtube.com/watch?v=U7QE6yAGyqc&t=52","high","criterion","1","1","0","","","","",""
"garrett-bradley","oliver-twist","87","https://www.youtube.com/watch?v=U7QE6yAGyqc&t=87","high","criterion","1","2","0","","","","",""
"garrett-bradley","a-man-escaped","147","https://www.youtube.com/watch?v=U7QE6yAGyqc&t=147","high","criterion","1","3","0","","","","",""
"garrett-bradley","dressed-to-kill","24","https://www.youtube.com/watch?v=U7QE6yAGyqc&t=24","high","criterion","1","4","0","","","","",""
"garrett-bradley","akira-kurosawas-dreams","65","https://www.youtube.com/watch?v=U7QE6yAGyqc&t=65","high","criterion","1","5","0","","","","",""
"garrett-bradley","betty-blue","132","https://www.youtube.com/watch?v=U7QE6yAGyqc&t=132","high","criterion","1","6","0","","","","",""
"garrett-bradley","moonstruck","126","https://www.youtube.com/watch?v=U7QE6yAGyqc&t=126","high","criterion","1","7","0","","","","",""
"garrett-bradley","love-basketball","118","https://www.youtube.com/watch?v=U7QE6yAGyqc&t=118","high","criterion","1","8","0","","","","",""
"garrett-bradley","high-and-low","0","","none","criterion","1","9","0","","","","",""
"garrett-bradley","blue-is-the-warmest-color","0","","none","criterion","1","10","0","","","","",""
"garrett-bradley","wim-wenders-the-road-trilogy","42","https://www.youtube.com/watch?v=U7QE6yAGyqc&t=42","high","criterion","1","11","1","Wim Wenders: The Road Trilogy","3","https://www.criterion.com/boxsets/1186-wim-wenders-the-road-trilogy","",""
"garrett-bradley","melvin-van-peebles-essential-films","47","https://www.youtube.com/watch?v=U7QE6yAGyqc&t=47","high","criterion","1","12","1","Melvin Van Peebles: Essential Films","4","https://www.criterion.com/boxsets/4787-melvin-van-peebles-essential-films","",""
"garrett-bradley","the-signifyin-works-of-marlon-riggs","124","https://www.youtube.com/watch?v=U7QE6yAGyqc&t=124","high","criterion","1","13","1","The Signifyin' Works of Marlon Riggs","7","https://www.criterion.com/boxsets/4431-the-signifyin-works-of-marlon-riggs","",""
"garrett-bradley","rebel-samurai-sixties-swordplay-classics","0","https://www.youtube.com/watch?v=U7QE6yAGyqc&t=0","high","criterion","1","14","1","Rebel Samurai: Sixties Swordplay Classics","-1","https://www.criterion.com/boxsets/382-rebel-samurai-sixties-swordplay-classics","",""
"jenni-olson","jeanne-dielman-23-quai-du-commerce-1080-bruxelles","27","https://www.youtube.com/watch?v=oJt67JhZ1EI&t=27","high","criterion","1","1","0","","","","",""
"jenni-olson","sweet-smell-of-success","95","https://www.youtube.com/watch?v=oJt67JhZ1EI&t=95","high","criterion","1","2","0","","","","",""
"jenni-olson","desert-hearts","66","https://www.youtube.com/watch?v=oJt67JhZ1EI&t=66","high","criterion","1","3","0","","","","",""
"jenni-olson","memories-of-underdevelopment","148","https://www.youtube.com/watch?v=oJt67JhZ1EI&t=148","high","criterion","1","4","0","","","","",""
"jenni-olson","eclipse-series-2-the-documentaries-of-louis-malle","179","https://www.youtube.com/watch?v=oJt67JhZ1EI&t=179","high","criterion","1","5","1","Eclipse Series 2: The Documentaries of Louis Malle","7","https://www.criterion.com/boxsets/275-eclipse-series-2-the-documentaries-of-louis-malle","",""
"peter-sarsgaard","la-strada","0","https://www.youtube.com/watch?v=5YxJY2W4b4U&t=0","high","criterion","1","1","1","Essential Fellini","","","",""
"peter-sarsgaard","the-night-porter","11","https://www.youtube.com/watch?v=5YxJY2W4b4U&t=11","high","criterion","1","2","0","","","","",""
"peter-sarsgaard","eating-raoul","147","https://www.youtube.com/watch?v=5YxJY2W4b4U&t=147","high","criterion","1","3","0","","","","",""
"peter-sarsgaard","breaking-the-waves","242","https://www.youtube.com/watch?v=5YxJY2W4b4U&t=242","high","criterion","1","4","0","","","","",""
"peter-sarsgaard","safe","191","https://www.youtube.com/watch?v=5YxJY2W4b4U&t=191","high","criterion","1","5","0","","","","",""
"peter-sarsgaard","true-stories","109","https://www.youtube.com/watch?v=5YxJY2W4b4U&t=109","high","criterion","1","6","0","","","","",""
"peter-sarsgaard","wanda","64","https://www.youtube.com/watch?v=5YxJY2W4b4U&t=64","high","criterion","1","7","0","","","","",""
"john-waters","812","27","https://www.youtube.com/watch?v=std013XVxSk&t=27","high","criterion","1","1","1","Essential Fellini","","","",""
"john-waters","the-honeymoon-killers","115","https://www.youtube.com/watch?v=std013XVxSk&t=115","high","criterion","1","2","0","","","","",""
"john-waters","the-blob","5","https://www.youtube.com/watch?v=std013XVxSk&t=5","high","criterion","1","3","0","","","","",""
"john-waters","beyond-the-valley-of-the-dolls","171","https://www.youtube.com/watch?v=std013XVxSk&t=171","high","criterion","1","4","0","","","","",""
"john-waters","twin-peaks-fire-walk-with-me","59","https://www.youtube.com/watch?v=std013XVxSk&t=59","high","criterion","1","5","0","","","","",""
"paul-dano","one-eyed-jacks","0","","none","criterion","1","1","0","","","","",""
"paul-dano","a-brighter-summer-day","140","https://www.youtube.com/watch?v=1dWuslij1o8&t=140","high","criterion","1","2","0","","","","",""
"paul-dano","good-morning","43","https://www.youtube.com/watch?v=1dWuslij1o8&t=43","medium","criterion","1","3","0","","","","",""
"paul-dano","make-way-for-tomorrow","102","https://www.youtube.com/watch?v=1dWuslij1o8&t=102","high","criterion","1","4","0","","","","",""
"paul-dano","this-sporting-life","113","https://www.youtube.com/watch?v=1dWuslij1o8&t=113","high","criterion","1","5","0","","","","",""
"paul-dano","yi-yi","140","https://www.youtube.com/watch?v=1dWuslij1o8&t=140","low","criterion","1","6","0","","","","",""
"paul-dano","my-own-private-idaho","169","https://www.youtube.com/watch?v=1dWuslij1o8&t=169","high","criterion","1","7","0","","","","",""
"paul-dano","the-essential-jacques-demy","13","https://www.youtube.com/watch?v=1dWuslij1o8&t=13","high","criterion","1","8","1","The Essential Jacques Demy","6","https://www.criterion.com/boxsets/1055-the-essential-jacques-demy","",""
"richard-e-grant","jules-and-jim","96","https://www.youtube.com/watch?v=OpuQ4-CCct4&t=96","high","criterion","1","1","0","","","","",""
"richard-e-grant","cries-and-whispers","28","https://www.youtube.com/watch?v=OpuQ4-CCct4&t=28","high","criterion","1","2","1","Ingmar Bergman's Cinema","","","",""
"richard-e-grant","hamlet","18","https://www.youtube.com/watch?v=OpuQ4-CCct4&t=18","high","criterion","1","3","0","","","","",""
"richard-e-grant","the-tin-drum","44","https://www.youtube.com/watch?v=OpuQ4-CCct4&t=44","high","criterion","1","4","0","","","","",""
"richard-e-grant","city-lights","0","https://www.youtube.com/watch?v=OpuQ4-CCct4&t=0","high","criterion","1","5","0","","","","",""
"richard-e-grant","the-french-lieutenants-woman","85","https://www.youtube.com/watch?v=OpuQ4-CCct4&t=85","high","criterion","1","6","0","","","","",""
"richard-e-grant","nashville","11","https://www.youtube.com/watch?v=OpuQ4-CCct4&t=11","high","criterion","1","7","0","","","","",""
"richard-e-grant","the-graduate","52","https://www.youtube.com/watch?v=OpuQ4-CCct4&t=52","high","criterion","1","8","0","","","","",""
"richard-e-grant","day-for-night","77","https://www.youtube.com/watch?v=OpuQ4-CCct4&t=77","high","criterion","1","9","0","","","","",""
"richard-e-grant","some-like-it-hot","131","https://www.youtube.com/watch?v=OpuQ4-CCct4&t=131","high","criterion","1","10","0","","","","",""
"richard-e-grant","la-strada","39","https://www.youtube.com/watch?v=OpuQ4-CCct4&t=39","high","criterion","1","11","1","Essential Fellini","","","",""
"cristian-mungiu","modern-times","0","https://www.youtube.com/watch?v=8gxFRWp4gVU&t=0","high","criterion","1","1","0","","","","",""
"cristian-mungiu","bicycle-thieves","131","https://www.youtube.com/watch?v=8gxFRWp4gVU&t=131","high","criterion","1","2","0","","","","",""
"cristian-mungiu","dekalog","84","https://www.youtube.com/watch?v=8gxFRWp4gVU&t=84","high","criterion","1","3","0","","","","",""
"cristian-mungiu","blood-simple","189","https://www.youtube.com/watch?v=8gxFRWp4gVU&t=189","high","criterion","1","4","0","","","","",""
"cristian-mungiu","easy-rider","227","https://www.youtube.com/watch?v=8gxFRWp4gVU&t=227","high","criterion","1","5","0","","","","",""
"lee-unkrich","bicycle-thieves","0","","none","criterion","1","1","0","","","","",""
"lee-unkrich","loves-of-a-blonde","42","https://www.youtube.com/watch?v=WnO5_ZfUDoM&t=42","high","criterion","1","2","0","","","","",""
"lee-unkrich","the-graduate","57","https://www.youtube.com/watch?v=WnO5_ZfUDoM&t=57","high","criterion","1","3","0","","","","",""
"lee-unkrich","punch-drunk-love","91","https://www.youtube.com/watch?v=WnO5_ZfUDoM&t=91","high","criterion","1","4","0","","","","",""
"lee-unkrich","an-angel-at-my-table","147","https://www.youtube.com/watch?v=WnO5_ZfUDoM&t=147","high","criterion","1","5","0","","","","",""
"lee-unkrich","seconds","192","https://www.youtube.com/watch?v=WnO5_ZfUDoM&t=192","high","criterion","1","6","0","","","","",""
"lee-unkrich","all-that-jazz","256","https://www.youtube.com/watch?v=WnO5_ZfUDoM&t=256","high","criterion","1","7","0","","","","",""
"lee-unkrich","the-three-colors-trilogy","11","https://www.youtube.com/watch?v=WnO5_ZfUDoM&t=11","high","criterion","1","8","0","","","","",""
"alexander-payne","salo-or-the-120-days-of-sodom","19","https://www.youtube.com/watch?v=vMypwNZ2JBI&t=19","high","criterion","1","1","0","","","","",""
"alexander-payne","ace-in-the-hole","31","https://www.youtube.com/watch?v=vMypwNZ2JBI&t=31","high","criterion","1","2","0","","","","",""
"alexander-payne","3-women","52","https://www.youtube.com/watch?v=vMypwNZ2JBI&t=52","high","criterion","1","3","0","","","","",""
"alexander-payne","lavventura","59","https://www.youtube.com/watch?v=vMypwNZ2JBI&t=59","high","criterion","1","4","0","","","","",""
"alexander-payne","le-plaisir","71","https://www.youtube.com/watch?v=vMypwNZ2JBI&t=71","high","criterion","1","5","0","","","","",""
"alexander-payne","alambrista","77","https://www.youtube.com/watch?v=vMypwNZ2JBI&t=77","high","criterion","1","6","0","","","","",""
"alexander-payne","the-breaking-point","101","https://www.youtube.com/watch?v=vMypwNZ2JBI&t=101","high","criterion","1","7","0","","","","",""
"alexander-payne","speedy","142","https://www.youtube.com/watch?v=vMypwNZ2JBI&t=142","high","criterion","1","8","0","","","","",""
"alexander-payne","red-beard","152","https://www.youtube.com/watch?v=vMypwNZ2JBI&t=152","high","criterion","1","9","0","","","","",""
"alexander-payne","a-special-day","163","https://www.youtube.com/watch?v=vMypwNZ2JBI&t=163","high","criterion","1","10","0","","","","",""
"alexander-payne","the-executioner","185","https://www.youtube.com/watch?v=vMypwNZ2JBI&t=185","high","criterion","1","11","0","","","","",""
"isabelle-huppert","wanda","11","https://www.youtube.com/watch?v=GwSwBAo2FYo&t=11","high","criterion","1","1","0","","","","",""
"isabelle-huppert","i-knew-her-well","78","https://www.youtube.com/watch?v=GwSwBAo2FYo&t=78","high","criterion","1","2","0","","","","",""
"isabelle-huppert","juliet-of-the-spirits","93","https://www.youtube.com/watch?v=GwSwBAo2FYo&t=93","high","criterion","1","3","1","Essential Fellini","","","",""
"isabelle-huppert","la-ceremonie","100","https://www.youtube.com/watch?v=GwSwBAo2FYo&t=100","high","criterion","1","4","0","","","","",""
"isabelle-huppert","2-or-3-things-i-know-about-her","118","https://www.youtube.com/watch?v=GwSwBAo2FYo&t=118","high","criterion","1","5","0","","","","",""
"isabelle-huppert","saint-omer","140","https://www.youtube.com/watch?v=GwSwBAo2FYo&t=140","high","criterion","1","6","0","","","","",""
"isabelle-huppert","nothing-but-a-man","142","https://www.youtube.com/watch?v=GwSwBAo2FYo&t=142","high","criterion","1","7","0","","","","",""
"isabelle-huppert","3-films-by-roberto-rossellini-starring-ingrid-bergman","31","https://www.youtube.com/watch?v=GwSwBAo2FYo&t=31","high","criterion","1","8","1","3 Films by Roberto Rossellini Starring Ingrid Bergman","3","https://www.criterion.com/boxsets/982-3-films-by-roberto-rossellini-starring-ingrid-bergman","",""
"isabelle-huppert","eclipse-series-3-late-ozu","134","https://www.youtube.com/watch?v=GwSwBAo2FYo&t=134","high","criterion","1","9","1","Eclipse Series 3: Late Ozu","5","https://www.criterion.com/boxsets/427-eclipse-series-3-late-ozu","",""
"laura-albert-jeff-feuerzeig","my-own-private-idaho","76","https://www.youtube.com/watch?v=5sDoDOWAflY&t=76","high","criterion","1","1","0","","","","",""
"laura-albert-jeff-feuerzeig","rushmore","0","","none","criterion","1","2","0","","","","",""
"laura-albert-jeff-feuerzeig","kiss-me-deadly","40","https://www.youtube.com/watch?v=5sDoDOWAflY&t=40","high","criterion","1","3","0","","","","",""
"laura-albert-jeff-feuerzeig","on-the-waterfront","114","https://www.youtube.com/watch?v=5sDoDOWAflY&t=114","high","criterion","1","4","0","","","","",""
"laura-albert-jeff-feuerzeig","repo-man","19","https://www.youtube.com/watch?v=5sDoDOWAflY&t=19","high","criterion","1","5","0","","","","",""
"laura-albert-jeff-feuerzeig","the-rose","134","https://www.youtube.com/watch?v=5sDoDOWAflY&t=134","high","criterion","1","6","0","","","","",""
"laura-albert-jeff-feuerzeig","pigs-pimps-prostitutes-3-films-by-shohei-imamura","58","https://www.youtube.com/watch?v=5sDoDOWAflY&t=58","high","criterion","1","7","1","Pigs, Pimps & Prostitutes: 3 Films by Shohei Imamura","3","https://www.criterion.com/boxsets/613-pigs-pimps-prostitutes-3-films-by-shohei-imamura","",""
"amy-heckerling","ace-in-the-hole","107","https://www.youtube.com/watch?v=jsmRYmwB_HU&t=107","high","criterion","1","1","0","","","","",""
"amy-heckerling","city-lights","142","https://www.youtube.com/watch?v=jsmRYmwB_HU&t=142","high","criterion","1","2","0","","","","",""
"amy-heckerling","812","157","https://www.youtube.com/watch?v=jsmRYmwB_HU&t=157","high","criterion","1","3","1","Essential Fellini","","","",""
"amy-heckerling","i-vitelloni","1","https://www.youtube.com/watch?v=jsmRYmwB_HU&t=1","high","criterion","1","4","1","Essential Fellini","","","",""
"amy-heckerling","naked-lunch","30","https://www.youtube.com/watch?v=jsmRYmwB_HU&t=30","high","criterion","1","5","0","","","","",""
"amy-heckerling","tokyo-story","34","https://www.youtube.com/watch?v=jsmRYmwB_HU&t=34","high","criterion","1","6","0","","","","",""
"amy-heckerling","m","85","https://www.youtube.com/watch?v=jsmRYmwB_HU&t=85","high","criterion","1","7","0","","","","",""
"ben-wheatley","the-horses-mouth","11","https://www.youtube.com/watch?v=vago4fXtJvw&t=11","high","criterion","1","1","0","","","","",""
"ben-wheatley","grey-gardens","56","https://www.youtube.com/watch?v=vago4fXtJvw&t=56","high","criterion","1","2","0","","","","",""
"ben-wheatley","two-lane-blacktop","79","https://www.youtube.com/watch?v=vago4fXtJvw&t=79","high","criterion","1","3","0","","","","",""
"ben-wheatley","things-to-come","90","https://www.youtube.com/watch?v=vago4fXtJvw&t=90","high","criterion","1","4","0","","","","",""
"ben-wheatley","fishing-with-john","118","https://www.youtube.com/watch?v=vago4fXtJvw&t=118","high","criterion","1","5","0","","","","",""
"ben-wheatley","seven-samurai","135","https://www.youtube.com/watch?v=vago4fXtJvw&t=135","high","criterion","1","6","0","","","","",""
"ben-wheatley","seconds","174","https://www.youtube.com/watch?v=vago4fXtJvw&t=174","high","criterion","1","7","0","","","","",""
"ben-wheatley","sweet-smell-of-success","200","https://www.youtube.com/watch?v=vago4fXtJvw&t=200","high","criterion","1","8","0","","","","",""
"ben-wheatley","crumb","236","https://www.youtube.com/watch?v=vago4fXtJvw&t=236","high","criterion","1","9","0","","","","",""
"ben-wheatley","rumble-fish","256","https://www.youtube.com/watch?v=vago4fXtJvw&t=256","high","criterion","1","10","0","","","","",""
"ben-wheatley","watership-down","280","https://www.youtube.com/watch?v=vago4fXtJvw&t=280","high","criterion","1","11","0","","","","",""
"ben-wheatley","zatoichi-the-blind-swordsman","151","https://www.youtube.com/watch?v=vago4fXtJvw&t=151","high","criterion","1","12","1","Zatoichi: The Blind Swordsman","25","https://www.criterion.com/boxsets/1012-zatoichi-the-blind-swordsman","",""
"nicolas-winding-refn","ivans-childhood","7","https://www.youtube.com/watch?v=WMfI1AVAF_8&t=7","high","criterion","1","1","0","","","","",""
"nicolas-winding-refn","quadrophenia","32","https://www.youtube.com/watch?v=WMfI1AVAF_8&t=32","high","criterion","1","2","0","","","","",""
"nicolas-winding-refn","bigger-than-life","40","https://www.youtube.com/watch?v=WMfI1AVAF_8&t=40","high","criterion","1","3","0","","","","",""
"nicolas-winding-refn","insignificance","61","https://www.youtube.com/watch?v=WMfI1AVAF_8&t=61","high","criterion","1","4","0","","","","",""
"nicolas-winding-refn","repo-man","69","https://www.youtube.com/watch?v=WMfI1AVAF_8&t=69","high","criterion","1","5","0","","","","",""
"nicolas-winding-refn","things-to-come","85","https://www.youtube.com/watch?v=WMfI1AVAF_8&t=85","high","criterion","1","6","0","","","","",""
"nicolas-winding-refn","on-the-waterfront","108","https://www.youtube.com/watch?v=WMfI1AVAF_8&t=108","high","criterion","1","7","0","","","","",""
"michael-cera","good-morning","12","https://www.youtube.com/watch?v=5CODR5TU8RM&t=12","high","criterion","1","1","0","","","","",""
"michael-cera","close-up","117","https://www.youtube.com/watch?v=5CODR5TU8RM&t=117","high","criterion","1","2","0","","","","",""
"michael-cera","tootsie","287","https://www.youtube.com/watch?v=5CODR5TU8RM&t=287","high","criterion","1","3","0","","","","",""
"michael-cera","eclipse-series-24-the-actuality-dramas-of-allan-king","202","https://www.youtube.com/watch?v=5CODR5TU8RM&t=202","high","criterion","1","4","1","Eclipse Series 24: The Actuality Dramas of Allan King","5","https://www.criterion.com/boxsets/752-eclipse-series-24-the-actuality-dramas-of-allan-king","",""
"michael-cera","walle","59","https://www.youtube.com/watch?v=fmXifiwHR-k&t=59","high","criterion","2","1","0","","","","",""
"michael-cera","hobsons-choice","71","https://www.youtube.com/watch?v=fmXifiwHR-k&t=71","high","criterion","2","2","0","","","","",""
"michael-cera","the-mother-and-the-whore","153","https://www.youtube.com/watch?v=fmXifiwHR-k&t=153","high","criterion","2","3","0","","","","",""
"michael-cera","the-wind-will-carry-us-1999","169","https://www.youtube.com/watch?v=fmXifiwHR-k&t=169","high","criterion","2","4","0","","","","",""
"michael-cera","anora","212","https://www.youtube.com/watch?v=fmXifiwHR-k&t=212","high","criterion","2","5","0","","","","",""
"michael-cera","prince-of-broadway","224","https://www.youtube.com/watch?v=fmXifiwHR-k&t=224","high","criterion","2","6","0","","","","",""
"michael-cera","812","264","https://www.youtube.com/watch?v=fmXifiwHR-k&t=264","high","criterion","2","7","1","Essential Fellini","","","",""
"michael-cera","the-complete-jacques-tati","26","https://www.youtube.com/watch?v=fmXifiwHR-k&t=26","high","criterion","2","8","1","The Complete Jacques Tati","6","https://www.criterion.com/boxsets/1069-the-complete-jacques-tati","",""
"michael-cera","gregg-arakis-teen-apocalypse-trilogy","120","https://www.youtube.com/watch?v=fmXifiwHR-k&t=120","high","criterion","2","9","1","Gregg Araki's Teen Apocalypse Trilogy","3","https://www.criterion.com/boxsets/7581-gregg-araki-s-teen-apocalypse-trilogy","",""
"the-wolfpack","following","45","https://www.youtube.com/watch?v=edCT-dyYA0s&t=45","high","criterion","1","1","0","","","","",""
"the-wolfpack","rushmore","91","https://www.youtube.com/watch?v=edCT-dyYA0s&t=91","high","criterion","1","2","0","","","","",""
"the-wolfpack","burden-of-dreams","0","","none","criterion","1","3","0","","","","",""
"the-wolfpack","eraserhead","0","","none","criterion","1","4","0","","","","",""
"the-wolfpack","hamlet","101","https://www.youtube.com/watch?v=edCT-dyYA0s&t=101","high","criterion","1","5","0","","","","",""
"the-wolfpack","m","98","https://www.youtube.com/watch?v=edCT-dyYA0s&t=98","high","criterion","1","6","0","","","","",""
"the-wolfpack","days-of-heaven","0","","none","criterion","1","7","0","","","","",""
"the-wolfpack","la-regle-du-jeu","114","https://www.youtube.com/watch?v=edCT-dyYA0s&t=114","high","criterion","1","8","0","","","","",""
"the-wolfpack","tokyo-story","0","","none","criterion","1","9","0","","","","",""
"the-wolfpack","repo-man","0","","none","criterion","1","10","0","","","","",""
"the-wolfpack","rosemarys-baby","116","https://www.youtube.com/watch?v=edCT-dyYA0s&t=116","high","criterion","1","11","0","","","","",""
"the-wolfpack","the-killing","119","https://www.youtube.com/watch?v=edCT-dyYA0s&t=119","high","criterion","1","12","0","","","","",""
"the-wolfpack","close-up","109","https://www.youtube.com/watch?v=edCT-dyYA0s&t=109","high","criterion","1","13","0","","","","",""
"the-wolfpack","stagecoach","0","","none","criterion","1","14","0","","","","",""
"the-wolfpack","repulsion","0","","none","criterion","1","15","0","","","","",""
"the-wolfpack","the-human-condition","124","https://www.youtube.com/watch?v=edCT-dyYA0s&t=124","high","criterion","1","16","0","","","","",""
"the-wolfpack","videodrome","0","","none","criterion","1","17","0","","","","",""
"the-wolfpack","traffic","0","","none","criterion","1","18","0","","","","",""
"the-wolfpack","the-battle-of-algiers","0","","none","criterion","1","19","0","","","","",""
"the-wolfpack","gimme-shelter","0","","none","criterion","1","20","0","","","","",""
"the-wolfpack","do-the-right-thing","0","https://www.youtube.com/watch?v=edCT-dyYA0s&t=0","high","criterion","1","21","0","","","","",""
"the-wolfpack","solaris","0","","none","criterion","1","22","0","","","","",""
"the-wolfpack","la-jetee-sans-soleil","0","","none","criterion","1","23","1","La Jetée/Sans Soleil","2","https://www.criterion.com/boxsets/77-la-jetee-sans-soleil","",""
"yorgos-lanthimos","inland-empire","17","https://www.youtube.com/watch?v=wFditJEjgjI&t=17","high","criterion","2","1","0","","","","",""
"yorgos-lanthimos","carnal-knowledge","63","https://www.youtube.com/watch?v=wFditJEjgjI&t=63","high","criterion","2","2","0","","","","",""
"yorgos-lanthimos","mikey-and-nicky","99","https://www.youtube.com/watch?v=wFditJEjgjI&t=99","high","criterion","2","3","0","","","","",""
"yorgos-lanthimos","black-god-white-devil","156","https://www.youtube.com/watch?v=wFditJEjgjI&t=156","high","criterion","2","4","0","","","","",""
"yorgos-lanthimos","persona","175","https://www.youtube.com/watch?v=wFditJEjgjI&t=175","high","criterion","2","5","1","Ingmar Bergman's Cinema","","","",""
"yorgos-lanthimos","three-films-by-luis-bunuel","212","https://www.youtube.com/watch?v=wFditJEjgjI&t=212","high","criterion","2","6","1","Three Films by Luis Buñuel","3","https://www.criterion.com/boxsets/3900-three-films-by-luis-bunuel","",""
"yorgos-lanthimos","ali-fear-eats-the-soul","0","https://www.youtube.com/watch?v=3QAY9OY-ho4&t=0","high","criterion","1","1","0","","","","",""
"yorgos-lanthimos","12-angry-men","17","https://www.youtube.com/watch?v=3QAY9OY-ho4&t=17","high","criterion","1","2","0","","","","",""
"yorgos-lanthimos","salesman","27","https://www.youtube.com/watch?v=3QAY9OY-ho4&t=27","high","criterion","1","3","0","","","","",""
"yorgos-lanthimos","naked","50","https://www.youtube.com/watch?v=3QAY9OY-ho4&t=50","high","criterion","1","4","0","","","","",""
"yorgos-lanthimos","man-bites-dog","71","https://www.youtube.com/watch?v=3QAY9OY-ho4&t=71","high","criterion","1","5","0","","","","",""
"yorgos-lanthimos","le-samourai","115","https://www.youtube.com/watch?v=3QAY9OY-ho4&t=115","high","criterion","1","6","0","","","","",""
"yorgos-lanthimos","five-easy-pieces","134","https://www.youtube.com/watch?v=3QAY9OY-ho4&t=134","high","criterion","1","7","0","","","","",""
"yorgos-lanthimos","viridiana","148","https://www.youtube.com/watch?v=3QAY9OY-ho4&t=148","high","criterion","1","8","0","","","","",""
"yorgos-lanthimos","things-to-come","157","https://www.youtube.com/watch?v=3QAY9OY-ho4&t=157","high","criterion","1","9","0","","","","",""
"yorgos-lanthimos","branded-to-kill","164","https://www.youtube.com/watch?v=3QAY9OY-ho4&t=164","medium","criterion","1","10","0","","","","",""
"yorgos-lanthimos","macbeth","194","https://www.youtube.com/watch?v=3QAY9OY-ho4&t=194","high","criterion","1","11","0","","","","",""
"yorgos-lanthimos","pickpocket","61","https://www.youtube.com/watch?v=3QAY9OY-ho4&t=61","medium","criterion","1","12","0","","","","",""
"yorgos-lanthimos","au-hasard-balthazar","213","https://www.youtube.com/watch?v=3QAY9OY-ho4&t=213","high","criterion","1","13","0","","","","",""
"anna-karina","pierrot-le-fou","53","https://www.youtube.com/watch?v=uZvRtwCQs44&t=53","high","criterion","1","1","0","","","","",""
"anna-karina","cleo-from-5-to-7","96","https://www.youtube.com/watch?v=uZvRtwCQs44&t=96","high","criterion","1","2","0","","","","",""
"anna-karina","a-woman-is-a-woman","0","https://www.youtube.com/watch?v=uZvRtwCQs44&t=0","high","criterion","1","3","0","","","","",""
"anna-karina","made-in-usa","38","https://www.youtube.com/watch?v=uZvRtwCQs44&t=38","high","criterion","1","4","0","","","","",""
"anna-karina","the-kid","147","https://www.youtube.com/watch?v=uZvRtwCQs44&t=147","high","criterion","1","5","0","","","","",""
"patrick-brice","mystery-train","0","","none","criterion","1","1","0","","","","",""
"patrick-brice","wings-of-desire","12","https://www.youtube.com/watch?v=D1r8aWfOXcI&t=12","high","criterion","1","2","0","","","","",""
"patrick-brice","y-tu-mama-tambien","31","https://www.youtube.com/watch?v=D1r8aWfOXcI&t=31","high","criterion","1","3","0","","","","",""
"patrick-brice","thief","61","https://www.youtube.com/watch?v=D1r8aWfOXcI&t=61","high","criterion","1","4","0","","","","",""
"patrick-brice","all-that-jazz","85","https://www.youtube.com/watch?v=D1r8aWfOXcI&t=85","high","criterion","1","5","0","","","","",""
"patrick-brice","paris-texas","0","","none","criterion","1","6","0","","","","",""
"patrick-brice","bottle-rocket","137","https://www.youtube.com/watch?v=D1r8aWfOXcI&t=137","high","criterion","1","7","0","","","","",""
"volker-schlondorff","eclipse","12","https://www.youtube.com/watch?v=Egip8AX68EI&t=12","high","criterion","1","1","0","","","","",""
"volker-schlondorff","all-that-jazz","85","https://www.youtube.com/watch?v=Egip8AX68EI&t=85","high","criterion","1","2","0","","","","",""
"volker-schlondorff","coup-de-grace","69","https://www.youtube.com/watch?v=Egip8AX68EI&t=69","high","criterion","1","3","0","","","","",""
"volker-schlondorff","boyhood","142","https://www.youtube.com/watch?v=Egip8AX68EI&t=142","high","criterion","1","4","0","","","","",""
"volker-schlondorff","le-beau-serge","191","https://www.youtube.com/watch?v=Egip8AX68EI&t=191","high","criterion","1","5","0","","","","",""
"volker-schlondorff","le-havre","226","https://www.youtube.com/watch?v=Egip8AX68EI&t=226","high","criterion","1","6","0","","","","",""
"volker-schlondorff","ace-in-the-hole","304","https://www.youtube.com/watch?v=Egip8AX68EI&t=304","high","criterion","1","7","0","","","","",""
"william-friedkin","sunday-bloody-sunday","11","https://www.youtube.com/watch?v=63VRJQYcNn0&t=11","high","criterion","1","1","0","","","","",""
"william-friedkin","the-killing-of-a-chinese-bookie","68","https://www.youtube.com/watch?v=63VRJQYcNn0&t=68","high","criterion","1","2","1","John Cassavetes: Five Films","","","",""
"william-friedkin","vampyr","95","https://www.youtube.com/watch?v=63VRJQYcNn0&t=95","high","criterion","1","3","0","","","","",""
"william-friedkin","pickpocket","102","https://www.youtube.com/watch?v=63VRJQYcNn0&t=102","high","criterion","1","4","0","","","","",""
"william-friedkin","umberto-d","118","https://www.youtube.com/watch?v=63VRJQYcNn0&t=118","high","criterion","1","5","0","","","","",""
"william-friedkin","all-that-money-can-buy-aka-the-devil-and-daniel-webster","124","https://www.youtube.com/watch?v=63VRJQYcNn0&t=124","high","criterion","1","6","0","","","","",""
"william-friedkin","m","140","https://www.youtube.com/watch?v=63VRJQYcNn0&t=140","high","criterion","1","7","0","","","","",""
"william-friedkin","brute-force","165","https://www.youtube.com/watch?v=63VRJQYcNn0&t=165","high","criterion","1","8","0","","","","",""
"william-friedkin","812","233","https://www.youtube.com/watch?v=63VRJQYcNn0&t=233","high","criterion","1","9","1","Essential Fellini","","","",""
"richard-ayoade","sisters","18","https://www.youtube.com/watch?v=yNWUQWSFeQ8&t=18","high","criterion","1","1","0","","","","",""
"richard-ayoade","the-magic-flute","20","https://www.youtube.com/watch?v=yNWUQWSFeQ8&t=20","high","criterion","1","2","1","Ingmar Bergman's Cinema","","","",""
"richard-ayoade","zazie-dans-le-metro","51","https://www.youtube.com/watch?v=yNWUQWSFeQ8&t=51","high","criterion","1","3","0","","","","",""
"richard-ayoade","le-havre","92","https://www.youtube.com/watch?v=yNWUQWSFeQ8&t=92","medium","criterion","1","4","0","","","","",""
"richard-ayoade","les-cousins","100","https://www.youtube.com/watch?v=yNWUQWSFeQ8&t=100","high","criterion","1","5","0","","","","",""
"richard-ayoade","safety-last","117","https://www.youtube.com/watch?v=yNWUQWSFeQ8&t=117","medium","criterion","1","6","0","","","","",""
"james-acheson","down-by-law","0","https://www.youtube.com/watch?v=-3Q3AQ4W9Wk&t=0","high","criterion","1","1","0","","","","",""
"james-acheson","bicycle-thieves","44","https://www.youtube.com/watch?v=-3Q3AQ4W9Wk&t=44","high","criterion","1","2","0","","","","",""
"james-acheson","the-leopard","115","https://www.youtube.com/watch?v=-3Q3AQ4W9Wk&t=115","high","criterion","1","3","0","","","","",""
"mia-and-stephen-loveridge","naked","61","https://www.youtube.com/watch?v=08UA7zgLanc&t=61","high","criterion","1","1","0","","","","",""
"mia-and-stephen-loveridge","missing","213","https://www.youtube.com/watch?v=08UA7zgLanc&t=213","high","criterion","1","2","0","","","","",""
"mia-and-stephen-loveridge","kes","126","https://www.youtube.com/watch?v=08UA7zgLanc&t=126","high","criterion","1","3","0","","","","",""
"mia-and-stephen-loveridge","badlands","329","https://www.youtube.com/watch?v=08UA7zgLanc&t=329","high","criterion","1","4","0","","","","",""
"mia-and-stephen-loveridge","dheepan","263","https://www.youtube.com/watch?v=08UA7zgLanc&t=263","high","criterion","1","5","0","","","","",""
"mia-and-stephen-loveridge","bottle-rocket","0","","none","criterion","1","6","0","","","","",""
"tavi-gevinson","812","12","https://www.youtube.com/watch?v=6hSwRskOwdU&t=12","high","criterion","1","1","1","Essential Fellini","","","",""
"tavi-gevinson","election","40","https://www.youtube.com/watch?v=6hSwRskOwdU&t=40","high","criterion","1","2","0","","","","",""
"tavi-gevinson","dressed-to-kill","55","https://www.youtube.com/watch?v=6hSwRskOwdU&t=55","high","criterion","1","3","0","","","","",""
"tavi-gevinson","fox-and-his-friends","61","https://www.youtube.com/watch?v=6hSwRskOwdU&t=61","high","criterion","1","4","0","","","","",""
"tavi-gevinson","metropolitan","76","https://www.youtube.com/watch?v=6hSwRskOwdU&t=76","high","criterion","1","5","0","","","","",""
"tavi-gevinson","barcelona","89","https://www.youtube.com/watch?v=6hSwRskOwdU&t=89","high","criterion","1","6","0","","","","",""
"tavi-gevinson","valerie-and-her-week-of-wonders","101","https://www.youtube.com/watch?v=6hSwRskOwdU&t=101","high","criterion","1","7","0","","","","",""
"tavi-gevinson","martha-graham-dance-on-film","112","https://www.youtube.com/watch?v=6hSwRskOwdU&t=112","high","criterion","1","8","0","","","","",""
"tavi-gevinson","broadcast-news","125","https://www.youtube.com/watch?v=6hSwRskOwdU&t=125","high","criterion","1","9","0","","","","",""
"tavi-gevinson","moonrise-kingdom","157","https://www.youtube.com/watch?v=6hSwRskOwdU&t=157","medium","criterion","1","10","0","","","","",""
"tavi-gevinson","eclipse-series-19-chantal-akerman-in-the-seventies","108","https://www.youtube.com/watch?v=6hSwRskOwdU&t=108","high","criterion","1","11","1","Eclipse Series 19: Chantal Akerman in the Seventies","5","https://www.criterion.com/boxsets/691-eclipse-series-19-chantal-akerman-in-the-seventies","",""
"joachim-trier","mishima-a-life-in-four-chapters","4","https://www.youtube.com/watch?v=qF3qYnnuGxI&t=4","high","criterion","1","1","0","","","","",""
"joachim-trier","all-that-jazz","31","https://www.youtube.com/watch?v=qF3qYnnuGxI&t=31","high","criterion","1","2","0","","","","",""
"joachim-trier","high-and-low","36","https://www.youtube.com/watch?v=qF3qYnnuGxI&t=36","high","criterion","1","3","0","","","","",""
"joachim-trier","the-phantom-carriage","108","https://www.youtube.com/watch?v=qF3qYnnuGxI&t=108","high","criterion","1","4","0","","","","",""
"joachim-trier","house","0","","none","criterion","1","5","0","","","","",""
"joachim-trier","white-material","157","https://www.youtube.com/watch?v=qF3qYnnuGxI&t=157","high","criterion","1","6","0","","","","",""
"joachim-trier","solaris","185","https://www.youtube.com/watch?v=qF3qYnnuGxI&t=185","medium","criterion","1","7","0","","","","",""
"joachim-trier","heavens-gate","195","https://www.youtube.com/watch?v=qF3qYnnuGxI&t=195","high","criterion","1","8","0","","","","",""
"joachim-trier","the-emigrantsthe-new-land","81","https://www.youtube.com/watch?v=qF3qYnnuGxI&t=81","high","criterion","1","9","1","The Emigrants/The New Land","2","https://www.criterion.com/boxsets/1165-the-emigrants-the-new-land","",""
"joachim-trier","la-jetee-sans-soleil","92","https://www.youtube.com/watch?v=qF3qYnnuGxI&t=92","high","criterion","1","10","1","La Jetée/Sans Soleil","2","https://www.criterion.com/boxsets/77-la-jetee-sans-soleil","",""
"joachim-trier","the-essential-jacques-demy","141","https://www.youtube.com/watch?v=qF3qYnnuGxI&t=141","high","criterion","1","11","1","The Essential Jacques Demy","6","https://www.criterion.com/boxsets/1055-the-essential-jacques-demy","",""
"joachim-trier","4-by-agnes-varda","148","https://www.youtube.com/watch?v=qF3qYnnuGxI&t=148","high","criterion","1","12","1","4 by Agnès Varda","4","https://www.criterion.com/boxsets/8-4-by-agnes-varda","",""
"joachim-trier","six-moral-tales","215","https://www.youtube.com/watch?v=qF3qYnnuGxI&t=215","high","criterion","1","13","1","Six Moral Tales","6","https://www.criterion.com/boxsets/417-six-moral-tales","",""
"asif-kapadia","simon-of-the-desert","2","https://www.youtube.com/watch?v=fIj80K2AGnY&t=2","high","criterion","1","1","0","","","","",""
"asif-kapadia","blind-chance","15","https://www.youtube.com/watch?v=fIj80K2AGnY&t=15","high","criterion","1","2","0","","","","",""
"asif-kapadia","fa-yeung-nin-wa","32","https://www.youtube.com/watch?v=fIj80K2AGnY&t=32","high","criterion","1","3","0","","","","",""
"asif-kapadia","salo-or-the-120-days-of-sodom","37","https://www.youtube.com/watch?v=fIj80K2AGnY&t=37","medium","criterion","1","4","0","","","","",""
"asif-kapadia","dont-look-now","45","https://www.youtube.com/watch?v=fIj80K2AGnY&t=45","high","criterion","1","5","0","","","","",""
"asif-kapadia","the-vanishing","73","https://www.youtube.com/watch?v=fIj80K2AGnY&t=73","high","criterion","1","6","0","","","","",""
"asif-kapadia","do-the-right-thing","87","https://www.youtube.com/watch?v=fIj80K2AGnY&t=87","high","criterion","1","7","0","","","","",""
"asif-kapadia","investigation-of-a-citizen-above-suspicion","125","https://www.youtube.com/watch?v=fIj80K2AGnY&t=125","high","criterion","1","8","0","","","","",""
"asif-kapadia","code-unknown","130","https://www.youtube.com/watch?v=fIj80K2AGnY&t=130","high","criterion","1","9","0","","","","",""
"asif-kapadia","three-outlaw-samurai","147","https://www.youtube.com/watch?v=fIj80K2AGnY&t=147","high","criterion","1","10","0","","","","",""
"asif-kapadia","yi-yi","157","https://www.youtube.com/watch?v=fIj80K2AGnY&t=157","medium","criterion","1","11","0","","","","",""
"asif-kapadia","kes","167","https://www.youtube.com/watch?v=fIj80K2AGnY&t=167","high","criterion","1","12","0","","","","",""
"asif-kapadia","gomorrah","183","https://www.youtube.com/watch?v=fIj80K2AGnY&t=183","high","criterion","1","13","0","","","","",""
"asif-kapadia","the-samurai-trilogy","161","https://www.youtube.com/watch?v=fIj80K2AGnY&t=161","medium","criterion","1","14","1","The Samurai Trilogy","3","https://www.criterion.com/boxsets/40-the-samurai-trilogy","",""
"sean-baker","i-married-a-witch","12","https://www.youtube.com/watch?v=lCv5MnpDqYc&t=12","high","criterion","1","1","0","","","","",""
"sean-baker","naked","21","https://www.youtube.com/watch?v=lCv5MnpDqYc&t=21","high","criterion","1","2","0","","","","",""
"sean-baker","life-is-sweet","21","https://www.youtube.com/watch?v=lCv5MnpDqYc&t=21","high","criterion","1","3","0","","","","",""
"sean-baker","repo-man","41","https://www.youtube.com/watch?v=lCv5MnpDqYc&t=41","high","criterion","1","4","0","","","","",""
"sean-baker","kes","54","https://www.youtube.com/watch?v=lCv5MnpDqYc&t=54","high","criterion","1","5","0","","","","",""
"sean-baker","secret-sunshine","64","https://www.youtube.com/watch?v=lCv5MnpDqYc&t=64","high","criterion","1","6","0","","","","",""
"sean-baker","jellyfish-eyes","75","https://www.youtube.com/watch?v=lCv5MnpDqYc&t=75","high","criterion","1","7","0","","","","",""
"sean-baker","yi-yi","84","https://www.youtube.com/watch?v=lCv5MnpDqYc&t=84","high","criterion","1","8","0","","","","",""
"sean-baker","el-norte","107","https://www.youtube.com/watch?v=lCv5MnpDqYc&t=107","high","criterion","1","9","0","","","","",""
"sean-baker","eating-raoul","152","https://www.youtube.com/watch?v=lCv5MnpDqYc&t=152","high","criterion","1","10","0","","","","",""
"sean-baker","eclipse-series-19-chantal-akerman-in-the-seventies","121","https://www.youtube.com/watch?v=lCv5MnpDqYc&t=121","high","criterion","1","11","1","Eclipse Series 19: Chantal Akerman in the Seventies","5","https://www.criterion.com/boxsets/691-eclipse-series-19-chantal-akerman-in-the-seventies","",""
"sean-baker","six-moral-tales","170","https://www.youtube.com/watch?v=lCv5MnpDqYc&t=170","high","criterion","1","12","1","Six Moral Tales","6","https://www.criterion.com/boxsets/417-six-moral-tales","",""
"laurie-anderson","the-magician","6","https://www.youtube.com/watch?v=Kc9_lqHmNsg&t=6","high","criterion","1","1","1","Ingmar Bergman's Cinema","","","",""
"laurie-anderson","my-winnipeg","29","https://www.youtube.com/watch?v=Kc9_lqHmNsg&t=29","high","criterion","1","2","0","","","","",""
"laurie-anderson","white-dog","51","https://www.youtube.com/watch?v=Kc9_lqHmNsg&t=51","high","criterion","1","3","0","","","","",""
"laurie-anderson","sunday-bloody-sunday","0","","none","criterion","1","4","0","","","","",""
"laurie-anderson","i-married-a-witch","101","https://www.youtube.com/watch?v=Kc9_lqHmNsg&t=101","high","criterion","1","5","0","","","","",""
"laurie-anderson","tout-va-bien","113","https://www.youtube.com/watch?v=Kc9_lqHmNsg&t=113","high","criterion","1","6","0","","","","",""
"laurie-anderson","design-for-living","39","https://www.youtube.com/watch?v=Kc9_lqHmNsg&t=39","high","criterion","1","7","0","","","","",""
"laurie-anderson","andre-gregory-wallace-shawn-3-films","17","https://www.youtube.com/watch?v=Kc9_lqHmNsg&t=17","high","criterion","1","8","1","André Gregory & Wallace Shawn: 3 Films","3","https://www.criterion.com/boxsets/1110-andre-gregory-wallace-shawn-3-films","",""
"laurie-anderson","trilogy-of-life","87","https://www.youtube.com/watch?v=Kc9_lqHmNsg&t=87","high","criterion","1","9","1","Trilogy of Life","3","https://www.criterion.com/boxsets/916-trilogy-of-life","",""
"andre-bonzel","the-400-blows","1","https://www.youtube.com/watch?v=M0vs4ni4Tuo&t=1","high","criterion","1","1","0","","","","",""
"andre-bonzel","stranger-than-paradise","21","https://www.youtube.com/watch?v=M0vs4ni4Tuo&t=21","high","criterion","1","2","0","","","","",""
"andre-bonzel","the-scarlet-empress","55","https://www.youtube.com/watch?v=M0vs4ni4Tuo&t=55","high","criterion","1","3","0","","","","",""
"andre-bonzel","brazil","103","https://www.youtube.com/watch?v=M0vs4ni4Tuo&t=103","high","criterion","1","4","0","","","","",""
"andre-bonzel","house","121","https://www.youtube.com/watch?v=M0vs4ni4Tuo&t=121","high","criterion","1","5","0","","","","",""
"rodarte","fa-yeung-nin-wa","203","https://www.youtube.com/watch?v=E-drTe77WU8&t=203","high","criterion","1","1","0","","","","",""
"rodarte","the-double-life-of-veronique","110","https://www.youtube.com/watch?v=E-drTe77WU8&t=110","high","criterion","1","2","0","","","","",""
"rodarte","videodrome","12","https://www.youtube.com/watch?v=E-drTe77WU8&t=12","high","criterion","1","3","0","","","","",""
"rodarte","sisters","29","https://www.youtube.com/watch?v=E-drTe77WU8&t=29","high","criterion","1","4","0","","","","",""
"rodarte","in-a-lonely-place","38","https://www.youtube.com/watch?v=E-drTe77WU8&t=38","high","criterion","1","5","0","","","","",""
"rodarte","polyester","185","https://www.youtube.com/watch?v=E-drTe77WU8&t=185","high","criterion","1","6","0","","","","",""
"rodarte","shampoo","66","https://www.youtube.com/watch?v=E-drTe77WU8&t=66","high","criterion","1","7","0","","","","",""
"rodarte","multiple-maniacs","185","https://www.youtube.com/watch?v=E-drTe77WU8&t=185","high","criterion","1","8","0","","","","",""
"rodarte","the-red-shoes","239","https://www.youtube.com/watch?v=E-drTe77WU8&t=239","high","criterion","1","9","0","","","","",""
"edgar-wright","black-narcissus","11","https://www.youtube.com/watch?v=f-bklvjQftk&t=11","high","criterion","2","1","0","","","","",""
"edgar-wright","something-wild-1986","82","https://www.youtube.com/watch?v=f-bklvjQftk&t=82","high","criterion","2","2","0","","","","",""
"edgar-wright","a-hard-days-night","133","https://www.youtube.com/watch?v=f-bklvjQftk&t=133","high","criterion","2","3","0","","","","",""
"edgar-wright","the-earrings-of-madame-de","263","https://www.youtube.com/watch?v=f-bklvjQftk&t=263","high","criterion","2","4","0","","","","",""
"edgar-wright","the-three-musketeers-the-four-musketeers-two-films-by-richard-lester","184","https://www.youtube.com/watch?v=f-bklvjQftk&t=184","high","criterion","2","5","1","The Three Musketeers / The Four Musketeers: Two Films by Richard Lester","2","https://www.criterion.com/boxsets/7974-the-three-musketeers-the-four-musketeers-two-films-by-richard-lester","",""
"edgar-wright","america-lost-and-found-the-bbs-story","194","https://www.youtube.com/watch?v=f-bklvjQftk&t=194","high","criterion","2","6","1","America Lost and Found: The BBS Story","7","https://www.criterion.com/boxsets/769-america-lost-and-found-the-bbs-story","",""
"edgar-wright","police-story-police-story-2","310","https://www.youtube.com/watch?v=f-bklvjQftk&t=310","high","criterion","2","7","1","Police Story / Police Story 2","2","https://www.criterion.com/boxsets/1554-police-story-police-story-2","",""
"edgar-wright","eyes-without-a-face","27","https://www.youtube.com/watch?v=M99gL8IBMZw&t=27","high","criterion","1","1","0","","","","",""
"edgar-wright","walker","102","https://www.youtube.com/watch?v=M99gL8IBMZw&t=102","high","criterion","1","2","0","","","","",""
"edgar-wright","throne-of-blood","123","https://www.youtube.com/watch?v=M99gL8IBMZw&t=123","high","criterion","1","3","0","","","","",""
"edgar-wright","dont-look-now","152","https://www.youtube.com/watch?v=M99gL8IBMZw&t=152","high","criterion","1","4","0","","","","",""
"udo-kier","blood-for-dracula","14","https://www.youtube.com/watch?v=td4qv7EDOIk&t=14","high","criterion","1","1","0","","","","",""
"udo-kier","flesh-for-frankenstein","72","https://www.youtube.com/watch?v=td4qv7EDOIk&t=72","high","criterion","1","2","0","","","","",""
"udo-kier","my-own-private-idaho","195","https://www.youtube.com/watch?v=td4qv7EDOIk&t=195","high","criterion","1","3","0","","","","",""
"udo-kier","breaking-the-waves","341","https://www.youtube.com/watch?v=td4qv7EDOIk&t=341","none","criterion","1","4","0","","","","",""
"claire-danes","some-like-it-hot","23","https://www.youtube.com/watch?v=nudBFPgWGGA&t=23","high","criterion","1","1","0","","","","",""
"claire-danes","the-breakfast-club","60","https://www.youtube.com/watch?v=nudBFPgWGGA&t=60","high","criterion","1","2","0","","","","",""
"claire-danes","defending-your-life","86","https://www.youtube.com/watch?v=nudBFPgWGGA&t=86","high","criterion","1","3","0","","","","",""
"claire-danes","dogfight","99","https://www.youtube.com/watch?v=nudBFPgWGGA&t=99","high","criterion","1","4","0","","","","",""
"claire-danes","a-woman-under-the-influence","207","https://www.youtube.com/watch?v=nudBFPgWGGA&t=207","high","criterion","1","5","1","John Cassavetes: Five Films","","","",""
"claire-danes","the-grifters","259","https://www.youtube.com/watch?v=nudBFPgWGGA&t=259","high","criterion","1","6","0","","","","",""
"claire-danes","tiny-the-life-of-erin-blackwell","130","https://www.youtube.com/watch?v=nudBFPgWGGA&t=130","high","criterion","1","7","1","Streetwise/Tiny: The Life of Erin Blackwell","2","https://www.criterion.com/boxsets/4430-streetwise-tiny-the-life-of-erin-blackwell","",""
"benny-safdie","the-princess-bride","12","https://www.youtube.com/watch?v=q3aEv64x4Fo&t=12","high","criterion","2","1","0","","","","",""
"benny-safdie","the-war-room","25","https://www.youtube.com/watch?v=q3aEv64x4Fo&t=25","high","criterion","2","2","0","","","","",""
"benny-safdie","when-we-were-kings","60","https://www.youtube.com/watch?v=q3aEv64x4Fo&t=60","high","criterion","2","3","0","","","","",""
"benny-safdie","carnal-knowledge","124","https://www.youtube.com/watch?v=q3aEv64x4Fo&t=124","high","criterion","2","4","0","","","","",""
"benny-safdie","flow","147","https://www.youtube.com/watch?v=q3aEv64x4Fo&t=147","high","criterion","2","5","0","","","","",""
"benny-safdie","husbands","218","https://www.youtube.com/watch?v=q3aEv64x4Fo&t=218","high","criterion","2","6","0","","","","",""
"benny-safdie","the-great-escape","272","https://www.youtube.com/watch?v=q3aEv64x4Fo&t=272","high","criterion","2","7","0","","","","",""
"benny-safdie","wim-wenders-the-road-trilogy","82","https://www.youtube.com/watch?v=q3aEv64x4Fo&t=82","high","criterion","2","8","1","Wim Wenders: The Road Trilogy","3","https://www.criterion.com/boxsets/1186-wim-wenders-the-road-trilogy","",""
"benny-safdie","the-red-balloon-and-other-stories-five-films-by-albert-lamorisse","183","https://www.youtube.com/watch?v=q3aEv64x4Fo&t=183","high","criterion","2","9","1","The Red Balloon and Other Stories: Five Films by Albert Lamorisse","5","https://www.criterion.com/boxsets/6993-the-red-balloon-and-other-stories-five-films-by-albert-lamorisse","",""
"benny-safdie","meantime","64","https://www.youtube.com/watch?v=jSdxbBsShak&t=64","high","criterion","1","1","0","","","","",""
"benny-safdie","a-man-escaped","91","https://www.youtube.com/watch?v=jSdxbBsShak&t=91","high","criterion","1","2","0","","","","",""
"benny-safdie","my-beautiful-laundrette","105","https://www.youtube.com/watch?v=jSdxbBsShak&t=105","high","criterion","1","3","0","","","","",""
"benny-safdie","fox-and-his-friends","132","https://www.youtube.com/watch?v=jSdxbBsShak&t=132","high","criterion","1","4","0","","","","",""
"benny-safdie","bicycle-thieves","140","https://www.youtube.com/watch?v=jSdxbBsShak&t=140","high","criterion","1","5","0","","","","",""
"benny-safdie","walkabout","146","https://www.youtube.com/watch?v=jSdxbBsShak&t=146","high","criterion","1","6","0","","","","",""
"benny-safdie","the-moment-of-truth","164","https://www.youtube.com/watch?v=jSdxbBsShak&t=164","high","criterion","1","7","0","","","","",""
"benny-safdie","blood-simple","214","https://www.youtube.com/watch?v=jSdxbBsShak&t=214","high","criterion","1","8","0","","","","",""
"benny-safdie","the-player","232","https://www.youtube.com/watch?v=jSdxbBsShak&t=232","high","criterion","1","9","0","","","","",""
"benny-safdie","il-posto","258","https://www.youtube.com/watch?v=jSdxbBsShak&t=258","high","criterion","1","10","0","","","","",""
"benny-safdie","largent","300","https://www.youtube.com/watch?v=jSdxbBsShak&t=300","high","criterion","1","11","0","","","","",""
"benny-safdie","tess","283","https://www.youtube.com/watch?v=jSdxbBsShak&t=283","high","criterion","1","12","0","","","","",""
"ethel-cain","thelma-louise","8","https://www.youtube.com/watch?v=ld19PMXUyqg&t=8","high","criterion","1","1","0","","","","",""
"ethel-cain","crash","38","https://www.youtube.com/watch?v=ld19PMXUyqg&t=38","high","criterion","1","2","0","","","","",""
"ethel-cain","eraserhead","57","https://www.youtube.com/watch?v=ld19PMXUyqg&t=57","high","criterion","1","3","0","","","","",""
"ethel-cain","picnic-at-hanging-rock","88","https://www.youtube.com/watch?v=ld19PMXUyqg&t=88","high","criterion","1","4","0","","","","",""
"ethel-cain","days-of-heaven","122","https://www.youtube.com/watch?v=ld19PMXUyqg&t=122","high","criterion","1","5","0","","","","",""
"ethel-cain","grey-gardens","162","https://www.youtube.com/watch?v=ld19PMXUyqg&t=162","high","criterion","1","6","0","","","","",""
"luca-guadagnino","the-naked-kiss","77","https://www.youtube.com/watch?v=fodK93XWLwg&t=77","high","criterion","1","1","0","","","","",""
"luca-guadagnino","fat-girl","105","https://www.youtube.com/watch?v=fodK93XWLwg&t=105","high","criterion","1","2","0","","","","",""
"luca-guadagnino","the-last-temptation-of-christ","154","https://www.youtube.com/watch?v=fodK93XWLwg&t=154","high","criterion","1","3","0","","","","",""
"luca-guadagnino","cairo-station","212","https://www.youtube.com/watch?v=fodK93XWLwg&t=212","high","criterion","1","4","0","","","","",""
"luca-guadagnino","sorcerer","243","https://www.youtube.com/watch?v=fodK93XWLwg&t=243","high","criterion","1","5","0","","","","",""
"luca-guadagnino","night-moves","295","https://www.youtube.com/watch?v=fodK93XWLwg&t=295","high","criterion","1","6","0","","","","",""
"luca-guadagnino","world-of-wong-kar-wai","35","https://www.youtube.com/watch?v=fodK93XWLwg&t=35","high","criterion","1","7","1","World of Wong Kar Wai","7","https://www.criterion.com/boxsets/4117-world-of-wong-kar-wai","",""
"jay-duplass","slacker","6","https://www.youtube.com/watch?v=nKyCofQNj-U&t=6","high","criterion","1","1","0","","","","",""
"jay-duplass","no-country-for-old-men","55","https://www.youtube.com/watch?v=nKyCofQNj-U&t=55","high","criterion","1","2","0","","","","",""
"jay-duplass","husbands","112","https://www.youtube.com/watch?v=nKyCofQNj-U&t=112","high","criterion","1","3","0","","","","",""
"jay-duplass","secrets-lies","151","https://www.youtube.com/watch?v=nKyCofQNj-U&t=151","high","criterion","1","4","0","","","","",""
"jay-duplass","close-up","177","https://www.youtube.com/watch?v=nKyCofQNj-U&t=177","high","criterion","1","5","0","","","","",""
"mark-duplass","dekalog","109","https://www.youtube.com/watch?v=6BP4x9kxi7s&t=109","high","criterion","1","1","0","","","","",""
"mark-duplass","lone-star","153","https://www.youtube.com/watch?v=6BP4x9kxi7s&t=153","high","criterion","1","2","0","","","","",""
"mark-duplass","flow","249","https://www.youtube.com/watch?v=6BP4x9kxi7s&t=249","high","criterion","1","3","0","","","","",""
"mark-duplass","john-cassavetes-five-films","15","https://www.youtube.com/watch?v=6BP4x9kxi7s&t=15","high","criterion","1","4","1","John Cassavetes: Five Films","5","https://www.criterion.com/boxsets/558-john-cassavetes-five-films","",""
"mark-duplass","chantal-akerman-masterpieces-19681978","190","https://www.youtube.com/watch?v=6BP4x9kxi7s&t=190","high","criterion","1","5","1","Chantal Akerman Masterpieces, 1968–1978","9","https://www.criterion.com/boxsets/7045-chantal-akerman-masterpieces-1968-1978","",""
"mark-duplass","the-before-trilogy","49","https://www.youtube.com/watch?v=6BP4x9kxi7s&t=49","high","criterion","1","6","1","The Before Trilogy","3","https://www.criterion.com/boxsets/1237-the-before-trilogy","",""
"wyclef-jean","spartacus","16","https://www.youtube.com/watch?v=TDnpV7uUR1U&t=16","high","criterion","1","1","0","","","","",""
"wyclef-jean","la-bamba","57","https://www.youtube.com/watch?v=TDnpV7uUR1U&t=57","high","criterion","1","2","0","","","","",""
"wyclef-jean","menace-ii-society","158","https://www.youtube.com/watch?v=TDnpV7uUR1U&t=158","high","criterion","1","3","0","","","","",""
"wyclef-jean","black-orpheus","224","https://www.youtube.com/watch?v=TDnpV7uUR1U&t=224","high","criterion","1","4","0","","","","",""
"wyclef-jean","the-three-musketeers-the-four-musketeers-two-films-by-richard-lester","120","https://www.youtube.com/watch?v=TDnpV7uUR1U&t=120","high","criterion","1","5","1","The Three Musketeers / The Four Musketeers: Two Films by Richard Lester","2","https://www.criterion.com/boxsets/7974-the-three-musketeers-the-four-musketeers-two-films-by-richard-lester","",""
"kristin-scott-thomas","the-night-porter","11","https://www.youtube.com/watch?v=KWVa02RsBbg&t=11","high","criterion","1","1","0","","","","",""
"kristin-scott-thomas","casque-dor","24","https://www.youtube.com/watch?v=KWVa02RsBbg&t=24","high","criterion","1","2","0","","","","",""
"kristin-scott-thomas","the-awful-truth","48","https://www.youtube.com/watch?v=KWVa02RsBbg&t=48","high","criterion","1","3","0","","","","",""
"kristin-scott-thomas","women-in-love","82","https://www.youtube.com/watch?v=KWVa02RsBbg&t=82","high","criterion","1","4","0","","","","",""
"kristin-scott-thomas","elevator-to-the-gallows","100","https://www.youtube.com/watch?v=KWVa02RsBbg&t=100","high","criterion","1","5","0","","","","",""
"kristin-scott-thomas","purple-noon","119","https://www.youtube.com/watch?v=KWVa02RsBbg&t=119","high","criterion","1","6","0","","","","",""
"kristin-scott-thomas","you-can-count-on-me","154","https://www.youtube.com/watch?v=KWVa02RsBbg&t=154","high","criterion","1","7","0","","","","",""
"kristin-scott-thomas","la-piscine","169","https://www.youtube.com/watch?v=KWVa02RsBbg&t=169","high","criterion","1","8","0","","","","",""
"kristin-scott-thomas","ivans-childhood","207","https://www.youtube.com/watch?v=KWVa02RsBbg&t=207","high","criterion","1","9","0","","","","",""
"kristin-scott-thomas","chantal-akerman-masterpieces-19681978","252","https://www.youtube.com/watch?v=KWVa02RsBbg&t=252","high","criterion","1","10","1","Chantal Akerman Masterpieces, 1968–1978","9","https://www.criterion.com/boxsets/7045-chantal-akerman-masterpieces-1968-1978","",""
"jamie-lee-curtis","uncut-gems","81","https://www.youtube.com/watch?v=oZlpLwWeKvA&t=81","high","criterion","1","1","0","","","","",""
"jamie-lee-curtis","walle","102","https://www.youtube.com/watch?v=oZlpLwWeKvA&t=102","high","criterion","1","2","0","","","","",""
"jamie-lee-curtis","the-princess-bride","118","https://www.youtube.com/watch?v=oZlpLwWeKvA&t=118","high","criterion","1","3","0","","","","",""
"jamie-lee-curtis","raging-bull","147","https://www.youtube.com/watch?v=oZlpLwWeKvA&t=147","high","criterion","1","4","0","","","","",""
"jamie-lee-curtis","danton","165","https://www.youtube.com/watch?v=oZlpLwWeKvA&t=165","high","criterion","1","5","0","","","","",""
"jamie-lee-curtis","monsoon-wedding","194","https://www.youtube.com/watch?v=oZlpLwWeKvA&t=194","high","criterion","1","6","0","","","","",""
"jamie-lee-curtis","downhill-racer","213","https://www.youtube.com/watch?v=oZlpLwWeKvA&t=213","high","criterion","1","7","0","","","","",""
"jamie-lee-curtis","paper-moon","257","https://www.youtube.com/watch?v=oZlpLwWeKvA&t=257","high","criterion","1","8","0","","","","",""
"jamie-lee-curtis","sweet-smell-of-success","288","https://www.youtube.com/watch?v=oZlpLwWeKvA&t=288","high","criterion","1","9","0","","","","",""
"jamie-lee-curtis","the-manchurian-candidate","332","https://www.youtube.com/watch?v=oZlpLwWeKvA&t=332","high","criterion","1","10","0","","","","",""
"jamie-lee-curtis","a-woman-under-the-influence","408","https://www.youtube.com/watch?v=oZlpLwWeKvA&t=408","high","criterion","1","11","1","John Cassavetes: Five Films","","","",""
"jamie-lee-curtis","this-is-spinal-tap","9","https://www.youtube.com/watch?v=oZlpLwWeKvA&t=9","high","criterion","1","12","0","","","","",""
"ronan-farrow","brazil","10","https://www.youtube.com/watch?v=9rWNIjNh3sE&t=10","high","criterion","1","1","0","","","","",""
"ronan-farrow","notorious","54","https://www.youtube.com/watch?v=9rWNIjNh3sE&t=54","high","criterion","1","2","0","","","","",""
"ronan-farrow","klute","123","https://www.youtube.com/watch?v=9rWNIjNh3sE&t=123","high","criterion","1","3","0","","","","",""
"ronan-farrow","barry-lyndon","199","https://www.youtube.com/watch?v=9rWNIjNh3sE&t=199","high","criterion","1","4","0","","","","",""
"ronan-farrow","fanny-and-alexander-box-set","249","https://www.youtube.com/watch?v=9rWNIjNh3sE&t=249","high","criterion","1","5","1","Fanny and Alexander","3","https://www.criterion.com/boxsets/206-fanny-and-alexander","",""
"joseph-kosinski","lavventura","8","https://www.youtube.com/watch?v=T-6bjKyJYDc&t=8","high","criterion","1","1","0","","","","",""
"joseph-kosinski","breathless","41","https://www.youtube.com/watch?v=T-6bjKyJYDc&t=41","high","criterion","1","2","0","","","","",""
"joseph-kosinski","le-samourai","77","https://www.youtube.com/watch?v=T-6bjKyJYDc&t=77","high","criterion","1","3","0","","","","",""
"joseph-kosinski","the-parallax-view","111","https://www.youtube.com/watch?v=T-6bjKyJYDc&t=111","high","criterion","1","4","0","","","","",""
"joseph-kosinski","the-game","147","https://www.youtube.com/watch?v=T-6bjKyJYDc&t=147","high","criterion","1","5","0","","","","",""
"joseph-kosinski","elevator-to-the-gallows","184","https://www.youtube.com/watch?v=T-6bjKyJYDc&t=184","high","criterion","1","6","0","","","","",""
"paul-w-downs","election","10","https://www.youtube.com/watch?v=Q7hCDVR1o-U&t=10","high","criterion","1","1","0","","","","",""
"paul-w-downs","being-john-malkovich","51","https://www.youtube.com/watch?v=Q7hCDVR1o-U&t=51","high","criterion","1","2","0","","","","",""
"paul-w-downs","vanya-on-42nd-street","82","https://www.youtube.com/watch?v=Q7hCDVR1o-U&t=82","high","criterion","1","3","0","","","","",""
"paul-w-downs","tootsie","147","https://www.youtube.com/watch?v=Q7hCDVR1o-U&t=147","high","criterion","1","4","0","","","","",""
"paul-w-downs","traffic","186","https://www.youtube.com/watch?v=Q7hCDVR1o-U&t=186","high","criterion","1","5","0","","","","",""
"aimee-lou-wood","broadcast-news","13","https://www.youtube.com/watch?v=LDGACubU99g&t=13","high","criterion","1","1","0","","","","",""
"aimee-lou-wood","cold-war","49","https://www.youtube.com/watch?v=LDGACubU99g&t=49","high","criterion","1","2","0","","","","",""
"aimee-lou-wood","thelma-louise","70","https://www.youtube.com/watch?v=LDGACubU99g&t=70","high","criterion","1","3","0","","","","",""
"aimee-lou-wood","petite-maman","104","https://www.youtube.com/watch?v=LDGACubU99g&t=104","high","criterion","1","4","0","","","","",""
"aimee-lou-wood","the-big-chill","133","https://www.youtube.com/watch?v=LDGACubU99g&t=133","high","criterion","1","5","0","","","","",""
"aimee-lou-wood","moonstruck","167","https://www.youtube.com/watch?v=LDGACubU99g&t=167","high","criterion","1","6","0","","","","",""
"aimee-lou-wood","punch-drunk-love","197","https://www.youtube.com/watch?v=LDGACubU99g&t=197","high","criterion","1","7","0","","","","",""
"aimee-lou-wood","funny-girl","254","https://www.youtube.com/watch?v=LDGACubU99g&t=254","high","criterion","1","8","0","","","","",""
"aimee-lou-wood","the-before-trilogy","222","https://www.youtube.com/watch?v=LDGACubU99g&t=222","high","criterion","1","9","1","The Before Trilogy","3","https://www.criterion.com/boxsets/1237-the-before-trilogy","",""
"francois-girard","rashomon","13","https://www.youtube.com/watch?v=frNkePt5Eac&t=13","high","criterion","1","1","0","","","","",""
"francois-girard","short-cuts","28","https://www.youtube.com/watch?v=frNkePt5Eac&t=28","high","criterion","1","2","0","","","","",""
"francois-girard","the-thin-red-line","45","https://www.youtube.com/watch?v=frNkePt5Eac&t=45","high","criterion","1","3","0","","","","",""
"francois-girard","merry-christmas-mr-lawrence","55","https://www.youtube.com/watch?v=frNkePt5Eac&t=55","high","criterion","1","4","0","","","","",""
"francois-girard","the-killing","76","https://www.youtube.com/watch?v=frNkePt5Eac&t=76","high","criterion","1","5","0","","","","",""
"francois-girard","macbeth","90","https://www.youtube.com/watch?v=frNkePt5Eac&t=90","high","criterion","1","6","0","","","","",""
"francois-girard","othello","117","https://www.youtube.com/watch?v=frNkePt5Eac&t=117","high","criterion","1","7","0","","","","",""
"francois-girard","largent","167","https://www.youtube.com/watch?v=frNkePt5Eac&t=167","high","criterion","1","8","0","","","","",""
"francois-girard","exotica","182","https://www.youtube.com/watch?v=frNkePt5Eac&t=182","high","criterion","1","9","0","","","","",""
"francois-girard","eclipse-series-2-the-documentaries-of-louis-malle","104","https://www.youtube.com/watch?v=frNkePt5Eac&t=104","high","criterion","1","10","1","Eclipse Series 2: The Documentaries of Louis Malle","7","https://www.criterion.com/boxsets/275-eclipse-series-2-the-documentaries-of-louis-malle","",""
"diego-luna","amarcord","9","https://www.youtube.com/watch?v=D4yc-PgEpqo&t=9","high","criterion","1","1","1","Essential Fellini","","","",""
"diego-luna","the-400-blows","15","https://www.youtube.com/watch?v=D4yc-PgEpqo&t=15","high","criterion","1","2","0","","","","",""
"diego-luna","y-tu-mama-tambien","131","https://www.youtube.com/watch?v=D4yc-PgEpqo&t=131","high","criterion","1","3","0","","","","",""
"diego-luna","carlos","188","https://www.youtube.com/watch?v=D4yc-PgEpqo&t=188","high","criterion","1","4","0","","","","",""
"diego-luna","totem","282","https://www.youtube.com/watch?v=D4yc-PgEpqo&t=282","high","criterion","1","5","0","","","","",""
"diego-luna","parasite","319","https://www.youtube.com/watch?v=D4yc-PgEpqo&t=319","high","criterion","1","6","0","","","","",""
"diego-luna","la-jetee-sans-soleil","65","https://www.youtube.com/watch?v=D4yc-PgEpqo&t=65","high","criterion","1","7","1","La Jetée/Sans Soleil","2","https://www.criterion.com/boxsets/77-la-jetee-sans-soleil","",""
"diego-luna","the-three-colors-trilogy","195","https://www.youtube.com/watch?v=D4yc-PgEpqo&t=195","high","criterion","1","8","1","Three Colors","3","https://www.criterion.com/boxsets/844-three-colors","",""
"griffin-dunne","the-awful-truth","14","https://www.youtube.com/watch?v=Jf9qeR7aJ3E&t=14","high","criterion","1","1","0","","","","",""
"griffin-dunne","come-and-see","41","https://www.youtube.com/watch?v=Jf9qeR7aJ3E&t=41","high","criterion","1","2","0","","","","",""
"griffin-dunne","mccabe-mrs-miller","69","https://www.youtube.com/watch?v=Jf9qeR7aJ3E&t=69","high","criterion","1","3","0","","","","",""
"griffin-dunne","in-a-lonely-place","87","https://www.youtube.com/watch?v=Jf9qeR7aJ3E&t=87","high","criterion","1","4","0","","","","",""
"griffin-dunne","taste-of-cherry","133","https://www.youtube.com/watch?v=Jf9qeR7aJ3E&t=133","high","criterion","1","5","0","","","","",""
"griffin-dunne","la-notte","172","https://www.youtube.com/watch?v=Jf9qeR7aJ3E&t=172","high","criterion","1","6","0","","","","",""
"azazel-jacobs","the-exterminating-angel","4","https://www.youtube.com/watch?v=vBi5fCd6Usk&t=4","high","criterion","1","1","0","","","","",""
"azazel-jacobs","hobsons-choice","92","https://www.youtube.com/watch?v=vBi5fCd6Usk&t=92","high","criterion","1","2","0","","","","",""
"azazel-jacobs","la-vie-de-boheme","101","https://www.youtube.com/watch?v=vBi5fCd6Usk&t=101","high","criterion","1","3","0","","","","",""
"azazel-jacobs","la-cienaga","131","https://www.youtube.com/watch?v=vBi5fCd6Usk&t=131","high","criterion","1","4","0","","","","",""
"azazel-jacobs","girlfriends","148","https://www.youtube.com/watch?v=vBi5fCd6Usk&t=148","high","criterion","1","5","0","","","","",""
"azazel-jacobs","totem","169","https://www.youtube.com/watch?v=vBi5fCd6Usk&t=169","high","criterion","1","6","0","","","","",""
"azazel-jacobs","miracle-in-milan","181","https://www.youtube.com/watch?v=vBi5fCd6Usk&t=181","high","criterion","1","7","0","","","","",""
"azazel-jacobs","the-breakfast-club","218","https://www.youtube.com/watch?v=vBi5fCd6Usk&t=218","high","criterion","1","8","0","","","","",""
"azazel-jacobs","pandoras-box","248","https://www.youtube.com/watch?v=vBi5fCd6Usk&t=248","high","criterion","1","9","0","","","","",""
"zeinabu-irene-davis","black-orpheus","12","https://www.youtube.com/watch?v=23Mi6YwElYw&t=12","high","criterion","1","1","0","","","","",""
"zeinabu-irene-davis","the-battle-of-algiers","71","https://www.youtube.com/watch?v=23Mi6YwElYw&t=71","high","criterion","1","2","0","","","","",""
"zeinabu-irene-davis","drylongso","143","https://www.youtube.com/watch?v=23Mi6YwElYw&t=143","high","criterion","1","3","0","","","","",""
"zeinabu-irene-davis","the-watermelon-woman","170","https://www.youtube.com/watch?v=23Mi6YwElYw&t=170","high","criterion","1","4","0","","","","",""
"zeinabu-irene-davis","saint-omer","184","https://www.youtube.com/watch?v=23Mi6YwElYw&t=184","high","criterion","1","5","0","","","","",""
"zeinabu-irene-davis","bruce-lee-his-greatest-hits-box-set","36","https://www.youtube.com/watch?v=23Mi6YwElYw&t=36","high","criterion","1","6","1","Bruce Lee: His Greatest Hits","5","https://www.criterion.com/boxsets/3205-bruce-lee-his-greatest-hits","",""
"zeinabu-irene-davis","three-revolutionary-films-by-ousmane-sembene","206","https://www.youtube.com/watch?v=23Mi6YwElYw&t=206","high","criterion","1","7","1","Three Revolutionary Films by Ousmane Sembène","3","https://www.criterion.com/boxsets/7304-three-revolutionary-films-by-ousmane-sembene","",""
"zeinabu-irene-davis","martin-scorsese-s-world-cinema-project-no-4","87","https://www.youtube.com/watch?v=23Mi6YwElYw&t=87","high","criterion","1","8","1","Martin Scorsese's World Cinema Project No. 4","6","https://www.criterion.com/boxsets/6183-martin-scorsese-s-world-cinema-project-no-4","",""
"ken-burns","odd-man-out","46","https://www.youtube.com/watch?v=NCTUZ7bX0SE&t=46","high","criterion","1","1","0","","","","",""
"ken-burns","seven-samurai","72","https://www.youtube.com/watch?v=NCTUZ7bX0SE&t=72","high","criterion","1","2","0","","","","",""
"ken-burns","to-be-or-not-to-be","96","https://www.youtube.com/watch?v=NCTUZ7bX0SE&t=96","high","criterion","1","3","0","","","","",""
"ken-burns","rebecca","140","https://www.youtube.com/watch?v=NCTUZ7bX0SE&t=140","high","criterion","1","4","0","","","","",""
"ken-burns","hunger","176","https://www.youtube.com/watch?v=NCTUZ7bX0SE&t=176","high","criterion","1","5","0","","","","",""
"ken-burns","pina","267","https://www.youtube.com/watch?v=NCTUZ7bX0SE&t=267","high","criterion","1","6","0","","","","",""
"ken-burns","essential-fellini","226","https://www.youtube.com/watch?v=NCTUZ7bX0SE&t=226","high","criterion","1","7","1","Essential Fellini","14","https://www.criterion.com/boxsets/3626-essential-fellini","",""
"francis-ford-coppola","rumble-fish","92","https://www.youtube.com/watch?v=ZgWDtPVNQ7Y&t=92","high","criterion","1","1","0","","","","",""
"francis-ford-coppola","dance-girl-dance","186","https://www.youtube.com/watch?v=ZgWDtPVNQ7Y&t=186","high","criterion","1","2","0","","","","",""
"francis-ford-coppola","the-complete-jacques-tati","8","https://www.youtube.com/watch?v=ZgWDtPVNQ7Y&t=8","high","criterion","1","3","1","The Complete Jacques Tati","6","https://www.criterion.com/boxsets/1069-the-complete-jacques-tati","",""
"francis-ford-coppola","david-lean-directs-noel-coward","273","https://www.youtube.com/watch?v=ZgWDtPVNQ7Y&t=273","high","criterion","1","4","1","David Lean Directs Noël Coward","4","https://www.criterion.com/boxsets/861-david-lean-directs-noel-coward","",""
"payal-kapadia","loves-of-a-blonde","6","https://www.youtube.com/watch?v=CzKnRQkPXdg&t=6","high","criterion","1","1","0","","","","",""
"payal-kapadia","charulata","38","https://www.youtube.com/watch?v=CzKnRQkPXdg&t=38","high","criterion","1","2","0","","","","",""
"payal-kapadia","paris-is-burning","116","https://www.youtube.com/watch?v=CzKnRQkPXdg&t=116","high","criterion","1","3","0","","","","",""
"payal-kapadia","la-jetee-sans-soleil","17","https://www.youtube.com/watch?v=CzKnRQkPXdg&t=17","high","criterion","1","4","1","La Jetée/Sans Soleil","2","https://www.criterion.com/boxsets/77-la-jetee-sans-soleil","",""
"payal-kapadia","trilogy-of-life","51","https://www.youtube.com/watch?v=CzKnRQkPXdg&t=51","high","criterion","1","5","1","Trilogy of Life","3","https://www.criterion.com/boxsets/916-trilogy-of-life","",""
"payal-kapadia","eclipse-series-29-aki-kaurismakis-leningrad-cowboys","70","https://www.youtube.com/watch?v=CzKnRQkPXdg&t=70","high","criterion","1","6","1","Eclipse Series 29: Aki Kaurismäki's Leningrad Cowboys","3","https://www.criterion.com/boxsets/835-eclipse-series-29-aki-kaurismaki-s-leningrad-cowboys","",""
"payal-kapadia","eclipse-series-2-the-documentaries-of-louis-malle","89","https://www.youtube.com/watch?v=CzKnRQkPXdg&t=89","high","criterion","1","7","1","Eclipse Series 2: The Documentaries of Louis Malle","7","https://www.criterion.com/boxsets/275-eclipse-series-2-the-documentaries-of-louis-malle","",""
"payal-kapadia","martin-scorsese-s-world-cinema-project-no-2","156","https://www.youtube.com/watch?v=CzKnRQkPXdg&t=156","high","criterion","1","8","1","Martin Scorsese's World Cinema Project No. 2","6","https://www.criterion.com/boxsets/1258-martin-scorsese-s-world-cinema-project-no-2","",""
"norman-reedus","blue-velvet","16","https://www.youtube.com/watch?v=6GAcaHKcqZY&t=16","high","criterion","1","1","0","","","","",""
"norman-reedus","the-color-of-pomegranates","93","https://www.youtube.com/watch?v=6GAcaHKcqZY&t=93","high","criterion","1","2","0","","","","",""
"norman-reedus","videodrome","133","https://www.youtube.com/watch?v=6GAcaHKcqZY&t=133","high","criterion","1","3","0","","","","",""
"norman-reedus","my-own-private-idaho","194","https://www.youtube.com/watch?v=6GAcaHKcqZY&t=194","high","criterion","1","4","0","","","","",""
"ramell-ross","the-tin-drum","32","https://www.youtube.com/watch?v=AVfkV5F4XL0&t=32","high","criterion","1","1","0","","","","",""
"ramell-ross","mirror","92","https://www.youtube.com/watch?v=AVfkV5F4XL0&t=92","high","criterion","1","2","0","","","","",""
"ramell-ross","stalker","115","https://www.youtube.com/watch?v=AVfkV5F4XL0&t=115","high","criterion","1","3","0","","","","",""
"ramell-ross","cameraperson","140","https://www.youtube.com/watch?v=AVfkV5F4XL0&t=140","high","criterion","1","4","0","","","","",""
"ramell-ross","to-sleep-with-anger","171","https://www.youtube.com/watch?v=AVfkV5F4XL0&t=171","high","criterion","1","5","0","","","","",""
"ramell-ross","ghost-dog-the-way-of-the-samurai","187","https://www.youtube.com/watch?v=AVfkV5F4XL0&t=187","high","criterion","1","6","0","","","","",""
"ramell-ross","jubal","242","https://www.youtube.com/watch?v=AVfkV5F4XL0&t=242","high","criterion","1","7","0","","","","",""
"ramell-ross","world-of-wong-kar-wai","43","https://www.youtube.com/watch?v=AVfkV5F4XL0&t=43","high","criterion","1","8","1","World of Wong Kar Wai","7","https://www.criterion.com/boxsets/4117-world-of-wong-kar-wai","",""
"ramell-ross","la-jetee-sans-soleil","65","https://www.youtube.com/watch?v=AVfkV5F4XL0&t=65","high","criterion","1","9","1","La Jetée/Sans Soleil","2","https://www.criterion.com/boxsets/77-la-jetee-sans-soleil","",""
"ramell-ross","the-qatsi-trilogy","161","https://www.youtube.com/watch?v=AVfkV5F4XL0&t=161","high","criterion","1","10","1","The Qatsi Trilogy","3","https://www.criterion.com/boxsets/934-the-qatsi-trilogy","",""
"ramell-ross","bruce-lee-his-greatest-hits-box-set","204","https://www.youtube.com/watch?v=AVfkV5F4XL0&t=204","high","criterion","1","11","1","Bruce Lee: His Greatest Hits","5","https://www.criterion.com/boxsets/3205-bruce-lee-his-greatest-hits","",""
"gints-zilbalodis","punch-drunk-love","6","https://www.youtube.com/watch?v=DkgBhjAwvj4&t=6","high","criterion","1","1","0","","","","",""
"gints-zilbalodis","y-tu-mama-tambien","24","https://www.youtube.com/watch?v=DkgBhjAwvj4&t=24","high","criterion","1","2","0","","","","",""
"gints-zilbalodis","being-there","38","https://www.youtube.com/watch?v=DkgBhjAwvj4&t=38","high","criterion","1","3","0","","","","",""
"gints-zilbalodis","the-woman-in-the-dunes","51","https://www.youtube.com/watch?v=DkgBhjAwvj4&t=51","high","criterion","1","4","0","","","","",""
"gints-zilbalodis","after-hours","81","https://www.youtube.com/watch?v=DkgBhjAwvj4&t=81","high","criterion","1","5","0","","","","",""
"gints-zilbalodis","fantastic-mr-fox","108","https://www.youtube.com/watch?v=DkgBhjAwvj4&t=108","high","criterion","1","6","0","","","","",""
"gints-zilbalodis","high-and-low","140","https://www.youtube.com/watch?v=DkgBhjAwvj4&t=140","high","criterion","1","7","0","","","","",""
"gints-zilbalodis","the-qatsi-trilogy","121","https://www.youtube.com/watch?v=DkgBhjAwvj4&t=121","high","criterion","1","8","1","The Qatsi Trilogy","3","https://www.criterion.com/boxsets/934-the-qatsi-trilogy","",""
"nathalie-emmanuel","the-red-shoes","32","https://www.youtube.com/watch?v=TsPxucCV4dU&t=32","high","criterion","1","1","0","","","","",""
"nathalie-emmanuel","love-basketball","142","https://www.youtube.com/watch?v=TsPxucCV4dU&t=142","high","criterion","1","2","0","","","","",""
"nathalie-emmanuel","paris-is-burning","190","https://www.youtube.com/watch?v=TsPxucCV4dU&t=190","high","criterion","1","3","0","","","","",""
"nathalie-emmanuel","the-worst-person-in-the-world","229","https://www.youtube.com/watch?v=TsPxucCV4dU&t=229","high","criterion","1","4","0","","","","",""
"nathalie-emmanuel","small-axe","66","https://www.youtube.com/watch?v=TsPxucCV4dU&t=66","high","criterion","1","5","1","Small Axe","5","https://www.criterion.com/boxsets/6517-small-axe","",""
"janelle-monae","the-blob","27","https://www.youtube.com/watch?v=iBpffnfc3AI&t=27","high","criterion","1","1","0","","","","",""
"janelle-monae","eraserhead","77","https://www.youtube.com/watch?v=iBpffnfc3AI&t=77","high","criterion","1","2","0","","","","",""
"janelle-monae","1984","121","https://www.youtube.com/watch?v=iBpffnfc3AI&t=121","high","criterion","1","3","0","","","","",""
"janelle-monae","brazil","162","https://www.youtube.com/watch?v=iBpffnfc3AI&t=162","high","criterion","1","4","0","","","","",""
"janelle-monae","night-of-the-living-dead","201","https://www.youtube.com/watch?v=iBpffnfc3AI&t=201","high","criterion","1","5","0","","","","",""
"maya-and-ethan-hawke","war-and-peace","19","https://www.youtube.com/watch?v=YxzCSz-4CIw&t=19","high","criterion","1","1","0","","","","",""
"maya-and-ethan-hawke","frances-ha","41","https://www.youtube.com/watch?v=YxzCSz-4CIw&t=41","high","criterion","1","2","0","","","","",""
"maya-and-ethan-hawke","children-of-paradise","61","https://www.youtube.com/watch?v=YxzCSz-4CIw&t=61","high","criterion","1","3","0","","","","",""
"maya-and-ethan-hawke","3-women","90","https://www.youtube.com/watch?v=YxzCSz-4CIw&t=90","high","criterion","1","4","0","","","","",""
"maya-and-ethan-hawke","husbands","104","https://www.youtube.com/watch?v=YxzCSz-4CIw&t=104","high","criterion","1","5","0","","","","",""
"maya-and-ethan-hawke","the-magnificent-ambersons","126","https://www.youtube.com/watch?v=YxzCSz-4CIw&t=126","high","criterion","1","6","0","","","","",""
"maya-and-ethan-hawke","pina","142","https://www.youtube.com/watch?v=YxzCSz-4CIw&t=142","high","criterion","1","7","0","","","","",""
"maya-and-ethan-hawke","an-angel-at-my-table","190","https://www.youtube.com/watch?v=YxzCSz-4CIw&t=190","high","criterion","1","8","0","","","","",""
"maya-and-ethan-hawke","tess","232","https://www.youtube.com/watch?v=YxzCSz-4CIw&t=232","high","criterion","1","9","0","","","","",""
"maya-and-ethan-hawke","days-of-heaven","252","https://www.youtube.com/watch?v=YxzCSz-4CIw&t=252","high","criterion","1","10","0","","","","",""
"maya-and-ethan-hawke","picnic-at-hanging-rock","283","https://www.youtube.com/watch?v=YxzCSz-4CIw&t=283","high","criterion","1","11","0","","","","",""
"maya-and-ethan-hawke","kicking-and-screaming","308","https://www.youtube.com/watch?v=YxzCSz-4CIw&t=308","high","criterion","1","12","0","","","","",""
"dan-levy","moonstruck","12","https://www.youtube.com/watch?v=-EV0KTf55F0&t=12","high","criterion","1","1","0","","","","",""
"dan-levy","tokyo-story","36","https://www.youtube.com/watch?v=-EV0KTf55F0&t=36","high","criterion","1","2","0","","","","",""
"dan-levy","the-piano-teacher","83","https://www.youtube.com/watch?v=-EV0KTf55F0&t=83","high","criterion","1","3","0","","","","",""
"dan-levy","election","146","https://www.youtube.com/watch?v=-EV0KTf55F0&t=146","high","criterion","1","4","0","","","","",""
"dan-levy","love-basketball","181","https://www.youtube.com/watch?v=-EV0KTf55F0&t=181","high","criterion","1","5","0","","","","",""
"dan-levy","weekend-2011","195","https://www.youtube.com/watch?v=-EV0KTf55F0&t=195","high","criterion","1","6","0","","","","",""
"dan-levy","the-daytrippers","228","https://www.youtube.com/watch?v=-EV0KTf55F0&t=228","high","criterion","1","7","0","","","","",""
"dan-levy","the-virgin-suicides","253","https://www.youtube.com/watch?v=-EV0KTf55F0&t=253","high","criterion","1","8","0","","","","",""
"dan-levy","kagemusha","400","https://www.youtube.com/watch?v=-EV0KTf55F0&t=400","high","criterion","1","9","0","","","","",""
"jeremy-thomas","a-touch-of-zen","9","https://www.youtube.com/watch?v=7pFXCqtYmDM&t=9","high","criterion","1","1","0","","","","",""
"jeremy-thomas","the-leopard","25","https://www.youtube.com/watch?v=7pFXCqtYmDM&t=25","high","criterion","1","2","0","","","","",""
"jeremy-thomas","beau-travail","37","https://www.youtube.com/watch?v=7pFXCqtYmDM&t=37","high","criterion","1","3","0","","","","",""
"jeremy-thomas","the-last-wave","45","https://www.youtube.com/watch?v=7pFXCqtYmDM&t=45","high","criterion","1","4","0","","","","",""
"jeremy-thomas","la-regle-du-jeu","154","https://www.youtube.com/watch?v=7pFXCqtYmDM&t=154","high","criterion","1","5","0","","","","",""
"jeremy-thomas","la-strada","193","https://www.youtube.com/watch?v=7pFXCqtYmDM&t=193","high","criterion","1","6","1","Essential Fellini","","","",""
"jeremy-thomas","three-films-by-luis-bunuel","68","https://www.youtube.com/watch?v=7pFXCqtYmDM&t=68","high","criterion","1","7","1","Three Films by Luis Buñuel","3","https://www.criterion.com/boxsets/3900-three-films-by-luis-bunuel","",""
"jeremy-thomas","wim-wenders-the-road-trilogy","180","https://www.youtube.com/watch?v=7pFXCqtYmDM&t=180","high","criterion","1","8","1","Wim Wenders: The Road Trilogy","3","https://www.criterion.com/boxsets/1186-wim-wenders-the-road-trilogy","",""
"jason-schwartzman","the-killers","19","https://www.youtube.com/watch?v=92yxBp7tce4&t=19","high","criterion","1","1","0","","","","",""
"jason-schwartzman","under-the-volcano","103","https://www.youtube.com/watch?v=92yxBp7tce4&t=103","high","criterion","1","2","0","","","","",""
"jason-schwartzman","straw-dogs","109","https://www.youtube.com/watch?v=92yxBp7tce4&t=109","high","criterion","1","3","0","","","","",""
"jason-schwartzman","an-unmarried-woman","215","https://www.youtube.com/watch?v=92yxBp7tce4&t=215","high","criterion","1","4","0","","","","",""
"jason-schwartzman","the-red-shoes","295","https://www.youtube.com/watch?v=92yxBp7tce4&t=295","high","criterion","1","5","0","","","","",""
"jason-schwartzman","the-bad-sleep-well","337","https://www.youtube.com/watch?v=92yxBp7tce4&t=337","high","criterion","1","6","0","","","","",""
"jason-schwartzman","local-hero","366","https://www.youtube.com/watch?v=92yxBp7tce4&t=366","high","criterion","1","7","0","","","","",""
"jason-schwartzman","pasolini-101","370","https://www.youtube.com/watch?v=92yxBp7tce4&t=370","high","criterion","1","8","1","Pasolini 101","9","https://www.criterion.com/boxsets/6588-pasolini-101","",""
"kyle-maclachlan","sex-lies-and-videotape","9","https://www.youtube.com/watch?v=gzdBFeaNFSA&t=9","high","criterion","1","1","0","","","","",""
"kyle-maclachlan","le-cercle-rouge","56","https://www.youtube.com/watch?v=gzdBFeaNFSA&t=56","high","criterion","1","2","0","","","","",""
"kyle-maclachlan","the-manchurian-candidate","82","https://www.youtube.com/watch?v=gzdBFeaNFSA&t=82","high","criterion","1","3","0","","","","",""
"kyle-maclachlan","being-there","161","https://www.youtube.com/watch?v=gzdBFeaNFSA&t=161","high","criterion","1","4","0","","","","",""
"kyle-maclachlan","roma-2018","191","https://www.youtube.com/watch?v=gzdBFeaNFSA&t=191","high","criterion","1","5","1","Essential Fellini","","","",""
"kyle-maclachlan","the-elephant-man","283","https://www.youtube.com/watch?v=gzdBFeaNFSA&t=283","high","criterion","1","6","0","","","","",""
"kyle-maclachlan","blue-velvet","331","https://www.youtube.com/watch?v=gzdBFeaNFSA&t=331","high","criterion","1","7","0","","","","",""
"sarita-choudhury","tokyo-story","14","https://www.youtube.com/watch?v=wjnW5iZwo9Q&t=14","high","criterion","1","1","0","","","","",""
"sarita-choudhury","eclipse","154","https://www.youtube.com/watch?v=wjnW5iZwo9Q&t=154","high","criterion","1","2","0","","","","",""
"sarita-choudhury","my-beautiful-laundrette","201","https://www.youtube.com/watch?v=wjnW5iZwo9Q&t=201","high","criterion","1","3","0","","","","",""
"sarita-choudhury","the-big-city","33","https://www.youtube.com/watch?v=wjnW5iZwo9Q&t=33","high","criterion","1","4","0","","","","",""
"sarita-choudhury","the-hero","50","https://www.youtube.com/watch?v=wjnW5iZwo9Q&t=50","high","criterion","1","5","0","","","","",""
"sarita-choudhury","a-special-day","157","https://www.youtube.com/watch?v=wjnW5iZwo9Q&t=157","high","criterion","1","6","0","","","","",""
"sarita-choudhury","day-for-night","194","https://www.youtube.com/watch?v=wjnW5iZwo9Q&t=194","high","criterion","1","7","0","","","","",""
"sarita-choudhury","working-girls","10","https://www.youtube.com/watch?v=wjnW5iZwo9Q&t=10","high","criterion","1","8","0","","","","",""
"sarita-choudhury","trilogy-of-life","231","https://www.youtube.com/watch?v=wjnW5iZwo9Q&t=231","high","criterion","1","9","1","Trilogy of Life","3","https://www.criterion.com/boxsets/916-trilogy-of-life","",""
"gael-garcia-bernal","amores-perros","21","https://www.youtube.com/watch?v=oJxXni9bo3g&t=21","high","criterion","1","1","0","","","","",""
"gael-garcia-bernal","memories-of-underdevelopment","63","https://www.youtube.com/watch?v=oJxXni9bo3g&t=63","high","criterion","1","2","0","","","","",""
"gael-garcia-bernal","blow-up","128","https://www.youtube.com/watch?v=oJxXni9bo3g&t=128","high","criterion","1","3","0","","","","",""
"gael-garcia-bernal","purple-noon","168","https://www.youtube.com/watch?v=oJxXni9bo3g&t=168","high","criterion","1","4","0","","","","",""
"gael-garcia-bernal","y-tu-mama-tambien","230","https://www.youtube.com/watch?v=oJxXni9bo3g&t=230","high","criterion","1","5","0","","","","",""
"gael-garcia-bernal","three-films-by-luis-bunuel","330","https://www.youtube.com/watch?v=oJxXni9bo3g&t=330","high","criterion","1","6","1","Three Films by Luis Buñuel","3","https://www.criterion.com/boxsets/3900-three-films-by-luis-bunuel","",""
"charlotte-gainsbourg","green-for-danger","127","https://www.youtube.com/watch?v=y10-tjb5Y5w&t=127","high","criterion","1","1","0","","","","",""
"charlotte-gainsbourg","antichrist","154","https://www.youtube.com/watch?v=y10-tjb5Y5w&t=154","high","criterion","1","2","0","","","","",""
"charlotte-gainsbourg","the-night-of-the-hunter","11","https://www.youtube.com/watch?v=y10-tjb5Y5w&t=11","high","criterion","1","3","0","","","","",""
"charlotte-gainsbourg","belle-de-jour","58","https://www.youtube.com/watch?v=y10-tjb5Y5w&t=58","high","criterion","1","4","0","","","","",""
"charlotte-gainsbourg","being-john-malkovich","91","https://www.youtube.com/watch?v=y10-tjb5Y5w&t=91","high","criterion","1","5","0","","","","",""
"charlotte-gainsbourg","the-complete-films-of-agnes-varda","201","https://www.youtube.com/watch?v=y10-tjb5Y5w&t=201","high","criterion","1","6","1","The Complete Films of Agnès Varda","22","https://www.criterion.com/boxsets/3432-the-complete-films-of-agnes-varda","",""
"jeremy-o-harris","original-cast-album-company","124","https://www.youtube.com/watch?v=j9c7TOz0YK8&t=124","high","criterion","1","1","0","","","","",""
"jeremy-o-harris","the-celebration","159","https://www.youtube.com/watch?v=j9c7TOz0YK8&t=159","high","criterion","1","2","0","","","","",""
"jeremy-o-harris","teorema","198","https://www.youtube.com/watch?v=j9c7TOz0YK8&t=198","high","criterion","1","3","0","","","","",""
"jeremy-o-harris","salo-or-the-120-days-of-sodom","231","https://www.youtube.com/watch?v=j9c7TOz0YK8&t=231","high","criterion","1","4","0","","","","",""
"jeremy-o-harris","tiny-furniture","294","https://www.youtube.com/watch?v=j9c7TOz0YK8&t=294","high","criterion","1","5","0","","","","",""
"jeremy-o-harris","girlfriends","316","https://www.youtube.com/watch?v=j9c7TOz0YK8&t=316","high","criterion","1","6","0","","","","",""
"jeremy-o-harris","all-that-jazz","358","https://www.youtube.com/watch?v=j9c7TOz0YK8&t=358","high","criterion","1","7","0","","","","",""
"jeremy-o-harris","ali-fear-eats-the-soul","399","https://www.youtube.com/watch?v=j9c7TOz0YK8&t=399","high","criterion","1","8","0","","","","",""
"jeremy-o-harris","yi-yi","459","https://www.youtube.com/watch?v=j9c7TOz0YK8&t=459","high","criterion","1","9","0","","","","",""
"jeremy-o-harris","metropolitan","463","https://www.youtube.com/watch?v=j9c7TOz0YK8&t=463","high","criterion","1","10","0","","","","",""
"jeremy-o-harris","melvin-van-peebles-essential-films","38","https://www.youtube.com/watch?v=j9c7TOz0YK8&t=38","high","criterion","1","11","1","Melvin Van Peebles: Essential Films","4","https://www.criterion.com/boxsets/4787-melvin-van-peebles-essential-films","",""
"nuri-bilge-ceylan","stranger-than-paradise","88","https://www.youtube.com/watch?v=6dIOWv_3CeM&t=88","high","criterion","1","1","0","","","","",""
"nuri-bilge-ceylan","andrei-rublev","113","https://www.youtube.com/watch?v=6dIOWv_3CeM&t=113","high","criterion","1","2","0","","","","",""
"nuri-bilge-ceylan","knife-in-the-water","170","https://www.youtube.com/watch?v=6dIOWv_3CeM&t=170","high","criterion","1","3","0","","","","",""
"nuri-bilge-ceylan","ingmar-bergmans-cinema","5","https://www.youtube.com/watch?v=6dIOWv_3CeM&t=5","high","criterion","1","4","1","Ingmar Bergman's Cinema","40","https://www.criterion.com/boxsets/1427-ingmar-bergman-s-cinema","",""
"nuri-bilge-ceylan","six-moral-tales","65","https://www.youtube.com/watch?v=6dIOWv_3CeM&t=65","high","criterion","1","5","1","Six Moral Tales","6","https://www.criterion.com/boxsets/417-six-moral-tales","",""
"nuri-bilge-ceylan","the-apu-trilogy","153","https://www.youtube.com/watch?v=6dIOWv_3CeM&t=153","high","criterion","1","6","1","The Apu Trilogy","3","https://www.criterion.com/boxsets/1145-the-apu-trilogy","",""
"nuri-bilge-ceylan","the-koker-trilogy","195","https://www.youtube.com/watch?v=6dIOWv_3CeM&t=195","high","criterion","1","7","1","The Koker Trilogy","3","https://www.criterion.com/boxsets/2363-the-koker-trilogy","",""
"julio-torres","walle","54","https://www.youtube.com/watch?v=elTc11bMkDs&t=54","high","criterion","1","1","0","","","","",""
"julio-torres","amores-perros","108","https://www.youtube.com/watch?v=elTc11bMkDs&t=108","high","criterion","1","2","0","","","","",""
"julio-torres","after-hours","146","https://www.youtube.com/watch?v=elTc11bMkDs&t=146","high","criterion","1","3","0","","","","",""
"julio-torres","y-tu-mama-tambien","176","https://www.youtube.com/watch?v=elTc11bMkDs&t=176","high","criterion","1","4","0","","","","",""
"julio-torres","house","248","https://www.youtube.com/watch?v=elTc11bMkDs&t=248","high","criterion","1","5","0","","","","",""
"julio-torres","the-virgin-suicides","273","https://www.youtube.com/watch?v=elTc11bMkDs&t=273","high","criterion","1","6","0","","","","",""
"julio-torres","pierre-etaix","15","https://www.youtube.com/watch?v=elTc11bMkDs&t=15","high","criterion","1","7","1","Pierre Etaix","5","https://www.criterion.com/boxsets/947-pierre-etaix","",""
"julio-torres","the-koker-trilogy","40","https://www.youtube.com/watch?v=elTc11bMkDs&t=40","high","criterion","1","8","1","The Koker Trilogy","3","https://www.criterion.com/boxsets/2363-the-koker-trilogy","",""
"charles-melton","mikey-and-nicky","15","https://www.youtube.com/watch?v=Ee5Gfzsji4k&t=15","high","criterion","1","1","0","","","","",""
"charles-melton","after-life","43","https://www.youtube.com/watch?v=Ee5Gfzsji4k&t=43","high","criterion","1","2","0","","","","",""
"charles-melton","memories-of-murder","59","https://www.youtube.com/watch?v=Ee5Gfzsji4k&t=59","high","criterion","1","3","0","","","","",""
"charles-melton","eo","98","https://www.youtube.com/watch?v=Ee5Gfzsji4k&t=98","high","criterion","1","4","0","","","","",""
"charles-melton","eyes-without-a-face","109","https://www.youtube.com/watch?v=Ee5Gfzsji4k&t=109","high","criterion","1","5","0","","","","",""
"charles-melton","le-samourai","116","https://www.youtube.com/watch?v=Ee5Gfzsji4k&t=116","high","criterion","1","6","0","","","","",""
"charles-melton","la-piscine","122","https://www.youtube.com/watch?v=Ee5Gfzsji4k&t=122","high","criterion","1","7","0","","","","",""
"charles-melton","cure","131","https://www.youtube.com/watch?v=Ee5Gfzsji4k&t=131","high","criterion","1","8","0","","","","",""
"charles-melton","drive-my-car","140","https://www.youtube.com/watch?v=Ee5Gfzsji4k&t=140","high","criterion","1","9","0","","","","",""
"charles-melton","short-cuts","166","https://www.youtube.com/watch?v=Ee5Gfzsji4k&t=166","high","criterion","1","10","0","","","","",""
"charles-melton","3-women","176","https://www.youtube.com/watch?v=Ee5Gfzsji4k&t=176","high","criterion","1","11","0","","","","",""
"charles-melton","safe","216","https://www.youtube.com/watch?v=Ee5Gfzsji4k&t=216","high","criterion","1","12","0","","","","",""
"charles-melton","a-special-day","249","https://www.youtube.com/watch?v=Ee5Gfzsji4k&t=249","high","criterion","1","13","0","","","","",""
"charles-melton","walle","275","https://www.youtube.com/watch?v=Ee5Gfzsji4k&t=275","high","criterion","1","14","0","","","","",""
"lila-aviles","yi-yi","11","https://www.youtube.com/watch?v=0PMTo4SK__s&t=11","high","criterion","1","1","0","","","","",""
"lila-aviles","onibaba","35","https://www.youtube.com/watch?v=0PMTo4SK__s&t=35","high","criterion","1","2","0","","","","",""
"lila-aviles","boat-people","91","https://www.youtube.com/watch?v=0PMTo4SK__s&t=91","high","criterion","1","3","0","","","","",""
"lila-aviles","the-prince-of-tides","109","https://www.youtube.com/watch?v=0PMTo4SK__s&t=109","high","criterion","1","4","0","","","","",""
"lila-aviles","in-the-realm-of-the-senses","132","https://www.youtube.com/watch?v=0PMTo4SK__s&t=132","high","criterion","1","5","0","","","","",""
"lila-aviles","burden-of-dreams","166","https://www.youtube.com/watch?v=0PMTo4SK__s&t=166","high","criterion","1","6","0","","","","",""
"lila-aviles","eclipse-series-12-aki-kaurismakis-proletariat-trilogy","58","https://www.youtube.com/watch?v=0PMTo4SK__s&t=58","high","criterion","1","7","1","Eclipse Series 12: Aki Kaurismäki's Proletariat Trilogy","3","https://www.criterion.com/boxsets/564-eclipse-series-12-aki-kaurismaki-s-proletariat-trilogy","",""
"hari-nef","the-naked-kiss","11","https://www.youtube.com/watch?v=DtFFk4V4YJs&t=11","high","criterion","1","1","0","","","","",""
"hari-nef","women-on-the-verge-of-a-nervous-breakdown","46","https://www.youtube.com/watch?v=DtFFk4V4YJs&t=46","high","criterion","1","2","0","","","","",""
"hari-nef","belle-de-jour","98","https://www.youtube.com/watch?v=DtFFk4V4YJs&t=98","high","criterion","1","3","0","","","","",""
"hari-nef","grey-gardens","167","https://www.youtube.com/watch?v=DtFFk4V4YJs&t=167","high","criterion","1","4","0","","","","",""
"hari-nef","the-red-shoes","177","https://www.youtube.com/watch?v=DtFFk4V4YJs&t=177","high","criterion","1","5","0","","","","",""
"hari-nef","black-narcissus","206","https://www.youtube.com/watch?v=DtFFk4V4YJs&t=206","high","criterion","1","6","0","","","","",""
"hari-nef","mishima-a-life-in-four-chapters","246","https://www.youtube.com/watch?v=DtFFk4V4YJs&t=246","high","criterion","1","7","0","","","","",""
"hari-nef","design-for-living","271","https://www.youtube.com/watch?v=DtFFk4V4YJs&t=271","high","criterion","1","8","0","","","","",""
"hari-nef","the-last-days-of-disco","312","https://www.youtube.com/watch?v=DtFFk4V4YJs&t=312","high","criterion","1","9","0","","","","",""
"rosine-mbakam","mandabi","36","https://www.youtube.com/watch?v=Hnijob9FlJc&t=36","high","criterion","1","1","0","","","","",""
"rosine-mbakam","black-girl","77","https://www.youtube.com/watch?v=Hnijob9FlJc&t=77","high","criterion","1","2","0","","","","",""
"rosine-mbakam","bicycle-thieves","148","https://www.youtube.com/watch?v=Hnijob9FlJc&t=148","high","criterion","1","3","0","","","","",""
"rosine-mbakam","close-up","186","https://www.youtube.com/watch?v=Hnijob9FlJc&t=186","high","criterion","1","4","0","","","","",""
"hlynur-palmason","the-spirit-of-the-beehive","13","https://www.youtube.com/watch?v=gowVPl5YriI&t=13","high","criterion","1","1","0","","","","",""
"hlynur-palmason","cria-cuervos","23","https://www.youtube.com/watch?v=gowVPl5YriI&t=23","high","criterion","1","2","0","","","","",""
"hlynur-palmason","naked","39","https://www.youtube.com/watch?v=gowVPl5YriI&t=39","high","criterion","1","3","0","","","","",""
"hlynur-palmason","ratcatcher","51","https://www.youtube.com/watch?v=gowVPl5YriI&t=51","high","criterion","1","4","0","","","","",""
"hlynur-palmason","the-passion-of-joan-of-arc","64","https://www.youtube.com/watch?v=gowVPl5YriI&t=64","high","criterion","1","5","0","","","","",""
"hlynur-palmason","mirror","77","https://www.youtube.com/watch?v=gowVPl5YriI&t=77","high","criterion","1","6","0","","","","",""
"hlynur-palmason","largent","96","https://www.youtube.com/watch?v=gowVPl5YriI&t=96","high","criterion","1","7","0","","","","",""
"hlynur-palmason","lhumanite","114","https://www.youtube.com/watch?v=gowVPl5YriI&t=114","high","criterion","1","8","0","","","","",""
"hlynur-palmason","blow-up","124","https://www.youtube.com/watch?v=gowVPl5YriI&t=124","high","criterion","1","9","0","","","","",""
"hlynur-palmason","barry-lyndon","137","https://www.youtube.com/watch?v=gowVPl5YriI&t=137","high","criterion","1","10","0","","","","",""
"rickie-lee-jones","my-man-godfrey","19","https://www.youtube.com/watch?v=Ru_7YGRLoG8&t=19","high","criterion","1","1","0","","","","",""
"rickie-lee-jones","hedwig-and-the-angry-inch","41","https://www.youtube.com/watch?v=Ru_7YGRLoG8&t=41","high","criterion","1","2","0","","","","",""
"rickie-lee-jones","the-blob","107","https://www.youtube.com/watch?v=Ru_7YGRLoG8&t=107","high","criterion","1","3","0","","","","",""
"rickie-lee-jones","a-taste-of-honey","162","https://www.youtube.com/watch?v=Ru_7YGRLoG8&t=162","high","criterion","1","4","0","","","","",""
"rickie-lee-jones","devil-in-a-blue-dress","231","https://www.youtube.com/watch?v=Ru_7YGRLoG8&t=231","high","criterion","1","5","0","","","","",""
"rickie-lee-jones","the-complete-monterey-pop-festival","71","https://www.youtube.com/watch?v=Ru_7YGRLoG8&t=71","high","criterion","1","6","1","The Complete Monterey Pop Festival","2","https://www.criterion.com/boxsets/326-the-complete-monterey-pop-festival","",""
"susanna-hoffs","beyond-the-valley-of-the-dolls","8","https://www.youtube.com/watch?v=CUu3VsxUMsw&t=8","high","criterion","1","1","0","","","","",""
"susanna-hoffs","seconds","26","https://www.youtube.com/watch?v=CUu3VsxUMsw&t=26","high","criterion","1","2","0","","","","",""
"susanna-hoffs","klute","63","https://www.youtube.com/watch?v=CUu3VsxUMsw&t=63","high","criterion","1","3","0","","","","",""
"susanna-hoffs","la-piscine","125","https://www.youtube.com/watch?v=CUu3VsxUMsw&t=125","high","criterion","1","4","0","","","","",""
"susanna-hoffs","love-streams","160","https://www.youtube.com/watch?v=CUu3VsxUMsw&t=160","high","criterion","1","5","0","","","","",""
"susanna-hoffs","midnight-cowboy","225","https://www.youtube.com/watch?v=CUu3VsxUMsw&t=225","high","criterion","1","6","0","","","","",""
"trace-lysette","an-unmarried-woman","12","https://www.youtube.com/watch?v=oRNgOmL0BuQ&t=12","high","criterion","1","1","0","","","","",""
"trace-lysette","moonstruck","39","https://www.youtube.com/watch?v=oRNgOmL0BuQ&t=39","high","criterion","1","2","0","","","","",""
"trace-lysette","fellini-satyricon","64","https://www.youtube.com/watch?v=oRNgOmL0BuQ&t=64","high","criterion","1","3","1","Essential Fellini","","","",""
"trace-lysette","thelma-louise","81","https://www.youtube.com/watch?v=oRNgOmL0BuQ&t=81","high","criterion","1","4","0","","","","",""
"trace-lysette","paris-is-burning","102","https://www.youtube.com/watch?v=oRNgOmL0BuQ&t=102","high","criterion","1","5","0","","","","",""
"trace-lysette","women-on-the-verge-of-a-nervous-breakdown","162","https://www.youtube.com/watch?v=oRNgOmL0BuQ&t=162","high","criterion","1","6","0","","","","",""
"trace-lysette","all-about-my-mother","170","https://www.youtube.com/watch?v=oRNgOmL0BuQ&t=170","high","criterion","1","7","0","","","","",""
"trace-lysette","love-jones","180","https://www.youtube.com/watch?v=oRNgOmL0BuQ&t=180","high","criterion","1","8","0","","","","",""
"trace-lysette","melvin-van-peebles-essential-films","25","https://www.youtube.com/watch?v=oRNgOmL0BuQ&t=25","high","criterion","1","9","1","Melvin Van Peebles: Essential Films","4","https://www.criterion.com/boxsets/4787-melvin-van-peebles-essential-films","",""
"frederick-wiseman","bicycle-thieves","9","https://www.youtube.com/watch?v=kOpRVNqOZUA&t=9","high","criterion","1","1","0","","","","",""
"frederick-wiseman","la-strada","0","","none","criterion","1","2","0","","","","",""
"frederick-wiseman","knife-in-the-water","39","https://www.youtube.com/watch?v=kOpRVNqOZUA&t=39","high","criterion","1","3","0","","","","",""
"frederick-wiseman","down-by-law","104","https://www.youtube.com/watch?v=kOpRVNqOZUA&t=104","high","criterion","1","4","0","","","","",""
"frederick-wiseman","paths-of-glory","87","https://www.youtube.com/watch?v=kOpRVNqOZUA&t=87","high","criterion","1","5","0","","","","",""
"vicky-krieps","female-trouble","30","https://www.youtube.com/watch?v=mAanJ3WWKjw&t=30","high","criterion","1","1","0","","","","",""
"vicky-krieps","ikiru","38","https://www.youtube.com/watch?v=mAanJ3WWKjw&t=38","high","criterion","1","2","0","","","","",""
"vicky-krieps","dazed-and-confused","43","https://www.youtube.com/watch?v=mAanJ3WWKjw&t=43","high","criterion","1","3","0","","","","",""
"vicky-krieps","blue-velvet","62","https://www.youtube.com/watch?v=mAanJ3WWKjw&t=62","high","criterion","1","4","0","","","","",""
"vicky-krieps","la-vie-de-jesus","0","","none","criterion","1","5","0","","","","",""
"vicky-krieps","la-piscine","76","https://www.youtube.com/watch?v=mAanJ3WWKjw&t=76","high","criterion","1","6","0","","","","",""
"vicky-krieps","la-strada","111","https://www.youtube.com/watch?v=mAanJ3WWKjw&t=111","high","criterion","1","7","1","Essential Fellini","","","",""
"leslie-harris","la-regle-du-jeu","12","https://www.youtube.com/watch?v=Uk53DeosP00&t=12","high","criterion","1","1","0","","","","",""
"leslie-harris","scenes-from-a-marriage","113","https://www.youtube.com/watch?v=Uk53DeosP00&t=113","high","criterion","1","2","1","Ingmar Bergman's Cinema","","","",""
"leslie-harris","divorce-italian-style","111","https://www.youtube.com/watch?v=Uk53DeosP00&t=111","high","criterion","1","3","0","","","","",""
"leslie-harris","812","196","https://www.youtube.com/watch?v=Uk53DeosP00&t=196","high","criterion","1","4","1","Essential Fellini","","","",""
"leslie-harris","4-by-agnes-varda","52","https://www.youtube.com/watch?v=Uk53DeosP00&t=52","high","criterion","1","5","1","4 by Agnès Varda","4","https://www.criterion.com/boxsets/8-4-by-agnes-varda","",""
"wilco","being-there","25","https://www.youtube.com/watch?v=jhkXwYOwU5g&t=25","high","criterion","1","1","0","","","","",""
"wilco","leon-russell-a-poem-is-a-naked-person","57","https://www.youtube.com/watch?v=jhkXwYOwU5g&t=57","high","criterion","1","2","0","","","","",""
"wilco","rumble-fish","73","https://www.youtube.com/watch?v=jhkXwYOwU5g&t=73","high","criterion","1","3","0","","","","",""
"wilco","heart-of-a-dog","106","https://www.youtube.com/watch?v=jhkXwYOwU5g&t=106","high","criterion","1","4","0","","","","",""
"wilco","the-parallax-view","120","https://www.youtube.com/watch?v=jhkXwYOwU5g&t=120","high","criterion","1","5","0","","","","",""
"wilco","my-winnipeg","137","https://www.youtube.com/watch?v=jhkXwYOwU5g&t=137","high","criterion","1","6","0","","","","",""
"wilco","rolling-thunder-revue-a-bob-dylan-story-by-martin-scorsese","137","https://www.youtube.com/watch?v=jhkXwYOwU5g&t=137","high","criterion","1","7","0","","","","",""
"wilco","le-deuxieme-souffle","176","https://www.youtube.com/watch?v=jhkXwYOwU5g&t=176","high","criterion","1","8","0","","","","",""
"wilco","america-lost-and-found-the-bbs-story","200","https://www.youtube.com/watch?v=jhkXwYOwU5g&t=200","high","criterion","1","9","1","America Lost and Found: The BBS Story","7","https://www.criterion.com/boxsets/769-america-lost-and-found-the-bbs-story","",""
"wilco","eclipse-series-9-the-delirious-fictions-of-william-klein","255","https://www.youtube.com/watch?v=jhkXwYOwU5g&t=255","high","criterion","1","10","1","Eclipse Series 9: The Delirious Fictions of William Klein","3","https://www.criterion.com/boxsets/521-eclipse-series-9-the-delirious-fictions-of-william-klein","",""
"kemp-powers","cronos","175","https://www.youtube.com/watch?v=T2v6g61FgQU&t=175","high","criterion","1","1","0","","","","",""
"kemp-powers","12-angry-men","18","https://www.youtube.com/watch?v=T2v6g61FgQU&t=18","high","criterion","1","2","0","","","","",""
"kemp-powers","watership-down","52","https://www.youtube.com/watch?v=T2v6g61FgQU&t=52","high","criterion","1","3","0","","","","",""
"kemp-powers","matewan","200","https://www.youtube.com/watch?v=T2v6g61FgQU&t=200","high","criterion","1","4","0","","","","",""
"kemp-powers","deep-cover","111","https://www.youtube.com/watch?v=T2v6g61FgQU&t=111","high","criterion","1","5","0","","","","",""
"kemp-powers","one-night-in-miami","250","https://www.youtube.com/watch?v=T2v6g61FgQU&t=250","high","criterion","1","6","0","","","","",""
"colin-quinn","naked","246","https://www.youtube.com/watch?v=suNwxjzS6a8&t=246","high","criterion","1","1","0","","","","",""
"colin-quinn","mona-lisa","48","https://www.youtube.com/watch?v=suNwxjzS6a8&t=48","high","criterion","1","2","0","","","","",""
"colin-quinn","my-life-as-a-dog","82","https://www.youtube.com/watch?v=suNwxjzS6a8&t=82","high","criterion","1","3","0","","","","",""
"colin-quinn","roma-1972","170","https://www.youtube.com/watch?v=suNwxjzS6a8&t=170","high","criterion","1","4","1","Essential Fellini","","","",""
"colin-quinn","le-petit-soldat","105","https://www.youtube.com/watch?v=suNwxjzS6a8&t=105","high","criterion","1","5","0","","","","",""
"colin-quinn","something-wild","202","https://www.youtube.com/watch?v=suNwxjzS6a8&t=202","high","criterion","1","6","0","","","","",""
"colin-quinn","smithereens","235","https://www.youtube.com/watch?v=suNwxjzS6a8&t=235","high","criterion","1","7","0","","","","",""
"colin-quinn","claudine","265","https://www.youtube.com/watch?v=suNwxjzS6a8&t=265","high","criterion","1","8","0","","","","",""
"elvis-mitchell","husbands","10","https://www.youtube.com/watch?v=eF2QMmh_l1M&t=10","high","criterion","1","1","0","","","","",""
"elvis-mitchell","round-midnight","85","https://www.youtube.com/watch?v=eF2QMmh_l1M&t=85","high","criterion","1","2","0","","","","",""
"elvis-mitchell","to-sleep-with-anger","136","https://www.youtube.com/watch?v=eF2QMmh_l1M&t=136","high","criterion","1","3","0","","","","",""
"elvis-mitchell","love-jones","158","https://www.youtube.com/watch?v=eF2QMmh_l1M&t=158","high","criterion","1","4","0","","","","",""
"elvis-mitchell","the-parallax-view","199","https://www.youtube.com/watch?v=eF2QMmh_l1M&t=199","high","criterion","1","5","0","","","","",""
"elvis-mitchell","millers-crossing","227","https://www.youtube.com/watch?v=eF2QMmh_l1M&t=227","high","criterion","1","6","0","","","","",""
"elvis-mitchell","melvin-van-peebles-essential-films","30","https://www.youtube.com/watch?v=eF2QMmh_l1M&t=30","high","criterion","1","7","1","Melvin Van Peebles: Essential Films","4","https://www.criterion.com/boxsets/4787-melvin-van-peebles-essential-films","",""
"isabel-sandoval","dazed-and-confused","168","https://www.youtube.com/watch?v=NySo5Sggpu0&t=168","high","criterion","1","1","0","","","","",""
"isabel-sandoval","the-cranes-are-flying","48","https://www.youtube.com/watch?v=NySo5Sggpu0&t=48","high","criterion","1","2","0","","","","",""
"isabel-sandoval","mishima-a-life-in-four-chapters","180","https://www.youtube.com/watch?v=NySo5Sggpu0&t=180","high","criterion","1","3","0","","","","",""
"isabel-sandoval","black-narcissus","91","https://www.youtube.com/watch?v=NySo5Sggpu0&t=91","high","criterion","1","4","0","","","","",""
"isabel-sandoval","quadrophenia","139","https://www.youtube.com/watch?v=NySo5Sggpu0&t=139","high","criterion","1","5","0","","","","",""
"isabel-sandoval","women-in-love","33","https://www.youtube.com/watch?v=NySo5Sggpu0&t=33","high","criterion","1","6","0","","","","",""
"isabel-sandoval","the-age-of-innocence","13","https://www.youtube.com/watch?v=NySo5Sggpu0&t=13","high","criterion","1","7","0","","","","",""
"isabel-sandoval","john-cassavetes-five-films","68","https://www.youtube.com/watch?v=NySo5Sggpu0&t=68","high","criterion","1","8","1","John Cassavetes: Five Films","5","https://www.criterion.com/boxsets/558-john-cassavetes-five-films","",""
"isabel-sandoval","the-complete-films-of-agnes-varda","115","https://www.youtube.com/watch?v=NySo5Sggpu0&t=115","high","criterion","1","9","1","The Complete Films of Agnès Varda","22","https://www.criterion.com/boxsets/3432-the-complete-films-of-agnes-varda","",""
"john-dwyer","naked-lunch","6","https://www.youtube.com/watch?v=g_sFEPf61_g&t=6","high","criterion","1","1","0","","","","",""
"john-dwyer","grey-gardens","16","https://www.youtube.com/watch?v=g_sFEPf61_g&t=16","high","criterion","1","2","0","","","","",""
"john-dwyer","repo-man","39","https://www.youtube.com/watch?v=g_sFEPf61_g&t=39","high","criterion","1","3","0","","","","",""
"john-dwyer","odd-man-out","56","https://www.youtube.com/watch?v=g_sFEPf61_g&t=56","high","criterion","1","4","0","","","","",""
"john-dwyer","the-manchurian-candidate","92","https://www.youtube.com/watch?v=g_sFEPf61_g&t=92","high","criterion","1","5","0","","","","",""
"john-dwyer","true-stories","221","https://www.youtube.com/watch?v=g_sFEPf61_g&t=221","high","criterion","1","6","0","","","","",""
"john-dwyer","night-of-the-living-dead","133","https://www.youtube.com/watch?v=g_sFEPf61_g&t=133","high","criterion","1","7","0","","","","",""
"claire-denis","ordet","20","https://www.youtube.com/watch?v=60ANFzjSnLo&t=20","high","criterion","1","1","0","","","","",""
"claire-denis","day-of-wrath","20","https://www.youtube.com/watch?v=60ANFzjSnLo&t=20","medium","criterion","1","2","0","","","","",""
"claire-denis","gertrud","30","https://www.youtube.com/watch?v=60ANFzjSnLo&t=30","high","criterion","1","3","0","","","","",""
"claire-denis","gate-of-flesh","88","https://www.youtube.com/watch?v=60ANFzjSnLo&t=88","high","criterion","1","4","0","","","","",""
"claire-denis","tout-va-bien","72","https://www.youtube.com/watch?v=60ANFzjSnLo&t=72","high","criterion","1","5","0","","","","",""
"claire-denis","summer-with-monika","183","https://www.youtube.com/watch?v=60ANFzjSnLo&t=183","high","criterion","1","6","1","Ingmar Bergman's Cinema","","","",""
"claire-denis","his-girl-friday","123","https://www.youtube.com/watch?v=60ANFzjSnLo&t=123","high","criterion","1","7","0","","","","",""
"james-l-brooks","the-importance-of-being-earnest","132","https://www.youtube.com/watch?v=HRr5Ivc40CI&t=132","high","criterion","1","1","0","","","","",""
"james-l-brooks","the-lady-eve","14","https://www.youtube.com/watch?v=HRr5Ivc40CI&t=14","high","criterion","1","2","0","","","","",""
"james-l-brooks","sullivans-travels","9","https://www.youtube.com/watch?v=HRr5Ivc40CI&t=9","high","criterion","1","3","0","","","","",""
"james-l-brooks","shampoo","4","https://www.youtube.com/watch?v=HRr5Ivc40CI&t=4","high","criterion","1","4","0","","","","",""
"james-l-brooks","lost-in-america","143","https://www.youtube.com/watch?v=HRr5Ivc40CI&t=143","high","criterion","1","5","0","","","","",""
"james-l-brooks","john-cassavetes-five-films","34","https://www.youtube.com/watch?v=HRr5Ivc40CI&t=34","high","criterion","1","6","1","John Cassavetes: Five Films","5","https://www.criterion.com/boxsets/558-john-cassavetes-five-films","",""
"tim-robbins","antonio-gaudi","11","https://www.youtube.com/watch?v=Ylv_adLFI9M&t=11","high","criterion","1","1","0","","","","",""
"tim-robbins","nashville","23","https://www.youtube.com/watch?v=Ylv_adLFI9M&t=23","high","criterion","1","2","0","","","","",""
"tim-robbins","sweet-smell-of-success","71","https://www.youtube.com/watch?v=Ylv_adLFI9M&t=71","high","criterion","1","3","0","","","","",""
"tim-robbins","shock-corridor","77","https://www.youtube.com/watch?v=Ylv_adLFI9M&t=77","high","criterion","1","4","0","","","","",""
"tim-robbins","my-dinner-with-andre","146","https://www.youtube.com/watch?v=Ylv_adLFI9M&t=146","high","criterion","1","5","0","","","","",""
"tim-robbins","z","0","","none","criterion","1","6","0","","","","",""
"tim-robbins","eclipse-series-24-the-actuality-dramas-of-allan-king","0","","none","criterion","1","7","1","Eclipse Series 24: The Actuality Dramas of Allan King","5","https://www.criterion.com/boxsets/752-eclipse-series-24-the-actuality-dramas-of-allan-king","",""
"tim-robbins","la-jetee-sans-soleil","0","","none","criterion","1","8","1","La Jetée/Sans Soleil","2","https://www.criterion.com/boxsets/77-la-jetee-sans-soleil","",""
"theodore-witcher","jules-and-jim","7","https://www.youtube.com/watch?v=t4XEKJ9mI9A&t=7","high","criterion","1","1","0","","","","",""
"theodore-witcher","la-regle-du-jeu","58","https://www.youtube.com/watch?v=t4XEKJ9mI9A&t=58","high","criterion","1","2","0","","","","",""
"theodore-witcher","notorious","86","https://www.youtube.com/watch?v=t4XEKJ9mI9A&t=86","high","criterion","1","3","0","","","","",""
"theodore-witcher","blind-chance","39","https://www.youtube.com/watch?v=t4XEKJ9mI9A&t=39","high","criterion","1","4","0","","","","",""
"theodore-witcher","deep-cover","166","https://www.youtube.com/watch?v=t4XEKJ9mI9A&t=166","high","criterion","1","5","0","","","","",""
"theodore-witcher","late-spring","74","https://www.youtube.com/watch?v=t4XEKJ9mI9A&t=74","high","criterion","1","6","0","","","","",""
"theodore-witcher","a-film-trilogy-by-ingmar-bergman","70","https://www.youtube.com/watch?v=t4XEKJ9mI9A&t=70","high","criterion","1","7","1","A Film Trilogy by Ingmar Bergman","3","https://www.criterion.com/boxsets/89-a-film-trilogy-by-ingmar-bergman","",""
"euzhan-palcy","black-orpheus","176","https://www.youtube.com/watch?v=L5P4n_sxkA0&t=176","high","criterion","1","1","0","","","","",""
"euzhan-palcy","the-lady-vanishes","131","https://www.youtube.com/watch?v=L5P4n_sxkA0&t=131","high","criterion","1","2","0","","","","",""
"euzhan-palcy","cronos","0","https://www.youtube.com/watch?v=L5P4n_sxkA0&t=0","medium","criterion","1","3","0","","","","",""
"euzhan-palcy","the-naked-island","84","https://www.youtube.com/watch?v=L5P4n_sxkA0&t=84","high","criterion","1","4","0","","","","",""
"euzhan-palcy","the-devils-backbone","0","https://www.youtube.com/watch?v=L5P4n_sxkA0&t=0","medium","criterion","1","5","0","","","","",""
"euzhan-palcy","pans-labyrinth","0","https://www.youtube.com/watch?v=L5P4n_sxkA0&t=0","medium","criterion","1","6","0","","","","",""
"euzhan-palcy","a-dry-white-season","258","https://www.youtube.com/watch?v=L5P4n_sxkA0&t=258","none","criterion","1","7","0","","","","",""
"euzhan-palcy","the-400-blows","11","https://www.youtube.com/watch?v=L5P4n_sxkA0&t=11","high","criterion","1","8","0","","","","",""
"euzhan-palcy","love-streams","263","https://www.youtube.com/watch?v=L5P4n_sxkA0&t=263","none","criterion","1","9","0","","","","",""
"euzhan-palcy","john-cassavetes-five-films","263","https://www.youtube.com/watch?v=L5P4n_sxkA0&t=263","none","criterion","1","10","1","John Cassavetes: Five Films","5","https://www.criterion.com/boxsets/558-john-cassavetes-five-films","",""
"euzhan-palcy","a-film-trilogy-by-ingmar-bergman","263","https://www.youtube.com/watch?v=L5P4n_sxkA0&t=263","none","criterion","1","11","1","A Film Trilogy by Ingmar Bergman","3","https://www.criterion.com/boxsets/89-a-film-trilogy-by-ingmar-bergman","",""
"desiree-akhavan","knife-in-the-water","200","https://www.youtube.com/watch?v=hQWo5_ZJct8&t=200","high","criterion","1","1","0","","","","",""
"desiree-akhavan","do-the-right-thing","246","https://www.youtube.com/watch?v=hQWo5_ZJct8&t=246","high","criterion","1","2","0","","","","",""
"desiree-akhavan","the-spirit-of-the-beehive","221","https://www.youtube.com/watch?v=hQWo5_ZJct8&t=221","high","criterion","1","3","0","","","","",""
"desiree-akhavan","ratcatcher","182","https://www.youtube.com/watch?v=hQWo5_ZJct8&t=182","high","criterion","1","4","0","","","","",""
"desiree-akhavan","faces","24","https://www.youtube.com/watch?v=hQWo5_ZJct8&t=24","medium","criterion","1","5","1","John Cassavetes: Five Films","","","",""
"desiree-akhavan","love-streams","24","https://www.youtube.com/watch?v=hQWo5_ZJct8&t=24","medium","criterion","1","6","0","","","","",""
"desiree-akhavan","tiny-furniture","0","https://www.youtube.com/watch?v=hQWo5_ZJct8&t=0","high","criterion","1","7","0","","","","",""
"desiree-akhavan","safe","117","https://www.youtube.com/watch?v=hQWo5_ZJct8&t=117","high","criterion","1","8","0","","","","",""
"desiree-akhavan","i-knew-her-well","114","https://www.youtube.com/watch?v=hQWo5_ZJct8&t=114","high","criterion","1","9","0","","","","",""
"desiree-akhavan","day-for-night","142","https://www.youtube.com/watch?v=hQWo5_ZJct8&t=142","high","criterion","1","10","0","","","","",""
"desiree-akhavan","life-is-sweet","99","https://www.youtube.com/watch?v=hQWo5_ZJct8&t=99","high","criterion","1","11","0","","","","",""
"joanna-hogg","812","79","https://www.youtube.com/watch?v=d1BCAKfsoDk&t=79","high","criterion","1","1","1","Essential Fellini","","","",""
"joanna-hogg","la-strada","122","https://www.youtube.com/watch?v=d1BCAKfsoDk&t=122","high","criterion","1","2","1","Essential Fellini","","","",""
"joanna-hogg","the-red-shoes","233","https://www.youtube.com/watch?v=d1BCAKfsoDk&t=233","high","criterion","1","3","0","","","","",""
"joanna-hogg","bad-timing","132","https://www.youtube.com/watch?v=d1BCAKfsoDk&t=132","high","criterion","1","4","0","","","","",""
"joanna-hogg","all-that-jazz","3","https://www.youtube.com/watch?v=d1BCAKfsoDk&t=3","high","criterion","1","5","0","","","","",""
"joanna-hogg","the-age-of-innocence","157","https://www.youtube.com/watch?v=d1BCAKfsoDk&t=157","high","criterion","1","6","0","","","","",""
"ben-sinclair","short-cuts","207","https://www.youtube.com/watch?v=dydNJiJ8dCA&t=207","high","criterion","1","1","0","","","","",""
"ben-sinclair","bad-timing","79","https://www.youtube.com/watch?v=dydNJiJ8dCA&t=79","high","criterion","1","2","0","","","","",""
"ben-sinclair","close-up","26","https://www.youtube.com/watch?v=dydNJiJ8dCA&t=26","high","criterion","1","3","0","","","","",""
"ben-sinclair","punch-drunk-love","140","https://www.youtube.com/watch?v=dydNJiJ8dCA&t=140","high","criterion","1","4","0","","","","",""
"ben-sinclair","being-john-malkovich","175","https://www.youtube.com/watch?v=dydNJiJ8dCA&t=175","high","criterion","1","5","0","","","","",""
"ben-sinclair","funny-games","147","https://www.youtube.com/watch?v=dydNJiJ8dCA&t=147","high","criterion","1","6","0","","","","",""
"ben-sinclair","old-joy","270","https://www.youtube.com/watch?v=dydNJiJ8dCA&t=270","high","criterion","1","7","0","","","","",""
"ben-sinclair","the-princess-bride","56","https://www.youtube.com/watch?v=dydNJiJ8dCA&t=56","high","criterion","1","8","0","","","","",""
"ben-sinclair","midnight-cowboy","19","https://www.youtube.com/watch?v=dydNJiJ8dCA&t=19","high","criterion","1","9","0","","","","",""
"bill-and-turner-ross","dead-man","29","https://www.youtube.com/watch?v=UJOVbQbpyO0&t=29","high","criterion","1","1","0","","","","",""
"bill-and-turner-ross","touki-bouki","74","https://www.youtube.com/watch?v=UJOVbQbpyO0&t=74","high","criterion","1","2","0","","","","",""
"bill-and-turner-ross","les-blank-always-for-pleasure","112","https://www.youtube.com/watch?v=UJOVbQbpyO0&t=112","high","criterion","1","3","0","","","","",""
"bill-and-turner-ross","time","127","https://www.youtube.com/watch?v=UJOVbQbpyO0&t=127","high","criterion","1","4","0","","","","",""
"bill-and-turner-ross","dekalog","140","https://www.youtube.com/watch?v=UJOVbQbpyO0&t=140","high","criterion","1","5","0","","","","",""
"bill-and-turner-ross","the-cameraman","171","https://www.youtube.com/watch?v=UJOVbQbpyO0&t=171","high","criterion","1","6","0","","","","",""
"bill-and-turner-ross","close-up","193","https://www.youtube.com/watch?v=UJOVbQbpyO0&t=193","high","criterion","1","7","0","","","","",""
"bill-and-turner-ross","harlan-county-usa","219","https://www.youtube.com/watch?v=UJOVbQbpyO0&t=219","high","criterion","1","8","0","","","","",""
"ira-sachs","good-morning","22","https://www.youtube.com/watch?v=FA4mnGD5Qi8&t=22","high","criterion","1","1","0","","","","",""
"ira-sachs","salvatore-giuliano","53","https://www.youtube.com/watch?v=FA4mnGD5Qi8&t=53","medium","criterion","1","2","0","","","","",""
"ira-sachs","charulata","103","https://www.youtube.com/watch?v=FA4mnGD5Qi8&t=103","medium","criterion","1","3","0","","","","",""
"ira-sachs","shoah","114","https://www.youtube.com/watch?v=FA4mnGD5Qi8&t=114","high","criterion","1","4","0","","","","",""
"ira-sachs","shock-corridor","131","https://www.youtube.com/watch?v=FA4mnGD5Qi8&t=131","high","criterion","1","5","0","","","","",""
"ira-sachs","all-that-jazz","151","https://www.youtube.com/watch?v=FA4mnGD5Qi8&t=151","high","criterion","1","6","0","","","","",""
"ira-sachs","the-magic-flute","180","https://www.youtube.com/watch?v=FA4mnGD5Qi8&t=180","high","criterion","1","7","1","Ingmar Bergman's Cinema","","","",""
"ira-sachs","the-moment-of-truth","208","https://www.youtube.com/watch?v=FA4mnGD5Qi8&t=208","medium","criterion","1","8","0","","","","",""
"ira-sachs","magnificent-obsession","67","https://www.youtube.com/watch?v=FA4mnGD5Qi8&t=67","high","criterion","1","9","0","","","","",""
"ira-sachs","the-complete-jacques-tati","9","https://www.youtube.com/watch?v=FA4mnGD5Qi8&t=9","high","criterion","1","10","1","The Complete Jacques Tati","6","https://www.criterion.com/boxsets/1069-the-complete-jacques-tati","",""
"ira-sachs","3-women","10","https://www.youtube.com/watch?v=FA4mnGD5Qi8&t=10","high","criterion","2","1","0","","","","",""
"ira-sachs","night-and-the-city","41","https://www.youtube.com/watch?v=FA4mnGD5Qi8&t=41","high","criterion","2","2","0","","","","",""
"ira-sachs","beau-travail","74","https://www.youtube.com/watch?v=FA4mnGD5Qi8&t=74","high","criterion","2","3","0","","","","",""
"ira-sachs","cold-water","74","https://www.youtube.com/watch?v=FA4mnGD5Qi8&t=74","high","criterion","2","4","0","","","","",""
"ira-sachs","nothing-but-a-man","135","https://www.youtube.com/watch?v=FA4mnGD5Qi8&t=135","high","criterion","2","5","0","","","","",""
"ira-sachs","the-heiress","191","https://www.youtube.com/watch?v=FA4mnGD5Qi8&t=191","high","criterion","2","6","0","","","","",""
"ira-sachs","the-bitter-tears-of-petra-von-kant","219","https://www.youtube.com/watch?v=FA4mnGD5Qi8&t=219","high","criterion","2","7","0","","","","",""
"charlotte-wells","minding-the-gap","9","https://www.youtube.com/watch?v=4uIXEiSB87I&t=9","high","criterion","1","1","0","","","","",""
"charlotte-wells","a-woman-under-the-influence","71","https://www.youtube.com/watch?v=4uIXEiSB87I&t=71","high","criterion","1","2","1","John Cassavetes: Five Films","","","",""
"charlotte-wells","david-lean-directs-noel-coward","31","https://www.youtube.com/watch?v=4uIXEiSB87I&t=31","high","criterion","1","3","1","David Lean Directs Noël Coward","4","https://www.criterion.com/boxsets/861-david-lean-directs-noel-coward","",""
"charlotte-wells","eclipse-series-19-chantal-akerman-in-the-seventies","113","https://www.youtube.com/watch?v=4uIXEiSB87I&t=113","high","criterion","1","4","1","Eclipse Series 19: Chantal Akerman in the Seventies","5","https://www.criterion.com/boxsets/691-eclipse-series-19-chantal-akerman-in-the-seventies","",""
"barbara-sukowa","3-women","38","https://www.youtube.com/watch?v=d0QVNb8HFTg&t=38","high","criterion","1","1","0","","","","",""
"barbara-sukowa","scenes-from-a-marriage","64","https://www.youtube.com/watch?v=d0QVNb8HFTg&t=64","high","criterion","1","2","1","Ingmar Bergman's Cinema","","","",""
"barbara-sukowa","the-leopard","107","https://www.youtube.com/watch?v=d0QVNb8HFTg&t=107","high","criterion","1","3","0","","","","",""
"barbara-sukowa","husbands","161","https://www.youtube.com/watch?v=d0QVNb8HFTg&t=161","high","criterion","1","4","0","","","","",""
"barbara-sukowa","naked","260","https://www.youtube.com/watch?v=d0QVNb8HFTg&t=260","high","criterion","1","5","0","","","","",""
"barbara-sukowa","berlin-alexanderplatz","292","https://www.youtube.com/watch?v=d0QVNb8HFTg&t=292","high","criterion","1","6","0","","","","",""
"barbara-sukowa","la-strada","353","https://www.youtube.com/watch?v=d0QVNb8HFTg&t=353","high","criterion","1","7","1","Essential Fellini","","","",""
"alden-ehrenreich","midnight-cowboy","55","https://www.youtube.com/watch?v=Q47Wpmx2dDI&t=55","high","criterion","1","1","0","","","","",""
"alden-ehrenreich","destry-rides-again","126","https://www.youtube.com/watch?v=Q47Wpmx2dDI&t=126","high","criterion","1","2","0","","","","",""
"alden-ehrenreich","his-girl-friday","172","https://www.youtube.com/watch?v=Q47Wpmx2dDI&t=172","high","criterion","1","3","0","","","","",""
"alden-ehrenreich","yi-yi","227","https://www.youtube.com/watch?v=Q47Wpmx2dDI&t=227","high","criterion","1","4","0","","","","",""
"alden-ehrenreich","the-life-and-death-of-colonel-blimp","327","https://www.youtube.com/watch?v=Q47Wpmx2dDI&t=327","high","criterion","1","5","0","","","","",""
"alden-ehrenreich","eclipse-series-24-the-actuality-dramas-of-allan-king","10","https://www.youtube.com/watch?v=Q47Wpmx2dDI&t=10","high","criterion","1","6","1","Eclipse Series 24: The Actuality Dramas of Allan King","5","https://www.criterion.com/boxsets/752-eclipse-series-24-the-actuality-dramas-of-allan-king","",""
"alden-ehrenreich","john-cassavetes-five-films","265","https://www.youtube.com/watch?v=Q47Wpmx2dDI&t=265","high","criterion","1","7","1","John Cassavetes: Five Films","5","https://www.criterion.com/boxsets/558-john-cassavetes-five-films","",""
"alden-ehrenreich","the-before-trilogy","112","https://www.youtube.com/watch?v=Q47Wpmx2dDI&t=112","high","criterion","1","8","1","The Before Trilogy","3","https://www.criterion.com/boxsets/1237-the-before-trilogy","",""
"bertrand-bonello","the-age-of-innocence","21","https://www.youtube.com/watch?v=ciZvA3lnvJE&t=21","high","criterion","1","1","0","","","","",""
"bertrand-bonello","crash","76","https://www.youtube.com/watch?v=ciZvA3lnvJE&t=76","high","criterion","1","2","0","","","","",""
"bertrand-bonello","clean-shaven","113","https://www.youtube.com/watch?v=ciZvA3lnvJE&t=113","high","criterion","1","3","0","","","","",""
"bertrand-bonello","close-up","234","https://www.youtube.com/watch?v=ciZvA3lnvJE&t=234","high","criterion","1","4","0","","","","",""
"bertrand-bonello","pasolini-101","153","https://www.youtube.com/watch?v=ciZvA3lnvJE&t=153","high","criterion","1","5","1","Pasolini 101","9","https://www.criterion.com/boxsets/6588-pasolini-101","",""
"ron-shelton","the-lady-vanishes","6","https://www.youtube.com/watch?v=Ubj-944IcYI&t=6","high","criterion","1","1","0","","","","",""
"ron-shelton","straw-dogs","23","https://www.youtube.com/watch?v=Ubj-944IcYI&t=23","high","criterion","1","2","0","","","","",""
"ron-shelton","badlands","45","https://www.youtube.com/watch?v=Ubj-944IcYI&t=45","high","criterion","1","3","0","","","","",""
"ron-shelton","some-like-it-hot","89","https://www.youtube.com/watch?v=Ubj-944IcYI&t=89","high","criterion","1","4","0","","","","",""
"ron-shelton","his-girl-friday","111","https://www.youtube.com/watch?v=Ubj-944IcYI&t=111","high","criterion","1","5","0","","","","",""
"ron-shelton","on-the-waterfront","138","https://www.youtube.com/watch?v=Ubj-944IcYI&t=138","high","criterion","1","6","0","","","","",""
"flying-lotus","brazil","4","https://www.youtube.com/watch?v=MAysUV9xN6c&t=4","high","criterion","1","1","0","","","","",""
"flying-lotus","rushmore","39","https://www.youtube.com/watch?v=MAysUV9xN6c&t=39","high","criterion","1","2","0","","","","",""
"flying-lotus","naked-lunch","53","https://www.youtube.com/watch?v=MAysUV9xN6c&t=53","high","criterion","1","3","0","","","","",""
"flying-lotus","jellyfish-eyes","89","https://www.youtube.com/watch?v=MAysUV9xN6c&t=89","high","criterion","1","4","0","","","","",""
"flying-lotus","carnival-of-souls","44","https://www.youtube.com/watch?v=MAysUV9xN6c&t=44","high","criterion","1","5","0","","","","",""
"flying-lotus","dreams","64","https://www.youtube.com/watch?v=MAysUV9xN6c&t=64","high","criterion","1","6","1","Ingmar Bergman's Cinema","","","",""
"flying-lotus","masculin-feminin","65","https://www.youtube.com/watch?v=MAysUV9xN6c&t=65","high","criterion","1","7","0","","","","",""
"flying-lotus","a-touch-of-zen","81","https://www.youtube.com/watch?v=MAysUV9xN6c&t=81","medium","criterion","1","8","0","","","","",""
"flying-lotus","stalker","95","https://www.youtube.com/watch?v=MAysUV9xN6c&t=95","high","criterion","1","9","0","","","","",""
"flying-lotus","fantastic-mr-fox","130","https://www.youtube.com/watch?v=MAysUV9xN6c&t=130","medium","criterion","1","10","0","","","","",""
"slavoj-zizek","trouble-in-paradise","0","https://www.youtube.com/watch?v=OqpxT_iJ8Mc&t=0","high","criterion","1","1","0","","","","",""
"slavoj-zizek","sweet-smell-of-success","27","https://www.youtube.com/watch?v=OqpxT_iJ8Mc&t=27","high","criterion","1","2","0","","","","",""
"slavoj-zizek","picnic-at-hanging-rock","32","https://www.youtube.com/watch?v=OqpxT_iJ8Mc&t=32","high","criterion","1","3","0","","","","",""
"slavoj-zizek","murmur-of-the-heart","51","https://www.youtube.com/watch?v=OqpxT_iJ8Mc&t=51","high","criterion","1","4","0","","","","",""
"slavoj-zizek","the-ice-storm","73","https://www.youtube.com/watch?v=OqpxT_iJ8Mc&t=73","high","criterion","1","5","0","","","","",""
"slavoj-zizek","great-expectations","93","https://www.youtube.com/watch?v=OqpxT_iJ8Mc&t=93","high","criterion","1","6","0","","","","",""
"slavoj-zizek","city-lights","122","https://www.youtube.com/watch?v=OqpxT_iJ8Mc&t=122","high","criterion","1","7","0","","","","",""
"slavoj-zizek","y-tu-mama-tambien","154","https://www.youtube.com/watch?v=OqpxT_iJ8Mc&t=154","high","criterion","1","8","0","","","","",""
"slavoj-zizek","antichrist","166","https://www.youtube.com/watch?v=OqpxT_iJ8Mc&t=166","high","criterion","1","9","0","","","","",""
"slavoj-zizek","eclipse-series-32-pearls-of-the-czech-new-wave","62","https://www.youtube.com/watch?v=OqpxT_iJ8Mc&t=62","high","criterion","1","10","1","Eclipse Series 32: Pearls of the Czech New Wave","6","https://www.criterion.com/boxsets/870-eclipse-series-32-pearls-of-the-czech-new-wave","",""
"slavoj-zizek","eclipse-series-14-rossellinis-history-filmsrenaissance-and-enlightenment","103","https://www.youtube.com/watch?v=OqpxT_iJ8Mc&t=103","high","criterion","1","11","1","Eclipse Series 14: Rossellini's History Films—Renaissance and Enlightenment","3","https://www.criterion.com/boxsets/582-eclipse-series-14-rossellini-s-history-films-renaissance-and-enlightenment","",""
"slavoj-zizek","carl-theodor-dreyer","137","https://www.youtube.com/watch?v=OqpxT_iJ8Mc&t=137","high","criterion","1","12","1","Carl Theodor Dreyer","4","https://www.criterion.com/boxsets/254-carl-theodor-dreyer","",""
"jack-garfein","john-cassavetes-five-films","22","","high","criterion","1","1","1","John Cassavetes: Five Films","5","https://www.criterion.com/boxsets/558-john-cassavetes-five-films","","https://vimeo.com/769988118#t=22s"
"jack-garfein","stage-and-spectacle-three-films-by-jean-renoir","74","","high","criterion","1","2","1","Stage and Spectacle: Three Films by Jean Renoir","3","https://www.criterion.com/boxsets/540-stage-and-spectacle-three-films-by-jean-renoir","","https://vimeo.com/769988118#t=74s"
"jack-garfein","carl-theodor-dreyer","121","","high","criterion","1","3","1","Carl Theodor Dreyer","4","https://www.criterion.com/boxsets/254-carl-theodor-dreyer","","https://vimeo.com/769988118#t=121s"
"jack-garfein","david-lean-directs-noel-coward","143","","high","criterion","1","4","1","David Lean Directs Noël Coward","4","https://www.criterion.com/boxsets/861-david-lean-directs-noel-coward","","https://vimeo.com/769988118#t=143s"
"neal-brennan","barry-lyndon","10","","high","criterion","1","1","0","","","","","https://vimeo.com/960366172#t=10s"
"neal-brennan","shampoo","16","","high","criterion","1","2","0","","","","","https://vimeo.com/960366172#t=16s"
"neal-brennan","me-and-you-and-everyone-we-know","43","","high","criterion","1","3","0","","","","","https://vimeo.com/960366172#t=43s"
"neal-brennan","a-face-in-the-crowd","61","","high","criterion","1","4","0","","","","","https://vimeo.com/960366172#t=61s"
"neal-brennan","paris-is-burning","76","","high","criterion","1","5","0","","","","","https://vimeo.com/960366172#t=76s"
"neal-brennan","bamboozled","96","","high","criterion","1","6","0","","","","","https://vimeo.com/960366172#t=96s"
"neal-brennan","bringing-up-baby","140","","high","criterion","1","7","0","","","","","https://vimeo.com/960366172#t=140s"
"neal-brennan","menace-ii-society","194","","high","criterion","1","8","0","","","","","https://vimeo.com/960366172#t=194s"
"park-chan-wook","the-magician","0","","high","criterion","1","1","1","Ingmar Bergman's Cinema","","","","https://vimeo.com/853427660#t=0s"
"park-chan-wook","red-desert","30","","high","criterion","1","2","0","","","","","https://vimeo.com/853427660#t=30s"
"park-chan-wook","stagecoach","47","","high","criterion","1","3","0","","","","","https://vimeo.com/853427660#t=47s"
"park-chan-wook","the-makioka-sisters","57","","high","criterion","1","4","0","","","","","https://vimeo.com/853427660#t=57s"
"park-chan-wook","blow-out","123","","high","criterion","1","5","0","","","","","https://vimeo.com/853427660#t=123s"
"park-chan-wook","les-cousins","141","","high","criterion","1","6","0","","","","","https://vimeo.com/853427660#t=141s"
"park-chan-wook","life-is-sweet","197","","high","criterion","1","7","0","","","","","https://vimeo.com/853427660#t=197s"
"park-chan-wook","la-notte","224","","high","criterion","1","8","0","","","","","https://vimeo.com/853427660#t=224s"
"park-chan-wook","riot-in-cell-block-11","240","","high","criterion","1","9","0","","","","","https://vimeo.com/853427660#t=240s"
"park-chan-wook","le-silence-de-la-mer","267","","high","criterion","1","10","0","","","","","https://vimeo.com/853427660#t=267s"
"park-chan-wook","brief-encounter","275","","high","criterion","1","11","0","","","","","https://vimeo.com/853427660#t=275s"
"park-chan-wook","godzilla-the-showa-era-films-19541975","170","","high","criterion","1","12","1","Godzilla: The Showa-Era Films, 1954–1975","15","https://www.criterion.com/boxsets/2648-godzilla-the-showa-era-films-1954-1975","[""Godzilla"",""Godzilla Raids Again"",""King Kong vs. Godzilla"",""Mothra vs. Godzilla"",""Ghidorah, the Three-Headed Monster"",""Invasion of Astro-Monster"",""Ebirah, Horror of the Deep"",""Son of Godzilla"",""Destroy All Monsters"",""All Monsters Attack"",""Godzilla vs. Hedorah"",""Godzilla vs. Gigan"",""Godzilla vs. Megalon"",""Godzilla vs. Mechagodzilla"",""Terror of Mechagodzilla""]","https://vimeo.com/853427660#t=170s"
"bong-joon-ho","tess","6","https://www.youtube.com/watch?v=qBgZQCkUp7E&t=6","high","criterion","1","1","0","","","","",""
"bong-joon-ho","tokyo-story","33","https://www.youtube.com/watch?v=qBgZQCkUp7E&t=33","high","criterion","1","2","0","","","","",""
"bong-joon-ho","throne-of-blood","39","https://www.youtube.com/watch?v=qBgZQCkUp7E&t=39","high","criterion","1","3","0","","","","",""
"bong-joon-ho","black-orpheus","46","https://www.youtube.com/watch?v=qBgZQCkUp7E&t=46","medium","criterion","1","4","0","","","","",""
"bong-joon-ho","le-salaire-de-la-peur","60","https://www.youtube.com/watch?v=qBgZQCkUp7E&t=60","medium","criterion","1","5","0","","","","",""
"bong-joon-ho","picnic-at-hanging-rock","84","https://www.youtube.com/watch?v=qBgZQCkUp7E&t=84","medium","criterion","1","6","0","","","","",""
"bong-joon-ho","koyaanisqatsi","98","https://www.youtube.com/watch?v=qBgZQCkUp7E&t=98","high","criterion","1","7","0","","","","",""
"bong-joon-ho","cronos","147","https://www.youtube.com/watch?v=qBgZQCkUp7E&t=147","high","criterion","1","8","0","","","","",""
"bong-joon-ho","medium-cool","177","https://www.youtube.com/watch?v=qBgZQCkUp7E&t=177","medium","criterion","1","9","0","","","","",""
"bong-joon-ho","repo-man","194","https://www.youtube.com/watch?v=qBgZQCkUp7E&t=194","high","criterion","1","10","0","","","","",""
"bong-joon-ho","eclipse-series-21-oshimas-outlaw-sixties","1","https://www.youtube.com/watch?v=qBgZQCkUp7E&t=1","medium","criterion","1","11","1","Eclipse Series 21: Oshima's Outlaw Sixties","5","https://www.criterion.com/boxsets/720-eclipse-series-21-oshima-s-outlaw-sixties","",""
"jafar-panahi","bicycle-thieves","41","https://www.youtube.com/watch?v=SqH9WnGf-ns&t=41","high","criterion","1","1","0","","","","",""
"claude-lelouch","swing-time","13","https://www.youtube.com/watch?v=mITzH5WIe84&t=13","high","criterion","1","1","0","","","","",""
"claude-lelouch","the-circus","149","https://www.youtube.com/watch?v=mITzH5WIe84&t=149","high","criterion","1","2","0","","","","",""
"claude-lelouch","il-sorpasso","168","https://www.youtube.com/watch?v=mITzH5WIe84&t=168","high","criterion","1","3","0","","","","",""
"claude-lelouch","a-special-day","196","https://www.youtube.com/watch?v=mITzH5WIe84&t=196","high","criterion","1","4","0","","","","",""
"claude-lelouch","the-complete-jacques-tati","48","https://www.youtube.com/watch?v=mITzH5WIe84&t=48","high","criterion","1","5","1","The Complete Jacques Tati","6","https://www.criterion.com/boxsets/1069-the-complete-jacques-tati","",""
"agnes-b","lost-highway","13","https://www.youtube.com/watch?v=KnBJbIzYI80&t=13","high","criterion","1","1","0","","","","",""
"agnes-b","the-asphalt-jungle","30","https://www.youtube.com/watch?v=KnBJbIzYI80&t=30","high","criterion","1","2","0","","","","",""
"agnes-b","teorema","72","https://www.youtube.com/watch?v=KnBJbIzYI80&t=72","high","criterion","1","3","0","","","","",""
"agnes-b","cul-de-sac","104","https://www.youtube.com/watch?v=KnBJbIzYI80&t=104","high","criterion","1","4","0","","","","",""
"agnes-b","the-night-of-the-hunter","123","https://www.youtube.com/watch?v=KnBJbIzYI80&t=123","high","criterion","1","5","0","","","","",""
"agnes-b","all-about-my-mother","160","https://www.youtube.com/watch?v=KnBJbIzYI80&t=160","high","criterion","1","6","0","","","","",""
"agnes-b","the-complete-films-of-agnes-varda","182","https://www.youtube.com/watch?v=KnBJbIzYI80&t=182","high","criterion","1","7","1","The Complete Films of Agnès Varda","22","https://www.criterion.com/boxsets/3432-the-complete-films-of-agnes-varda","",""
"marco-bellocchio","pickpocket","36","https://www.youtube.com/watch?v=3xJ0c1haJfc&t=36","high","criterion","1","1","0","","","","",""
"marco-bellocchio","umberto-d","129","https://www.youtube.com/watch?v=3xJ0c1haJfc&t=129","high","criterion","1","2","0","","","","",""
"marco-bellocchio","throne-of-blood","105","https://www.youtube.com/watch?v=3xJ0c1haJfc&t=105","high","criterion","1","3","0","","","","",""
"marco-bellocchio","othello","54","https://www.youtube.com/watch?v=3xJ0c1haJfc&t=54","high","criterion","1","4","0","","","","",""
"marco-bellocchio","barry-lyndon","20","https://www.youtube.com/watch?v=3xJ0c1haJfc&t=20","high","criterion","1","5","0","","","","",""
"alain-guiraudie","happiness","18","https://www.youtube.com/watch?v=OVhzNXX1GIk&t=18","high","criterion","1","1","0","","","","",""
"alain-guiraudie","walle","48","https://www.youtube.com/watch?v=OVhzNXX1GIk&t=48","high","criterion","1","2","0","","","","",""
"alain-guiraudie","mulholland-dr","118","https://www.youtube.com/watch?v=OVhzNXX1GIk&t=118","high","criterion","1","3","0","","","","",""
"alain-guiraudie","pickpocket","142","https://www.youtube.com/watch?v=OVhzNXX1GIk&t=142","high","criterion","1","4","0","","","","",""
"alain-guiraudie","the-exterminating-angel","172","https://www.youtube.com/watch?v=OVhzNXX1GIk&t=172","high","criterion","1","5","0","","","","",""
"alain-guiraudie","roberto-rossellinis-war-trilogy","74","https://www.youtube.com/watch?v=OVhzNXX1GIk&t=74","high","criterion","1","6","1","Roberto Rossellini's War Trilogy","3","https://www.criterion.com/boxsets/689-roberto-rossellini-s-war-trilogy","",""
"jacques-audiard","m","19","https://www.youtube.com/watch?v=kgkI4ZRJkvU&t=19","high","criterion","1","1","0","","","","",""
"jacques-audiard","notorious","52","https://www.youtube.com/watch?v=kgkI4ZRJkvU&t=52","high","criterion","1","2","0","","","","",""
"jacques-audiard","lavventura","86","https://www.youtube.com/watch?v=kgkI4ZRJkvU&t=86","high","criterion","1","3","0","","","","",""
"jacques-audiard","mirror","110","https://www.youtube.com/watch?v=kgkI4ZRJkvU&t=110","high","criterion","1","4","0","","","","",""
"jacques-audiard","short-cuts","130","https://www.youtube.com/watch?v=kgkI4ZRJkvU&t=130","high","criterion","1","5","0","","","","",""
"jacques-audiard","la-ronde","201","https://www.youtube.com/watch?v=kgkI4ZRJkvU&t=201","high","criterion","1","6","0","","","","",""
"jacques-audiard","classe-tous-risques","226","https://www.youtube.com/watch?v=kgkI4ZRJkvU&t=226","high","criterion","1","7","0","","","","",""
"jacques-audiard","vampyr","255","https://www.youtube.com/watch?v=kgkI4ZRJkvU&t=255","high","criterion","1","8","0","","","","",""
"jacques-audiard","essential-fellini","149","https://www.youtube.com/watch?v=kgkI4ZRJkvU&t=149","high","criterion","1","9","1","Essential Fellini","14","https://www.criterion.com/boxsets/3626-essential-fellini","",""
"matteo-garrone","the-cameraman","29","https://www.youtube.com/watch?v=0EqzFc4YC50&t=29","high","criterion","1","1","0","","","","",""
"matteo-garrone","andrei-rublev","65","https://www.youtube.com/watch?v=0EqzFc4YC50&t=65","high","criterion","1","2","0","","","","",""
"matteo-garrone","a-story-from-chikamatsu","120","https://www.youtube.com/watch?v=0EqzFc4YC50&t=120","high","criterion","1","3","0","","","","",""
"matteo-garrone","the-story-of-the-last-chrysanthemum","120","https://www.youtube.com/watch?v=0EqzFc4YC50&t=120","high","criterion","1","4","0","","","","",""
"matteo-garrone","mulholland-dr","165","https://www.youtube.com/watch?v=0EqzFc4YC50&t=165","high","criterion","1","5","0","","","","",""
"matteo-garrone","roberto-rossellinis-war-trilogy","234","https://www.youtube.com/watch?v=0EqzFc4YC50&t=234","high","criterion","1","6","1","Roberto Rossellini's War Trilogy","3","https://www.criterion.com/boxsets/689-roberto-rossellini-s-war-trilogy","",""
"lucrecia-martel","the-lady-vanishes","33","https://www.youtube.com/watch?v=iwhenYVvCVE&t=33","high","criterion","1","1","0","","","","",""
"lucrecia-martel","seven-samurai","37","https://www.youtube.com/watch?v=iwhenYVvCVE&t=37","high","criterion","1","2","0","","","","",""
"lucrecia-martel","amarcord","40","https://www.youtube.com/watch?v=iwhenYVvCVE&t=40","high","criterion","1","3","1","Essential Fellini","","","",""
"lucrecia-martel","la-belle-et-la-bete","44","https://www.youtube.com/watch?v=iwhenYVvCVE&t=44","high","criterion","1","4","0","","","","",""
"lucrecia-martel","love-streams","151","https://www.youtube.com/watch?v=iwhenYVvCVE&t=151","medium","criterion","1","5","0","","","","",""
"lucrecia-martel","time-bandits","78","https://www.youtube.com/watch?v=iwhenYVvCVE&t=78","high","criterion","1","6","0","","","","",""
"lucrecia-martel","eyes-without-a-face","97","https://www.youtube.com/watch?v=iwhenYVvCVE&t=97","high","criterion","1","7","0","","","","",""
"lucrecia-martel","naked-lunch","109","https://www.youtube.com/watch?v=iwhenYVvCVE&t=109","high","criterion","1","8","0","","","","",""
"lucrecia-martel","carnival-of-souls","163","https://www.youtube.com/watch?v=iwhenYVvCVE&t=163","high","criterion","1","9","0","","","","",""
"lucrecia-martel","the-red-shoes","182","https://www.youtube.com/watch?v=iwhenYVvCVE&t=182","medium","criterion","1","10","0","","","","",""
"lucrecia-martel","cat-people","100","https://www.youtube.com/watch?v=iwhenYVvCVE&t=100","high","criterion","1","11","0","","","","",""
"laura-dern","3-women","32","https://www.youtube.com/watch?v=c2IZf_NRJKs&t=32","high","criterion","1","1","0","","","","",""
"laura-dern","mccabe-mrs-miller","55","https://www.youtube.com/watch?v=c2IZf_NRJKs&t=55","high","criterion","1","2","0","","","","",""
"laura-dern","tanner-88","60","https://www.youtube.com/watch?v=c2IZf_NRJKs&t=60","high","criterion","1","3","0","","","","",""
"laura-dern","persona","108","https://www.youtube.com/watch?v=c2IZf_NRJKs&t=108","high","criterion","1","4","1","Ingmar Bergman's Cinema","","","",""
"laura-dern","diabolique","120","https://www.youtube.com/watch?v=c2IZf_NRJKs&t=120","high","criterion","1","5","0","","","","",""
"laura-dern","the-umbrellas-of-cherbourg-jacques-demy-box","146","https://www.youtube.com/watch?v=c2IZf_NRJKs&t=146","high","criterion","1","6","1","Jacques Demy box","","","",""
"laura-dern","belle-de-jour","161","https://www.youtube.com/watch?v=c2IZf_NRJKs&t=161","high","criterion","1","7","0","","","","",""
"laura-dern","the-philadelphia-story","194","https://www.youtube.com/watch?v=c2IZf_NRJKs&t=194","high","criterion","1","8","0","","","","",""
"laura-dern","david-lynch-the-art-life","239","https://www.youtube.com/watch?v=c2IZf_NRJKs&t=239","high","criterion","1","9","0","","","","",""
"laura-dern","inland-empire","251","https://www.youtube.com/watch?v=c2IZf_NRJKs&t=251","high","criterion","1","10","0","","","","",""
"laura-dern","smooth-talk","301","https://www.youtube.com/watch?v=c2IZf_NRJKs&t=301","high","criterion","1","11","0","","","","",""
"laura-dern","real-life","339","https://www.youtube.com/watch?v=c2IZf_NRJKs&t=339","high","criterion","1","12","0","","","","",""
"laura-dern","defending-your-life","351","https://www.youtube.com/watch?v=c2IZf_NRJKs&t=351","high","criterion","1","13","0","","","","",""
"laura-dern","scorsese-shorts","422","https://www.youtube.com/watch?v=c2IZf_NRJKs&t=422","high","criterion","1","14","0","","","","",""
"laura-dern","the-awful-truth","468","https://www.youtube.com/watch?v=c2IZf_NRJKs&t=468","high","criterion","1","15","0","","","","",""
"laura-dern","do-the-right-thing","484","https://www.youtube.com/watch?v=c2IZf_NRJKs&t=484","high","criterion","1","16","0","","","","",""
"laura-dern","the-night-of-the-hunter","519","https://www.youtube.com/watch?v=c2IZf_NRJKs&t=519","high","criterion","1","17","0","","","","",""
"laura-dern","the-last-picture-show","532","https://www.youtube.com/watch?v=c2IZf_NRJKs&t=532","high","criterion","1","18","0","","","","",""
"laura-dern","fanny-and-alexander-box-set","86","https://www.youtube.com/watch?v=c2IZf_NRJKs&t=86","high","criterion","1","19","1","Fanny and Alexander","3","https://www.criterion.com/boxsets/206-fanny-and-alexander","",""
"laura-dern","essential-fellini","376","https://www.youtube.com/watch?v=c2IZf_NRJKs&t=376","high","criterion","1","20","1","Essential Fellini","14","https://www.criterion.com/boxsets/3626-essential-fellini","",""
"laura-dern","america-lost-and-found-the-bbs-story","551","https://www.youtube.com/watch?v=c2IZf_NRJKs&t=551","high","criterion","1","21","1","America Lost and Found: The BBS Story","7","https://www.criterion.com/boxsets/769-america-lost-and-found-the-bbs-story","",""
"mary-bronstein","dance-girl-dance","10","https://www.youtube.com/watch?v=o4Zt1CAprPo&t=10","high","criterion","1","1","0","","","","",""
"mary-bronstein","merrily-we-go-to-hell","31","https://www.youtube.com/watch?v=o4Zt1CAprPo&t=31","high","criterion","1","2","0","","","","",""
"mary-bronstein","frownland","50","https://www.youtube.com/watch?v=o4Zt1CAprPo&t=50","high","criterion","1","3","0","","","","",""
"mary-bronstein","inland-empire","97","https://www.youtube.com/watch?v=o4Zt1CAprPo&t=97","high","criterion","1","4","0","","","","",""
"mary-bronstein","this-is-spinal-tap","126","https://www.youtube.com/watch?v=o4Zt1CAprPo&t=126","high","criterion","1","5","0","","","","",""
"mary-bronstein","its-a-mad-mad-mad-mad-world","206","https://www.youtube.com/watch?v=o4Zt1CAprPo&t=206","high","criterion","1","6","0","","","","",""
"mary-bronstein","chantal-akerman-masterpieces-19681978","80","https://www.youtube.com/watch?v=o4Zt1CAprPo&t=80","high","criterion","1","7","1","Chantal Akerman Masterpieces, 1968–1978","9","https://www.criterion.com/boxsets/7045-chantal-akerman-masterpieces-1968-1978","",""
"mary-bronstein","six-moral-tales","166","https://www.youtube.com/watch?v=o4Zt1CAprPo&t=166","high","criterion","1","8","1","Six Moral Tales","6","https://www.criterion.com/boxsets/417-six-moral-tales","",""
"juliette-binoche-and-ralph-fiennes","down-by-law","23","https://www.youtube.com/watch?v=K15A83bYrKo&t=23","high","criterion","1","1","0","","","","",""
"juliette-binoche-and-ralph-fiennes","the-magnificent-ambersons","33","https://www.youtube.com/watch?v=K15A83bYrKo&t=33","high","criterion","1","2","0","","","","",""
"juliette-binoche-and-ralph-fiennes","amores-perros","42","https://www.youtube.com/watch?v=K15A83bYrKo&t=42","high","criterion","1","3","0","","","","",""
"juliette-binoche-and-ralph-fiennes","the-furies","139","https://www.youtube.com/watch?v=K15A83bYrKo&t=139","high","criterion","1","4","0","","","","",""
"juliette-binoche-and-ralph-fiennes","au-hasard-balthazar","201","https://www.youtube.com/watch?v=K15A83bYrKo&t=201","high","criterion","1","5","0","","","","",""
"juliette-binoche-and-ralph-fiennes","mirror","212","https://www.youtube.com/watch?v=K15A83bYrKo&t=212","high","criterion","1","6","0","","","","",""
"juliette-binoche-and-ralph-fiennes","essential-fellini","58","https://www.youtube.com/watch?v=K15A83bYrKo&t=58","medium","criterion","1","7","1","Essential Fellini","14","https://www.criterion.com/boxsets/3626-essential-fellini","",""
"juliette-binoche-and-ralph-fiennes","pasolini-101","69","https://www.youtube.com/watch?v=K15A83bYrKo&t=69","high","criterion","1","8","1","Pasolini 101","9","https://www.criterion.com/boxsets/6588-pasolini-101","",""
"juliette-binoche-and-ralph-fiennes","eclipse-series-23-the-first-films-of-akira-kurosawa","82","https://www.youtube.com/watch?v=K15A83bYrKo&t=82","high","criterion","1","9","1","Eclipse Series 23: The First Films of Akira Kurosawa","4","https://www.criterion.com/boxsets/743-eclipse-series-23-the-first-films-of-akira-kurosawa","",""
"juliette-binoche-and-ralph-fiennes","eclipse-series-3-late-ozu","87","https://www.youtube.com/watch?v=K15A83bYrKo&t=87","high","criterion","1","10","1","Eclipse Series 3: Late Ozu","5","https://www.criterion.com/boxsets/427-eclipse-series-3-late-ozu","",""
"juliette-binoche-and-ralph-fiennes","eclipse-series-5-the-first-films-of-samuel-fuller","91","https://www.youtube.com/watch?v=K15A83bYrKo&t=91","high","criterion","1","11","1","Eclipse Series 5: The First Films of Samuel Fuller","3","https://www.criterion.com/boxsets/499-eclipse-series-5-the-first-films-of-samuel-fuller","",""
"juliette-binoche-and-ralph-fiennes","eclipse-series-2-the-documentaries-of-louis-malle","95","https://www.youtube.com/watch?v=K15A83bYrKo&t=95","high","criterion","1","12","1","Eclipse Series 2: The Documentaries of Louis Malle","7","https://www.criterion.com/boxsets/275-eclipse-series-2-the-documentaries-of-louis-malle","",""
"juliette-binoche-and-ralph-fiennes","eclipse-series-26-silent-naruse","114","https://www.youtube.com/watch?v=K15A83bYrKo&t=114","high","criterion","1","13","1","Eclipse Series 26: Silent Naruse","5","https://www.criterion.com/boxsets/789-eclipse-series-26-silent-naruse","",""
"juliette-binoche-and-ralph-fiennes","eclipse-series-25-basil-deardens-london-underground","128","https://www.youtube.com/watch?v=K15A83bYrKo&t=128","high","criterion","1","14","1","Eclipse Series 25: Basil Dearden's London Underground","4","https://www.criterion.com/boxsets/776-eclipse-series-25-basil-dearden-s-london-underground","",""
"zoe-kravitz-and-channing-tatum","a-woman-under-the-influence","24","https://www.youtube.com/watch?v=MJqjhDImNcY&t=24","high","criterion","1","1","1","John Cassavetes: Five Films","","","",""
"zoe-kravitz-and-channing-tatum","harlan-county-usa","59","https://www.youtube.com/watch?v=MJqjhDImNcY&t=59","high","criterion","1","2","0","","","","",""
"zoe-kravitz-and-channing-tatum","paris-is-burning","75","https://www.youtube.com/watch?v=MJqjhDImNcY&t=75","high","criterion","1","3","0","","","","",""
"zoe-kravitz-and-channing-tatum","lord-of-the-flies","111","https://www.youtube.com/watch?v=MJqjhDImNcY&t=111","high","criterion","1","4","0","","","","",""
"zoe-kravitz-and-channing-tatum","the-vanishing","132","https://www.youtube.com/watch?v=MJqjhDImNcY&t=132","high","criterion","1","5","0","","","","",""
"zoe-kravitz-and-channing-tatum","seven-samurai","183","https://www.youtube.com/watch?v=MJqjhDImNcY&t=183","high","criterion","1","6","0","","","","",""
"zoe-kravitz-and-channing-tatum","the-killing","197","https://www.youtube.com/watch?v=MJqjhDImNcY&t=197","high","criterion","1","7","0","","","","",""
"zoe-kravitz-and-channing-tatum","the-fisher-king","218","https://www.youtube.com/watch?v=MJqjhDImNcY&t=218","high","criterion","1","8","0","","","","",""
"zoe-kravitz-and-channing-tatum","the-rose","237","https://www.youtube.com/watch?v=MJqjhDImNcY&t=237","high","criterion","1","9","0","","","","",""
"zoe-kravitz-and-channing-tatum","moonstruck","260","https://www.youtube.com/watch?v=MJqjhDImNcY&t=260","high","criterion","1","10","0","","","","",""
"zoe-kravitz-and-channing-tatum","midnight-cowboy","280","https://www.youtube.com/watch?v=MJqjhDImNcY&t=280","high","criterion","1","11","0","","","","",""
"zoe-kravitz-and-channing-tatum","thelma-louise","321","https://www.youtube.com/watch?v=MJqjhDImNcY&t=321","high","criterion","1","12","0","","","","",""
"zoe-kravitz-and-channing-tatum","the-koker-trilogy","313","https://www.youtube.com/watch?v=MJqjhDImNcY&t=313","high","criterion","1","13","1","The Koker Trilogy","3","https://www.criterion.com/boxsets/2363-the-koker-trilogy","",""
"cate-blanchett-and-todd-field","dheepan","12","https://www.youtube.com/watch?v=K_rAKw7q6RY&t=12","high","criterion","1","1","0","","","","",""
"cate-blanchett-and-todd-field","in-cold-blood","20","https://www.youtube.com/watch?v=K_rAKw7q6RY&t=20","high","criterion","1","2","0","","","","",""
"cate-blanchett-and-todd-field","devil-in-a-blue-dress","44","https://www.youtube.com/watch?v=K_rAKw7q6RY&t=44","high","criterion","1","3","0","","","","",""
"cate-blanchett-and-todd-field","wooden-crosses","59","https://www.youtube.com/watch?v=K_rAKw7q6RY&t=59","high","criterion","1","4","0","","","","",""
"cate-blanchett-and-todd-field","the-ascent","73","https://www.youtube.com/watch?v=K_rAKw7q6RY&t=73","high","criterion","1","5","0","","","","",""
"cate-blanchett-and-todd-field","tootsie","101","https://www.youtube.com/watch?v=K_rAKw7q6RY&t=101","high","criterion","1","6","0","","","","",""
"cate-blanchett-and-todd-field","the-cranes-are-flying","104","https://www.youtube.com/watch?v=K_rAKw7q6RY&t=104","high","criterion","1","7","0","","","","",""
"cate-blanchett-and-todd-field","my-winnipeg","107","https://www.youtube.com/watch?v=K_rAKw7q6RY&t=107","high","criterion","1","8","0","","","","",""
"cate-blanchett-and-todd-field","letter-never-sent","134","https://www.youtube.com/watch?v=K_rAKw7q6RY&t=134","high","criterion","1","9","0","","","","",""
"cate-blanchett-and-todd-field","summer-with-monika","149","https://www.youtube.com/watch?v=K_rAKw7q6RY&t=149","high","criterion","1","10","1","Ingmar Bergman's Cinema","","","",""
"cate-blanchett-and-todd-field","haxan","224","https://www.youtube.com/watch?v=K_rAKw7q6RY&t=224","high","criterion","1","11","0","","","","",""
"cate-blanchett-and-todd-field","a-man-escaped","236","https://www.youtube.com/watch?v=K_rAKw7q6RY&t=236","high","criterion","1","12","0","","","","",""
"cate-blanchett-and-todd-field","a-master-builder","267","https://www.youtube.com/watch?v=K_rAKw7q6RY&t=267","high","criterion","1","13","0","","","","",""
"cate-blanchett-and-todd-field","my-dinner-with-andre","271","https://www.youtube.com/watch?v=K_rAKw7q6RY&t=271","high","criterion","1","14","0","","","","",""
"cate-blanchett-and-todd-field","ingmar-bergmans-cinema","209","https://www.youtube.com/watch?v=K_rAKw7q6RY&t=209","medium","criterion","1","15","1","Ingmar Bergman's Cinema","40","https://www.criterion.com/boxsets/1427-ingmar-bergman-s-cinema","",""
"cate-blanchett-and-todd-field","essential-fellini","0","","none","criterion","1","16","1","Essential Fellini","14","https://www.criterion.com/boxsets/3626-essential-fellini","",""
"annie-baker-and-lucian-johnston","lenfance-nue","31","https://www.youtube.com/watch?v=2PbpLSLidBw&t=31","high","criterion","1","1","0","","","","",""
"annie-baker-and-lucian-johnston","largent","92","https://www.youtube.com/watch?v=2PbpLSLidBw&t=92","high","criterion","1","2","0","","","","",""
"annie-baker-and-lucian-johnston","a-matter-of-life-and-death","142","https://www.youtube.com/watch?v=2PbpLSLidBw&t=142","high","criterion","1","3","0","","","","",""
"annie-baker-and-lucian-johnston","godland","198","https://www.youtube.com/watch?v=2PbpLSLidBw&t=198","high","criterion","1","4","0","","","","",""
"annie-baker-and-lucian-johnston","design-for-living","305","https://www.youtube.com/watch?v=2PbpLSLidBw&t=305","high","criterion","1","5","0","","","","",""
"annie-baker-and-lucian-johnston","the-complete-films-of-agnes-varda","364","https://www.youtube.com/watch?v=2PbpLSLidBw&t=364","high","criterion","1","6","1","The Complete Films of Agnès Varda","22","https://www.criterion.com/boxsets/3432-the-complete-films-of-agnes-varda","",""
"devo-gerald-casale-and-mark-mothersbaugh","island-of-lost-souls","13","https://www.youtube.com/watch?v=B-aQkQrZP24&t=13","high","criterion","1","1","0","","","","",""
"devo-gerald-casale-and-mark-mothersbaugh","sweet-smell-of-success","165","https://www.youtube.com/watch?v=B-aQkQrZP24&t=165","high","criterion","1","2","0","","","","",""
"devo-gerald-casale-and-mark-mothersbaugh","essential-fellini","125","https://www.youtube.com/watch?v=B-aQkQrZP24&t=125","high","criterion","1","3","1","Essential Fellini","14","https://www.criterion.com/boxsets/3626-essential-fellini","",""
"devo-gerald-casale-and-mark-mothersbaugh","monsters-and-madmen","265","https://www.youtube.com/watch?v=B-aQkQrZP24&t=265","high","criterion","1","4","1","Monsters and Madmen","4","https://www.criterion.com/boxsets/434-monsters-and-madmen","",""
"ben-gibbards","the-exterminating-angel","28","https://www.youtube.com/watch?v=ZiRJyUUFJQA&t=28","high","criterion","1","1","0","","","","",""
"ben-gibbards","old-joy","69","https://www.youtube.com/watch?v=ZiRJyUUFJQA&t=69","high","criterion","1","2","0","","","","",""
"ben-gibbards","take-out","98","https://www.youtube.com/watch?v=ZiRJyUUFJQA&t=98","high","criterion","1","3","0","","","","",""
"ben-gibbards","brute-force","135","https://www.youtube.com/watch?v=ZiRJyUUFJQA&t=135","high","criterion","1","4","0","","","","",""
"ben-gibbards","le-havre","165","https://www.youtube.com/watch?v=ZiRJyUUFJQA&t=165","high","criterion","1","5","0","","","","",""
"ben-gibbards","three-films-by-luis-bunuel","34","https://www.youtube.com/watch?v=ZiRJyUUFJQA&t=34","medium","criterion","1","6","1","Three Films by Luis Buñuel","3","https://www.criterion.com/boxsets/3900-three-films-by-luis-bunuel","",""
"ben-gibbards","the-complete-monterey-pop-festival","53","https://www.youtube.com/watch?v=ZiRJyUUFJQA&t=53","high","criterion","1","7","1","The Complete Monterey Pop Festival","2","https://www.criterion.com/boxsets/326-the-complete-monterey-pop-festival","",""
"ben-gibbards","eclipse-series-12-aki-kaurismakis-proletariat-trilogy","180","https://www.youtube.com/watch?v=ZiRJyUUFJQA&t=180","high","criterion","1","8","1","Eclipse Series 12: Aki Kaurismäki's Proletariat Trilogy","3","https://www.criterion.com/boxsets/564-eclipse-series-12-aki-kaurismaki-s-proletariat-trilogy","",""
"ben-gibbards","tiny-the-life-of-erin-blackwell","205","https://www.youtube.com/watch?v=ZiRJyUUFJQA&t=205","high","criterion","1","9","1","Streetwise/Tiny: The Life of Erin Blackwell","2","https://www.criterion.com/boxsets/4430-streetwise-tiny-the-life-of-erin-blackwell","",""
"joel-edgerton","my-life-as-a-dog","23","https://www.youtube.com/watch?v=r86Fqtb4LNk&t=23","high","criterion","1","1","0","","","","",""
"joel-edgerton","the-hero","48","https://www.youtube.com/watch?v=r86Fqtb4LNk&t=48","high","criterion","1","2","0","","","","",""
"joel-edgerton","le-salaire-de-la-peur","54","https://www.youtube.com/watch?v=r86Fqtb4LNk&t=54","high","criterion","1","3","0","","","","",""
"joel-edgerton","uncut-gems","103","https://www.youtube.com/watch?v=r86Fqtb4LNk&t=103","high","criterion","1","4","0","","","","",""
"joel-edgerton","man-bites-dog","120","https://www.youtube.com/watch?v=r86Fqtb4LNk&t=120","high","criterion","1","5","0","","","","",""
"joel-edgerton","bicycle-thieves","158","https://www.youtube.com/watch?v=r86Fqtb4LNk&t=158","high","criterion","1","6","0","","","","",""
"joel-edgerton","police-story-police-story-2","15","https://www.youtube.com/watch?v=r86Fqtb4LNk&t=15","medium","criterion","1","7","1","Police Story / Police Story 2","2","https://www.criterion.com/boxsets/1554-police-story-police-story-2","",""
"joel-edgerton","michael-haneke-trilogy","70","https://www.youtube.com/watch?v=r86Fqtb4LNk&t=70","high","criterion","1","8","1","Michael Haneke: Trilogy","3","https://www.criterion.com/boxsets/6323-michael-haneke-trilogy","",""
"alessandro-borghi-felix-van-groeningen-and-charlotte-vandermeersch","naked","46","https://www.youtube.com/watch?v=gDK8bLi2PoA&t=46","high","criterion","1","1","0","","","","",""
"alessandro-borghi-felix-van-groeningen-and-charlotte-vandermeersch","y-tu-mama-tambien","126","https://www.youtube.com/watch?v=gDK8bLi2PoA&t=126","high","criterion","1","2","0","","","","",""
"alessandro-borghi-felix-van-groeningen-and-charlotte-vandermeersch","the-piano","145","https://www.youtube.com/watch?v=gDK8bLi2PoA&t=145","high","criterion","1","3","0","","","","",""
"alessandro-borghi-felix-van-groeningen-and-charlotte-vandermeersch","the-fisher-king","229","https://www.youtube.com/watch?v=gDK8bLi2PoA&t=229","high","criterion","1","4","0","","","","",""
"alessandro-borghi-felix-van-groeningen-and-charlotte-vandermeersch","dietrich-von-sternberg-in-hollywood-box-set","68","https://www.youtube.com/watch?v=gDK8bLi2PoA&t=68","high","criterion","1","5","1","Dietrich & von Sternberg in Hollywood","6","https://www.criterion.com/boxsets/1329-dietrich-von-sternberg-in-hollywood","",""
"alessandro-borghi-felix-van-groeningen-and-charlotte-vandermeersch","world-of-wong-kar-wai","77","https://www.youtube.com/watch?v=gDK8bLi2PoA&t=77","high","criterion","1","6","1","World of Wong Kar Wai","7","https://www.criterion.com/boxsets/4117-world-of-wong-kar-wai","",""
"jacqueline-novak-and-john-early","picnic-at-hanging-rock","14","https://www.youtube.com/watch?v=k9c6EUVVWjU&t=14","high","criterion","1","1","0","","","","",""
"jacqueline-novak-and-john-early","3-women","55","https://www.youtube.com/watch?v=k9c6EUVVWjU&t=55","high","criterion","1","2","0","","","","",""
"jacqueline-novak-and-john-early","the-uninvited","92","https://www.youtube.com/watch?v=k9c6EUVVWjU&t=92","high","criterion","1","3","0","","","","",""
"jacqueline-novak-and-john-early","night-of-the-living-dead","111","https://www.youtube.com/watch?v=k9c6EUVVWjU&t=111","high","criterion","1","4","0","","","","",""
"jacqueline-novak-and-john-early","fat-girl","116","https://www.youtube.com/watch?v=k9c6EUVVWjU&t=116","high","criterion","1","5","0","","","","",""
"jacqueline-novak-and-john-early","twin-peaks-fire-walk-with-me","124","https://www.youtube.com/watch?v=k9c6EUVVWjU&t=124","high","criterion","1","6","0","","","","",""
"jacqueline-novak-and-john-early","magnificent-obsession","138","https://www.youtube.com/watch?v=k9c6EUVVWjU&t=138","high","criterion","1","7","0","","","","",""
"jacqueline-novak-and-john-early","island-of-lost-souls","177","https://www.youtube.com/watch?v=k9c6EUVVWjU&t=177","high","criterion","1","8","0","","","","",""
"jacqueline-novak-and-john-early","white-material","193","https://www.youtube.com/watch?v=k9c6EUVVWjU&t=193","high","criterion","1","9","0","","","","",""
"jacqueline-novak-and-john-early","female-trouble","222","https://www.youtube.com/watch?v=k9c6EUVVWjU&t=222","high","criterion","1","10","0","","","","",""
"jacqueline-novak-and-john-early","tie-me-up-tie-me-down","292","https://www.youtube.com/watch?v=k9c6EUVVWjU&t=292","high","criterion","1","11","0","","","","",""
"saul-williams-and-anisia-uzeyman","videodrome","22","https://www.youtube.com/watch?v=Wn1Yh3N0zjA&t=22","high","criterion","1","1","0","","","","",""
"saul-williams-and-anisia-uzeyman","do-the-right-thing","31","https://www.youtube.com/watch?v=Wn1Yh3N0zjA&t=31","high","criterion","1","2","0","","","","",""
"saul-williams-and-anisia-uzeyman","mirror","98","https://www.youtube.com/watch?v=Wn1Yh3N0zjA&t=98","high","criterion","1","3","0","","","","",""
"saul-williams-and-anisia-uzeyman","time","195","https://www.youtube.com/watch?v=Wn1Yh3N0zjA&t=195","high","criterion","1","4","0","","","","",""
"saul-williams-and-anisia-uzeyman","fa-yeung-nin-wa","236","https://www.youtube.com/watch?v=Wn1Yh3N0zjA&t=236","high","criterion","1","5","0","","","","",""
"saul-williams-and-anisia-uzeyman","touki-bouki","281","https://www.youtube.com/watch?v=Wn1Yh3N0zjA&t=281","high","criterion","1","6","0","","","","",""
"saul-williams-and-anisia-uzeyman","trilogy-of-life","165","https://www.youtube.com/watch?v=Wn1Yh3N0zjA&t=165","high","criterion","1","7","1","Trilogy of Life","3","https://www.criterion.com/boxsets/916-trilogy-of-life","",""
"vince-staples","hollywood-shuffle","7","https://www.youtube.com/watch?v=MQZuHbd-rTw&t=7","high","criterion","1","1","0","","","","",""
"vince-staples","videodrome","44","https://www.youtube.com/watch?v=MQZuHbd-rTw&t=44","high","criterion","1","2","0","","","","",""
"vince-staples","the-others","90","https://www.youtube.com/watch?v=MQZuHbd-rTw&t=90","high","criterion","1","3","0","","","","",""
"vince-staples","walle","108","https://www.youtube.com/watch?v=MQZuHbd-rTw&t=108","high","criterion","1","4","0","","","","",""
"vince-staples","jo-jo-dancer-your-life-is-calling","159","https://www.youtube.com/watch?v=MQZuHbd-rTw&t=159","high","criterion","1","5","0","","","","",""
"vince-staples","lynchoz","268","https://www.youtube.com/watch?v=MQZuHbd-rTw&t=268","high","criterion","1","6","0","","","","",""
"vince-staples","eclipse-series-31-three-popular-films-by-jean-pierre-gorin","121","https://www.youtube.com/watch?v=MQZuHbd-rTw&t=121","high","criterion","1","7","1","Eclipse Series 31: Three Popular Films by Jean-Pierre Gorin","3","https://www.criterion.com/boxsets/855-eclipse-series-31-three-popular-films-by-jean-pierre-gorin","",""
"vince-staples","melvin-van-peebles-essential-films","204","https://www.youtube.com/watch?v=MQZuHbd-rTw&t=204","high","criterion","1","8","1","Melvin Van Peebles: Essential Films","4","https://www.criterion.com/boxsets/4787-melvin-van-peebles-essential-films","",""
"ted-danson-mary-steenburgen","rushmore","12","https://www.youtube.com/watch?v=SpX9zqU9YI8&t=12","high","criterion","1","1","0","","","","",""
"ted-danson-mary-steenburgen","klute","29","https://www.youtube.com/watch?v=SpX9zqU9YI8&t=29","high","criterion","1","2","0","","","","",""
"ted-danson-mary-steenburgen","funny-girl","59","https://www.youtube.com/watch?v=SpX9zqU9YI8&t=59","high","criterion","1","3","0","","","","",""
"ted-danson-mary-steenburgen","being-there","144","https://www.youtube.com/watch?v=SpX9zqU9YI8&t=144","high","criterion","1","4","0","","","","",""
"ted-danson-mary-steenburgen","inland-empire","169","https://www.youtube.com/watch?v=SpX9zqU9YI8&t=169","high","criterion","1","5","0","","","","",""
"ted-danson-mary-steenburgen","brief-encounter","252","https://www.youtube.com/watch?v=SpX9zqU9YI8&t=252","high","criterion","1","6","0","","","","",""
"ted-danson-mary-steenburgen","hobsons-choice","269","https://www.youtube.com/watch?v=SpX9zqU9YI8&t=269","high","criterion","1","7","0","","","","",""
"ted-danson-mary-steenburgen","my-darling-clementine","287","https://www.youtube.com/watch?v=SpX9zqU9YI8&t=287","high","criterion","1","8","0","","","","",""
"john-david-washington-and-malcolm-washington","dekalog","11","https://www.youtube.com/watch?v=-Tc0JZz6hFM&t=11","high","criterion","1","1","0","","","","",""
"john-david-washington-and-malcolm-washington","mirror","17","https://www.youtube.com/watch?v=-Tc0JZz6hFM&t=17","high","criterion","1","2","0","","","","",""
"john-david-washington-and-malcolm-washington","menace-ii-society","23","https://www.youtube.com/watch?v=-Tc0JZz6hFM&t=23","high","criterion","1","3","0","","","","",""
"john-david-washington-and-malcolm-washington","drylongso","55","https://www.youtube.com/watch?v=-Tc0JZz6hFM&t=55","high","criterion","1","4","0","","","","",""
"john-david-washington-and-malcolm-washington","irma-vep","0","","none","criterion","1","5","0","","","","",""
"john-david-washington-and-malcolm-washington","rosetta","66","https://www.youtube.com/watch?v=-Tc0JZz6hFM&t=66","high","criterion","1","6","0","","","","",""
"john-david-washington-and-malcolm-washington","black-orpheus","78","https://www.youtube.com/watch?v=-Tc0JZz6hFM&t=78","high","criterion","1","7","0","","","","",""
"john-david-washington-and-malcolm-washington","the-underground-railroad","92","https://www.youtube.com/watch?v=-Tc0JZz6hFM&t=92","high","criterion","1","8","0","","","","",""
"john-david-washington-and-malcolm-washington","faces","111","https://www.youtube.com/watch?v=-Tc0JZz6hFM&t=111","high","criterion","1","9","1","John Cassavetes: Five Films","","","",""
"john-david-washington-and-malcolm-washington","malcolm-x","204","https://www.youtube.com/watch?v=-Tc0JZz6hFM&t=204","high","criterion","1","10","0","","","","",""
"john-david-washington-and-malcolm-washington","ghost-dog-the-way-of-the-samurai","278","https://www.youtube.com/watch?v=-Tc0JZz6hFM&t=278","high","criterion","1","11","0","","","","",""
"john-david-washington-and-malcolm-washington","the-essential-jacques-demy","142","https://www.youtube.com/watch?v=-Tc0JZz6hFM&t=142","high","criterion","1","12","1","The Essential Jacques Demy","6","https://www.criterion.com/boxsets/1055-the-essential-jacques-demy","",""
"john-david-washington-and-malcolm-washington","the-complete-films-of-agnes-varda","146","https://www.youtube.com/watch?v=-Tc0JZz6hFM&t=146","high","criterion","1","13","1","The Complete Films of Agnès Varda","22","https://www.criterion.com/boxsets/3432-the-complete-films-of-agnes-varda","",""
"john-david-washington-and-malcolm-washington","jackie-chan-emergence-of-a-superstar-box-set","174","https://www.youtube.com/watch?v=-Tc0JZz6hFM&t=174","high","criterion","1","14","1","Jackie Chan: Emergence of a Superstar","6","https://www.criterion.com/boxsets/6970-jackie-chan-emergence-of-a-superstar","",""
"roger-james-deakins","kameradschaft","6","https://www.youtube.com/watch?v=juhiRVORJ8o&t=6","high","criterion","1","1","0","","","","",""
"roger-james-deakins","come-and-see","14","https://www.youtube.com/watch?v=juhiRVORJ8o&t=14","high","criterion","1","2","0","","","","",""
"roger-james-deakins","tokyo-olympiad","45","https://www.youtube.com/watch?v=juhiRVORJ8o&t=45","high","criterion","1","3","0","","","","",""
"roger-james-deakins","fires-on-the-plain","62","https://www.youtube.com/watch?v=juhiRVORJ8o&t=62","high","criterion","1","4","0","","","","",""
"roger-james-deakins","the-burmese-harp","68","https://www.youtube.com/watch?v=juhiRVORJ8o&t=68","high","criterion","1","5","0","","","","",""
"roger-james-deakins","sid-nancy","93","https://www.youtube.com/watch?v=juhiRVORJ8o&t=93","high","criterion","1","6","0","","","","",""
"roger-james-deakins","le-cercle-rouge","130","https://www.youtube.com/watch?v=juhiRVORJ8o&t=130","high","criterion","1","7","0","","","","",""
"roger-james-deakins","le-silence-de-la-mer","145","https://www.youtube.com/watch?v=juhiRVORJ8o&t=145","high","criterion","1","8","0","","","","",""
"roger-james-deakins","the-seventh-seal","203","https://www.youtube.com/watch?v=juhiRVORJ8o&t=203","high","criterion","1","9","1","Ingmar Bergman's Cinema","","","",""
"roger-james-deakins","lavventura","224","https://www.youtube.com/watch?v=juhiRVORJ8o&t=224","high","criterion","1","10","0","","","","",""
"roger-james-deakins","mirror","281","https://www.youtube.com/watch?v=juhiRVORJ8o&t=281","high","criterion","1","11","0","","","","",""
"roger-james-deakins","solaris","284","https://www.youtube.com/watch?v=juhiRVORJ8o&t=284","high","criterion","1","12","0","","","","",""
"roger-james-deakins","in-cold-blood","335","https://www.youtube.com/watch?v=juhiRVORJ8o&t=335","high","criterion","1","13","0","","","","",""
"patton-oswalt","forty-guns","23","https://www.youtube.com/watch?v=fH2lRZJMmSA&t=23","high","criterion","1","1","0","","","","",""
"patton-oswalt","detour","48","https://www.youtube.com/watch?v=fH2lRZJMmSA&t=48","high","criterion","1","2","0","","","","",""
"patton-oswalt","female-trouble","94","https://www.youtube.com/watch?v=fH2lRZJMmSA&t=94","high","criterion","1","3","0","","","","",""
"patton-oswalt","the-flavor-of-green-tea-over-rice","120","https://www.youtube.com/watch?v=fH2lRZJMmSA&t=120","high","criterion","1","4","0","","","","",""
"patton-oswalt","le-samourai","145","https://www.youtube.com/watch?v=fH2lRZJMmSA&t=145","high","criterion","1","5","0","","","","",""
"patton-oswalt","frownland","178","https://www.youtube.com/watch?v=fH2lRZJMmSA&t=178","high","criterion","1","6","0","","","","",""
"patton-oswalt","pale-flower","211","https://www.youtube.com/watch?v=fH2lRZJMmSA&t=211","high","criterion","1","7","0","","","","",""
"patton-oswalt","dekalog","242","https://www.youtube.com/watch?v=fH2lRZJMmSA&t=242","high","criterion","1","8","0","","","","",""
"patton-oswalt","one-false-move","258","https://www.youtube.com/watch?v=fH2lRZJMmSA&t=258","high","criterion","1","9","0","","","","",""
"adrian-utley","antichrist","0","https://www.youtube.com/watch?v=ZqNSY5xz_r8&t=0","high","criterion","1","1","0","","","","",""
"adrian-utley","ratcatcher","38","https://www.youtube.com/watch?v=ZqNSY5xz_r8&t=38","high","criterion","1","2","0","","","","",""
"adrian-utley","the-passion-of-joan-of-arc","54","https://www.youtube.com/watch?v=ZqNSY5xz_r8&t=54","high","criterion","1","3","0","","","","",""
"adrian-utley","merry-christmas-mr-lawrence","79","https://www.youtube.com/watch?v=ZqNSY5xz_r8&t=79","high","criterion","1","4","0","","","","",""
"adrian-utley","the-39-steps","99","https://www.youtube.com/watch?v=ZqNSY5xz_r8&t=99","high","criterion","1","5","0","","","","",""
"michael-k-williams","gomorrah","10","https://www.youtube.com/watch?v=JJiL6ps8hZQ&t=10","high","criterion","1","1","0","","","","",""
"michael-k-williams","the-fugitive-kind","13","https://www.youtube.com/watch?v=JJiL6ps8hZQ&t=13","high","criterion","1","2","0","","","","",""
"michael-k-williams","hunger","19","https://www.youtube.com/watch?v=JJiL6ps8hZQ&t=19","high","criterion","1","3","0","","","","",""
"michael-k-williams","the-night-of-the-hunter","31","https://www.youtube.com/watch?v=JJiL6ps8hZQ&t=31","high","criterion","1","4","0","","","","",""
"michael-k-williams","dazed-and-confused","43","https://www.youtube.com/watch?v=JJiL6ps8hZQ&t=43","none","criterion","1","5","0","","","","",""
"michael-k-williams","modern-times","43","https://www.youtube.com/watch?v=JJiL6ps8hZQ&t=43","none","criterion","1","6","0","","","","",""
"chris-eigeman","all-that-jazz","1","https://www.youtube.com/watch?v=3ubQAunfwdo&t=1","high","criterion","1","1","0","","","","",""
"chris-eigeman","the-vanishing","52","https://www.youtube.com/watch?v=3ubQAunfwdo&t=52","high","criterion","1","2","0","","","","",""
"chris-eigeman","videodrome","125","https://www.youtube.com/watch?v=3ubQAunfwdo&t=125","high","criterion","1","3","0","","","","",""
"chris-eigeman","the-friends-of-eddie-coyle","136","https://www.youtube.com/watch?v=3ubQAunfwdo&t=136","high","criterion","1","4","0","","","","",""
"chris-eigeman","pickup-on-south-street","168","https://www.youtube.com/watch?v=3ubQAunfwdo&t=168","high","criterion","1","5","0","","","","",""
"chris-eigeman","night-train-to-munich","175","https://www.youtube.com/watch?v=3ubQAunfwdo&t=175","high","criterion","1","6","0","","","","",""
"chris-eigeman","contempt","185","https://www.youtube.com/watch?v=3ubQAunfwdo&t=185","high","criterion","1","7","0","","","","",""
"andrew-stanton","paper-moon","26","https://www.youtube.com/watch?v=lit_b1g7M6s&t=26","high","criterion","1","1","0","","","","",""
"andrew-stanton","brazil","67","https://www.youtube.com/watch?v=lit_b1g7M6s&t=67","high","criterion","1","2","0","","","","",""
"andrew-stanton","local-hero","125","https://www.youtube.com/watch?v=lit_b1g7M6s&t=125","high","criterion","1","3","0","","","","",""
"andrew-stanton","the-worst-person-in-the-world","148","https://www.youtube.com/watch?v=lit_b1g7M6s&t=148","high","criterion","1","4","0","","","","",""
"andrew-stanton","defending-your-life","203","https://www.youtube.com/watch?v=lit_b1g7M6s&t=203","high","criterion","1","5","0","","","","",""
"andrew-stanton","matewan","251","https://www.youtube.com/watch?v=lit_b1g7M6s&t=251","high","criterion","1","6","0","","","","",""
"jude-law","stalker","31","https://www.youtube.com/watch?v=rVdefw0skK0&t=31","high","criterion","1","1","0","","","","",""
"jude-law","purple-noon","54","https://www.youtube.com/watch?v=rVdefw0skK0&t=54","high","criterion","1","2","0","","","","",""
"jude-law","le-salaire-de-la-peur","104","https://www.youtube.com/watch?v=rVdefw0skK0&t=104","high","criterion","1","3","0","","","","",""
"jude-law","local-hero","150","https://www.youtube.com/watch?v=rVdefw0skK0&t=150","high","criterion","1","4","0","","","","",""
"jude-law","mona-lisa","194","https://www.youtube.com/watch?v=rVdefw0skK0&t=194","high","criterion","1","5","0","","","","",""
"jude-law","the-night-of-the-hunter","240","https://www.youtube.com/watch?v=rVdefw0skK0&t=240","high","criterion","1","6","0","","","","",""
"louis-garrel","summer-with-monika","41","https://www.youtube.com/watch?v=c2Xf_iXTjXg&t=41","high","criterion","1","1","1","Ingmar Bergman's Cinema","","","",""
"louis-garrel","persona","0","","none","criterion","1","2","0","","","","",""
"louis-garrel","loves-of-a-blonde","107","https://www.youtube.com/watch?v=c2Xf_iXTjXg&t=107","high","criterion","1","3","0","","","","",""
"louis-garrel","solo-con-tu-pareja","0","","none","criterion","1","4","0","","","","",""
"louis-garrel","jules-and-jim","132","https://www.youtube.com/watch?v=c2Xf_iXTjXg&t=132","high","criterion","1","5","0","","","","",""
"louis-garrel","amarcord","141","https://www.youtube.com/watch?v=c2Xf_iXTjXg&t=141","high","criterion","1","6","1","Essential Fellini","","","",""
"louis-garrel","europa","0","","none","criterion","1","7","0","","","","",""
"louis-garrel","pierre-etaix","9","https://www.youtube.com/watch?v=c2Xf_iXTjXg&t=9","high","criterion","1","8","1","Pierre Etaix","5","https://www.criterion.com/boxsets/947-pierre-etaix","",""
"louis-garrel","the-complete-jacques-tati","23","https://www.youtube.com/watch?v=c2Xf_iXTjXg&t=23","high","criterion","1","9","1","The Complete Jacques Tati","6","https://www.criterion.com/boxsets/1069-the-complete-jacques-tati","",""
"louis-garrel","eclipse-series-31-three-popular-films-by-jean-pierre-gorin","82","https://www.youtube.com/watch?v=c2Xf_iXTjXg&t=82","high","criterion","1","10","1","Eclipse Series 31: Three Popular Films by Jean-Pierre Gorin","3","https://www.criterion.com/boxsets/855-eclipse-series-31-three-popular-films-by-jean-pierre-gorin","",""
"louis-garrel","3-films-by-roberto-rossellini-starring-ingrid-bergman","88","https://www.youtube.com/watch?v=c2Xf_iXTjXg&t=88","medium","criterion","1","11","1","3 Films by Roberto Rossellini Starring Ingrid Bergman","3","https://www.criterion.com/boxsets/982-3-films-by-roberto-rossellini-starring-ingrid-bergman","",""
"catherine-breillat","viridiana","30","https://www.youtube.com/watch?v=FXz316FCzyI&t=30","high","criterion","1","1","0","","","","",""
"catherine-breillat","eraserhead","62","https://www.youtube.com/watch?v=FXz316FCzyI&t=62","high","criterion","1","2","0","","","","",""
"catherine-breillat","on-the-waterfront","111","https://www.youtube.com/watch?v=FXz316FCzyI&t=111","high","criterion","1","3","0","","","","",""
"catherine-breillat","vengeance-is-mine","161","https://www.youtube.com/watch?v=FXz316FCzyI&t=161","high","criterion","1","4","0","","","","",""
"catherine-breillat","black-orpheus","203","https://www.youtube.com/watch?v=FXz316FCzyI&t=203","high","criterion","1","5","0","","","","",""
"catherine-breillat","andrei-rublev","254","https://www.youtube.com/watch?v=FXz316FCzyI&t=254","high","criterion","1","6","0","","","","",""
"catherine-breillat","ingmar-bergmans-cinema","312","https://www.youtube.com/watch?v=FXz316FCzyI&t=312","high","criterion","1","7","1","Ingmar Bergman's Cinema","40","https://www.criterion.com/boxsets/1427-ingmar-bergman-s-cinema","",""
"matthew-broderick","the-lady-eve","15","https://www.youtube.com/watch?v=NEkSirbDU2E&t=15","high","criterion","1","1","0","","","","",""
"matthew-broderick","the-39-steps","34","https://www.youtube.com/watch?v=NEkSirbDU2E&t=34","high","criterion","1","2","0","","","","",""
"matthew-broderick","my-man-godfrey","74","https://www.youtube.com/watch?v=NEkSirbDU2E&t=74","high","criterion","1","3","0","","","","",""
"matthew-broderick","now-voyager","172","https://www.youtube.com/watch?v=NEkSirbDU2E&t=172","high","criterion","1","4","0","","","","",""
"matthew-broderick","double-indemnity","209","https://www.youtube.com/watch?v=NEkSirbDU2E&t=209","high","criterion","1","5","0","","","","",""
"matthew-broderick","the-cameraman","234","https://www.youtube.com/watch?v=NEkSirbDU2E&t=234","high","criterion","1","6","0","","","","",""
"matthew-broderick","david-lean-directs-noel-coward","110","https://www.youtube.com/watch?v=NEkSirbDU2E&t=110","high","criterion","1","7","1","David Lean Directs Noël Coward","4","https://www.criterion.com/boxsets/861-david-lean-directs-noel-coward","",""
"steve-coogan","the-lady-vanishes","5","https://www.youtube.com/watch?v=9vp9ruYEYHA&t=5","high","criterion","1","1","0","","","","",""
"steve-coogan","12-angry-men","40","https://www.youtube.com/watch?v=9vp9ruYEYHA&t=40","high","criterion","1","2","0","","","","",""
"steve-coogan","the-spy-who-came-in-from-the-cold","70","https://www.youtube.com/watch?v=9vp9ruYEYHA&t=70","high","criterion","1","3","0","","","","",""
"steve-coogan","a-matter-of-life-and-death","115","https://www.youtube.com/watch?v=9vp9ruYEYHA&t=115","high","criterion","1","4","0","","","","",""
"steve-coogan","the-servant","146","https://www.youtube.com/watch?v=9vp9ruYEYHA&t=146","high","criterion","1","5","0","","","","",""
"steve-coogan","klute","179","https://www.youtube.com/watch?v=9vp9ruYEYHA&t=179","high","criterion","1","6","0","","","","",""
"steve-coogan","his-girl-friday","223","https://www.youtube.com/watch?v=9vp9ruYEYHA&t=223","high","criterion","1","7","0","","","","",""
"nathan-lane","rififi","24","https://www.youtube.com/watch?v=iQfYMeRjR1g&t=24","high","criterion","1","1","0","","","","",""
"nathan-lane","heaven-can-wait","220","https://www.youtube.com/watch?v=iQfYMeRjR1g&t=220","high","criterion","1","2","0","","","","",""
"nathan-lane","the-night-of-the-hunter","86","https://www.youtube.com/watch?v=iQfYMeRjR1g&t=86","high","criterion","1","3","0","","","","",""
"nathan-lane","sweet-smell-of-success","114","https://www.youtube.com/watch?v=iQfYMeRjR1g&t=114","high","criterion","1","4","0","","","","",""
"nathan-lane","the-kid","20","https://www.youtube.com/watch?v=iQfYMeRjR1g&t=20","high","criterion","1","5","0","","","","",""
"nathan-lane","bitter-rice","45","https://www.youtube.com/watch?v=iQfYMeRjR1g&t=45","high","criterion","1","6","0","","","","",""
"nathan-lane","mikey-and-nicky","168","https://www.youtube.com/watch?v=iQfYMeRjR1g&t=168","high","criterion","1","7","0","","","","",""
"nathan-lane","here-comes-mr-jordan","228","https://www.youtube.com/watch?v=iQfYMeRjR1g&t=228","high","criterion","1","8","0","","","","",""
"nathan-lane","odd-man-out","155","https://www.youtube.com/watch?v=iQfYMeRjR1g&t=155","high","criterion","1","9","0","","","","",""
"nathan-lane","valley-of-the-dolls","129","https://www.youtube.com/watch?v=iQfYMeRjR1g&t=129","high","criterion","1","10","0","","","","",""
"nathan-lane","the-in-laws","214","https://www.youtube.com/watch?v=iQfYMeRjR1g&t=214","high","criterion","1","11","0","","","","",""
"nathan-lane","being-there","260","https://www.youtube.com/watch?v=iQfYMeRjR1g&t=260","high","criterion","1","12","0","","","","",""
"nathan-lane","i-am-curious","56","https://www.youtube.com/watch?v=iQfYMeRjR1g&t=56","high","criterion","1","13","1","I Am Curious","2","https://www.criterion.com/boxsets/338-i-am-curious","",""
"mark-bridges","heavens-gate","13","https://www.youtube.com/watch?v=picqoIogsxQ&t=13","high","criterion","1","1","0","","","","",""
"mark-bridges","the-damned","44","https://www.youtube.com/watch?v=picqoIogsxQ&t=44","high","criterion","1","2","0","","","","",""
"mark-bridges","barry-lyndon","60","https://www.youtube.com/watch?v=picqoIogsxQ&t=60","high","criterion","1","3","0","","","","",""
"mark-bridges","the-leopard","72","https://www.youtube.com/watch?v=picqoIogsxQ&t=72","high","criterion","1","4","0","","","","",""
"mark-bridges","the-naked-city","115","https://www.youtube.com/watch?v=picqoIogsxQ&t=115","high","criterion","1","5","0","","","","",""
"mark-bridges","la-belle-et-la-bete","161","https://www.youtube.com/watch?v=picqoIogsxQ&t=161","high","criterion","1","6","0","","","","",""
"mark-bridges","sunday-bloody-sunday","193","https://www.youtube.com/watch?v=picqoIogsxQ&t=193","high","criterion","1","7","0","","","","",""
"mark-bridges","my-beautiful-laundrette","222","https://www.youtube.com/watch?v=picqoIogsxQ&t=222","high","criterion","1","8","0","","","","",""
"mark-bridges","marriage-story","276","https://www.youtube.com/watch?v=picqoIogsxQ&t=276","high","criterion","1","9","0","","","","",""
"mark-bridges","punch-drunk-love","300","https://www.youtube.com/watch?v=picqoIogsxQ&t=300","high","criterion","1","10","0","","","","",""
"viggo-mortensen","stagecoach","10","https://www.youtube.com/watch?v=We_wQnlroek&t=10","high","criterion","1","1","0","","","","",""
"viggo-mortensen","red-river","17","https://www.youtube.com/watch?v=We_wQnlroek&t=17","high","criterion","1","2","0","","","","",""
"viggo-mortensen","forty-guns","21","https://www.youtube.com/watch?v=We_wQnlroek&t=21","high","criterion","1","3","0","","","","",""
"viggo-mortensen","the-gunfighter","46","https://www.youtube.com/watch?v=We_wQnlroek&t=46","high","criterion","1","4","0","","","","",""
"viggo-mortensen","the-furies","80","https://www.youtube.com/watch?v=We_wQnlroek&t=80","high","criterion","1","5","0","","","","",""
"viggo-mortensen","310-to-yuma","99","https://www.youtube.com/watch?v=We_wQnlroek&t=99","high","criterion","1","6","0","","","","",""
"viggo-mortensen","mccabe-mrs-miller","144","https://www.youtube.com/watch?v=We_wQnlroek&t=144","high","criterion","1","7","0","","","","",""
"viggo-mortensen","the-ranown-westerns-five-films-directed-by-budd-boetticher","199","https://www.youtube.com/watch?v=We_wQnlroek&t=199","high","criterion","1","8","1","The Ranown Westerns: Five Films Directed by Budd Boetticher","5","https://www.criterion.com/boxsets/6702-the-ranown-westerns-five-films-directed-by-budd-boetticher","",""
"roger-corman","targets","6","https://www.youtube.com/watch?v=-paCwBPzHX0&t=6","high","criterion","1","1","0","","","","",""
"roger-corman","the-gunfighter","57","https://www.youtube.com/watch?v=-paCwBPzHX0&t=57","high","criterion","1","2","0","","","","",""
"roger-corman","amarcord","134","https://www.youtube.com/watch?v=-paCwBPzHX0&t=134","high","criterion","1","3","1","Essential Fellini","","","",""
"roger-corman","war-and-peace","181","https://www.youtube.com/watch?v=-paCwBPzHX0&t=181","high","criterion","1","4","0","","","","",""
"roger-corman","raging-bull","222","https://www.youtube.com/watch?v=-paCwBPzHX0&t=222","high","criterion","1","5","0","","","","",""
"jean-pierre-and-luc-dardenne","the-age-of-innocence","10","https://www.youtube.com/watch?v=6sTDUur1III&t=10","high","criterion","1","1","0","","","","",""
"jean-pierre-and-luc-dardenne","an-angel-at-my-table","50","https://www.youtube.com/watch?v=6sTDUur1III&t=50","high","criterion","1","2","0","","","","",""
"jean-pierre-and-luc-dardenne","4-months-3-weeks-and-2-days","66","https://www.youtube.com/watch?v=6sTDUur1III&t=66","high","criterion","1","3","0","","","","",""
"jean-pierre-and-luc-dardenne","dekalog","101","https://www.youtube.com/watch?v=6sTDUur1III&t=101","high","criterion","1","4","0","","","","",""
"jean-pierre-and-luc-dardenne","wanda","118","https://www.youtube.com/watch?v=6sTDUur1III&t=118","high","criterion","1","5","0","","","","",""
"jean-pierre-and-luc-dardenne","death-of-a-cyclist","146","https://www.youtube.com/watch?v=6sTDUur1III&t=146","high","criterion","1","6","0","","","","",""
"jean-pierre-and-luc-dardenne","3-films-by-roberto-rossellini-starring-ingrid-bergman","19","https://www.youtube.com/watch?v=6sTDUur1III&t=19","high","criterion","1","7","1","3 Films by Roberto Rossellini Starring Ingrid Bergman","3","https://www.criterion.com/boxsets/982-3-films-by-roberto-rossellini-starring-ingrid-bergman","",""
"harris-savides","bicycle-thieves","0","","none","criterion","1","1","0","","","","",""
"harris-savides","the-night-of-the-hunter","61","https://www.youtube.com/watch?v=cQFAPBbjsaI&t=61","high","criterion","1","2","0","","","","",""
"harris-savides","yi-yi","71","https://www.youtube.com/watch?v=cQFAPBbjsaI&t=71","high","criterion","1","3","0","","","","",""
"harris-savides","solaris","0","","none","criterion","1","4","0","","","","",""
"harris-savides","lavventura","10","https://www.youtube.com/watch?v=cQFAPBbjsaI&t=10","high","criterion","1","5","0","","","","",""
"harris-savides","the-three-colors-trilogy","114","https://www.youtube.com/watch?v=cQFAPBbjsaI&t=114","high","criterion","1","6","1","Three Colors","3","https://www.criterion.com/boxsets/844-three-colors","",""
"todd-haynes","brief-encounter","18","https://www.youtube.com/watch?v=9-xwsIW_otg&t=18","high","criterion","1","1","0","","","","",""
"todd-haynes","my-own-private-idaho","47","https://www.youtube.com/watch?v=9-xwsIW_otg&t=47","high","criterion","1","2","0","","","","",""
"todd-haynes","all-that-heaven-allows","55","https://www.youtube.com/watch?v=9-xwsIW_otg&t=55","high","criterion","1","3","0","","","","",""
"todd-haynes","written-on-the-wind","55","https://www.youtube.com/watch?v=9-xwsIW_otg&t=55","high","criterion","1","4","0","","","","",""
"todd-haynes","masculin-feminin","118","https://www.youtube.com/watch?v=9-xwsIW_otg&t=118","high","criterion","1","5","0","","","","",""
"todd-haynes","sunday-bloody-sunday","161","https://www.youtube.com/watch?v=9-xwsIW_otg&t=161","high","criterion","1","6","0","","","","",""
"todd-haynes","the-night-of-the-hunter","186","https://www.youtube.com/watch?v=9-xwsIW_otg&t=186","high","criterion","1","7","0","","","","",""
"todd-haynes","the-long-day-closes","218","https://www.youtube.com/watch?v=9-xwsIW_otg&t=218","high","criterion","1","8","0","","","","",""
"todd-haynes","beau-travail","0","","none","criterion","1","9","0","","","","",""
"todd-haynes","all-about-eve","0","","none","criterion","1","10","0","","","","",""
"todd-haynes","now-voyager","252","https://www.youtube.com/watch?v=9-xwsIW_otg&t=252","high","criterion","1","11","0","","","","",""
"todd-haynes","old-joy","270","https://www.youtube.com/watch?v=9-xwsIW_otg&t=270","high","criterion","1","12","0","","","","",""
"todd-haynes","the-servant","278","https://www.youtube.com/watch?v=9-xwsIW_otg&t=278","high","criterion","1","13","0","","","","",""
"todd-haynes","beyond-the-valley-of-the-dolls","297","https://www.youtube.com/watch?v=9-xwsIW_otg&t=297","high","criterion","1","14","0","","","","",""
"todd-haynes","in-a-lonely-place","326","https://www.youtube.com/watch?v=9-xwsIW_otg&t=326","high","criterion","1","15","0","","","","",""
"todd-haynes","the-brd-trilogy","75","https://www.youtube.com/watch?v=9-xwsIW_otg&t=75","high","criterion","1","16","1","The BRD Trilogy","3","https://www.criterion.com/boxsets/138-the-brd-trilogy","",""
"jerry-schatzberg","knife-in-the-water","0","","none","criterion","1","1","0","","","","",""
"jerry-schatzberg","on-the-waterfront","43","https://www.youtube.com/watch?v=DHzWP5Pj2wM&t=43","high","criterion","1","2","0","","","","",""
"jerry-schatzberg","round-midnight","72","https://www.youtube.com/watch?v=DHzWP5Pj2wM&t=72","high","criterion","1","3","0","","","","",""
"jerry-schatzberg","the-shooting","96","https://www.youtube.com/watch?v=DHzWP5Pj2wM&t=96","high","criterion","1","4","0","","","","",""
"jerry-schatzberg","dietrich-von-sternberg-in-hollywood-box-set","21","https://www.youtube.com/watch?v=DHzWP5Pj2wM&t=21","high","criterion","1","5","1","Dietrich & von Sternberg in Hollywood","6","https://www.criterion.com/boxsets/1329-dietrich-von-sternberg-in-hollywood","",""
"jerry-schatzberg","the-complete-films-of-agnes-varda","149","https://www.youtube.com/watch?v=DHzWP5Pj2wM&t=149","high","criterion","1","6","1","The Complete Films of Agnès Varda","22","https://www.criterion.com/boxsets/3432-the-complete-films-of-agnes-varda","",""
"charlotte-rampling-and-andrew-haigh","the-night-porter","12","https://www.youtube.com/watch?v=F3-hyGZuyqk&t=12","high","criterion","1","1","0","","","","",""
"charlotte-rampling-and-andrew-haigh","a-room-with-a-view","33","https://www.youtube.com/watch?v=F3-hyGZuyqk&t=33","high","criterion","1","2","0","","","","",""
"charlotte-rampling-and-andrew-haigh","safety-last","0","","none","criterion","1","3","0","","","","",""
"charlotte-rampling-and-andrew-haigh","if","50","https://www.youtube.com/watch?v=F3-hyGZuyqk&t=50","high","criterion","1","4","0","","","","",""
"charlotte-rampling-and-andrew-haigh","ivans-childhood","67","https://www.youtube.com/watch?v=F3-hyGZuyqk&t=67","high","criterion","1","5","0","","","","",""
"charlotte-rampling-and-andrew-haigh","ratcatcher","87","https://www.youtube.com/watch?v=F3-hyGZuyqk&t=87","high","criterion","1","6","0","","","","",""
"charlotte-rampling-and-andrew-haigh","weekend-2011","103","https://www.youtube.com/watch?v=F3-hyGZuyqk&t=103","high","criterion","1","7","0","","","","",""
"charlotte-rampling-and-andrew-haigh","watership-down","125","https://www.youtube.com/watch?v=F3-hyGZuyqk&t=125","high","criterion","1","8","0","","","","",""
"charlotte-rampling-and-andrew-haigh","black-narcissus","136","https://www.youtube.com/watch?v=F3-hyGZuyqk&t=136","high","criterion","1","9","0","","","","",""
"charlotte-rampling-and-andrew-haigh","bergman-island-2006","153","https://www.youtube.com/watch?v=F3-hyGZuyqk&t=153","high","criterion","1","10","0","","","","",""
"charlotte-rampling-and-andrew-haigh","sunday-bloody-sunday","184","https://www.youtube.com/watch?v=F3-hyGZuyqk&t=184","high","criterion","1","11","0","","","","",""
"charlotte-rampling-and-andrew-haigh","3-films-by-roberto-rossellini-starring-ingrid-bergman","0","","none","criterion","1","12","1","3 Films by Roberto Rossellini Starring Ingrid Bergman","3","https://www.criterion.com/boxsets/982-3-films-by-roberto-rossellini-starring-ingrid-bergman","",""
"charlotte-rampling-and-andrew-haigh","trilogy-of-life","0","","none","criterion","1","13","1","Trilogy of Life","3","https://www.criterion.com/boxsets/916-trilogy-of-life","",""
"guy-maddin","lavventura","30","https://www.youtube.com/watch?v=TowINv3Oq8E&t=30","high","criterion","1","1","0","","","","",""
"guy-maddin","the-night-porter","37","https://www.youtube.com/watch?v=TowINv3Oq8E&t=37","high","criterion","1","2","0","","","","",""
"guy-maddin","symbiopsychotaxiplasm-two-takes","53","https://www.youtube.com/watch?v=TowINv3Oq8E&t=53","high","criterion","1","3","0","","","","",""
"guy-maddin","mouchette","57","https://www.youtube.com/watch?v=TowINv3Oq8E&t=57","high","criterion","1","4","0","","","","",""
"guy-maddin","when-a-woman-ascends-the-stairs","60","https://www.youtube.com/watch?v=TowINv3Oq8E&t=60","high","criterion","1","5","0","","","","",""
"guy-maddin","wr-mysteries-of-the-organism","67","https://www.youtube.com/watch?v=TowINv3Oq8E&t=67","high","criterion","1","6","0","","","","",""
"guy-maddin","robinson-crusoe-on-mars","77","https://www.youtube.com/watch?v=TowINv3Oq8E&t=77","high","criterion","1","7","0","","","","",""
"elegance-bratton","sid-nancy","28","https://www.youtube.com/watch?v=7eZDsZWqrBE&t=28","high","criterion","1","1","0","","","","",""
"elegance-bratton","summertime","42","https://www.youtube.com/watch?v=7eZDsZWqrBE&t=42","high","criterion","1","2","0","","","","",""
"elegance-bratton","ratcatcher","52","https://www.youtube.com/watch?v=7eZDsZWqrBE&t=52","high","criterion","1","3","0","","","","",""
"elegance-bratton","written-on-the-wind","63","https://www.youtube.com/watch?v=7eZDsZWqrBE&t=63","high","criterion","1","4","0","","","","",""
"elegance-bratton","all-that-heaven-allows","80","https://www.youtube.com/watch?v=7eZDsZWqrBE&t=80","high","criterion","1","5","0","","","","",""
"elegance-bratton","rashomon","90","https://www.youtube.com/watch?v=7eZDsZWqrBE&t=90","high","criterion","1","6","0","","","","",""
"elegance-bratton","paris-is-burning","143","https://www.youtube.com/watch?v=7eZDsZWqrBE&t=143","high","criterion","1","7","0","","","","",""
"elegance-bratton","bamboozled","165","https://www.youtube.com/watch?v=7eZDsZWqrBE&t=165","high","criterion","1","8","0","","","","",""
"elegance-bratton","the-battle-of-algiers","234","https://www.youtube.com/watch?v=7eZDsZWqrBE&t=234","high","criterion","1","9","0","","","","",""
"elegance-bratton","some-like-it-hot","274","https://www.youtube.com/watch?v=7eZDsZWqrBE&t=274","high","criterion","1","10","0","","","","",""
"elegance-bratton","melvin-van-peebles-essential-films","123","https://www.youtube.com/watch?v=7eZDsZWqrBE&t=123","high","criterion","1","11","1","Melvin Van Peebles: Essential Films","4","https://www.criterion.com/boxsets/4787-melvin-van-peebles-essential-films","",""
"matthew-modine","high-and-low","251","https://www.youtube.com/watch?v=Gugp7YzVuC4&t=251","high","criterion","1","1","0","","","","",""
"matthew-modine","tanner-88","20","https://www.youtube.com/watch?v=Gugp7YzVuC4&t=20","high","criterion","1","2","0","","","","",""
"matthew-modine","the-black-stallion","152","https://www.youtube.com/watch?v=Gugp7YzVuC4&t=152","high","criterion","1","3","0","","","","",""
"matthew-modine","dr-strangelove-or-how-i-learned-to-stop-worrying-and-love-the-bomb","202","https://www.youtube.com/watch?v=Gugp7YzVuC4&t=202","high","criterion","1","4","0","","","","",""
"matthew-modine","night-of-the-living-dead","99","https://www.youtube.com/watch?v=Gugp7YzVuC4&t=99","high","criterion","1","5","0","","","","",""
"matthew-modine","midnight-cowboy","128","https://www.youtube.com/watch?v=Gugp7YzVuC4&t=128","high","criterion","1","6","0","","","","",""
"matthew-modine","the-player","71","https://www.youtube.com/watch?v=Gugp7YzVuC4&t=71","high","criterion","1","7","0","","","","",""
"robert-downey-sr","812","43","https://www.youtube.com/watch?v=ZHBVH6ut2k8&t=43","high","criterion","1","1","1","Essential Fellini","","","",""
"robert-downey-sr","two-lane-blacktop","87","https://www.youtube.com/watch?v=ZHBVH6ut2k8&t=87","high","criterion","1","2","0","","","","",""
"robert-downey-sr","america-lost-and-found-the-bbs-story","73","https://www.youtube.com/watch?v=ZHBVH6ut2k8&t=73","high","criterion","1","3","1","America Lost and Found: The BBS Story","7","https://www.criterion.com/boxsets/769-america-lost-and-found-the-bbs-story","",""
"robert-downey-sr","john-cassavetes-five-films","131","https://www.youtube.com/watch?v=ZHBVH6ut2k8&t=131","high","criterion","1","4","1","John Cassavetes: Five Films","5","https://www.criterion.com/boxsets/558-john-cassavetes-five-films","",""
"anton-corbijn","sweet-smell-of-success","104","https://www.youtube.com/watch?v=OTzyn4xNU9M&t=104","none","criterion","1","1","0","","","","",""
"anton-corbijn","midnight-cowboy","30","https://www.youtube.com/watch?v=OTzyn4xNU9M&t=30","high","criterion","1","2","0","","","","",""
"anton-corbijn","the-american-friend","68","https://www.youtube.com/watch?v=OTzyn4xNU9M&t=68","high","criterion","1","3","0","","","","",""
"anton-corbijn","the-last-waltz","130","https://www.youtube.com/watch?v=OTzyn4xNU9M&t=130","medium","criterion","1","4","0","","","","",""
"anton-corbijn","cold-war","163","https://www.youtube.com/watch?v=OTzyn4xNU9M&t=163","medium","criterion","1","5","0","","","","",""
"john-sayles","la-strada","33","https://www.youtube.com/watch?v=g4SrBi2bYiM&t=33","high","criterion","1","1","1","Essential Fellini","","","",""
"john-sayles","the-organizer","86","https://www.youtube.com/watch?v=g4SrBi2bYiM&t=86","high","criterion","1","2","0","","","","",""
"john-sayles","his-girl-friday","204","https://www.youtube.com/watch?v=g4SrBi2bYiM&t=204","high","criterion","1","3","0","","","","",""
"john-sayles","state-of-siege","131","https://www.youtube.com/watch?v=g4SrBi2bYiM&t=131","high","criterion","1","4","0","","","","",""
"tracy-letts","kwaidan","22","https://www.youtube.com/watch?v=EQ7jDVdL5Ko&t=22","high","criterion","1","1","0","","","","",""
"tracy-letts","do-the-right-thing","37","https://www.youtube.com/watch?v=EQ7jDVdL5Ko&t=37","high","criterion","1","2","0","","","","",""
"tracy-letts","hoop-dreams","54","https://www.youtube.com/watch?v=EQ7jDVdL5Ko&t=54","high","criterion","1","3","0","","","","",""
"tracy-letts","berlin-alexanderplatz","67","https://www.youtube.com/watch?v=EQ7jDVdL5Ko&t=67","high","criterion","1","4","0","","","","",""
"tracy-letts","winchester-73","93","https://www.youtube.com/watch?v=EQ7jDVdL5Ko&t=93","high","criterion","1","5","0","","","","",""
"tracy-letts","red-river","97","https://www.youtube.com/watch?v=EQ7jDVdL5Ko&t=97","high","criterion","1","6","0","","","","",""
"tracy-letts","round-midnight","130","https://www.youtube.com/watch?v=EQ7jDVdL5Ko&t=130","high","criterion","1","7","0","","","","",""
"tracy-letts","thelonious-monk-straight-no-chaser","147","https://www.youtube.com/watch?v=EQ7jDVdL5Ko&t=147","high","criterion","1","8","0","","","","",""
"tracy-letts","choose-me","155","https://www.youtube.com/watch?v=EQ7jDVdL5Ko&t=155","high","criterion","1","9","0","","","","",""
"tracy-letts","love-jones","184","https://www.youtube.com/watch?v=EQ7jDVdL5Ko&t=184","high","criterion","1","10","0","","","","",""
"tracy-letts","the-complete-mr-arkadin","211","https://www.youtube.com/watch?v=EQ7jDVdL5Ko&t=211","high","criterion","1","11","0","","","","",""
"tracy-letts","the-ranown-westerns-five-films-directed-by-budd-boetticher","101","https://www.youtube.com/watch?v=EQ7jDVdL5Ko&t=101","high","criterion","1","12","1","The Ranown Westerns: Five Films Directed by Budd Boetticher","5","https://www.criterion.com/boxsets/6702-the-ranown-westerns-five-films-directed-by-budd-boetticher","",""
"seth-meyers","army-of-shadows","13","https://www.youtube.com/watch?v=-pfZlhfY4JM&t=13","high","criterion","1","1","0","","","","",""
"seth-meyers","the-grand-budapest-hotel","49","https://www.youtube.com/watch?v=-pfZlhfY4JM&t=49","high","criterion","1","2","0","","","","",""
"seth-meyers","millers-crossing","84","https://www.youtube.com/watch?v=-pfZlhfY4JM&t=84","high","criterion","1","3","0","","","","",""
"seth-meyers","watership-down","114","https://www.youtube.com/watch?v=-pfZlhfY4JM&t=114","high","criterion","1","4","0","","","","",""
"seth-meyers","lost-in-america","142","https://www.youtube.com/watch?v=-pfZlhfY4JM&t=142","high","criterion","1","5","0","","","","",""
"seth-meyers","withnail-and-i","205","https://www.youtube.com/watch?v=-pfZlhfY4JM&t=205","high","criterion","1","6","0","","","","",""
"seth-meyers","the-long-good-friday","226","https://www.youtube.com/watch?v=-pfZlhfY4JM&t=226","high","criterion","1","7","0","","","","",""
"seth-meyers","grey-gardens","263","https://www.youtube.com/watch?v=-pfZlhfY4JM&t=263","high","criterion","1","8","0","","","","",""
"seth-meyers","salesman","267","https://www.youtube.com/watch?v=-pfZlhfY4JM&t=267","high","criterion","1","9","0","","","","",""
"andre-gregory-and-wallace-shawn","weekend-1967","67","https://www.youtube.com/watch?v=xjMy2RSgBAo&t=67","high","criterion","1","1","0","","","","",""
"andre-gregory-and-wallace-shawn","eclipse","133","https://www.youtube.com/watch?v=xjMy2RSgBAo&t=133","medium","criterion","1","2","0","","","","",""
"andre-gregory-and-wallace-shawn","red-desert","182","https://www.youtube.com/watch?v=xjMy2RSgBAo&t=182","high","criterion","1","3","0","","","","",""
"andre-gregory-and-wallace-shawn","eating-raoul","267","https://www.youtube.com/watch?v=xjMy2RSgBAo&t=267","high","criterion","1","4","0","","","","",""
"andre-gregory-and-wallace-shawn","the-life-and-death-of-colonel-blimp","344","https://www.youtube.com/watch?v=xjMy2RSgBAo&t=344","high","criterion","1","5","0","","","","",""
"andre-gregory-and-wallace-shawn","andre-gregory-wallace-shawn-3-films","251","https://www.youtube.com/watch?v=xjMy2RSgBAo&t=251","medium","criterion","1","6","1","André Gregory & Wallace Shawn: 3 Films","3","https://www.criterion.com/boxsets/1110-andre-gregory-wallace-shawn-3-films","",""
"gaspar-noe","seconds","15","https://www.youtube.com/watch?v=U_2R7T4-78E&t=15","high","criterion","1","1","0","","","","",""
"gaspar-noe","master-of-the-house","27","https://www.youtube.com/watch?v=U_2R7T4-78E&t=27","high","criterion","1","2","0","","","","",""
"gaspar-noe","safe","43","https://www.youtube.com/watch?v=U_2R7T4-78E&t=43","high","criterion","1","3","0","","","","",""
"gaspar-noe","state-of-siege","54","https://www.youtube.com/watch?v=U_2R7T4-78E&t=54","high","criterion","1","4","0","","","","",""
"gaspar-noe","sundays-and-cybele","78","https://www.youtube.com/watch?v=U_2R7T4-78E&t=78","high","criterion","1","5","0","","","","",""
"gaspar-noe","jigoku","87","https://www.youtube.com/watch?v=U_2R7T4-78E&t=87","high","criterion","1","6","0","","","","",""
"gaspar-noe","island-of-lost-souls","110","https://www.youtube.com/watch?v=U_2R7T4-78E&t=110","high","criterion","1","7","0","","","","",""
"gaspar-noe","the-naked-prey","113","https://www.youtube.com/watch?v=U_2R7T4-78E&t=113","medium","criterion","1","8","0","","","","",""
"gaspar-noe","salo-or-the-120-days-of-sodom","131","https://www.youtube.com/watch?v=U_2R7T4-78E&t=131","medium","criterion","1","9","0","","","","",""
"gaspar-noe","patriotism","144","https://www.youtube.com/watch?v=U_2R7T4-78E&t=144","high","criterion","1","10","0","","","","",""
"gaspar-noe","mishima-a-life-in-four-chapters","159","https://www.youtube.com/watch?v=U_2R7T4-78E&t=159","high","criterion","1","11","0","","","","",""
"gaspar-noe","eclipse-series-37-when-horror-came-to-shochiku","0","https://www.youtube.com/watch?v=U_2R7T4-78E&t=0","high","criterion","1","12","1","Eclipse Series 37: When Horror Came to Shochiku","-1","https://www.criterion.com/boxsets/928-eclipse-series-37-when-horror-came-to-shochiku","",""
"gaspar-noe","pigs-pimps-prostitutes-3-films-by-shohei-imamura","22","https://www.youtube.com/watch?v=U_2R7T4-78E&t=22","high","criterion","1","13","1","Pigs, Pimps & Prostitutes: 3 Films by Shohei Imamura","3","https://www.criterion.com/boxsets/613-pigs-pimps-prostitutes-3-films-by-shohei-imamura","",""
"alec-baldwin","310-to-yuma","6","https://www.youtube.com/watch?v=aRQ4DRUIJBc&t=6","high","criterion","1","1","0","","","","",""
"alec-baldwin","the-magician","121","https://www.youtube.com/watch?v=aRQ4DRUIJBc&t=121","high","criterion","1","2","1","Ingmar Bergman's Cinema","","","",""
"alec-baldwin","trilogy-of-life","40","https://www.youtube.com/watch?v=aRQ4DRUIJBc&t=40","high","criterion","1","3","1","Trilogy of Life","3","https://www.criterion.com/boxsets/916-trilogy-of-life","",""
"phil-rosenthal","babettes-feast","9","https://www.youtube.com/watch?v=fkS1CpXhv9c&t=9","high","criterion","1","1","0","","","","",""
"phil-rosenthal","stagecoach","14","https://www.youtube.com/watch?v=fkS1CpXhv9c&t=14","high","criterion","1","2","0","","","","",""
"phil-rosenthal","foreign-correspondent","20","https://www.youtube.com/watch?v=fkS1CpXhv9c&t=20","high","criterion","1","3","0","","","","",""
"phil-rosenthal","dr-strangelove-or-how-i-learned-to-stop-worrying-and-love-the-bomb","37","https://www.youtube.com/watch?v=fkS1CpXhv9c&t=37","high","criterion","1","4","0","","","","",""
"phil-rosenthal","overlord","62","https://www.youtube.com/watch?v=fkS1CpXhv9c&t=62","high","criterion","1","5","0","","","","",""
"phil-rosenthal","make-way-for-tomorrow","71","https://www.youtube.com/watch?v=fkS1CpXhv9c&t=71","high","criterion","1","6","0","","","","",""
"phil-rosenthal","sullivans-travels","83","https://www.youtube.com/watch?v=fkS1CpXhv9c&t=83","high","criterion","1","7","0","","","","",""
"phil-rosenthal","on-the-waterfront","130","https://www.youtube.com/watch?v=fkS1CpXhv9c&t=130","high","criterion","1","8","0","","","","",""
"phil-rosenthal","the-innocents","124","https://www.youtube.com/watch?v=fkS1CpXhv9c&t=124","high","criterion","1","9","0","","","","",""
"reginald-hudlin","black-orpheus","33","https://www.youtube.com/watch?v=HvTo60eXjcs&t=33","high","criterion","1","1","0","","","","",""
"reginald-hudlin","killer-of-sheep-1978","45","https://www.youtube.com/watch?v=HvTo60eXjcs&t=45","high","criterion","1","2","0","","","","",""
"reginald-hudlin","menace-ii-society","74","https://www.youtube.com/watch?v=HvTo60eXjcs&t=74","high","criterion","1","3","0","","","","",""
"reginald-hudlin","risky-business","101","https://www.youtube.com/watch?v=HvTo60eXjcs&t=101","high","criterion","1","4","0","","","","",""
"reginald-hudlin","rouge","121","https://www.youtube.com/watch?v=HvTo60eXjcs&t=121","high","criterion","1","5","0","","","","",""
"reginald-hudlin","melvin-van-peebles-essential-films","135","https://www.youtube.com/watch?v=HvTo60eXjcs&t=135","high","criterion","1","6","1","Melvin Van Peebles: Essential Films","4","https://www.criterion.com/boxsets/4787-melvin-van-peebles-essential-films","",""
"reginald-hudlin","bruce-lee-his-greatest-hits-box-set","179","https://www.youtube.com/watch?v=HvTo60eXjcs&t=179","high","criterion","1","7","1","Bruce Lee: His Greatest Hits","5","https://www.criterion.com/boxsets/3205-bruce-lee-his-greatest-hits","",""
"reginald-hudlin","essential-fellini","229","https://www.youtube.com/watch?v=HvTo60eXjcs&t=229","high","criterion","1","8","1","Essential Fellini","14","https://www.criterion.com/boxsets/3626-essential-fellini","",""
"david-remnick","a-man-escaped","8","https://www.youtube.com/watch?v=xmtYGTtOQww&t=8","high","criterion","1","1","0","","","","",""
"david-remnick","citizen-kane","37","https://www.youtube.com/watch?v=xmtYGTtOQww&t=37","high","criterion","1","2","0","","","","",""
"david-remnick","thelonious-monk-straight-no-chaser","65","https://www.youtube.com/watch?v=xmtYGTtOQww&t=65","high","criterion","1","3","0","","","","",""
"david-remnick","burden-of-dreams","85","https://www.youtube.com/watch?v=xmtYGTtOQww&t=85","high","criterion","1","4","0","","","","",""
"david-remnick","shoot-the-piano-player","114","https://www.youtube.com/watch?v=xmtYGTtOQww&t=114","high","criterion","1","5","0","","","","",""
"david-remnick","king-lear-1987","186","https://www.youtube.com/watch?v=xmtYGTtOQww&t=186","high","criterion","1","6","0","","","","",""
"david-remnick","the-french-dispatch-of-the-liberty-kansas-evening-sun","236","https://www.youtube.com/watch?v=xmtYGTtOQww&t=236","high","criterion","1","7","0","","","","",""
"david-remnick","by-brakhage-an-anthology-volumes-one-and-two","138","https://www.youtube.com/watch?v=xmtYGTtOQww&t=138","high","criterion","1","8","1","By Brakhage: An Anthology, Volumes One and Two","2","https://www.criterion.com/boxsets/722-by-brakhage-an-anthology-volumes-one-and-two","",""
"david-remnick","the-wes-anderson-archive-ten-films-twenty-five-years","223","https://www.youtube.com/watch?v=xmtYGTtOQww&t=223","high","criterion","1","9","1","The Wes Anderson Archive: Ten Films, Twenty-Five Years","10","https://www.criterion.com/boxsets/8208-the-wes-anderson-archive-ten-films-twenty-five-years","",""
"robert-eggers","the-color-of-pomegranates","9","https://www.youtube.com/watch?v=uLH8TfnsY9Y&t=9","high","criterion","1","1","0","","","","",""
"robert-eggers","death-in-venice","96","https://www.youtube.com/watch?v=uLH8TfnsY9Y&t=96","high","criterion","1","2","0","","","","",""
"robert-eggers","an-actors-revenge","163","https://www.youtube.com/watch?v=uLH8TfnsY9Y&t=163","high","criterion","1","3","0","","","","",""
"robert-eggers","demon-pond","190","https://www.youtube.com/watch?v=uLH8TfnsY9Y&t=190","high","criterion","1","4","0","","","","",""
"robert-eggers","the-innocents","248","https://www.youtube.com/watch?v=uLH8TfnsY9Y&t=248","high","criterion","1","5","0","","","","",""
"robert-eggers","pasolini-101","34","https://www.youtube.com/watch?v=uLH8TfnsY9Y&t=34","high","criterion","1","6","1","Pasolini 101","9","https://www.criterion.com/boxsets/6588-pasolini-101","",""
"robert-eggers","tod-brownings-sideshow-shockers-freaks-the-unknown-the-mystic","205","https://www.youtube.com/watch?v=uLH8TfnsY9Y&t=205","high","criterion","1","7","1","Freaks / The Unknown / The Mystic: Tod Browning's Sideshow Shockers","3","https://www.criterion.com/boxsets/6911-freaks-the-unknown-the-mystic-tod-browning-s-sideshow-shockers","",""
"pablo-larrain","y-tu-mama-tambien","5","https://www.youtube.com/watch?v=AdnnuEqbio8&t=5","high","criterion","1","1","0","","","","",""
"pablo-larrain","berlin-alexanderplatz","116","https://www.youtube.com/watch?v=AdnnuEqbio8&t=116","high","criterion","1","2","0","","","","",""
"pablo-larrain","boyhood","149","https://www.youtube.com/watch?v=AdnnuEqbio8&t=149","high","criterion","1","3","0","","","","",""
"pablo-larrain","all-about-my-mother","186","https://www.youtube.com/watch?v=AdnnuEqbio8&t=186","high","criterion","1","4","0","","","","",""
"pablo-larrain","certified-copy","227","https://www.youtube.com/watch?v=AdnnuEqbio8&t=227","high","criterion","1","5","0","","","","",""
"pablo-larrain","pasolini-101","41","https://www.youtube.com/watch?v=AdnnuEqbio8&t=41","high","criterion","1","6","1","Pasolini 101","9","https://www.criterion.com/boxsets/6588-pasolini-101","",""
"pablo-larrain","the-three-colors-trilogy","87","https://www.youtube.com/watch?v=AdnnuEqbio8&t=87","high","criterion","1","7","1","Three Colors","3","https://www.criterion.com/boxsets/844-three-colors","",""
"pauline-chalamet","fat-girl","23","https://www.youtube.com/watch?v=muWBBWZpd4Q&t=23","high","criterion","1","1","0","","","","",""
"pauline-chalamet","wanda","44","https://www.youtube.com/watch?v=muWBBWZpd4Q&t=44","high","criterion","1","2","0","","","","",""
"pauline-chalamet","girlfriends","63","https://www.youtube.com/watch?v=muWBBWZpd4Q&t=63","high","criterion","1","3","0","","","","",""
"pauline-chalamet","a-nos-amours","158","https://www.youtube.com/watch?v=muWBBWZpd4Q&t=158","high","criterion","1","4","0","","","","",""
"pauline-chalamet","day-for-night","198","https://www.youtube.com/watch?v=muWBBWZpd4Q&t=198","high","criterion","1","5","0","","","","",""
"pauline-chalamet","the-other-side-of-hope","235","https://www.youtube.com/watch?v=muWBBWZpd4Q&t=235","high","criterion","1","6","0","","","","",""
"pauline-chalamet","john-cassavetes-five-films","7","https://www.youtube.com/watch?v=muWBBWZpd4Q&t=7","high","criterion","1","7","1","John Cassavetes: Five Films","5","https://www.criterion.com/boxsets/558-john-cassavetes-five-films","",""
"pauline-chalamet","six-moral-tales","108","https://www.youtube.com/watch?v=muWBBWZpd4Q&t=108","high","criterion","1","8","1","Six Moral Tales","6","https://www.criterion.com/boxsets/417-six-moral-tales","",""
"pauline-chalamet","the-complete-films-of-agnes-varda","132","https://www.youtube.com/watch?v=muWBBWZpd4Q&t=132","high","criterion","1","9","1","The Complete Films of Agnès Varda","22","https://www.criterion.com/boxsets/3432-the-complete-films-of-agnes-varda","",""
"justine-triet","an-unmarried-woman","19","https://www.youtube.com/watch?v=YaPwpoe746g&t=19","high","criterion","1","1","0","","","","",""
"justine-triet","la-verite","33","https://www.youtube.com/watch?v=YaPwpoe746g&t=33","high","criterion","1","2","0","","","","",""
"justine-triet","petite-maman","138","https://www.youtube.com/watch?v=YaPwpoe746g&t=138","high","criterion","1","3","0","","","","",""
"justine-triet","sex-lies-and-videotape","158","https://www.youtube.com/watch?v=YaPwpoe746g&t=158","high","criterion","1","4","0","","","","",""
"justine-triet","la-notte","213","https://www.youtube.com/watch?v=YaPwpoe746g&t=213","high","criterion","1","5","0","","","","",""
"justine-triet","eclipse-series-22-presenting-sacha-guitry","54","https://www.youtube.com/watch?v=YaPwpoe746g&t=54","high","criterion","1","6","1","Eclipse Series 22: Presenting Sacha Guitry","-1","https://www.criterion.com/boxsets/736-eclipse-series-22-presenting-sacha-guitry","",""
"justine-triet","eclipse-series-24-the-actuality-dramas-of-allan-king","85","https://www.youtube.com/watch?v=YaPwpoe746g&t=85","high","criterion","1","7","1","Eclipse Series 24: The Actuality Dramas of Allan King","5","https://www.criterion.com/boxsets/752-eclipse-series-24-the-actuality-dramas-of-allan-king","",""
"agnes-varda","an-angel-at-my-table","8","https://www.youtube.com/watch?v=s7Jx0Pjq_kQ&t=8","high","criterion","1","1","0","","","","",""
"agnes-varda","sweetie","12","https://www.youtube.com/watch?v=s7Jx0Pjq_kQ&t=12","high","criterion","1","2","0","","","","",""
"agnes-varda","taste-of-cherry","20","https://www.youtube.com/watch?v=s7Jx0Pjq_kQ&t=20","high","criterion","1","3","0","","","","",""
"agnes-varda","la-promesse","52","https://www.youtube.com/watch?v=s7Jx0Pjq_kQ&t=52","high","criterion","1","4","0","","","","",""
"agnes-varda","band-of-outsiders","64","https://www.youtube.com/watch?v=s7Jx0Pjq_kQ&t=64","high","criterion","1","5","0","","","","",""
"agnes-varda","tiny-furniture","79","https://www.youtube.com/watch?v=s7Jx0Pjq_kQ&t=79","high","criterion","1","6","0","","","","",""
"agnes-varda","the-marriage-of-maria-braun","90","https://www.youtube.com/watch?v=s7Jx0Pjq_kQ&t=90","high","criterion","1","7","0","","","","",""
"terry-gilliam","rififi","31","https://www.youtube.com/watch?v=926c1196Pnk&t=31","high","criterion","1","1","0","","","","",""
"terry-gilliam","812","35","https://www.youtube.com/watch?v=926c1196Pnk&t=35","high","criterion","1","2","1","Essential Fellini","","","",""
"terry-gilliam","paths-of-glory","151","https://www.youtube.com/watch?v=926c1196Pnk&t=151","high","criterion","1","3","0","","","","",""
"terry-gilliam","yojimbo-sanjuro-two-samurai-films-by-akira-kurosawa","11","https://www.youtube.com/watch?v=926c1196Pnk&t=11","high","criterion","1","4","1","Yojimbo / Sanjuro: Two Samurai Films by Akira Kurosawa","2","https://www.criterion.com/boxsets/590-yojimbo-sanjuro-two-samurai-films-by-akira-kurosawa","",""
"terry-gilliam","the-complete-jacques-tati","17","https://www.youtube.com/watch?v=926c1196Pnk&t=17","high","criterion","1","5","1","The Complete Jacques Tati","6","https://www.criterion.com/boxsets/1069-the-complete-jacques-tati","",""
"terry-gilliam","ingmar-bergmans-cinema","77","https://www.youtube.com/watch?v=926c1196Pnk&t=77","high","criterion","1","6","1","Ingmar Bergman's Cinema","40","https://www.criterion.com/boxsets/1427-ingmar-bergman-s-cinema","",""
"joel-potrykus","fast-times-at-ridgemont-high","68","https://www.youtube.com/watch?v=asVS_TKy5ow&t=68","high","criterion","1","1","0","","","","",""
"joel-potrykus","equinox","85","https://www.youtube.com/watch?v=asVS_TKy5ow&t=85","high","criterion","1","2","0","","","","",""
"joel-potrykus","scorsese-shorts","102","https://www.youtube.com/watch?v=asVS_TKy5ow&t=102","high","criterion","1","3","0","","","","",""
"joel-potrykus","trainspotting","118","https://www.youtube.com/watch?v=asVS_TKy5ow&t=118","high","criterion","1","4","0","","","","",""
"joel-potrykus","if","176","https://www.youtube.com/watch?v=asVS_TKy5ow&t=176","high","criterion","1","5","0","","","","",""
"joel-potrykus","three-films-by-luis-bunuel","139","https://www.youtube.com/watch?v=asVS_TKy5ow&t=139","high","criterion","1","6","1","Three Films by Luis Buñuel","3","https://www.criterion.com/boxsets/3900-three-films-by-luis-bunuel","",""
"nick-lowe","great-expectations","14","https://www.youtube.com/watch?v=4d1HdrVMr1k&t=14","high","criterion","1","1","0","","","","",""
"nick-lowe","repo-man","29","https://www.youtube.com/watch?v=4d1HdrVMr1k&t=29","high","criterion","1","2","0","","","","",""
"nick-lowe","one-eyed-jacks","45","https://www.youtube.com/watch?v=4d1HdrVMr1k&t=45","high","criterion","1","3","0","","","","",""
"nick-lowe","the-flight-of-the-phoenix","87","https://www.youtube.com/watch?v=4d1HdrVMr1k&t=87","high","criterion","1","4","0","","","","",""
"karina-longworth","loves-of-a-blonde","15","https://www.youtube.com/watch?v=AHUyj4kFmF4&t=15","high","criterion","1","1","0","","","","",""
"karina-longworth","mamma-roma","35","https://www.youtube.com/watch?v=AHUyj4kFmF4&t=35","high","criterion","1","2","0","","","","",""
"karina-longworth","the-scarlet-empress","62","https://www.youtube.com/watch?v=AHUyj4kFmF4&t=62","high","criterion","1","3","0","","","","",""
"karina-longworth","i-am-curious-yellow","17","https://www.youtube.com/watch?v=AHUyj4kFmF4&t=17","high","criterion","1","4","0","","","","",""
"karina-longworth","border-radio","6","https://www.youtube.com/watch?v=AHUyj4kFmF4&t=6","high","criterion","1","5","0","","","","",""
"karina-longworth","people-on-sunday","74","https://www.youtube.com/watch?v=AHUyj4kFmF4&t=74","high","criterion","1","6","0","","","","",""
"karina-longworth","chronicle-of-a-summer","98","https://www.youtube.com/watch?v=AHUyj4kFmF4&t=98","high","criterion","1","7","0","","","","",""
"karina-longworth","desert-hearts","53","https://www.youtube.com/watch?v=AHUyj4kFmF4&t=53","high","criterion","1","8","0","","","","",""
"karina-longworth","personal-shopper","83","https://www.youtube.com/watch?v=AHUyj4kFmF4&t=83","high","criterion","1","9","0","","","","",""
"karina-longworth","the-marseille-trilogy","109","https://www.youtube.com/watch?v=AHUyj4kFmF4&t=109","high","letterboxd","1","10","1","The Marseille Trilogy","3","https://www.criterion.com/boxsets/1264-the-marseille-trilogy","",""
"barry-levinson","jules-and-jim","13","https://www.youtube.com/watch?v=cqr3e6m8DGY&t=13","high","criterion","1","1","0","","","","",""
"barry-levinson","spartacus","58","https://www.youtube.com/watch?v=cqr3e6m8DGY&t=58","high","criterion","1","2","0","","","","",""
"barry-levinson","dont-look-back","41","https://www.youtube.com/watch?v=cqr3e6m8DGY&t=41","high","criterion","1","3","0","","","","",""
"barry-levinson","one-eyed-jacks","83","https://www.youtube.com/watch?v=cqr3e6m8DGY&t=83","high","criterion","1","4","0","","","","",""
"barry-levinson","chimes-at-midnight","146","https://www.youtube.com/watch?v=cqr3e6m8DGY&t=146","high","criterion","1","5","0","","","","",""
"barry-levinson","shadows","111","https://www.youtube.com/watch?v=cqr3e6m8DGY&t=111","high","criterion","1","6","1","John Cassavetes: Five Films","","","",""
"alfonso-cuaron-and-pawel-pawlikowski","vivre-sa-vie","0","https://www.youtube.com/watch?v=BGvcB42YnM8&t=0","high","criterion","1","1","0","","","","",""
"alfonso-cuaron-and-pawel-pawlikowski","the-firemens-ball","12","https://www.youtube.com/watch?v=BGvcB42YnM8&t=12","high","criterion","1","2","0","","","","",""
"alfonso-cuaron-and-pawel-pawlikowski","to-be-or-not-to-be","31","https://www.youtube.com/watch?v=BGvcB42YnM8&t=31","high","criterion","1","3","0","","","","",""
"alfonso-cuaron-and-pawel-pawlikowski","masculin-feminin","74","https://www.youtube.com/watch?v=BGvcB42YnM8&t=74","high","criterion","1","4","0","","","","",""
"alfonso-cuaron-and-pawel-pawlikowski","the-virgin-spring","78","https://www.youtube.com/watch?v=BGvcB42YnM8&t=78","high","criterion","1","5","1","Ingmar Bergman's Cinema","","","",""
"alfonso-cuaron-and-pawel-pawlikowski","two-lane-blacktop","96","https://www.youtube.com/watch?v=BGvcB42YnM8&t=96","high","criterion","1","6","0","","","","",""
"alfonso-cuaron-and-pawel-pawlikowski","this-sporting-life","108","https://www.youtube.com/watch?v=BGvcB42YnM8&t=108","high","criterion","1","7","0","","","","",""
"alfonso-cuaron-and-pawel-pawlikowski","naked","126","https://www.youtube.com/watch?v=BGvcB42YnM8&t=126","medium","criterion","1","8","0","","","","",""
"alfonso-cuaron-and-pawel-pawlikowski","lola-montes","7","https://www.youtube.com/watch?v=BGvcB42YnM8&t=7","high","criterion","1","9","0","","","","",""
"alfonso-cuaron-and-pawel-pawlikowski","the-complete-jean-vigo","0","","none","criterion","1","10","1","The Complete Jean Vigo","3","https://www.criterion.com/boxsets/819-the-complete-jean-vigo","",""
"alfonso-cuaron-and-pawel-pawlikowski","eclipse-series-11-larisa-shepitko","62","https://www.youtube.com/watch?v=BGvcB42YnM8&t=62","high","criterion","1","11","1","Eclipse Series 11: Larisa Shepitko","2","https://www.criterion.com/boxsets/75-eclipse-series-11-larisa-shepitko","",""
"aubrey-plaza-and-jeff-baena","the-lady-eve","0","https://www.youtube.com/watch?v=b78bW2EoXeM&t=0","high","criterion","1","1","0","","","","",""
"aubrey-plaza-and-jeff-baena","for-all-mankind","10","https://www.youtube.com/watch?v=b78bW2EoXeM&t=10","high","criterion","1","2","0","","","","",""
"aubrey-plaza-and-jeff-baena","harold-and-maude","18","https://www.youtube.com/watch?v=b78bW2EoXeM&t=18","high","criterion","1","3","0","","","","",""
"aubrey-plaza-and-jeff-baena","being-there","21","https://www.youtube.com/watch?v=b78bW2EoXeM&t=21","high","criterion","1","4","0","","","","",""
"aubrey-plaza-and-jeff-baena","under-the-volcano","27","https://www.youtube.com/watch?v=b78bW2EoXeM&t=27","high","criterion","1","5","0","","","","",""
"aubrey-plaza-and-jeff-baena","scenes-from-a-marriage","43","https://www.youtube.com/watch?v=b78bW2EoXeM&t=43","high","criterion","1","6","1","Ingmar Bergman's Cinema","","","",""
"aubrey-plaza-and-jeff-baena","the-squid-and-the-whale","49","https://www.youtube.com/watch?v=b78bW2EoXeM&t=49","medium","criterion","1","7","0","","","","",""
"aubrey-plaza-and-jeff-baena","3-women","54","https://www.youtube.com/watch?v=b78bW2EoXeM&t=54","high","criterion","1","8","0","","","","",""
"aubrey-plaza-and-jeff-baena","day-for-night","60","https://www.youtube.com/watch?v=b78bW2EoXeM&t=60","high","criterion","1","9","0","","","","",""
"aubrey-plaza-and-jeff-baena","city-lights","66","https://www.youtube.com/watch?v=b78bW2EoXeM&t=66","high","criterion","1","10","0","","","","",""
"aubrey-plaza-and-jeff-baena","a-taste-of-honey","70","https://www.youtube.com/watch?v=b78bW2EoXeM&t=70","high","criterion","1","11","0","","","","",""
"aubrey-plaza-and-jeff-baena","rosemarys-baby","74","https://www.youtube.com/watch?v=b78bW2EoXeM&t=74","high","criterion","1","12","0","","","","",""
"aubrey-plaza-and-jeff-baena","ghost-world","79","https://www.youtube.com/watch?v=b78bW2EoXeM&t=79","high","criterion","1","13","0","","","","",""
"aubrey-plaza-and-jeff-baena","the-big-chill","90","https://www.youtube.com/watch?v=b78bW2EoXeM&t=90","medium","criterion","1","14","0","","","","",""
"aubrey-plaza-and-jeff-baena","the-player","91","https://www.youtube.com/watch?v=b78bW2EoXeM&t=91","high","criterion","1","15","0","","","","",""
"aubrey-plaza-and-jeff-baena","i-married-a-witch","98","https://www.youtube.com/watch?v=b78bW2EoXeM&t=98","high","criterion","1","16","0","","","","",""
"aubrey-plaza-and-jeff-baena","safe","50","https://www.youtube.com/watch?v=b78bW2EoXeM&t=50","high","criterion","1","17","0","","","","",""
"aubrey-plaza-and-jeff-baena","america-lost-and-found-the-bbs-story","30","https://www.youtube.com/watch?v=b78bW2EoXeM&t=30","high","criterion","1","18","1","America Lost and Found: The BBS Story","7","https://www.criterion.com/boxsets/769-america-lost-and-found-the-bbs-story","",""
"bi-gan","youth-of-the-beast","18","https://www.youtube.com/watch?v=92CSq0Ct_dQ&t=18","high","criterion","1","1","0","","","","",""
"bi-gan","tampopo","38","https://www.youtube.com/watch?v=92CSq0Ct_dQ&t=38","high","criterion","1","2","0","","","","",""
"bi-gan","master-of-the-house","144","https://www.youtube.com/watch?v=92CSq0Ct_dQ&t=144","high","criterion","1","3","0","","","","",""
"bi-gan","812","250","https://www.youtube.com/watch?v=92CSq0Ct_dQ&t=250","high","criterion","1","4","1","Essential Fellini","","","",""
"bi-gan","the-complete-jacques-tati","108","https://www.youtube.com/watch?v=92CSq0Ct_dQ&t=108","high","criterion","1","5","1","The Complete Jacques Tati","6","https://www.criterion.com/boxsets/1069-the-complete-jacques-tati","",""
"jia-zhangke","roma-2018","10","https://www.youtube.com/watch?v=m6bQdKaRlsw&t=10","high","criterion","1","1","1","Essential Fellini","","","",""
"jia-zhangke","la-notte","35","https://www.youtube.com/watch?v=m6bQdKaRlsw&t=35","high","criterion","1","2","0","","","","",""
"jia-zhangke","city-lights","59","https://www.youtube.com/watch?v=m6bQdKaRlsw&t=59","high","criterion","1","3","0","","","","",""
"jia-zhangke","good-morning","103","https://www.youtube.com/watch?v=m6bQdKaRlsw&t=103","high","criterion","1","4","0","","","","",""
"jia-zhangke","pickpocket","123","https://www.youtube.com/watch?v=m6bQdKaRlsw&t=123","high","criterion","1","5","0","","","","",""
"jia-zhangke","yi-yi","151","https://www.youtube.com/watch?v=m6bQdKaRlsw&t=151","high","criterion","1","6","0","","","","",""
"johnnie-to","roma-2018","34","https://www.youtube.com/watch?v=kGZvmngLfBI&t=34","high","criterion","1","1","1","Essential Fellini","","","",""
"johnnie-to","dekalog","73","https://www.youtube.com/watch?v=kGZvmngLfBI&t=73","high","criterion","1","2","0","","","","",""
"johnnie-to","harakiri","119","https://www.youtube.com/watch?v=kGZvmngLfBI&t=119","high","criterion","1","3","0","","","","",""
"johnnie-to","stray-dog","142","https://www.youtube.com/watch?v=kGZvmngLfBI&t=142","high","criterion","1","4","0","","","","",""
"johnnie-to","raging-bull","200","https://www.youtube.com/watch?v=kGZvmngLfBI&t=200","high","criterion","1","5","0","","","","",""
"johnnie-to","scorsese-shorts","200","https://www.youtube.com/watch?v=kGZvmngLfBI&t=200","high","criterion","1","6","0","","","","",""
"johnnie-to","the-three-colors-trilogy","98","https://www.youtube.com/watch?v=kGZvmngLfBI&t=98","high","criterion","1","7","0","","","","",""
"johnnie-to","eclipse-series-38-masaki-kobayashi-against-the-system","138","https://www.youtube.com/watch?v=kGZvmngLfBI&t=138","medium","criterion","1","8","1","Eclipse Series 38: Masaki Kobayashi Against the System","-1","https://www.criterion.com/boxsets/952-eclipse-series-38-masaki-kobayashi-against-the-system","",""
"koji-yakusho","red-beard","33","https://www.youtube.com/watch?v=5qabOrVV3DQ&t=33","high","criterion","1","1","0","","","","",""
"koji-yakusho","ikiru","78","https://www.youtube.com/watch?v=5qabOrVV3DQ&t=78","high","criterion","1","2","0","","","","",""
"koji-yakusho","harakiri","123","https://www.youtube.com/watch?v=5qabOrVV3DQ&t=123","high","criterion","1","3","0","","","","",""
"koji-yakusho","the-funeral","151","https://www.youtube.com/watch?v=5qabOrVV3DQ&t=151","high","criterion","1","4","0","","","","",""
"koji-yakusho","cure","178","https://www.youtube.com/watch?v=5qabOrVV3DQ&t=178","high","criterion","1","5","0","","","","",""
"koji-yakusho","city-lights","223","https://www.youtube.com/watch?v=5qabOrVV3DQ&t=223","high","criterion","1","6","0","","","","",""
"koji-yakusho","paris-texas","253","https://www.youtube.com/watch?v=5qabOrVV3DQ&t=253","high","criterion","1","7","0","","","","",""
"hideo-kojima","high-and-low","58","https://www.youtube.com/watch?v=YUou0rghddc&t=58","high","criterion","1","1","0","","","","",""
"hideo-kojima","late-spring","86","https://www.youtube.com/watch?v=YUou0rghddc&t=86","high","criterion","1","2","0","","","","",""
"hideo-kojima","ugetsu","135","https://www.youtube.com/watch?v=YUou0rghddc&t=135","high","criterion","1","3","0","","","","",""
"hideo-kojima","kwaidan","161","https://www.youtube.com/watch?v=YUou0rghddc&t=161","high","criterion","1","4","0","","","","",""
"hideo-kojima","harakiri","179","https://www.youtube.com/watch?v=YUou0rghddc&t=179","high","criterion","1","5","0","","","","",""
"hideo-kojima","jigoku","206","https://www.youtube.com/watch?v=YUou0rghddc&t=206","high","criterion","1","6","0","","","","",""
"hideo-kojima","onibaba","244","https://www.youtube.com/watch?v=YUou0rghddc&t=244","high","criterion","1","7","0","","","","",""
"hideo-kojima","the-woman-in-the-dunes","283","https://www.youtube.com/watch?v=YUou0rghddc&t=283","high","criterion","1","8","0","","","","",""
"hideo-kojima","eclipse-series-3-late-ozu","106","https://www.youtube.com/watch?v=YUou0rghddc&t=106","high","criterion","1","9","1","Eclipse Series 3: Late Ozu","5","https://www.criterion.com/boxsets/427-eclipse-series-3-late-ozu","",""
"five-comics","good-morning","29","https://www.youtube.com/watch?v=d7zuU2a_Tt4&t=29","high","criterion","1","1","0","","","","",""
"five-comics","yojimbo","47","https://www.youtube.com/watch?v=d7zuU2a_Tt4&t=47","medium","criterion","1","2","0","","","","",""
"five-comics","frances-ha","52","https://www.youtube.com/watch?v=d7zuU2a_Tt4&t=52","high","criterion","1","3","0","","","","",""
"five-comics","beastie-boys-video-anthology","54","https://www.youtube.com/watch?v=d7zuU2a_Tt4&t=54","high","criterion","1","4","0","","","","",""
"five-comics","some-like-it-hot","73","https://www.youtube.com/watch?v=d7zuU2a_Tt4&t=73","high","criterion","1","5","0","","","","",""
"five-comics","rosemarys-baby","82","https://www.youtube.com/watch?v=d7zuU2a_Tt4&t=82","high","criterion","1","6","0","","","","",""
"five-comics","night-of-the-living-dead","86","https://www.youtube.com/watch?v=d7zuU2a_Tt4&t=86","high","criterion","1","7","0","","","","",""
"five-comics","sunday-bloody-sunday","73","https://www.youtube.com/watch?v=d7zuU2a_Tt4&t=73","high","criterion","1","8","0","","","","",""
"five-comics","pans-labyrinth","106","https://www.youtube.com/watch?v=d7zuU2a_Tt4&t=106","high","criterion","1","9","0","","","","",""
"five-comics","crumb","134","https://www.youtube.com/watch?v=d7zuU2a_Tt4&t=134","high","criterion","1","10","0","","","","",""
"five-comics","true-stories","179","https://www.youtube.com/watch?v=d7zuU2a_Tt4&t=179","high","criterion","1","11","0","","","","",""
"five-comics","24-frames","189","https://www.youtube.com/watch?v=d7zuU2a_Tt4&t=189","high","criterion","1","12","0","","","","",""
"five-comics","made-in-usa","197","https://www.youtube.com/watch?v=d7zuU2a_Tt4&t=197","high","criterion","1","13","0","","","","",""
"five-comics","man-bites-dog","208","https://www.youtube.com/watch?v=d7zuU2a_Tt4&t=208","high","criterion","1","14","0","","","","",""
"five-comics","sex-lies-and-videotape","217","https://www.youtube.com/watch?v=d7zuU2a_Tt4&t=217","high","criterion","1","15","0","","","","",""
"five-comics","ikiru","262","https://www.youtube.com/watch?v=d7zuU2a_Tt4&t=262","high","criterion","1","16","0","","","","",""
"five-comics","the-big-chill","279","https://www.youtube.com/watch?v=d7zuU2a_Tt4&t=279","high","criterion","1","17","0","","","","",""
"five-comics","shampoo","0","","none","criterion","1","18","0","","","","",""
"five-comics","the-complete-jacques-tati","10","https://www.youtube.com/watch?v=d7zuU2a_Tt4&t=10","high","criterion","1","19","1","The Complete Jacques Tati","6","https://www.criterion.com/boxsets/1069-the-complete-jacques-tati","",""
"the-quay-brothers","vampyr","7","","high","criterion","1","1","0","","","","","https://vimeo.com/769988668#t=7s"
"the-quay-brothers","the-children-are-watching-us","84","","high","criterion","1","2","0","","","","","https://vimeo.com/769988668#t=84s"
"the-quay-brothers","the-human-condition","88","","high","criterion","1","3","0","","","","","https://vimeo.com/769988668#t=88s"
"the-quay-brothers","le-havre","101","","medium","criterion","1","4","0","","","","","https://vimeo.com/769988668#t=101s"
"the-quay-brothers","eclipse-series-2-the-documentaries-of-louis-malle","66","","high","criterion","1","5","1","Eclipse Series 2: The Documentaries of Louis Malle","7","https://www.criterion.com/boxsets/275-eclipse-series-2-the-documentaries-of-louis-malle","","https://vimeo.com/769988668#t=66s"
"the-quay-brothers","eclipse-series-12-aki-kaurismakis-proletariat-trilogy","107","","medium","criterion","1","6","1","Eclipse Series 12: Aki Kaurismäki's Proletariat Trilogy","3","https://www.criterion.com/boxsets/564-eclipse-series-12-aki-kaurismaki-s-proletariat-trilogy","","https://vimeo.com/769988668#t=107s"
"wim-wenders","down-by-law","60","","high","criterion","1","1","0","","","","","https://vimeo.com/922549736#t=60s"
"wim-wenders","the-400-blows","0","","none","criterion","1","2","0","","","","",""
"wim-wenders","the-cameraman","81","","high","criterion","1","3","0","","","","","https://vimeo.com/922549736#t=81s"
"wim-wenders","kagemusha","131","","high","criterion","1","4","0","","","","","https://vimeo.com/922549736#t=131s"
"wim-wenders","wanda","162","","high","criterion","1","5","0","","","","","https://vimeo.com/922549736#t=162s"
"wim-wenders","beau-travail","183","","high","criterion","1","6","0","","","","","https://vimeo.com/922549736#t=183s"
"wim-wenders","until-the-end-of-the-world","207","","high","criterion","1","7","0","","","","","https://vimeo.com/922549736#t=207s"
"wim-wenders","au-hasard-balthazar","224","","high","criterion","1","8","0","","","","","https://vimeo.com/922549736#t=224s"
"wim-wenders","mouchette","241","","high","criterion","1","9","0","","","","","https://vimeo.com/922549736#t=241s"
"wim-wenders","a-story-of-floating-weeds-floating-weeds","33","","high","criterion","1","10","0","","","","","https://vimeo.com/922549736#t=33s"
"wim-wenders","the-complete-jacques-tati","96","","high","criterion","1","11","1","The Complete Jacques Tati","6","https://www.criterion.com/boxsets/1069-the-complete-jacques-tati","","https://vimeo.com/922549736#t=96s"
"ryusuke-hamaguchi","late-spring","14","https://www.youtube.com/watch?v=4xQfOvRfWno&t=14","high","criterion","1","1","0","","","","",""
"ryusuke-hamaguchi","army-of-shadows","32","https://www.youtube.com/watch?v=4xQfOvRfWno&t=32","high","criterion","1","2","0","","","","",""
"ryusuke-hamaguchi","la-haine","46","https://www.youtube.com/watch?v=4xQfOvRfWno&t=46","high","criterion","1","3","0","","","","",""
"ryusuke-hamaguchi","toni","106","https://www.youtube.com/watch?v=4xQfOvRfWno&t=106","high","criterion","1","4","0","","","","",""
"ryusuke-hamaguchi","beau-travail","114","https://www.youtube.com/watch?v=4xQfOvRfWno&t=114","high","criterion","1","5","0","","","","",""
"ryusuke-hamaguchi","until-the-end-of-the-world","131","https://www.youtube.com/watch?v=4xQfOvRfWno&t=131","high","criterion","1","6","0","","","","",""
"ryusuke-hamaguchi","heaven-can-wait","203","https://www.youtube.com/watch?v=4xQfOvRfWno&t=203","high","criterion","1","7","0","","","","",""
"ryusuke-hamaguchi","judex","305","https://www.youtube.com/watch?v=4xQfOvRfWno&t=305","high","criterion","1","8","0","","","","",""
"ryusuke-hamaguchi","bigger-than-life","325","https://www.youtube.com/watch?v=4xQfOvRfWno&t=325","high","criterion","1","9","0","","","","",""
"ryusuke-hamaguchi","fists-in-the-pocket","343","https://www.youtube.com/watch?v=4xQfOvRfWno&t=343","high","criterion","1","10","0","","","","",""
"ryusuke-hamaguchi","cure","401","https://www.youtube.com/watch?v=4xQfOvRfWno&t=401","high","criterion","1","11","0","","","","",""
"ryusuke-hamaguchi","my-darling-clementine","414","https://www.youtube.com/watch?v=4xQfOvRfWno&t=414","high","criterion","1","12","0","","","","",""
"ryusuke-hamaguchi","john-cassavetes-five-films","147","https://www.youtube.com/watch?v=4xQfOvRfWno&t=147","high","criterion","1","13","1","John Cassavetes: Five Films","5","https://www.criterion.com/boxsets/558-john-cassavetes-five-films","",""
"ryusuke-hamaguchi","a-story-of-floating-weeds-floating-weeds","218","https://www.youtube.com/watch?v=4xQfOvRfWno&t=218","high","criterion","1","14","1","A Story of Floating Weeds / Floating Weeds: Two Films by Yasujiro Ozu","2","https://www.criterion.com/boxsets/369-a-story-of-floating-weeds-floating-weeds-two-films-by-yasujiro-ozu","",""
"ryusuke-hamaguchi","the-essential-jacques-demy","244","https://www.youtube.com/watch?v=4xQfOvRfWno&t=244","high","criterion","1","15","1","The Essential Jacques Demy","6","https://www.criterion.com/boxsets/1055-the-essential-jacques-demy","",""
"diego-calva","paris-texas","8","https://www.youtube.com/watch?v=ZJF_asiGU3c&t=8","high","criterion","1","1","0","","","","",""
"diego-calva","city-lights","23","https://www.youtube.com/watch?v=ZJF_asiGU3c&t=23","high","criterion","1","2","0","","","","",""
"diego-calva","812","38","https://www.youtube.com/watch?v=ZJF_asiGU3c&t=38","high","criterion","1","3","1","Essential Fellini","","","",""
"diego-calva","after-hours","49","https://www.youtube.com/watch?v=ZJF_asiGU3c&t=49","high","criterion","1","4","0","","","","",""
"diego-calva","japon","62","https://www.youtube.com/watch?v=ZJF_asiGU3c&t=62","high","criterion","1","5","0","","","","",""
"diego-calva","the-exterminating-angel","76","https://www.youtube.com/watch?v=ZJF_asiGU3c&t=76","high","criterion","1","6","0","","","","",""
"diego-calva","the-executioner","85","https://www.youtube.com/watch?v=ZJF_asiGU3c&t=85","high","criterion","1","7","0","","","","",""
"diego-calva","the-400-blows","109","https://www.youtube.com/watch?v=ZJF_asiGU3c&t=109","high","criterion","1","8","0","","","","",""
"diego-calva","gummo","121","https://www.youtube.com/watch?v=ZJF_asiGU3c&t=121","high","criterion","1","9","0","","","","",""
"diego-calva","fish-tank","132","https://www.youtube.com/watch?v=ZJF_asiGU3c&t=132","high","criterion","1","10","0","","","","",""
"diego-calva","slacker","162","https://www.youtube.com/watch?v=ZJF_asiGU3c&t=162","high","criterion","1","11","0","","","","",""
"diego-calva","videodrome","183","https://www.youtube.com/watch?v=ZJF_asiGU3c&t=183","high","criterion","1","12","0","","","","",""
"diego-calva","crash","187","https://www.youtube.com/watch?v=ZJF_asiGU3c&t=187","high","criterion","1","13","0","","","","",""
"diego-calva","pink-flamingos","198","https://www.youtube.com/watch?v=ZJF_asiGU3c&t=198","high","criterion","1","14","0","","","","",""
"diego-calva","do-the-right-thing","203","https://www.youtube.com/watch?v=ZJF_asiGU3c&t=203","high","criterion","1","15","0","","","","",""
"diego-calva","gregg-arakis-teen-apocalypse-trilogy","146","https://www.youtube.com/watch?v=ZJF_asiGU3c&t=146","high","criterion","1","16","1","Gregg Araki's Teen Apocalypse Trilogy","3","https://www.criterion.com/boxsets/7581-gregg-araki-s-teen-apocalypse-trilogy","",""
"alex-winter","no-bears","27","https://www.youtube.com/watch?v=284iOLWmQCw&t=27","high","criterion","1","1","0","","","","",""
"alex-winter","saint-omer","56","https://www.youtube.com/watch?v=284iOLWmQCw&t=56","high","criterion","1","2","0","","","","",""
"alex-winter","ugetsu","81","https://www.youtube.com/watch?v=284iOLWmQCw&t=81","high","criterion","1","3","0","","","","",""
"alex-winter","harlan-county-usa","125","https://www.youtube.com/watch?v=284iOLWmQCw&t=125","high","criterion","1","4","0","","","","",""
"alex-winter","el","174","https://www.youtube.com/watch?v=284iOLWmQCw&t=174","high","criterion","1","5","0","","","","",""
"alex-winter","the-cameraman","230","https://www.youtube.com/watch?v=284iOLWmQCw&t=230","high","criterion","1","6","0","","","","",""
"alex-winter","the-koker-trilogy","6","https://www.youtube.com/watch?v=284iOLWmQCw&t=6","high","criterion","1","7","1","The Koker Trilogy","3","https://www.criterion.com/boxsets/2363-the-koker-trilogy","",""
"paul-smith","withnail-and-i","12","https://www.youtube.com/watch?v=XhnpQyaye5M&t=12","high","criterion","1","1","0","","","","",""
"paul-smith","breathless","76","https://www.youtube.com/watch?v=XhnpQyaye5M&t=76","high","criterion","1","2","0","","","","",""
"paul-smith","my-beautiful-laundrette","132","https://www.youtube.com/watch?v=XhnpQyaye5M&t=132","high","criterion","1","3","0","","","","",""
"paul-smith","kagemusha","201","https://www.youtube.com/watch?v=XhnpQyaye5M&t=201","high","criterion","1","4","0","","","","",""
"paul-smith","the-kid-brother","243","https://www.youtube.com/watch?v=XhnpQyaye5M&t=243","high","criterion","1","5","0","","","","",""
"jason-bateman","amores-perros","24","https://www.youtube.com/watch?v=us0xeBVKMJI&t=24","high","criterion","1","1","0","","","","",""
"jason-bateman","moonstruck","34","https://www.youtube.com/watch?v=us0xeBVKMJI&t=34","high","criterion","1","2","0","","","","",""
"jason-bateman","klute","68","https://www.youtube.com/watch?v=us0xeBVKMJI&t=68","high","criterion","1","3","0","","","","",""
"jason-bateman","barry-lyndon","135","https://www.youtube.com/watch?v=us0xeBVKMJI&t=135","high","criterion","1","4","0","","","","",""
"jason-bateman","funny-games","178","https://www.youtube.com/watch?v=us0xeBVKMJI&t=178","high","criterion","1","5","0","","","","",""
"jason-bateman","being-there","225","https://www.youtube.com/watch?v=us0xeBVKMJI&t=225","high","criterion","1","6","0","","","","",""
"jason-bateman","shampoo","269","https://www.youtube.com/watch?v=us0xeBVKMJI&t=269","high","criterion","1","7","0","","","","",""
"jason-bateman","the-three-colors-trilogy","38","https://www.youtube.com/watch?v=us0xeBVKMJI&t=38","high","criterion","1","8","1","Three Colors","3","https://www.criterion.com/boxsets/844-three-colors","",""
"ben-whishaw","sweetie","16","https://www.youtube.com/watch?v=8kKR9UakxQQ&t=16","high","criterion","1","1","0","","","","",""
"ben-whishaw","a-canterbury-tale","53","https://www.youtube.com/watch?v=8kKR9UakxQQ&t=53","high","criterion","1","2","0","","","","",""
"ben-whishaw","jubilee","74","https://www.youtube.com/watch?v=8kKR9UakxQQ&t=74","high","criterion","1","3","0","","","","",""
"ben-whishaw","king-lear-1987","100","https://www.youtube.com/watch?v=8kKR9UakxQQ&t=100","high","criterion","1","4","0","","","","",""
"ben-whishaw","lhumanite","142","https://www.youtube.com/watch?v=8kKR9UakxQQ&t=142","high","criterion","1","5","0","","","","",""
"ben-whishaw","hedwig-and-the-angry-inch","184","https://www.youtube.com/watch?v=8kKR9UakxQQ&t=184","high","criterion","1","6","0","","","","",""
"franklin-leonard","to-sleep-with-anger","8","https://www.youtube.com/watch?v=5YfyrBaAWpE&t=8","high","criterion","1","1","0","","","","",""
"franklin-leonard","devil-in-a-blue-dress","15","https://www.youtube.com/watch?v=5YfyrBaAWpE&t=15","high","criterion","1","2","0","","","","",""
"franklin-leonard","memories-of-murder","30","https://www.youtube.com/watch?v=5YfyrBaAWpE&t=30","high","criterion","1","3","0","","","","",""
"franklin-leonard","bamboozled","45","https://www.youtube.com/watch?v=5YfyrBaAWpE&t=45","high","criterion","1","4","0","","","","",""
"franklin-leonard","4-months-3-weeks-and-2-days","66","https://www.youtube.com/watch?v=5YfyrBaAWpE&t=66","high","criterion","1","5","0","","","","",""
"franklin-leonard","tootsie","79","https://www.youtube.com/watch?v=5YfyrBaAWpE&t=79","high","criterion","1","6","0","","","","",""
"franklin-leonard","anatomy-of-a-fall","145","https://www.youtube.com/watch?v=5YfyrBaAWpE&t=145","high","criterion","1","7","0","","","","",""
"franklin-leonard","saint-omer","169","https://www.youtube.com/watch?v=5YfyrBaAWpE&t=169","high","criterion","1","8","0","","","","",""
"franklin-leonard","paul-robeson-portraits-of-the-artist","101","https://www.youtube.com/watch?v=5YfyrBaAWpE&t=101","high","criterion","1","9","1","Paul Robeson: Portraits of the Artist","-1","https://www.criterion.com/boxsets/443-paul-robeson-portraits-of-the-artist","",""
"hans-zimmer","the-battle-of-algiers","16","https://www.youtube.com/watch?v=2o4oC0diM8E&t=16","high","criterion","1","1","0","","","","",""
"hans-zimmer","night-and-fog","42","https://www.youtube.com/watch?v=2o4oC0diM8E&t=42","high","criterion","1","2","0","","","","",""
"hans-zimmer","andrei-rublev","66","https://www.youtube.com/watch?v=2o4oC0diM8E&t=66","high","criterion","1","3","0","","","","",""
"hans-zimmer","sid-nancy","111","https://www.youtube.com/watch?v=2o4oC0diM8E&t=111","high","criterion","1","4","0","","","","",""
"hans-zimmer","his-girl-friday","164","https://www.youtube.com/watch?v=2o4oC0diM8E&t=164","high","criterion","1","5","0","","","","",""
"hans-zimmer","les-blank-always-for-pleasure","185","https://www.youtube.com/watch?v=2o4oC0diM8E&t=185","high","criterion","1","6","0","","","","",""
"hans-zimmer","performance","218","https://www.youtube.com/watch?v=2o4oC0diM8E&t=218","high","criterion","1","7","0","","","","",""
"hans-zimmer","house","300","https://www.youtube.com/watch?v=2o4oC0diM8E&t=300","high","criterion","1","8","0","","","","",""
"hans-zimmer","david-lean-directs-noel-coward","131","https://www.youtube.com/watch?v=2o4oC0diM8E&t=131","high","criterion","1","9","1","David Lean Directs Noël Coward","4","https://www.criterion.com/boxsets/861-david-lean-directs-noel-coward","",""
"halle-berry","blue-is-the-warmest-color","18","https://www.youtube.com/watch?v=NxtUjQOrJZU&t=18","high","criterion","1","1","0","","","","",""
"halle-berry","fantastic-mr-fox","40","https://www.youtube.com/watch?v=NxtUjQOrJZU&t=40","high","criterion","1","2","0","","","","",""
"halle-berry","love-jones","93","https://www.youtube.com/watch?v=NxtUjQOrJZU&t=93","high","criterion","1","3","0","","","","",""
"halle-berry","bringing-up-baby","125","https://www.youtube.com/watch?v=NxtUjQOrJZU&t=125","high","criterion","1","4","0","","","","",""
"halle-berry","claudine","160","https://www.youtube.com/watch?v=NxtUjQOrJZU&t=160","high","criterion","1","5","0","","","","",""
"halle-berry","parasite","215","https://www.youtube.com/watch?v=NxtUjQOrJZU&t=215","high","criterion","1","6","0","","","","",""
"halle-berry","malcolm-x","253","https://www.youtube.com/watch?v=NxtUjQOrJZU&t=253","high","criterion","1","7","0","","","","",""
"halle-berry","love-basketball","258","https://www.youtube.com/watch?v=NxtUjQOrJZU&t=258","high","criterion","1","8","0","","","","",""
"halle-berry","cure","289","https://www.youtube.com/watch?v=NxtUjQOrJZU&t=289","high","criterion","1","9","0","","","","",""
"halle-berry","rebecca","316","https://www.youtube.com/watch?v=NxtUjQOrJZU&t=316","high","criterion","1","10","0","","","","",""
"christoph-waltz","werckmeister-harmonies","82","https://www.youtube.com/watch?v=fJcVa4vYMHs&t=82","high","criterion","1","1","0","","","","",""
"christoph-waltz","repulsion","151","https://www.youtube.com/watch?v=fJcVa4vYMHs&t=151","high","criterion","1","2","0","","","","",""
"christoph-waltz","late-spring","187","https://www.youtube.com/watch?v=fJcVa4vYMHs&t=187","high","criterion","1","3","0","","","","",""
"christoph-waltz","the-400-blows","307","https://www.youtube.com/watch?v=fJcVa4vYMHs&t=307","high","criterion","1","4","0","","","","",""
"christoph-waltz","the-complete-jacques-tati","14","https://www.youtube.com/watch?v=fJcVa4vYMHs&t=14","high","criterion","1","5","1","The Complete Jacques Tati","6","https://www.criterion.com/boxsets/1069-the-complete-jacques-tati","",""
"christoph-waltz","ingmar-bergmans-cinema","223","https://www.youtube.com/watch?v=fJcVa4vYMHs&t=223","high","criterion","1","6","1","Ingmar Bergman's Cinema","40","https://www.criterion.com/boxsets/1427-ingmar-bergman-s-cinema","",""
"cameron-crowe","fast-times-at-ridgemont-high","37","https://www.youtube.com/watch?v=JOYFdj70CpI&t=37","high","criterion","1","1","0","","","","",""
"cameron-crowe","the-worst-person-in-the-world","107","https://www.youtube.com/watch?v=JOYFdj70CpI&t=107","high","criterion","1","2","0","","","","",""
"cameron-crowe","yi-yi","144","https://www.youtube.com/watch?v=JOYFdj70CpI&t=144","high","criterion","1","3","0","","","","",""
"cameron-crowe","carnal-knowledge","210","https://www.youtube.com/watch?v=JOYFdj70CpI&t=210","high","criterion","1","4","0","","","","",""
"cameron-crowe","medium-cool","343","https://www.youtube.com/watch?v=JOYFdj70CpI&t=343","high","criterion","1","5","0","","","","",""
"cameron-crowe","the-complete-monterey-pop-festival","10","https://www.youtube.com/watch?v=JOYFdj70CpI&t=10","high","criterion","1","6","1","The Complete Monterey Pop Festival","2","https://www.criterion.com/boxsets/326-the-complete-monterey-pop-festival","",""
"cameron-crowe","the-wes-anderson-archive-ten-films-twenty-five-years","297","https://www.youtube.com/watch?v=JOYFdj70CpI&t=297","high","criterion","1","7","1","The Wes Anderson Archive: Ten Films, Twenty-Five Years","10","https://www.criterion.com/boxsets/8208-the-wes-anderson-archive-ten-films-twenty-five-years","",""
"maggie-gyllenhaal","beau-travail","14","https://www.youtube.com/watch?v=6YDJ0lLnkHA&t=14","high","criterion","1","1","0","","","","",""
"maggie-gyllenhaal","tampopo","30","https://www.youtube.com/watch?v=6YDJ0lLnkHA&t=30","high","criterion","1","2","0","","","","",""
"maggie-gyllenhaal","round-midnight","56","https://www.youtube.com/watch?v=6YDJ0lLnkHA&t=56","high","criterion","1","3","0","","","","",""
"maggie-gyllenhaal","il-posto","37","https://www.youtube.com/watch?v=6YDJ0lLnkHA&t=37","high","criterion","1","4","0","","","","",""
"maggie-gyllenhaal","i-fidanzati","134","https://www.youtube.com/watch?v=6YDJ0lLnkHA&t=134","high","criterion","1","5","0","","","","",""
"maggie-gyllenhaal","persona","154","https://www.youtube.com/watch?v=6YDJ0lLnkHA&t=154","high","criterion","1","6","1","Ingmar Bergman's Cinema","","","",""
"maggie-gyllenhaal","trainspotting","191","https://www.youtube.com/watch?v=6YDJ0lLnkHA&t=191","high","criterion","1","7","0","","","","",""
"maggie-gyllenhaal","breathless","238","https://www.youtube.com/watch?v=6YDJ0lLnkHA&t=238","high","criterion","1","8","0","","","","",""
"maggie-gyllenhaal","vivre-sa-vie","253","https://www.youtube.com/watch?v=6YDJ0lLnkHA&t=253","high","criterion","1","9","0","","","","",""
"maggie-gyllenhaal","white-material","259","https://www.youtube.com/watch?v=6YDJ0lLnkHA&t=259","high","criterion","1","10","0","","","","",""
"maggie-gyllenhaal","lone-star","269","https://www.youtube.com/watch?v=6YDJ0lLnkHA&t=269","high","criterion","1","11","0","","","","",""
"maggie-gyllenhaal","the-brd-trilogy","74","https://www.youtube.com/watch?v=6YDJ0lLnkHA&t=74","high","criterion","1","12","1","The BRD Trilogy","3","https://www.criterion.com/boxsets/138-the-brd-trilogy","",""
"shinichiro-watanabe","the-killing-of-a-chinese-bookie","16","https://www.youtube.com/watch?v=kwoCtvdYYSo&t=16","high","criterion","1","1","1","John Cassavetes: Five Films","","","",""
"shinichiro-watanabe","branded-to-kill","52","https://www.youtube.com/watch?v=kwoCtvdYYSo&t=52","high","criterion","1","2","0","","","","",""
"shinichiro-watanabe","m","198","https://www.youtube.com/watch?v=kwoCtvdYYSo&t=198","high","criterion","1","3","0","","","","",""
"shinichiro-watanabe","the-complete-jacques-tati","214","https://www.youtube.com/watch?v=kwoCtvdYYSo&t=214","high","criterion","1","4","1","The Complete Jacques Tati","6","https://www.criterion.com/boxsets/1069-the-complete-jacques-tati","",""
"shinichiro-watanabe","bruce-lee-his-greatest-hits-box-set","331","https://www.youtube.com/watch?v=kwoCtvdYYSo&t=331","high","criterion","1","5","1","Bruce Lee: His Greatest Hits","5","https://www.criterion.com/boxsets/3205-bruce-lee-his-greatest-hits","",""
"jim-jarmusch","werckmeister-harmonies","22","https://www.youtube.com/watch?v=H8sJXDeRUsg&t=22","high","criterion","1","1","0","","","","",""
"jim-jarmusch","mirror","34","https://www.youtube.com/watch?v=H8sJXDeRUsg&t=34","high","criterion","1","2","0","","","","",""
"jim-jarmusch","black-girl","58","https://www.youtube.com/watch?v=H8sJXDeRUsg&t=58","high","criterion","1","3","0","","","","",""
"jim-jarmusch","love-streams","69","https://www.youtube.com/watch?v=H8sJXDeRUsg&t=69","high","criterion","1","4","0","","","","",""
"jim-jarmusch","il-sorpasso","100","https://www.youtube.com/watch?v=H8sJXDeRUsg&t=100","high","criterion","1","5","0","","","","",""
"jim-jarmusch","i-knew-her-well","114","https://www.youtube.com/watch?v=H8sJXDeRUsg&t=114","high","criterion","1","6","0","","","","",""
"jim-jarmusch","pickup-on-south-street","149","https://www.youtube.com/watch?v=H8sJXDeRUsg&t=149","high","criterion","1","7","0","","","","",""
"jim-jarmusch","pasolini-101","11","https://www.youtube.com/watch?v=H8sJXDeRUsg&t=11","high","criterion","1","8","1","Pasolini 101","9","https://www.criterion.com/boxsets/6588-pasolini-101","",""
"mitski","daisies","7","https://www.youtube.com/watch?v=Om6PPF-C_G4&t=7","high","criterion","1","1","0","","","","",""
"mitski","moonstruck","84","https://www.youtube.com/watch?v=Om6PPF-C_G4&t=84","high","criterion","1","2","0","","","","",""
"mitski","the-breakfast-club","163","https://www.youtube.com/watch?v=Om6PPF-C_G4&t=163","high","criterion","1","3","0","","","","",""
"mitski","the-piano-teacher","197","https://www.youtube.com/watch?v=Om6PPF-C_G4&t=197","high","criterion","1","4","0","","","","",""
"mitski","my-own-private-idaho","288","https://www.youtube.com/watch?v=Om6PPF-C_G4&t=288","high","criterion","1","5","0","","","","",""
"sergei-loznitsa","le-corbeau","6","https://www.youtube.com/watch?v=_miFRuKBw8o&t=6","high","criterion","1","1","0","","","","",""
"sergei-loznitsa","salo-or-the-120-days-of-sodom","25","https://www.youtube.com/watch?v=_miFRuKBw8o&t=25","high","criterion","1","2","0","","","","",""
"sergei-loznitsa","deep-crimson","211","https://www.youtube.com/watch?v=_miFRuKBw8o&t=211","high","criterion","1","3","0","","","","",""
"sergei-loznitsa","brief-encountersthe-long-farewell-two-films-by-kira-muratova","86","https://www.youtube.com/watch?v=_miFRuKBw8o&t=86","high","criterion","1","4","1","Brief Encounters / The Long Farewell: Two Films by Kira Muratova","2","https://www.criterion.com/boxsets/7479-brief-encounters-the-long-farewell-two-films-by-kira-muratova","",""
"sergei-loznitsa","eclipse-series-11-larisa-shepitko","242","https://www.youtube.com/watch?v=_miFRuKBw8o&t=242","high","criterion","1","5","1","Eclipse Series 11: Larisa Shepitko","2","https://www.criterion.com/boxsets/75-eclipse-series-11-larisa-shepitko","",""
"sergei-loznitsa","eclipse-series-29-aki-kaurismakis-leningrad-cowboys","253","https://www.youtube.com/watch?v=_miFRuKBw8o&t=253","high","criterion","1","6","1","Eclipse Series 29: Aki Kaurismäki's Leningrad Cowboys","3","https://www.criterion.com/boxsets/835-eclipse-series-29-aki-kaurismaki-s-leningrad-cowboys","",""
"sergei-loznitsa","three-films-by-luis-bunuel","0","","manual","criterion","1","7","1","","","","",""
"cary-elwes","the-battle-of-algiers","11","https://www.youtube.com/watch?v=mIugin2XpV4&t=11","high","criterion","1","1","0","","","","",""
"cary-elwes","roma-1972","42","https://www.youtube.com/watch?v=mIugin2XpV4&t=42","high","criterion","1","2","1","Essential Fellini","","","",""
"cary-elwes","all-that-jazz","74","https://www.youtube.com/watch?v=mIugin2XpV4&t=74","high","criterion","1","3","0","","","","",""
"cary-elwes","the-hit","100","https://www.youtube.com/watch?v=mIugin2XpV4&t=100","high","criterion","1","4","0","","","","",""
"cary-elwes","odd-man-out","139","https://www.youtube.com/watch?v=mIugin2XpV4&t=139","high","criterion","1","5","0","","","","",""
"sofia-coppola-marc-jacobs","grey-gardens","16","https://www.youtube.com/watch?v=qLH-ZyrEBn8&t=16","high","criterion","1","1","0","","","","",""
"sofia-coppola-marc-jacobs","loves-of-a-blonde","19","https://www.youtube.com/watch?v=qLH-ZyrEBn8&t=19","high","criterion","1","2","0","","","","",""
"sofia-coppola-marc-jacobs","all-that-jazz","32","https://www.youtube.com/watch?v=qLH-ZyrEBn8&t=32","high","criterion","1","3","0","","","","",""
"sofia-coppola-marc-jacobs","the-bitter-tears-of-petra-von-kant","33","https://www.youtube.com/watch?v=qLH-ZyrEBn8&t=33","high","criterion","1","4","0","","","","",""
"sofia-coppola-marc-jacobs","paris-is-burning","45","https://www.youtube.com/watch?v=qLH-ZyrEBn8&t=45","high","criterion","1","5","0","","","","",""
"sofia-coppola-marc-jacobs","female-trouble","63","https://www.youtube.com/watch?v=qLH-ZyrEBn8&t=63","high","criterion","1","6","0","","","","",""
"sofia-coppola-marc-jacobs","klute","68","https://www.youtube.com/watch?v=qLH-ZyrEBn8&t=68","high","criterion","1","7","0","","","","",""
"sofia-coppola-marc-jacobs","the-virgin-suicides","76","https://www.youtube.com/watch?v=qLH-ZyrEBn8&t=76","high","criterion","1","8","0","","","","",""
"sofia-coppola-marc-jacobs","after-hours","86","https://www.youtube.com/watch?v=qLH-ZyrEBn8&t=86","high","criterion","1","9","0","","","","",""
"sofia-coppola-marc-jacobs","summer-with-monika","99","https://www.youtube.com/watch?v=qLH-ZyrEBn8&t=99","high","criterion","1","10","1","Ingmar Bergman's Cinema","","","",""
"sofia-coppola-marc-jacobs","i-knew-her-well","117","https://www.youtube.com/watch?v=qLH-ZyrEBn8&t=117","high","criterion","1","11","0","","","","",""
"sofia-coppola-marc-jacobs","the-apu-trilogy","135","https://www.youtube.com/watch?v=qLH-ZyrEBn8&t=135","high","criterion","1","12","0","","","","",""
"sofia-coppola-marc-jacobs","belle-de-jour","151","https://www.youtube.com/watch?v=qLH-ZyrEBn8&t=151","high","criterion","1","13","0","","","","",""
"sofia-coppola-marc-jacobs","flow","164","https://www.youtube.com/watch?v=qLH-ZyrEBn8&t=164","high","criterion","1","14","0","","","","",""
"sofia-coppola-marc-jacobs","34102-ryuichi-sakamoto-opus","194","https://www.youtube.com/watch?v=qLH-ZyrEBn8&t=194","high","criterion","1","15","0","","","","",""
"sofia-coppola-marc-jacobs","gregg-arakis-teen-apocalypse-trilogy","211","https://www.youtube.com/watch?v=qLH-ZyrEBn8&t=211","high","criterion","1","16","0","","","","",""
"sofia-coppola-marc-jacobs","the-heiress","238","https://www.youtube.com/watch?v=qLH-ZyrEBn8&t=238","high","criterion","1","17","0","","","","",""
"sofia-coppola-marc-jacobs","funny-games","268","https://www.youtube.com/watch?v=qLH-ZyrEBn8&t=268","high","criterion","1","18","0","","","","",""
"sofia-coppola-marc-jacobs","fast-times-at-ridgemont-high","305","https://www.youtube.com/watch?v=qLH-ZyrEBn8&t=305","high","criterion","1","19","0","","","","",""
"sofia-coppola-marc-jacobs","the-grifters","332","https://www.youtube.com/watch?v=qLH-ZyrEBn8&t=332","high","criterion","1","20","0","","","","",""
"john-slattery","shampoo","8","https://www.youtube.com/watch?v=B_Rhewt6f1E&t=8","high","criterion","1","1","0","","","","",""
"john-slattery","no-country-for-old-men","77","https://www.youtube.com/watch?v=B_Rhewt6f1E&t=77","high","criterion","1","2","0","","","","",""
"john-slattery","the-awful-truth","126","https://www.youtube.com/watch?v=B_Rhewt6f1E&t=126","high","criterion","1","3","0","","","","",""
"john-slattery","the-hit","191","https://www.youtube.com/watch?v=B_Rhewt6f1E&t=191","high","criterion","1","4","0","","","","",""
"john-slattery","the-friends-of-eddie-coyle","249","https://www.youtube.com/watch?v=B_Rhewt6f1E&t=249","high","criterion","1","5","0","","","","",""
"kim-morgan","merrily-we-go-to-hell","17","https://www.youtube.com/watch?v=_VIKYAIu23o&t=17","high","criterion","1","1","0","","","","",""
"kim-morgan","something-wild","41","https://www.youtube.com/watch?v=_VIKYAIu23o&t=41","high","criterion","1","2","0","","","","",""
"kim-morgan","leave-her-to-heaven","77","https://www.youtube.com/watch?v=_VIKYAIu23o&t=77","high","criterion","1","3","0","","","","",""
"kim-morgan","thirty-two-short-films-about-glenn-gould","114","https://www.youtube.com/watch?v=_VIKYAIu23o&t=114","high","criterion","1","4","0","","","","",""
"kim-morgan","punch-drunk-love","158","https://www.youtube.com/watch?v=_VIKYAIu23o&t=158","high","criterion","1","5","0","","","","",""
"kim-morgan","kiss-me-deadly","225","https://www.youtube.com/watch?v=_VIKYAIu23o&t=225","high","criterion","1","6","0","","","","",""
"kim-morgan","the-killing","298","https://www.youtube.com/watch?v=_VIKYAIu23o&t=298","high","criterion","1","7","0","","","","",""
"kim-morgan","flesh-for-frankenstein","345","https://www.youtube.com/watch?v=_VIKYAIu23o&t=345","high","criterion","1","8","0","","","","",""
"kim-morgan","blood-for-dracula","345","https://www.youtube.com/watch?v=_VIKYAIu23o&t=345","high","criterion","1","9","0","","","","",""
"jamie-demetriou","secrets-lies","12","https://www.youtube.com/watch?v=W5hLFhqn1FM&t=12","high","criterion","1","1","0","","","","",""
"jamie-demetriou","the-celebration","67","https://www.youtube.com/watch?v=W5hLFhqn1FM&t=67","high","criterion","1","2","0","","","","",""
"jamie-demetriou","the-squid-and-the-whale","132","https://www.youtube.com/watch?v=W5hLFhqn1FM&t=132","high","criterion","1","3","0","","","","",""
"jamie-demetriou","anatomy-of-a-fall","169","https://www.youtube.com/watch?v=W5hLFhqn1FM&t=169","high","criterion","1","4","0","","","","",""
"jamie-demetriou","punch-drunk-love","201","https://www.youtube.com/watch?v=W5hLFhqn1FM&t=201","high","criterion","1","5","0","","","","",""
"jamie-demetriou","the-worst-person-in-the-world","232","https://www.youtube.com/watch?v=W5hLFhqn1FM&t=232","high","criterion","1","6","0","","","","",""
"jamie-demetriou","being-john-malkovich","256","https://www.youtube.com/watch?v=W5hLFhqn1FM&t=256","high","criterion","1","7","0","","","","",""
"steven-knight","brief-encounter","11","https://www.youtube.com/watch?v=2_ITjg3vrEU&t=11","high","criterion","1","1","0","","","","",""
"steven-knight","le-cercle-rouge","28","https://www.youtube.com/watch?v=2_ITjg3vrEU&t=28","high","criterion","1","2","0","","","","",""
"steven-knight","the-spy-who-came-in-from-the-cold","46","https://www.youtube.com/watch?v=2_ITjg3vrEU&t=46","high","criterion","1","3","0","","","","",""
"steven-knight","paris-texas","81","https://www.youtube.com/watch?v=2_ITjg3vrEU&t=81","high","criterion","1","4","0","","","","",""
"steven-knight","310-to-yuma","102","https://www.youtube.com/watch?v=2_ITjg3vrEU&t=102","high","criterion","1","5","0","","","","",""
"steven-knight","one-eyed-jacks","131","https://www.youtube.com/watch?v=2_ITjg3vrEU&t=131","high","criterion","1","6","0","","","","",""
"steven-knight","betty-blue","164","https://www.youtube.com/watch?v=2_ITjg3vrEU&t=164","high","criterion","1","7","0","","","","",""
"steven-knight","dont-look-back","206","https://www.youtube.com/watch?v=2_ITjg3vrEU&t=206","high","criterion","1","8","0","","","","",""
"steven-knight","citizen-kane","229","https://www.youtube.com/watch?v=2_ITjg3vrEU&t=229","high","criterion","1","9","0","","","","",""
"sophy-romvari","a-woman-under-the-influence","21","https://www.youtube.com/watch?v=ziMJzKbYF4g&t=21","high","criterion","1","1","1","John Cassavetes: Five Films","","","",""
"sophy-romvari","the-watermelon-woman","58","https://www.youtube.com/watch?v=ziMJzKbYF4g&t=58","high","criterion","1","2","0","","","","",""
"sophy-romvari","not-a-pretty-picture","129","https://www.youtube.com/watch?v=ziMJzKbYF4g&t=129","high","criterion","1","3","0","","","","",""
"sophy-romvari","jules-and-jim","217","https://www.youtube.com/watch?v=ziMJzKbYF4g&t=217","high","criterion","1","4","0","","","","",""
"sophy-romvari","girlfriends","255","https://www.youtube.com/watch?v=ziMJzKbYF4g&t=255","high","criterion","1","5","0","","","","",""
"elisabeth-moss","arsenic-and-old-lace","23","https://www.youtube.com/watch?v=RgGuFOid5PE&t=23","high","criterion","1","1","0","","","","",""
"elisabeth-moss","swing-time","58","https://www.youtube.com/watch?v=RgGuFOid5PE&t=58","high","criterion","1","2","0","","","","",""
"elisabeth-moss","the-cameraman","68","https://www.youtube.com/watch?v=RgGuFOid5PE&t=68","high","criterion","1","3","0","","","","",""
"elisabeth-moss","holiday","113","https://www.youtube.com/watch?v=RgGuFOid5PE&t=113","high","criterion","1","4","0","","","","",""
"elisabeth-moss","sweetie","128","https://www.youtube.com/watch?v=RgGuFOid5PE&t=128","high","criterion","1","5","0","","","","",""
"elisabeth-moss","all-about-eve","163","https://www.youtube.com/watch?v=RgGuFOid5PE&t=163","high","criterion","1","6","0","","","","",""
"elisabeth-moss","broadcast-news","205","https://www.youtube.com/watch?v=RgGuFOid5PE&t=205","high","criterion","1","7","0","","","","",""
"elisabeth-moss","dont-look-now","254","https://www.youtube.com/watch?v=RgGuFOid5PE&t=254","high","criterion","1","8","0","","","","",""
"jon-hamm","the-daytrippers","26","https://www.youtube.com/watch?v=ErwYl1eU3is&t=26","high","criterion","1","1","0","","","","",""
"jon-hamm","walle","48","https://www.youtube.com/watch?v=ErwYl1eU3is&t=48","high","criterion","1","2","0","","","","",""
"jon-hamm","my-life-as-a-dog","105","https://www.youtube.com/watch?v=ErwYl1eU3is&t=105","high","criterion","1","3","0","","","","",""
"jon-hamm","videodrome","125","https://www.youtube.com/watch?v=ErwYl1eU3is&t=125","high","criterion","1","4","0","","","","",""
"jon-hamm","how-to-get-ahead-in-advertising","198","https://www.youtube.com/watch?v=ErwYl1eU3is&t=198","high","criterion","1","5","0","","","","",""
"jon-hamm","the-vanishing","240","https://www.youtube.com/watch?v=ErwYl1eU3is&t=240","high","criterion","1","6","0","","","","",""
"jon-hamm","man-bites-dog","301","https://www.youtube.com/watch?v=ErwYl1eU3is&t=301","high","criterion","1","7","0","","","","",""
"jon-hamm","down-by-law","325","https://www.youtube.com/watch?v=ErwYl1eU3is&t=325","high","criterion","1","8","0","","","","",""
"jon-hamm","tootsie","343","https://www.youtube.com/watch?v=ErwYl1eU3is&t=343","high","criterion","1","9","0","","","","",""
"jon-hamm","bottle-rocket","414","https://www.youtube.com/watch?v=ErwYl1eU3is&t=414","high","criterion","1","10","0","","","","",""
"jack-harlow","12-angry-men","33","https://www.youtube.com/watch?v=2GEOljy1JKg&t=33","high","criterion","1","1","0","","","","",""
"jack-harlow","the-ice-storm","52","https://www.youtube.com/watch?v=2GEOljy1JKg&t=52","high","criterion","1","2","0","","","","",""
"jack-harlow","la-notte","75","https://www.youtube.com/watch?v=2GEOljy1JKg&t=75","high","criterion","1","3","0","","","","",""
"jack-harlow","to-sleep-with-anger","99","https://www.youtube.com/watch?v=2GEOljy1JKg&t=99","high","criterion","1","4","0","","","","",""
"jack-harlow","close-up","106","https://www.youtube.com/watch?v=2GEOljy1JKg&t=106","high","criterion","1","5","0","","","","",""
"jack-harlow","812","128","https://www.youtube.com/watch?v=2GEOljy1JKg&t=128","high","criterion","1","6","1","Essential Fellini","","","",""
"jack-harlow","fail-safe","150","https://www.youtube.com/watch?v=2GEOljy1JKg&t=150","high","criterion","1","7","0","","","","",""
"jack-harlow","a-man-and-a-woman","200","https://www.youtube.com/watch?v=2GEOljy1JKg&t=200","high","criterion","1","8","0","","","","",""
"jack-harlow","six-moral-tales","9","https://www.youtube.com/watch?v=2GEOljy1JKg&t=9","high","criterion","1","9","1","Six Moral Tales","6","https://www.criterion.com/boxsets/417-six-moral-tales","",""
"jack-harlow","the-complete-films-of-agnes-varda","176","https://www.youtube.com/watch?v=2GEOljy1JKg&t=176","high","criterion","1","10","1","The Complete Films of Agnès Varda","22","https://www.criterion.com/boxsets/3432-the-complete-films-of-agnes-varda","",""
"bob-odenkirk","scarface-1932","52","https://www.youtube.com/watch?v=_SDB919kWLo&t=52","high","criterion","1","1","0","","","","",""
"bob-odenkirk","uncut-gems","109","https://www.youtube.com/watch?v=_SDB919kWLo&t=109","high","criterion","1","2","0","","","","",""
"bob-odenkirk","the-big-heat","120","https://www.youtube.com/watch?v=_SDB919kWLo&t=120","high","criterion","1","3","0","","","","",""
"bob-odenkirk","a-man-escaped","139","https://www.youtube.com/watch?v=_SDB919kWLo&t=139","high","criterion","1","4","0","","","","",""
"bob-odenkirk","quadrophenia","148","https://www.youtube.com/watch?v=_SDB919kWLo&t=148","high","criterion","1","5","0","","","","",""
"bob-odenkirk","salo-or-the-120-days-of-sodom","219","https://www.youtube.com/watch?v=_SDB919kWLo&t=219","high","criterion","1","6","0","","","","",""
"bob-odenkirk","the-red-shoes","237","https://www.youtube.com/watch?v=_SDB919kWLo&t=237","high","criterion","1","7","0","","","","",""
"bob-odenkirk","my-life-as-a-dog","257","https://www.youtube.com/watch?v=_SDB919kWLo&t=257","high","criterion","1","8","0","","","","",""
"bob-odenkirk","in-a-lonely-place","327","https://www.youtube.com/watch?v=_SDB919kWLo&t=327","high","criterion","1","9","0","","","","",""
"bob-odenkirk","police-story-police-story-2","13","https://www.youtube.com/watch?v=_SDB919kWLo&t=13","high","criterion","1","10","1","Police Story / Police Story 2","2","https://www.criterion.com/boxsets/1554-police-story-police-story-2","",""
"bob-odenkirk","jackie-chan-emergence-of-a-superstar-box-set","23","https://www.youtube.com/watch?v=_SDB919kWLo&t=23","high","criterion","1","11","1","box set","","","",""
"bob-odenkirk","bruce-lee-his-greatest-hits-box-set","46","https://www.youtube.com/watch?v=_SDB919kWLo&t=46","high","criterion","1","12","1","box set","","","",""
"bob-odenkirk","america-lost-and-found-the-bbs-story","354","https://www.youtube.com/watch?v=_SDB919kWLo&t=354","high","criterion","1","13","1","America Lost and Found: The BBS Story","7","https://www.criterion.com/boxsets/769-america-lost-and-found-the-bbs-story","",""
"oscar-isaac","the-last-temptation-of-christ","14","https://www.youtube.com/watch?v=-GZ1xYEZDgc&t=14","high","criterion","1","1","0","","","","",""
"oscar-isaac","rushmore","66","https://www.youtube.com/watch?v=-GZ1xYEZDgc&t=66","high","criterion","1","2","0","","","","",""
"oscar-isaac","the-fisher-king","117","https://www.youtube.com/watch?v=-GZ1xYEZDgc&t=117","high","criterion","1","3","0","","","","",""
"oscar-isaac","dont-look-back","145","https://www.youtube.com/watch?v=-GZ1xYEZDgc&t=145","high","criterion","1","4","0","","","","",""
"oscar-isaac","pans-labyrinth","162","https://www.youtube.com/watch?v=-GZ1xYEZDgc&t=162","high","criterion","1","5","0","","","","",""
"oscar-isaac","inside-llewyn-davis","224","https://www.youtube.com/watch?v=-GZ1xYEZDgc&t=224","high","criterion","1","6","0","","","","",""
"oscar-isaac","akira-kurosawas-dreams","275","https://www.youtube.com/watch?v=-GZ1xYEZDgc&t=275","high","criterion","1","7","0","","","","",""
"oscar-isaac","throne-of-blood","304","https://www.youtube.com/watch?v=-GZ1xYEZDgc&t=304","high","criterion","1","8","0","","","","",""
"oscar-isaac","the-tree-of-life","348","https://www.youtube.com/watch?v=-GZ1xYEZDgc&t=348","high","criterion","1","9","0","","","","",""
"oscar-isaac","la-llorona","425","https://www.youtube.com/watch?v=-GZ1xYEZDgc&t=425","high","criterion","1","10","0","","","","",""
"oscar-isaac","guillermo-del-toros-pinocchio","437","https://www.youtube.com/watch?v=-GZ1xYEZDgc&t=437","high","criterion","1","11","0","","","","",""
"oscar-isaac","raging-bull","455","https://www.youtube.com/watch?v=-GZ1xYEZDgc&t=455","high","criterion","1","12","0","","","","",""
"oscar-isaac","you-can-count-on-me","461","https://www.youtube.com/watch?v=-GZ1xYEZDgc&t=461","high","criterion","1","13","0","","","","",""
"oscar-isaac","john-cassavetes-five-films","94","https://www.youtube.com/watch?v=-GZ1xYEZDgc&t=94","high","criterion","1","14","1","John Cassavetes: Five Films","5","https://www.criterion.com/boxsets/558-john-cassavetes-five-films","",""
"steve-zahn","slacker","8","https://www.youtube.com/watch?v=QElu6xNs6Q8&t=8","high","criterion","1","1","0","","","","",""
"steve-zahn","mystery-train","105","https://www.youtube.com/watch?v=QElu6xNs6Q8&t=105","high","criterion","1","2","0","","","","",""
"steve-zahn","paris-texas","113","https://www.youtube.com/watch?v=QElu6xNs6Q8&t=113","high","criterion","1","3","0","","","","",""
"steve-zahn","millers-crossing","130","https://www.youtube.com/watch?v=QElu6xNs6Q8&t=130","high","criterion","1","4","0","","","","",""
"steve-zahn","some-like-it-hot","218","https://www.youtube.com/watch?v=QElu6xNs6Q8&t=218","high","criterion","1","5","0","","","","",""
"steve-zahn","being-there","225","https://www.youtube.com/watch?v=QElu6xNs6Q8&t=225","high","criterion","1","6","0","","","","",""
"steve-zahn","night-of-the-living-dead","242","https://www.youtube.com/watch?v=QElu6xNs6Q8&t=242","high","criterion","1","7","0","","","","",""
"richard-gadd","happiness","6","https://www.youtube.com/watch?v=1zj9pYwG64g&t=6","high","criterion","1","1","0","","","","",""
"richard-gadd","memories-of-murder","54","https://www.youtube.com/watch?v=1zj9pYwG64g&t=54","high","criterion","1","2","0","","","","",""
"richard-gadd","trainspotting","130","https://www.youtube.com/watch?v=1zj9pYwG64g&t=130","high","criterion","1","3","0","","","","",""
"richard-gadd","raging-bull","230","https://www.youtube.com/watch?v=1zj9pYwG64g&t=230","high","criterion","1","4","0","","","","",""
"richard-gadd","the-last-waltz","306","https://www.youtube.com/watch?v=1zj9pYwG64g&t=306","high","criterion","1","5","0","","","","",""
"richard-gadd","gimme-shelter","355","https://www.youtube.com/watch?v=1zj9pYwG64g&t=355","high","criterion","1","6","0","","","","",""
"richard-gadd","easy-rider","431","https://www.youtube.com/watch?v=1zj9pYwG64g&t=431","high","criterion","1","7","0","","","","",""
"elijah-wood","the-vanishing","8","https://www.youtube.com/watch?v=kcXBFY2XBuY&t=8","high","criterion","1","1","0","","","","",""
"elijah-wood","amores-perros","28","https://www.youtube.com/watch?v=kcXBFY2XBuY&t=28","high","criterion","1","2","0","","","","",""
"elijah-wood","the-game","47","https://www.youtube.com/watch?v=kcXBFY2XBuY&t=47","high","criterion","1","3","0","","","","",""
"elijah-wood","blow-up","76","https://www.youtube.com/watch?v=kcXBFY2XBuY&t=76","high","criterion","1","4","0","","","","",""
"elijah-wood","thelonious-monk-straight-no-chaser","117","https://www.youtube.com/watch?v=kcXBFY2XBuY&t=117","high","criterion","1","5","0","","","","",""
"elijah-wood","birth","156","https://www.youtube.com/watch?v=kcXBFY2XBuY&t=156","high","criterion","1","6","0","","","","",""
"elijah-wood","eyes-wide-shut","194","https://www.youtube.com/watch?v=kcXBFY2XBuY&t=194","high","criterion","1","7","0","","","","",""
"elijah-wood","happiness","217","https://www.youtube.com/watch?v=kcXBFY2XBuY&t=217","high","criterion","1","8","0","","","","",""
"elijah-wood","funny-games","241","https://www.youtube.com/watch?v=kcXBFY2XBuY&t=241","high","criterion","1","9","0","","","","",""
"elijah-wood","on-the-waterfront","351","https://www.youtube.com/watch?v=kcXBFY2XBuY&t=351","high","criterion","1","10","0","","","","",""
"elijah-wood","the-wes-anderson-archive-ten-films-twenty-five-years","290","https://www.youtube.com/watch?v=kcXBFY2XBuY&t=290","high","criterion","1","11","1","The Wes Anderson Archive: Ten Films, Twenty-Five Years","10","https://www.criterion.com/boxsets/8208-the-wes-anderson-archive-ten-films-twenty-five-years","",""
"boots-riley","black-girl","14","https://www.youtube.com/watch?v=E_66gXXfrbA&t=14","high","criterion","1","1","0","","","","",""
"boots-riley","true-stories","96","https://www.youtube.com/watch?v=E_66gXXfrbA&t=96","high","criterion","1","2","0","","","","",""
"boots-riley","election","117","https://www.youtube.com/watch?v=E_66gXXfrbA&t=117","high","criterion","1","3","0","","","","",""
"boots-riley","the-hero","143","https://www.youtube.com/watch?v=E_66gXXfrbA&t=143","high","criterion","1","4","0","","","","",""
"boots-riley","the-princess-bride","158","https://www.youtube.com/watch?v=E_66gXXfrbA&t=158","high","criterion","1","5","0","","","","",""
"boots-riley","all-about-my-mother","213","https://www.youtube.com/watch?v=E_66gXXfrbA&t=213","high","criterion","1","6","0","","","","",""
"boots-riley","women-on-the-verge-of-a-nervous-breakdown","228","https://www.youtube.com/watch?v=E_66gXXfrbA&t=228","high","criterion","1","7","0","","","","",""
"boots-riley","mishima-a-life-in-four-chapters","252","https://www.youtube.com/watch?v=E_66gXXfrbA&t=252","high","criterion","1","8","0","","","","",""
"boots-riley","three-revolutionary-films-by-ousmane-sembene","6","https://www.youtube.com/watch?v=E_66gXXfrbA&t=6","high","criterion","1","9","1","Three Revolutionary Films by Ousmane Sembène","3","https://www.criterion.com/boxsets/7304-three-revolutionary-films-by-ousmane-sembene","",""
"boots-riley","melvin-van-peebles-essential-films","35","https://www.youtube.com/watch?v=E_66gXXfrbA&t=35","high","criterion","1","10","1","Melvin Van Peebles: Essential Films","4","https://www.criterion.com/boxsets/4787-melvin-van-peebles-essential-films","",""
"boots-riley","the-qatsi-trilogy","193","https://www.youtube.com/watch?v=E_66gXXfrbA&t=193","high","criterion","1","11","1","The Qatsi Trilogy","3","https://www.criterion.com/boxsets/934-the-qatsi-trilogy","",""
"boots-riley","essential-fellini","302","https://www.youtube.com/watch?v=E_66gXXfrbA&t=302","high","criterion","1","12","1","Essential Fellini","14","https://www.criterion.com/boxsets/3626-essential-fellini","",""
"eiza-gonzalez","midnight-cowboy","30","https://www.youtube.com/watch?v=zMUzKUMyNeQ&t=30","high","criterion","1","1","0","","","","",""
"eiza-gonzalez","klute","145","https://www.youtube.com/watch?v=zMUzKUMyNeQ&t=145","high","criterion","1","2","0","","","","",""
"eiza-gonzalez","the-mother-and-the-whore","313","https://www.youtube.com/watch?v=zMUzKUMyNeQ&t=313","high","criterion","1","3","0","","","","",""
"eiza-gonzalez","fa-yeung-nin-wa","398","https://www.youtube.com/watch?v=zMUzKUMyNeQ&t=398","high","criterion","1","4","0","","","","",""
"eiza-gonzalez","monsieur-verdoux","478","https://www.youtube.com/watch?v=zMUzKUMyNeQ&t=478","high","criterion","1","5","0","","","","",""
"eiza-gonzalez","fanny-and-alexander-box-set","225","https://www.youtube.com/watch?v=zMUzKUMyNeQ&t=225","high","criterion","1","6","0","","","","",""
"thierry-fremaux","pierrot-le-fou","22","https://www.youtube.com/watch?v=h1NsxFbPT-U&t=22","high","criterion","1","1","0","","","","",""
"thierry-fremaux","round-midnight","138","https://www.youtube.com/watch?v=h1NsxFbPT-U&t=138","high","criterion","1","2","0","","","","",""
"thierry-fremaux","il-posto","177","https://www.youtube.com/watch?v=h1NsxFbPT-U&t=177","high","criterion","1","3","0","","","","",""
"thierry-fremaux","la-verite","228","https://www.youtube.com/watch?v=h1NsxFbPT-U&t=228","high","criterion","1","4","0","","","","",""
"thierry-fremaux","the-ranown-westerns-five-films-directed-by-budd-boetticher","58","https://www.youtube.com/watch?v=h1NsxFbPT-U&t=58","high","criterion","1","5","1","The Ranown Westerns: Five Films Directed by Budd Boetticher","5","https://www.criterion.com/boxsets/6702-the-ranown-westerns-five-films-directed-by-budd-boetticher","",""
"thierry-fremaux","eclipse-series-12-aki-kaurismakis-proletariat-trilogy","113","https://www.youtube.com/watch?v=h1NsxFbPT-U&t=113","high","criterion","1","6","1","Eclipse Series 12: Aki Kaurismäki's Proletariat Trilogy","3","https://www.criterion.com/boxsets/564-eclipse-series-12-aki-kaurismaki-s-proletariat-trilogy","",""
"thierry-fremaux","godzilla-the-showa-era-films-19541975","169","https://www.youtube.com/watch?v=h1NsxFbPT-U&t=169","high","criterion","1","7","1","Godzilla: The Showa-Era Films, 1954–1975","15","https://www.criterion.com/boxsets/2648-godzilla-the-showa-era-films-1954-1975","",""
"robert-de-niro","big-deal-on-madonna-street","5","https://www.youtube.com/watch?v=1yXOFLr_LJc&t=5","high","criterion","1","1","0","","","","",""
"robert-de-niro","divorce-italian-style","24","https://www.youtube.com/watch?v=1yXOFLr_LJc&t=24","high","criterion","1","2","0","","","","",""
"robert-de-niro","blow-up","33","https://www.youtube.com/watch?v=1yXOFLr_LJc&t=33","high","criterion","1","3","0","","","","",""
"robert-de-niro","the-complete-films-of-agnes-varda","56","https://www.youtube.com/watch?v=1yXOFLr_LJc&t=56","high","criterion","1","4","1","The Complete Films of Agnès Varda","22","https://www.criterion.com/boxsets/3432-the-complete-films-of-agnes-varda","",""
"robert-de-niro","essential-fellini","112","https://www.youtube.com/watch?v=1yXOFLr_LJc&t=112","high","criterion","1","5","1","Essential Fellini","14","https://www.criterion.com/boxsets/3626-essential-fellini","",""
"paul-rudd","withnail-and-i","21","https://www.youtube.com/watch?v=ZTvRQRTVdqA&t=21","high","criterion","1","1","0","","","","",""
"paul-rudd","boyhood","45","https://www.youtube.com/watch?v=ZTvRQRTVdqA&t=45","high","criterion","1","2","0","","","","",""
"paul-rudd","defending-your-life","90","https://www.youtube.com/watch?v=ZTvRQRTVdqA&t=90","high","criterion","1","3","0","","","","",""
"paul-rudd","secrets-lies","145","https://www.youtube.com/watch?v=ZTvRQRTVdqA&t=145","high","criterion","1","4","0","","","","",""
"paul-rudd","34102-ryuichi-sakamoto-opus","178","https://www.youtube.com/watch?v=ZTvRQRTVdqA&t=178","high","criterion","1","5","0","","","","",""
"paul-rudd","fast-times-at-ridgemont-high","246","https://www.youtube.com/watch?v=ZTvRQRTVdqA&t=246","high","criterion","1","6","0","","","","",""
"bob-the-drag-queen","hedwig-and-the-angry-inch","16","https://www.youtube.com/watch?v=0ZvmGDEBXZM&t=16","high","criterion","1","1","0","","","","",""
"bob-the-drag-queen","jo-jo-dancer-your-life-is-calling","51","https://www.youtube.com/watch?v=0ZvmGDEBXZM&t=51","high","criterion","1","2","0","","","","",""
"bob-the-drag-queen","pee-wees-big-adventure","135","https://www.youtube.com/watch?v=0ZvmGDEBXZM&t=135","high","criterion","1","3","0","","","","",""
"bob-the-drag-queen","network","157","https://www.youtube.com/watch?v=0ZvmGDEBXZM&t=157","high","criterion","1","4","0","","","","",""
"bob-the-drag-queen","the-wiz","235","https://www.youtube.com/watch?v=0ZvmGDEBXZM&t=235","high","criterion","1","5","0","","","","",""
"bob-the-drag-queen","paris-is-burning","318","https://www.youtube.com/watch?v=0ZvmGDEBXZM&t=318","high","criterion","1","6","0","","","","",""
"john-cameron-mitchell","cooley-high","15","https://www.youtube.com/watch?v=4iilUJHpAf0&t=15","high","criterion","1","1","0","","","","",""
"john-cameron-mitchell","moonage-daydream","65","https://www.youtube.com/watch?v=4iilUJHpAf0&t=65","high","criterion","1","2","0","","","","",""
"john-cameron-mitchell","all-that-jazz","81","https://www.youtube.com/watch?v=4iilUJHpAf0&t=81","high","criterion","1","3","0","","","","",""
"john-cameron-mitchell","multiple-maniacs","96","https://www.youtube.com/watch?v=4iilUJHpAf0&t=96","high","criterion","1","4","0","","","","",""
"john-cameron-mitchell","after-life","117","https://www.youtube.com/watch?v=4iilUJHpAf0&t=117","high","criterion","1","5","0","","","","",""
"john-cameron-mitchell","shampoo","160","https://www.youtube.com/watch?v=4iilUJHpAf0&t=160","high","criterion","1","6","0","","","","",""
"john-cameron-mitchell","hedwig-and-the-angry-inch","175","https://www.youtube.com/watch?v=4iilUJHpAf0&t=175","high","criterion","1","7","0","","","","",""
"john-cameron-mitchell","network","226","https://www.youtube.com/watch?v=4iilUJHpAf0&t=226","high","criterion","1","8","0","","","","",""
"john-cameron-mitchell","pee-wees-big-adventure","252","https://www.youtube.com/watch?v=4iilUJHpAf0&t=252","high","criterion","1","9","0","","","","",""
"john-cameron-mitchell","the-wes-anderson-archive-ten-films-twenty-five-years","35","https://www.youtube.com/watch?v=4iilUJHpAf0&t=35","high","criterion","1","10","1","The Wes Anderson Archive: Ten Films, Twenty-Five Years","10","https://www.criterion.com/boxsets/8208-the-wes-anderson-archive-ten-films-twenty-five-years","",""
"john-cameron-mitchell","john-cassavetes-five-films","44","https://www.youtube.com/watch?v=4iilUJHpAf0&t=44","high","criterion","1","11","1","John Cassavetes: Five Films","5","https://www.criterion.com/boxsets/558-john-cassavetes-five-films","",""
"john-cameron-mitchell","pasolini-101","184","https://www.youtube.com/watch?v=4iilUJHpAf0&t=184","high","criterion","1","12","1","Pasolini 101","9","https://www.criterion.com/boxsets/6588-pasolini-101","",""
"lisa-kudrow","all-about-eve","6","https://www.youtube.com/watch?v=VsywXM8vMLs&t=6","high","criterion","1","1","0","","","","",""
"lisa-kudrow","now-voyager","79","https://www.youtube.com/watch?v=VsywXM8vMLs&t=79","high","criterion","1","2","0","","","","",""
"lisa-kudrow","the-philadelphia-story","136","https://www.youtube.com/watch?v=VsywXM8vMLs&t=136","high","criterion","1","3","0","","","","",""
"lisa-kudrow","defending-your-life","186","https://www.youtube.com/watch?v=VsywXM8vMLs&t=186","high","criterion","1","4","0","","","","",""
"lisa-kudrow","12-angry-men","253","https://www.youtube.com/watch?v=VsywXM8vMLs&t=253","high","criterion","1","5","0","","","","",""
"john-c-reilly","down-by-law","25","https://www.youtube.com/watch?v=vJn8q_oBWlc&t=25","high","criterion","1","1","0","","","","",""
"john-c-reilly","the-killing-of-a-chinese-bookie","69","https://www.youtube.com/watch?v=vJn8q_oBWlc&t=69","high","criterion","1","2","1","John Cassavetes: Five Films","","","",""
"john-c-reilly","the-brood","108","https://www.youtube.com/watch?v=vJn8q_oBWlc&t=108","high","criterion","1","3","0","","","","",""
"john-c-reilly","defending-your-life","144","https://www.youtube.com/watch?v=vJn8q_oBWlc&t=144","high","criterion","1","4","0","","","","",""
"john-c-reilly","on-the-waterfront","166","https://www.youtube.com/watch?v=vJn8q_oBWlc&t=166","high","criterion","1","5","0","","","","",""
"john-c-reilly","the-great-escape","233","https://www.youtube.com/watch?v=vJn8q_oBWlc&t=233","high","criterion","1","6","0","","","","",""
"matthew-rhys","grey-gardens","20","https://www.youtube.com/watch?v=r0-5G6-g7WI&t=20","high","criterion","1","1","0","","","","",""
"matthew-rhys","withnail-and-i","30","https://www.youtube.com/watch?v=r0-5G6-g7WI&t=30","high","criterion","1","2","0","","","","",""
"matthew-rhys","the-princess-bride","74","https://www.youtube.com/watch?v=r0-5G6-g7WI&t=74","high","criterion","1","3","0","","","","",""
"matthew-rhys","do-the-right-thing","125","https://www.youtube.com/watch?v=r0-5G6-g7WI&t=125","high","criterion","1","4","0","","","","",""
"matthew-rhys","mean-streets","194","https://www.youtube.com/watch?v=r0-5G6-g7WI&t=194","high","criterion","1","5","0","","","","",""
"matthew-rhys","monty-pythons-life-of-brian","233","https://www.youtube.com/watch?v=r0-5G6-g7WI&t=233","high","criterion","1","6","0","","","","",""
"matthew-rhys","the-great-escape","279","https://www.youtube.com/watch?v=r0-5G6-g7WI&t=279","high","criterion","1","7","0","","","","",""
"matthew-rhys","the-graduate","302","https://www.youtube.com/watch?v=r0-5G6-g7WI&t=302","high","criterion","1","8","0","","","","",""
"hannah-einbinder","tampopo","21","https://www.youtube.com/watch?v=FDm1avEBSBM&t=21","high","criterion","1","1","0","","","","",""
"hannah-einbinder","paper-moon","35","https://www.youtube.com/watch?v=FDm1avEBSBM&t=35","high","criterion","1","2","0","","","","",""
"hannah-einbinder","thelma-louise","81","https://www.youtube.com/watch?v=FDm1avEBSBM&t=81","high","criterion","1","3","0","","","","",""
"hannah-einbinder","the-philadelphia-story","105","https://www.youtube.com/watch?v=FDm1avEBSBM&t=105","high","criterion","1","4","0","","","","",""
"hannah-einbinder","his-girl-friday","121","https://www.youtube.com/watch?v=FDm1avEBSBM&t=121","high","criterion","1","5","0","","","","",""
"hannah-einbinder","valerie-and-her-week-of-wonders","164","https://www.youtube.com/watch?v=FDm1avEBSBM&t=164","high","criterion","1","6","0","","","","",""
"hannah-einbinder","crash","211","https://www.youtube.com/watch?v=FDm1avEBSBM&t=211","high","criterion","1","7","0","","","","",""
"hannah-einbinder","lost-highway","242","https://www.youtube.com/watch?v=FDm1avEBSBM&t=242","high","criterion","1","8","0","","","","",""
"hannah-einbinder","defending-your-life","288","https://www.youtube.com/watch?v=FDm1avEBSBM&t=288","high","criterion","1","9","0","","","","",""
"hannah-einbinder","high-art","313","https://www.youtube.com/watch?v=FDm1avEBSBM&t=313","high","criterion","1","10","0","","","","",""
"hannah-einbinder","the-before-trilogy","62","https://www.youtube.com/watch?v=FDm1avEBSBM&t=62","high","criterion","1","11","1","The Before Trilogy","3","https://www.criterion.com/boxsets/1237-the-before-trilogy","",""
"noah-wyle","a-face-in-the-crowd","15","https://www.youtube.com/watch?v=RU3Csk-y1-w&t=15","high","criterion","1","1","0","","","","",""
"noah-wyle","forty-guns","43","https://www.youtube.com/watch?v=RU3Csk-y1-w&t=43","high","criterion","1","2","0","","","","",""
"noah-wyle","repo-man","80","https://www.youtube.com/watch?v=RU3Csk-y1-w&t=80","high","criterion","1","3","0","","","","",""
"noah-wyle","eating-raoul","99","https://www.youtube.com/watch?v=RU3Csk-y1-w&t=99","high","criterion","1","4","0","","","","",""
"noah-wyle","the-great-escape","112","https://www.youtube.com/watch?v=RU3Csk-y1-w&t=112","high","criterion","1","5","0","","","","",""
"noah-wyle","round-midnight","148","https://www.youtube.com/watch?v=RU3Csk-y1-w&t=148","high","criterion","1","6","0","","","","",""
"noah-wyle","seconds","165","https://www.youtube.com/watch?v=RU3Csk-y1-w&t=165","high","criterion","1","7","0","","","","",""
"noah-wyle","trouble-in-paradise","201","https://www.youtube.com/watch?v=RU3Csk-y1-w&t=201","high","criterion","1","8","0","","","","",""
"noah-wyle","the-life-and-death-of-colonel-blimp","263","https://www.youtube.com/watch?v=RU3Csk-y1-w&t=263","high","criterion","1","9","0","","","","",""
"noah-wyle","f-for-fake","289","https://www.youtube.com/watch?v=RU3Csk-y1-w&t=289","high","criterion","1","10","0","","","","",""
"noah-wyle","pickup-on-south-street","314","https://www.youtube.com/watch?v=RU3Csk-y1-w&t=314","high","criterion","1","11","0","","","","",""
"noah-wyle","medium-cool","354","https://www.youtube.com/watch?v=RU3Csk-y1-w&t=354","high","criterion","1","12","0","","","","",""
"noah-wyle","this-sporting-life","392","https://www.youtube.com/watch?v=RU3Csk-y1-w&t=392","high","criterion","1","13","0","","","","",""
"noah-wyle","merry-christmas-mr-lawrence","418","https://www.youtube.com/watch?v=RU3Csk-y1-w&t=418","high","criterion","1","14","0","","","","",""
"noah-wyle","crumb","503","https://www.youtube.com/watch?v=RU3Csk-y1-w&t=503","high","criterion","1","15","0","","","","",""
"noah-wyle","the-last-picture-show","543","https://www.youtube.com/watch?v=RU3Csk-y1-w&t=543","high","criterion","1","16","0","","","","",""
"noah-wyle","shadows","578","https://www.youtube.com/watch?v=RU3Csk-y1-w&t=578","high","criterion","1","17","1","John Cassavetes: Five Films","","","",""
"noah-wyle","a-whit-stillman-trilogy-metropolitan-barcelona-the-last-days-of-disco","452","https://www.youtube.com/watch?v=RU3Csk-y1-w&t=452","high","criterion","1","18","1","A Whit Stillman Trilogy: Metropolitan, Barcelona, The Last Days of Disco","3","https://www.criterion.com/boxsets/1179-a-whit-stillman-trilogy-i-metropolitan-barcelona-the-last-days-of-disco-i","",""
"carla-simon","el-sur","12","https://www.youtube.com/watch?v=lxM1ic5nX7o&t=12","high","criterion","1","1","0","","","","",""
"carla-simon","wanda","43","https://www.youtube.com/watch?v=lxM1ic5nX7o&t=43","high","criterion","1","2","0","","","","",""
"carla-simon","walkabout","105","https://www.youtube.com/watch?v=lxM1ic5nX7o&t=105","high","criterion","1","3","0","","","","",""
"carla-simon","umberto-d","132","https://www.youtube.com/watch?v=lxM1ic5nX7o&t=132","high","criterion","1","4","0","","","","",""
"carla-simon","the-tree-of-wooden-clogs","157","https://www.youtube.com/watch?v=lxM1ic5nX7o&t=157","high","criterion","1","5","0","","","","",""
"carla-simon","vermiglio","183","https://www.youtube.com/watch?v=lxM1ic5nX7o&t=183","high","criterion","1","6","0","","","","",""
"carla-simon","beau-travail","215","https://www.youtube.com/watch?v=lxM1ic5nX7o&t=215","high","criterion","1","7","0","","","","",""
"carla-simon","three-films-by-mai-zetterling","247","https://www.youtube.com/watch?v=lxM1ic5nX7o&t=247","high","criterion","1","8","1","Three Films by Mai Zetterling","3","https://www.criterion.com/boxsets/6324-three-films-by-mai-zetterling","",""
"billy-eichner","tootsie","6","https://www.youtube.com/watch?v=9GRs6AfiH-E&t=6","high","criterion","1","1","0","","","","",""
"billy-eichner","moonstruck","44","https://www.youtube.com/watch?v=9GRs6AfiH-E&t=44","high","criterion","1","2","0","","","","",""
"billy-eichner","the-fisher-king","104","https://www.youtube.com/watch?v=9GRs6AfiH-E&t=104","high","criterion","1","3","0","","","","",""
"billy-eichner","the-prince-of-tides","141","https://www.youtube.com/watch?v=9GRs6AfiH-E&t=141","high","criterion","1","4","0","","","","",""
"billy-eichner","my-beautiful-laundrette","221","https://www.youtube.com/watch?v=9GRs6AfiH-E&t=221","high","criterion","1","5","0","","","","",""
"billy-eichner","a-whit-stillman-trilogy-metropolitan-barcelona-the-last-days-of-disco","61","https://www.youtube.com/watch?v=9GRs6AfiH-E&t=61","high","criterion","1","6","1","A Whit Stillman Trilogy: Metropolitan, Barcelona, The Last Days of Disco","3","https://www.criterion.com/boxsets/1179-a-whit-stillman-trilogy-i-metropolitan-barcelona-the-last-days-of-disco-i","",""
"geena-davis","my-life-as-a-dog","10","https://www.youtube.com/watch?v=QqzRI0d_5TA&t=10","high","criterion","1","1","0","","","","",""
"geena-davis","mikey-and-nicky","34","https://www.youtube.com/watch?v=QqzRI0d_5TA&t=34","high","criterion","1","2","0","","","","",""
"geena-davis","his-girl-friday","56","https://www.youtube.com/watch?v=QqzRI0d_5TA&t=56","high","criterion","1","3","0","","","","",""
"geena-davis","some-like-it-hot","82","https://www.youtube.com/watch?v=QqzRI0d_5TA&t=82","high","criterion","1","4","0","","","","",""
"geena-davis","thelma-louise","103","https://www.youtube.com/watch?v=QqzRI0d_5TA&t=103","high","criterion","1","5","0","","","","",""
"david-tennant","time-bandits","9","https://www.youtube.com/watch?v=RoXYGX-tM7c&t=9","high","criterion","1","1","0","","","","",""
"david-tennant","the-importance-of-being-earnest","49","https://www.youtube.com/watch?v=RoXYGX-tM7c&t=49","high","criterion","1","2","0","","","","",""
"david-tennant","his-girl-friday","123","https://www.youtube.com/watch?v=RoXYGX-tM7c&t=123","high","criterion","1","3","0","","","","",""
"david-tennant","12-angry-men","240","https://www.youtube.com/watch?v=RoXYGX-tM7c&t=240","high","criterion","1","4","0","","","","",""
"david-tennant","david-lean-directs-noel-coward","76","https://www.youtube.com/watch?v=RoXYGX-tM7c&t=76","high","criterion","1","5","1","David Lean Directs Noël Coward","4","https://www.criterion.com/boxsets/861-david-lean-directs-noel-coward","",""
"david-tennant","oliviers-shakespeare","159","https://www.youtube.com/watch?v=RoXYGX-tM7c&t=159","high","criterion","1","6","1","Olivier's Shakespeare","-1","https://www.criterion.com/boxsets/577-olivier-s-shakespeare","",""
"finneas","a-hard-days-night","21","https://www.youtube.com/watch?v=uJqqkVAgCcc&t=21","high","criterion","1","1","0","","","","",""
"finneas","eyes-wide-shut","85","https://www.youtube.com/watch?v=uJqqkVAgCcc&t=85","high","criterion","1","2","0","","","","",""
"finneas","sound-of-metal","140","https://www.youtube.com/watch?v=uJqqkVAgCcc&t=140","high","criterion","1","3","0","","","","",""
"finneas","walle","196","https://www.youtube.com/watch?v=uJqqkVAgCcc&t=196","high","criterion","1","4","0","","","","",""
"finneas","punch-drunk-love","232","https://www.youtube.com/watch?v=uJqqkVAgCcc&t=232","high","criterion","1","5","0","","","","",""
"finneas","roma-2018","278","https://www.youtube.com/watch?v=uJqqkVAgCcc&t=278","high","criterion","1","6","1","Essential Fellini","","","",""
"john-leguizamo","the-piano-teacher","31","https://www.youtube.com/watch?v=VyE1nBqRNIQ&t=31","high","criterion","1","1","0","","","","",""
"john-leguizamo","roma-2018","107","https://www.youtube.com/watch?v=VyE1nBqRNIQ&t=107","high","criterion","1","2","1","Essential Fellini","","","",""
"john-leguizamo","a-man-escaped","135","https://www.youtube.com/watch?v=VyE1nBqRNIQ&t=135","high","criterion","1","3","0","","","","",""
"john-leguizamo","do-the-right-thing","188","https://www.youtube.com/watch?v=VyE1nBqRNIQ&t=188","high","criterion","1","4","0","","","","",""
"john-leguizamo","el-norte","254","https://www.youtube.com/watch?v=VyE1nBqRNIQ&t=254","high","criterion","1","5","0","","","","",""
"john-leguizamo","the-gold-rush","321","https://www.youtube.com/watch?v=VyE1nBqRNIQ&t=321","high","criterion","1","6","0","","","","",""
"camila-mendes","the-great-beauty","7","https://www.youtube.com/watch?v=pwAJ1djDXws&t=7","high","criterion","1","1","0","","","","",""
"camila-mendes","triangle-of-sadness","54","https://www.youtube.com/watch?v=pwAJ1djDXws&t=54","high","criterion","1","2","0","","","","",""
"camila-mendes","the-others","109","https://www.youtube.com/watch?v=pwAJ1djDXws&t=109","high","criterion","1","3","0","","","","",""
"camila-mendes","totem","150","https://www.youtube.com/watch?v=pwAJ1djDXws&t=150","high","criterion","1","4","0","","","","",""
"camila-mendes","the-before-trilogy","247","https://www.youtube.com/watch?v=pwAJ1djDXws&t=247","high","criterion","1","5","1","The Before Trilogy","3","https://www.criterion.com/boxsets/1237-the-before-trilogy","",""
"mindy-kaling","anatomy-of-a-fall","10","https://www.youtube.com/watch?v=9Rauz_wHSXQ&t=10","high","criterion","1","1","0","","","","",""
"mindy-kaling","love-basketball","36","https://www.youtube.com/watch?v=9Rauz_wHSXQ&t=36","high","criterion","1","2","0","","","","",""
"mindy-kaling","frances-ha","81","https://www.youtube.com/watch?v=9Rauz_wHSXQ&t=81","high","criterion","1","3","0","","","","",""
"mindy-kaling","a-room-with-a-view","124","https://www.youtube.com/watch?v=9Rauz_wHSXQ&t=124","high","criterion","1","4","0","","","","",""
"mindy-kaling","the-shape-of-water","172","https://www.youtube.com/watch?v=9Rauz_wHSXQ&t=172","high","criterion","1","5","0","","","","",""
"mindy-kaling","mississippi-masala","228","https://www.youtube.com/watch?v=9Rauz_wHSXQ&t=228","high","criterion","1","6","0","","","","",""
"mindy-kaling","pickup-on-south-street","282","https://www.youtube.com/watch?v=9Rauz_wHSXQ&t=282","high","criterion","1","7","0","","","","",""
"christopher-nolan","for-all-mankind","25","https://www.youtube.com/watch?v=t9fgFt-Ibik&t=25","high","criterion","1","1","0","","","","",""
"christopher-nolan","the-complete-mr-arkadin","34","https://www.youtube.com/watch?v=t9fgFt-Ibik&t=34","high","criterion","1","2","0","","","","",""
"christopher-nolan","the-testament-of-dr-mabuse","63","https://www.youtube.com/watch?v=t9fgFt-Ibik&t=63","high","criterion","1","3","0","","","","",""
"christopher-nolan","scorsese-shorts","94","https://www.youtube.com/watch?v=t9fgFt-Ibik&t=94","high","criterion","1","4","0","","","","",""
"christopher-nolan","malcolm-x","143","https://www.youtube.com/watch?v=t9fgFt-Ibik&t=143","high","criterion","1","5","0","","","","",""
"christopher-nolan","lost-highway","160","https://www.youtube.com/watch?v=t9fgFt-Ibik&t=160","high","criterion","1","6","0","","","","",""
"christopher-nolan","the-player","213","https://www.youtube.com/watch?v=t9fgFt-Ibik&t=213","high","criterion","1","7","0","","","","",""
"christopher-nolan","boyhood","235","https://www.youtube.com/watch?v=t9fgFt-Ibik&t=235","high","criterion","1","8","0","","","","",""
"christopher-nolan","one-false-move","243","https://www.youtube.com/watch?v=t9fgFt-Ibik&t=243","high","criterion","1","9","0","","","","",""
"christopher-nolan","the-black-stallion","254","https://www.youtube.com/watch?v=t9fgFt-Ibik&t=254","high","criterion","1","10","0","","","","",""
"christopher-nolan","citizen-kane","266","https://www.youtube.com/watch?v=t9fgFt-Ibik&t=266","high","criterion","1","11","0","","","","",""
"christopher-nolan","the-killers","14","https://www.youtube.com/watch?v=t9fgFt-Ibik&t=14","high","criterion","1","12","1","The Killers","-1","https://www.criterion.com/boxsets/334-the-killers","",""
"christopher-nolan","john-cassavetes-five-films","16","https://www.youtube.com/watch?v=t9fgFt-Ibik&t=16","high","criterion","1","13","1","John Cassavetes: Five Films","5","https://www.criterion.com/boxsets/558-john-cassavetes-five-films","",""
"christopher-nolan","the-apu-trilogy","74","https://www.youtube.com/watch?v=t9fgFt-Ibik&t=74","high","criterion","1","14","1","The Apu Trilogy","3","https://www.criterion.com/boxsets/1145-the-apu-trilogy","",""
"christopher-nolan","martin-scorseses-world-cinema-project-no-3","102","https://www.youtube.com/watch?v=t9fgFt-Ibik&t=102","high","criterion","1","15","1","Martin Scorsese's World Cinema Project No. 3","-1","https://www.criterion.com/boxsets/3506-martin-scorsese-s-world-cinema-project-no-3","",""
"christopher-nolan","the-qatsi-trilogy","194","https://www.youtube.com/watch?v=t9fgFt-Ibik&t=194","high","criterion","1","16","1","The Qatsi Trilogy","3","https://www.criterion.com/boxsets/934-the-qatsi-trilogy","",""
"matt-damon","purple-noon","12","https://www.youtube.com/watch?v=ZCxYGx6ueNM&t=12","high","criterion","1","1","0","","","","",""
"matt-damon","knife-in-the-water","31","https://www.youtube.com/watch?v=ZCxYGx6ueNM&t=31","high","criterion","1","2","0","","","","",""
"matt-damon","traffic","43","https://www.youtube.com/watch?v=ZCxYGx6ueNM&t=43","high","criterion","1","3","0","","","","",""
"matt-damon","you-can-count-on-me","106","https://www.youtube.com/watch?v=ZCxYGx6ueNM&t=106","high","criterion","1","4","0","","","","",""
"matt-damon","drugstore-cowboy","145","https://www.youtube.com/watch?v=ZCxYGx6ueNM&t=145","high","criterion","1","5","0","","","","",""
"matt-damon","one-false-move","227","https://www.youtube.com/watch?v=ZCxYGx6ueNM&t=227","high","criterion","1","6","0","","","","",""
"matt-damon","no-country-for-old-men","258","https://www.youtube.com/watch?v=ZCxYGx6ueNM&t=258","high","criterion","1","7","0","","","","",""
"matt-damon","double-indemnity","295","https://www.youtube.com/watch?v=ZCxYGx6ueNM&t=295","high","criterion","1","8","0","","","","",""
"matt-damon","sex-lies-and-videotape","321","https://www.youtube.com/watch?v=ZCxYGx6ueNM&t=321","high","criterion","1","9","0","","","","",""
"matt-damon","12-angry-men","327","https://www.youtube.com/watch?v=ZCxYGx6ueNM&t=327","high","criterion","1","10","0","","","","",""
"matt-damon","maitresse","344","https://www.youtube.com/watch?v=ZCxYGx6ueNM&t=344","high","criterion","1","11","0","","","","",""
"cooper-hoffman","hoop-dreams","20","https://www.youtube.com/watch?v=6UCSuaFuwrY&t=20","high","criterion","1","1","0","","","","",""
"cooper-hoffman","come-and-see","52","https://www.youtube.com/watch?v=6UCSuaFuwrY&t=52","high","criterion","1","2","0","","","","",""
"cooper-hoffman","paper-moon","95","https://www.youtube.com/watch?v=6UCSuaFuwrY&t=95","high","criterion","1","3","0","","","","",""
"cooper-hoffman","thelma-louise","115","https://www.youtube.com/watch?v=6UCSuaFuwrY&t=115","high","criterion","1","4","0","","","","",""
"cooper-hoffman","happiness","134","https://www.youtube.com/watch?v=6UCSuaFuwrY&t=134","high","criterion","1","5","0","","","","",""
"cooper-hoffman","punch-drunk-love","209","https://www.youtube.com/watch?v=6UCSuaFuwrY&t=209","high","criterion","1","6","0","","","","",""
"cooper-hoffman","hud","269","https://www.youtube.com/watch?v=6UCSuaFuwrY&t=269","high","criterion","1","7","0","","","","",""
"cooper-hoffman","mean-streets","229","https://www.youtube.com/watch?v=6UCSuaFuwrY&t=229","high","criterion","1","8","0","","","","",""
"cooper-hoffman","love-streams","308","https://www.youtube.com/watch?v=6UCSuaFuwrY&t=308","high","criterion","1","9","0","","","","",""
"cooper-hoffman","gregg-arakis-teen-apocalypse-trilogy","185","https://www.youtube.com/watch?v=6UCSuaFuwrY&t=185","high","criterion","1","10","1","Gregg Araki's Teen Apocalypse Trilogy","3","https://www.criterion.com/boxsets/7581-gregg-araki-s-teen-apocalypse-trilogy","",""
"fred-armisen-and-carrie-brownstein","being-there","17","https://www.youtube.com/watch?v=uy3FoDjNR-k&t=17","high","criterion","1","1","0","","","","",""
"fred-armisen-and-carrie-brownstein","hoop-dreams","31","https://www.youtube.com/watch?v=uy3FoDjNR-k&t=31","high","criterion","1","2","0","","","","",""
"fred-armisen-and-carrie-brownstein","sid-nancy","53","https://www.youtube.com/watch?v=uy3FoDjNR-k&t=53","high","criterion","1","3","0","","","","",""
"fred-armisen-and-carrie-brownstein","moonstruck","73","https://www.youtube.com/watch?v=uy3FoDjNR-k&t=73","high","criterion","1","4","0","","","","",""
"fred-armisen-and-carrie-brownstein","female-trouble","114","https://www.youtube.com/watch?v=uy3FoDjNR-k&t=114","high","criterion","1","5","0","","","","",""
"fred-armisen-and-carrie-brownstein","drugstore-cowboy","136","https://www.youtube.com/watch?v=uy3FoDjNR-k&t=136","high","criterion","1","6","0","","","","",""
"fred-armisen-and-carrie-brownstein","after-hours","178","https://www.youtube.com/watch?v=uy3FoDjNR-k&t=178","high","criterion","1","7","0","","","","",""
"fred-armisen-and-carrie-brownstein","ingmar-bergmans-cinema","240","https://www.youtube.com/watch?v=uy3FoDjNR-k&t=240","high","criterion","1","8","1","Ingmar Bergman's Cinema","40","https://www.criterion.com/boxsets/1427-ingmar-bergman-s-cinema","",""
"thomas-bangalter","modern-times","14","https://www.youtube.com/watch?v=uaajhIBkE-g&t=14","high","criterion","1","1","0","","","","",""
"thomas-bangalter","sisters","59","https://www.youtube.com/watch?v=uaajhIBkE-g&t=59","high","criterion","1","2","0","","","","",""
"thomas-bangalter","being-john-malkovich","98","https://www.youtube.com/watch?v=uaajhIBkE-g&t=98","high","criterion","1","3","0","","","","",""
"thomas-bangalter","martha-graham-dance-on-film","121","https://www.youtube.com/watch?v=uaajhIBkE-g&t=121","high","criterion","1","4","0","","","","",""
"thomas-bangalter","the-color-of-pomegranates","144","https://www.youtube.com/watch?v=uaajhIBkE-g&t=144","high","criterion","1","5","0","","","","",""
"thomas-bangalter","the-game","210","https://www.youtube.com/watch?v=uaajhIBkE-g&t=210","high","criterion","1","6","0","","","","",""
"thomas-bangalter","the-celebration","261","https://www.youtube.com/watch?v=uaajhIBkE-g&t=261","high","criterion","1","7","0","","","","",""
"thomas-bangalter","the-qatsi-trilogy","172","https://www.youtube.com/watch?v=uaajhIBkE-g&t=172","high","criterion","1","8","1","The Qatsi Trilogy","3","https://www.criterion.com/boxsets/934-the-qatsi-trilogy","",""
"eric-andre","hollywood-shuffle","45","https://www.youtube.com/watch?v=kJqymGEIMt0&t=45","high","criterion","1","1","0","","","","",""
"eric-andre","uncut-gems","69","https://www.youtube.com/watch?v=kJqymGEIMt0&t=69","high","criterion","1","2","0","","","","",""
"eric-andre","sorcerer","89","https://www.youtube.com/watch?v=kJqymGEIMt0&t=89","high","criterion","1","3","0","","","","",""
"eric-andre","all-that-jazz","129","https://www.youtube.com/watch?v=kJqymGEIMt0&t=129","high","criterion","1","4","0","","","","",""
"eric-andre","jo-jo-dancer-your-life-is-calling","150","https://www.youtube.com/watch?v=kJqymGEIMt0&t=150","high","criterion","1","5","0","","","","",""
"eric-andre","house","186","https://www.youtube.com/watch?v=kJqymGEIMt0&t=186","high","criterion","1","6","0","","","","",""
"eric-andre","the-battle-of-algiers","201","https://www.youtube.com/watch?v=kJqymGEIMt0&t=201","high","criterion","1","7","0","","","","",""
"eric-andre","les-blank-always-for-pleasure","250","https://www.youtube.com/watch?v=kJqymGEIMt0&t=250","high","criterion","1","8","0","","","","",""
"eric-andre","malcolm-x","285","https://www.youtube.com/watch?v=kJqymGEIMt0&t=285","high","criterion","1","9","0","","","","",""
"eric-andre","john-cassavetes-five-films","9","https://www.youtube.com/watch?v=kJqymGEIMt0&t=9","high","criterion","1","10","1","John Cassavetes: Five Films","5","https://www.criterion.com/boxsets/558-john-cassavetes-five-films","",""
"eric-andre","police-story-police-story-2","227","https://www.youtube.com/watch?v=kJqymGEIMt0&t=227","high","criterion","1","11","1","Police Story / Police Story 2","2","https://www.criterion.com/boxsets/1554-police-story-police-story-2","",""
"eric-andre","jackie-chan-emergence-of-a-superstar-box-set","227","https://www.youtube.com/watch?v=kJqymGEIMt0&t=227","high","criterion","1","12","1","Jackie Chan: Emergence of a Superstar","6","https://www.criterion.com/boxsets/6970-jackie-chan-emergence-of-a-superstar","",""
"colman-domingo","black-girl","17","https://www.youtube.com/watch?v=LB5fjskhpao&t=17","high","criterion","1","1","0","","","","",""
"colman-domingo","il-posto","48","https://www.youtube.com/watch?v=LB5fjskhpao&t=48","high","criterion","1","2","0","","","","",""
"colman-domingo","claudine","74","https://www.youtube.com/watch?v=LB5fjskhpao&t=74","high","criterion","1","3","0","","","","",""
"colman-domingo","mean-streets","110","https://www.youtube.com/watch?v=LB5fjskhpao&t=110","high","criterion","1","4","0","","","","",""
"colman-domingo","purple-noon","127","https://www.youtube.com/watch?v=LB5fjskhpao&t=127","high","criterion","1","5","0","","","","",""
"colman-domingo","moonstruck","160","https://www.youtube.com/watch?v=LB5fjskhpao&t=160","high","criterion","1","6","0","","","","",""
"colman-domingo","coup-de-grace","221","https://www.youtube.com/watch?v=LB5fjskhpao&t=221","high","criterion","1","7","0","","","","",""
"colman-domingo","world-of-wong-kar-wai","179","https://www.youtube.com/watch?v=LB5fjskhpao&t=179","high","criterion","1","8","1","World of Wong Kar Wai","7","https://www.criterion.com/boxsets/4117-world-of-wong-kar-wai","",""
"danny-mcbride","badlands","19","https://www.youtube.com/watch?v=3lFsnL7N5sA&t=19","high","criterion","1","1","0","","","","",""
"danny-mcbride","five-easy-pieces","43","https://www.youtube.com/watch?v=3lFsnL7N5sA&t=43","high","criterion","1","2","0","","","","",""
"danny-mcbride","a-face-in-the-crowd","80","https://www.youtube.com/watch?v=3lFsnL7N5sA&t=80","high","criterion","1","3","0","","","","",""
"danny-mcbride","fantastic-planet","119","https://www.youtube.com/watch?v=3lFsnL7N5sA&t=119","high","criterion","1","4","0","","","","",""
"danny-mcbride","i-am-cuba","142","https://www.youtube.com/watch?v=3lFsnL7N5sA&t=142","high","criterion","1","5","0","","","","",""
"danny-mcbride","george-washington","173","https://www.youtube.com/watch?v=3lFsnL7N5sA&t=173","high","criterion","1","6","0","","","","",""
"danny-mcbride","after-hours","200","https://www.youtube.com/watch?v=3lFsnL7N5sA&t=200","high","criterion","1","7","0","","","","",""
"danny-mcbride","rashomon","211","https://www.youtube.com/watch?v=3lFsnL7N5sA&t=211","high","criterion","1","8","0","","","","",""
"danny-mcbride","manila-in-the-claws-of-light","217","https://www.youtube.com/watch?v=3lFsnL7N5sA&t=217","high","criterion","1","9","0","","","","",""
"danny-mcbride","night-of-the-living-dead","226","https://www.youtube.com/watch?v=3lFsnL7N5sA&t=226","high","criterion","1","10","0","","","","",""
"matthew-mcconaughey","812","14","https://www.youtube.com/watch?v=G5BIhjXCJOY&t=14","high","criterion","1","1","1","Essential Fellini","","","",""
"matthew-mcconaughey","the-great-beauty","29","https://www.youtube.com/watch?v=G5BIhjXCJOY&t=29","high","criterion","1","2","0","","","","",""
"matthew-mcconaughey","tootsie","36","https://www.youtube.com/watch?v=G5BIhjXCJOY&t=36","high","criterion","1","3","0","","","","",""
"matthew-mcconaughey","the-big-chill","41","https://www.youtube.com/watch?v=G5BIhjXCJOY&t=41","high","criterion","1","4","0","","","","",""
"matthew-mcconaughey","slacker","77","https://www.youtube.com/watch?v=G5BIhjXCJOY&t=77","high","criterion","1","5","0","","","","",""
"matthew-mcconaughey","dazed-and-confused","92","https://www.youtube.com/watch?v=G5BIhjXCJOY&t=92","high","criterion","1","6","0","","","","",""
"matthew-mcconaughey","two-lane-blacktop","132","https://www.youtube.com/watch?v=G5BIhjXCJOY&t=132","high","criterion","1","7","0","","","","",""
"matthew-mcconaughey","matewan","152","https://www.youtube.com/watch?v=G5BIhjXCJOY&t=152","high","criterion","1","8","0","","","","",""
"matthew-mcconaughey","thelma-louise","231","https://www.youtube.com/watch?v=G5BIhjXCJOY&t=231","high","criterion","1","9","0","","","","",""
"matthew-mcconaughey","mean-streets","291","https://www.youtube.com/watch?v=G5BIhjXCJOY&t=291","high","criterion","1","10","0","","","","",""
"matthew-mcconaughey","lone-star","160","https://www.youtube.com/watch?v=G5BIhjXCJOY&t=160","high","criterion","1","11","0","","","","",""
"matthew-mcconaughey","basquiat","306","https://www.youtube.com/watch?v=G5BIhjXCJOY&t=306","high","criterion","1","12","0","","","","",""
"matthew-mcconaughey","election","311","https://www.youtube.com/watch?v=G5BIhjXCJOY&t=311","high","criterion","1","13","0","","","","",""
"matthew-mcconaughey","amores-perros","320","https://www.youtube.com/watch?v=G5BIhjXCJOY&t=320","high","criterion","1","14","0","","","","",""
"terry-zwigoff","dr-strangelove-or-how-i-learned-to-stop-worrying-and-love-the-bomb","14","https://www.youtube.com/watch?v=DtVGSdIq0bQ&t=14","high","criterion","1","1","0","","","","",""
"terry-zwigoff","army-of-shadows","122","https://www.youtube.com/watch?v=DtVGSdIq0bQ&t=122","high","criterion","1","2","0","","","","",""
"terry-zwigoff","the-asphalt-jungle","186","https://www.youtube.com/watch?v=DtVGSdIq0bQ&t=186","high","criterion","1","3","0","","","","",""
"terry-zwigoff","all-about-my-mother","224","https://www.youtube.com/watch?v=DtVGSdIq0bQ&t=224","high","criterion","1","4","0","","","","",""
"terry-zwigoff","the-killers","84","https://www.youtube.com/watch?v=DtVGSdIq0bQ&t=84","high","criterion","1","5","1","The Killers","-1","https://www.criterion.com/boxsets/334-the-killers","",""
"joan-chen","rouge","16","https://www.youtube.com/watch?v=u9aapMjogSc&t=16","high","criterion","1","1","0","","","","",""
"joan-chen","mulholland-dr","57","https://www.youtube.com/watch?v=u9aapMjogSc&t=57","high","criterion","1","2","0","","","","",""
"joan-chen","body-heat","162","https://www.youtube.com/watch?v=u9aapMjogSc&t=162","high","criterion","1","3","0","","","","",""
"joan-chen","the-three-colors-trilogy","88","https://www.youtube.com/watch?v=u9aapMjogSc&t=88","high","criterion","1","4","1","Three Colors","3","https://www.criterion.com/boxsets/844-three-colors","",""
"joan-chen","world-of-wong-kar-wai","218","https://www.youtube.com/watch?v=u9aapMjogSc&t=218","high","criterion","1","5","1","World of Wong Kar Wai","7","https://www.criterion.com/boxsets/4117-world-of-wong-kar-wai","",""
"adam-scott","defending-your-life","26","https://www.youtube.com/watch?v=uzH9Fjb2x4w&t=26","high","criterion","1","1","0","","","","",""
"adam-scott","the-irishman","76","https://www.youtube.com/watch?v=uzH9Fjb2x4w&t=76","high","criterion","1","2","0","","","","",""
"adam-scott","sex-lies-and-videotape","130","https://www.youtube.com/watch?v=uzH9Fjb2x4w&t=130","high","criterion","1","3","0","","","","",""
"adam-scott","do-the-right-thing","173","https://www.youtube.com/watch?v=uzH9Fjb2x4w&t=173","high","criterion","1","4","0","","","","",""
"adam-scott","the-big-chill","204","https://www.youtube.com/watch?v=uzH9Fjb2x4w&t=204","high","criterion","1","5","0","","","","",""
"adam-scott","blue-velvet","262","https://www.youtube.com/watch?v=uzH9Fjb2x4w&t=262","high","criterion","1","6","0","","","","",""
"adam-scott","his-girl-friday","302","https://www.youtube.com/watch?v=uzH9Fjb2x4w&t=302","high","criterion","1","7","0","","","","",""
"adam-scott","the-war-room","390","https://www.youtube.com/watch?v=uzH9Fjb2x4w&t=390","high","criterion","1","8","0","","","","",""
"adam-scott","two-days-one-night","531","https://www.youtube.com/watch?v=uzH9Fjb2x4w&t=531","high","criterion","1","9","0","","","","",""
"adam-scott","the-before-trilogy","427","https://www.youtube.com/watch?v=uzH9Fjb2x4w&t=427","high","criterion","1","10","1","The Before Trilogy","3","https://www.criterion.com/boxsets/1237-the-before-trilogy","",""
"adam-scott","the-wes-anderson-archive-ten-films-twenty-five-years","493","https://www.youtube.com/watch?v=uzH9Fjb2x4w&t=493","high","criterion","1","11","1","The Wes Anderson Archive: Ten Films, Twenty-Five Years","10","https://www.criterion.com/boxsets/8208-the-wes-anderson-archive-ten-films-twenty-five-years","",""
"wes-anderson","the-39-steps","41","https://www.youtube.com/watch?v=oJXKHJeVav0&t=41","high","criterion","1","1","0","","","","",""
"wes-anderson","the-red-shoes","50","https://www.youtube.com/watch?v=oJXKHJeVav0&t=50","high","criterion","1","2","0","","","","",""
"wes-anderson","heaven-can-wait","57","https://www.youtube.com/watch?v=oJXKHJeVav0&t=57","high","criterion","1","3","0","","","","",""
"wes-anderson","design-for-living","59","https://www.youtube.com/watch?v=oJXKHJeVav0&t=59","high","criterion","1","4","0","","","","",""
"wes-anderson","the-lady-eve","64","https://www.youtube.com/watch?v=oJXKHJeVav0&t=64","high","criterion","1","5","0","","","","",""
"wes-anderson","stagecoach","80","https://www.youtube.com/watch?v=oJXKHJeVav0&t=80","high","criterion","1","6","0","","","","",""
"wes-anderson","tootsie","84","https://www.youtube.com/watch?v=oJXKHJeVav0&t=84","high","criterion","1","7","0","","","","",""
"wes-anderson","flow","91","https://www.youtube.com/watch?v=oJXKHJeVav0&t=91","high","criterion","1","8","0","","","","",""
"wes-anderson","charulata","106","https://www.youtube.com/watch?v=oJXKHJeVav0&t=106","high","criterion","1","9","0","","","","",""
"jason-sudeikis","eyes-wide-shut","13","https://www.youtube.com/watch?v=Sc6UrpZR3Z4&t=13","high","criterion","1","1","0","","","","",""
"jason-sudeikis","house-party","40","https://www.youtube.com/watch?v=Sc6UrpZR3Z4&t=40","high","criterion","1","2","0","","","","",""
"jason-sudeikis","a-face-in-the-crowd","60","https://www.youtube.com/watch?v=Sc6UrpZR3Z4&t=60","high","criterion","1","3","0","","","","",""
"jason-sudeikis","charade","83","https://www.youtube.com/watch?v=Sc6UrpZR3Z4&t=83","high","criterion","1","4","0","","","","",""
"jason-sudeikis","double-indemnity","105","https://www.youtube.com/watch?v=Sc6UrpZR3Z4&t=105","high","criterion","1","5","0","","","","",""
"jason-sudeikis","love-basketball","168","https://www.youtube.com/watch?v=Sc6UrpZR3Z4&t=168","high","criterion","1","6","0","","","","",""
"jason-sudeikis","bull-durham","207","https://www.youtube.com/watch?v=Sc6UrpZR3Z4&t=207","high","criterion","1","7","0","","","","",""
"jason-sudeikis","dazed-and-confused","250","https://www.youtube.com/watch?v=Sc6UrpZR3Z4&t=250","high","criterion","1","8","0","","","","",""
"jason-sudeikis","citizen-kane","303","https://www.youtube.com/watch?v=Sc6UrpZR3Z4&t=303","high","criterion","1","9","0","","","","",""
"jason-sudeikis","after-hours","364","https://www.youtube.com/watch?v=Sc6UrpZR3Z4&t=364","high","criterion","1","10","0","","","","",""
"jason-sudeikis","pickup-on-south-street","466","https://www.youtube.com/watch?v=Sc6UrpZR3Z4&t=466","high","criterion","1","11","0","","","","",""
"jason-sudeikis","the-devils-backbone","477","https://www.youtube.com/watch?v=Sc6UrpZR3Z4&t=477","high","criterion","1","12","0","","","","",""
"jason-sudeikis","the-before-trilogy","392","https://www.youtube.com/watch?v=Sc6UrpZR3Z4&t=392","high","criterion","1","13","1","The Before Trilogy","3","https://www.criterion.com/boxsets/1237-the-before-trilogy","",""
"jack-coyne","the-last-waltz","13","https://www.youtube.com/watch?v=cba7ycKIAy8&t=13","high","criterion","1","1","0","","","","",""
"jack-coyne","written-on-the-wind","34","https://www.youtube.com/watch?v=cba7ycKIAy8&t=34","high","criterion","1","2","0","","","","",""
"jack-coyne","the-celebration","93","https://www.youtube.com/watch?v=cba7ycKIAy8&t=93","high","criterion","1","3","0","","","","",""
"jack-coyne","pierrot-le-fou","118","https://www.youtube.com/watch?v=cba7ycKIAy8&t=118","high","criterion","1","4","0","","","","",""
"jack-coyne","love-affair","160","https://www.youtube.com/watch?v=cba7ycKIAy8&t=160","high","criterion","1","5","0","","","","",""
"jack-coyne","the-worst-person-in-the-world","193","https://www.youtube.com/watch?v=cba7ycKIAy8&t=193","high","criterion","1","6","0","","","","",""
"jack-coyne","now-voyager","261","https://www.youtube.com/watch?v=cba7ycKIAy8&t=261","high","criterion","1","7","0","","","","",""
"jack-coyne","mildred-pierce","264","https://www.youtube.com/watch?v=cba7ycKIAy8&t=264","high","criterion","1","8","0","","","","",""
"jack-coyne","leave-her-to-heaven","271","https://www.youtube.com/watch?v=cba7ycKIAy8&t=271","high","criterion","1","9","0","","","","",""
"jack-coyne","eclipse-series-12-aki-kaurismakis-proletariat-trilogy","60","https://www.youtube.com/watch?v=cba7ycKIAy8&t=60","high","criterion","1","10","1","Eclipse Series 12: Aki Kaurismäki's Proletariat Trilogy","3","https://www.criterion.com/boxsets/564-eclipse-series-12-aki-kaurismaki-s-proletariat-trilogy","",""
"jack-coyne","the-brd-trilogy","276","https://www.youtube.com/watch?v=cba7ycKIAy8&t=276","high","criterion","1","11","1","The BRD Trilogy","3","https://www.criterion.com/boxsets/138-the-brd-trilogy","",""
