"id","format","title","name","person","group","roles","roleSources","recorded","published","url","video"
"closet:995","closet","Matthew McConaughey’s Closet Picks","Matthew McConaughey","matthewmcconaughey","False","[""Actor""]","[""https://www.criterion.com/shop/collection/995-matthew-mcconaughey-s-closet-picks""]","2026-08-12","2026-08-21","https://www.criterion.com/shop/collection/995-matthew-mcconaughey-s-closet-picks","https://www.youtube.com/watch?v=G5BIhjXCJOY"
"closet:1002","closet","Jason Sudeikis’s Closet Picks","Jason Sudeikis","jasonsudeikis","False","[""Actor"", ""Writer""]","[""https://www.criterion.com/shop/collection/1002-jason-sudeikis-s-closet-picks""]","2026-08-03","","https://www.criterion.com/shop/collection/1002-jason-sudeikis-s-closet-picks",""
"closet:985","closet","Matt Damon’s Closet Picks","Matt Damon","mattdamon","False","[""Actor"", ""Producer""]","[""https://www.criterion.com/shop/collection/985-matt-damon-s-closet-picks""]","2026-07-16","2026-07-27","https://www.criterion.com/shop/collection/985-matt-damon-s-closet-picks","https://www.youtube.com/watch?v=ZCxYGx6ueNM"
"closet:1000","closet","Joan Chen’s Closet Picks","Joan Chen","joanchen","False","[""Actor""]","[""https://www.criterion.com/shop/collection/1000-joan-chen-s-closet-picks""]","2026-07-15","2026-08-31","https://www.criterion.com/shop/collection/1000-joan-chen-s-closet-picks","https://www.youtube.com/watch?v=u9aapMjogSc"
"closet:1001","closet","Wes Anderson’s Mobile Closet Picks","Wes Anderson","wesanderson","False","[""Director""]","[""https://www.criterion.com/current/top-10-lists/115-wes-anderson-s-top-10"", ""https://www.criterion.com/shop/collection/1001-wes-anderson-s-mobile-closet-picks""]","2026-07-11","","https://www.criterion.com/shop/collection/1001-wes-anderson-s-mobile-closet-picks",""
"closet:998","closet","Adam Scott’s Closet Picks","Adam Scott","adamscott","False","[""Actor""]","[""https://www.criterion.com/shop/collection/998-adam-scott-s-closet-picks""]","2026-07-06","2026-08-28","https://www.criterion.com/shop/collection/998-adam-scott-s-closet-picks","https://www.youtube.com/watch?v=uzH9Fjb2x4w"
"closet:993","closet","Danny McBride’s Closet Picks","Danny McBride","dannymcbride","False","[""Actor"", ""Writer""]","[""https://www.criterion.com/shop/collection/993-danny-mcbride-s-closet-picks""]","2026-06-23","2026-08-17","https://www.criterion.com/shop/collection/993-danny-mcbride-s-closet-picks","https://www.youtube.com/watch?v=3lFsnL7N5sA"
"closet:984","closet","Christopher Nolan’s Closet Picks","Christopher Nolan","christophernolan","False","[""Director""]","[""https://www.criterion.com/current/top-10-lists/191-christopher-nolan-s-top-10"", ""https://www.criterion.com/shop/collection/984-christopher-nolan-s-closet-picks""]","2026-06-19","2026-07-24","https://www.criterion.com/shop/collection/984-christopher-nolan-s-closet-picks","https://www.youtube.com/watch?v=t9fgFt-Ibik"
"closet:991","closet","Eric Andre’s Closet Picks","Eric Andre","ericandre","False","[""Actor"", ""Comedian"", ""Writer""]","[""https://www.criterion.com/shop/collection/991-eric-andre-s-closet-picks""]","2026-06-17","2026-08-10","https://www.criterion.com/shop/collection/991-eric-andre-s-closet-picks","https://www.youtube.com/watch?v=kJqymGEIMt0"
"closet:1003","closet","Jack Coyne’s Closet Picks","Jack Coyne","jackcoyne","False","[""Host / presenter""]","[""https://www.criterion.com/shop/collection/1003-jack-coyne-s-closet-picks""]","2026-06-15","","https://www.criterion.com/shop/collection/1003-jack-coyne-s-closet-picks",""
"closet:980","closet","Finneas’s Closet Picks","Finneas","finneas","False","[""Musician""]","[""https://www.criterion.com/shop/collection/980-finneas-s-closet-picks""]","2026-06-11","2026-07-10","https://www.criterion.com/shop/collection/980-finneas-s-closet-picks","https://www.youtube.com/watch?v=uJqqkVAgCcc"
"closet:986","closet","Cooper Hoffman’s Closet Picks","Cooper Hoffman","cooperhoffman","False","[""Actor""]","[""https://www.criterion.com/shop/collection/986-cooper-hoffman-s-closet-picks""]","2026-06-11","2026-07-31","https://www.criterion.com/shop/collection/986-cooper-hoffman-s-closet-picks","https://www.youtube.com/watch?v=6UCSuaFuwrY"
"closet:990","closet","Thomas Bangalter’s Closet Picks","Thomas Bangalter","thomasbangalter","False","[""Musician"", ""Producer""]","[""https://www.criterion.com/shop/collection/990-thomas-bangalter-s-closet-picks""]","2026-06-08","2026-08-07","https://www.criterion.com/shop/collection/990-thomas-bangalter-s-closet-picks","https://www.youtube.com/watch?v=uaajhIBkE-g"
"closet:992","closet","Colman Domingo’s Closet Picks","Colman Domingo","colmandomingo","False","[""Actor""]","[""https://www.criterion.com/shop/collection/992-colman-domingo-s-closet-picks""]","2026-06-08","2026-08-14","https://www.criterion.com/shop/collection/992-colman-domingo-s-closet-picks","https://www.youtube.com/watch?v=LB5fjskhpao"
"closet:981","closet","John Leguizamo’s Closet Picks","John Leguizamo","johnleguizamo","False","[""Actor"", ""Director"", ""Writer""]","[""https://www.criterion.com/shop/collection/981-john-leguizamo-s-closet-picks""]","2026-06-03","2026-07-14","https://www.criterion.com/shop/collection/981-john-leguizamo-s-closet-picks","https://www.youtube.com/watch?v=VyE1nBqRNIQ"
"closet:982","closet","Camila Mendes’s Closet Picks","Camila Mendes","camilamendes","False","[""Actor""]","[""https://www.criterion.com/shop/collection/982-camila-mendes-s-closet-picks""]","2026-06-03","2026-07-17","https://www.criterion.com/shop/collection/982-camila-mendes-s-closet-picks","https://www.youtube.com/watch?v=pwAJ1djDXws"
"closet:989","closet","Fred Armisen and Carrie Brownstein’s Closet Picks","Fred Armisen and Carrie Brownstein","fredarmisenandcarriebrownstein","True","[]","[""https://www.criterion.com/shop/collection/989-fred-armisen-and-carrie-brownstein-s-closet-picks""]","2026-05-31","2026-08-03","https://www.criterion.com/shop/collection/989-fred-armisen-and-carrie-brownstein-s-closet-picks","https://www.youtube.com/watch?v=uy3FoDjNR-k"
"closet:983","closet","Mindy Kaling’s Closet Picks","Mindy Kaling","mindykaling","False","[""Actor"", ""Producer"", ""Writer""]","[""https://www.criterion.com/shop/collection/983-mindy-kaling-s-closet-picks""]","2026-05-27","2026-07-20","https://www.criterion.com/shop/collection/983-mindy-kaling-s-closet-picks","https://www.youtube.com/watch?v=9Rauz_wHSXQ"
"closet:967","closet","Paul Rudd’s Closet Picks","Paul Rudd","paulrudd","False","[""Actor""]","[""https://letterboxd.com/closetpicks/list/paul-rudds-criterion-closet-picks/"", ""https://www.criterion.com/shop/collection/967-paul-rudd-s-closet-picks""]","2026-05-19","2026-05-29","https://www.criterion.com/shop/collection/967-paul-rudd-s-closet-picks","https://www.youtube.com/watch?v=ZTvRQRTVdqA"
"closet:979","closet","David Tennant’s Closet Picks","David Tennant","davidtennant","False","[""Actor""]","[""https://www.criterion.com/shop/collection/979-david-tennant-s-closet-picks""]","2026-05-19","2026-07-06","https://www.criterion.com/shop/collection/979-david-tennant-s-closet-picks","https://www.youtube.com/watch?v=RoXYGX-tM7c"
"closet:978","closet","Geena Davis’s Closet Picks","Geena Davis","geenadavis","False","[""Actor""]","[""https://www.criterion.com/shop/collection/978-geena-davis-s-closet-picks""]","2026-05-12","2026-07-03","https://www.criterion.com/shop/collection/978-geena-davis-s-closet-picks","https://www.youtube.com/watch?v=QqzRI0d_5TA"
"closet:970","closet","Lisa Kudrow’s Closet Picks","Lisa Kudrow","lisakudrow","False","[""Actor"", ""Writer""]","[""https://letterboxd.com/closetpicks/list/lisa-kudrows-criterion-closet-picks/"", ""https://www.criterion.com/shop/collection/970-lisa-kudrow-s-closet-picks""]","2026-05-04","2026-06-08","https://www.criterion.com/shop/collection/970-lisa-kudrow-s-closet-picks","https://www.youtube.com/watch?v=VsywXM8vMLs"
"closet:972","closet","Matthew Rhys’s Closet Picks","Matthew Rhys","matthewrhys","False","[""Actor""]","[""https://letterboxd.com/closetpicks/list/matthew-rhyss-criterion-closet-picks/"", ""https://www.criterion.com/shop/collection/972-matthew-rhys-s-closet-picks""]","2026-04-24","2026-06-15","https://www.criterion.com/shop/collection/972-matthew-rhys-s-closet-picks","https://www.youtube.com/watch?v=r0-5G6-g7WI"
"closet:966","closet","Robert De Niro’s Closet Picks","Robert De Niro","robertdeniro","False","[""Actor"", ""Director""]","[""https://letterboxd.com/closetpicks/list/robert-de-niros-criterion-closet-picks/"", ""https://www.criterion.com/shop/collection/966-robert-de-niro-s-closet-picks""]","2026-04-22","2026-05-27","https://www.criterion.com/shop/collection/966-robert-de-niro-s-closet-picks","https://www.youtube.com/watch?v=1yXOFLr_LJc"
"closet:975","closet","Noah Wyle’s Closet Picks","Noah Wyle","noahwyle","False","[""Actor"", ""Director""]","[""https://www.criterion.com/shop/collection/975-noah-wyle-s-closet-picks""]","2026-04-20","2026-06-22","https://www.criterion.com/shop/collection/975-noah-wyle-s-closet-picks","https://www.youtube.com/watch?v=RU3Csk-y1-w"
"closet:996","closet","Terry Zwigoff’s Closet Picks","Terry Zwigoff","terryzwigoff","False","[""Director""]","[""https://www.criterion.com/shop/collection/996-terry-zwigoff-s-closet-picks""]","2026-04-20","2026-08-24","https://www.criterion.com/shop/collection/996-terry-zwigoff-s-closet-picks","https://www.youtube.com/watch?v=DtVGSdIq0bQ"
"closet:977","closet","Billy Eichner’s Closet Picks","Billy Eichner","billyeichner","False","[""Actor"", ""Writer""]","[""https://www.criterion.com/shop/collection/977-billy-eichner-s-closet-picks""]","2026-04-16","2026-06-29","https://www.criterion.com/shop/collection/977-billy-eichner-s-closet-picks","https://www.youtube.com/watch?v=9GRs6AfiH-E"
"closet:957","closet","Oscar Isaac’s Closet Picks","Oscar Isaac","oscarisaac","False","[""Actor""]","[""https://letterboxd.com/closetpicks/list/oscar-isaacs-criterion-closet-picks/"", ""https://www.criterion.com/shop/collection/957-oscar-isaac-s-closet-picks""]","2026-04-16","2026-04-29","https://www.criterion.com/shop/collection/957-oscar-isaac-s-closet-picks","https://www.youtube.com/watch?v=-GZ1xYEZDgc"
"closet:974","closet","Hannah Einbinder’s Closet Picks","Hannah Einbinder","hannaheinbinder","False","[""Actor"", ""Comedian""]","[""https://www.criterion.com/shop/collection/974-hannah-einbinder-s-closet-picks""]","2026-04-14","2026-06-20","https://www.criterion.com/shop/collection/974-hannah-einbinder-s-closet-picks","https://www.youtube.com/watch?v=FDm1avEBSBM"
"closet:959","closet","Richard Gadd’s Closet Picks","Richard Gadd","richardgadd","False","[""Actor"", ""Director"", ""Writer""]","[""https://letterboxd.com/closetpicks/list/richard-gadds-criterion-closet-picks/"", ""https://www.criterion.com/shop/collection/959-richard-gadd-s-closet-picks""]","2026-04-14","2026-05-04","https://www.criterion.com/shop/collection/959-richard-gadd-s-closet-picks","https://www.youtube.com/watch?v=1zj9pYwG64g"
"closet:956","closet","Bob Odenkirk’s Closet Picks","Bob Odenkirk","bobodenkirk","False","[""Actor"", ""Comedian"", ""Director"", ""Writer""]","[""https://letterboxd.com/closetpicks/list/bob-odenkirks-criterion-closet-picks/"", ""https://www.criterion.com/shop/collection/956-bob-odenkirk-s-closet-picks""]","2026-04-08","2026-04-27","https://www.criterion.com/shop/collection/956-bob-odenkirk-s-closet-picks","https://www.youtube.com/watch?v=_SDB919kWLo"
"closet:971","closet","John C. Reilly’s Closet Picks","John C. Reilly","johncreilly","False","[""Actor"", ""Musician""]","[""https://letterboxd.com/closetpicks/list/john-c-reillys-criterion-closet-picks/"", ""https://www.criterion.com/shop/collection/971-john-c-reilly-s-closet-picks""]","2026-04-07","2026-06-12","https://www.criterion.com/shop/collection/971-john-c-reilly-s-closet-picks","https://www.youtube.com/watch?v=vJn8q_oBWlc"
"closet:963","closet","Boots Riley’s Closet Picks","Boots Riley","bootsriley","False","[""Director"", ""Writer""]","[""https://letterboxd.com/closetpicks/list/boots-rileys-criterion-closet-picks/"", ""https://www.criterion.com/shop/collection/963-boots-riley-s-closet-picks""]","2026-04-06","2026-05-18","https://www.criterion.com/shop/collection/963-boots-riley-s-closet-picks","https://www.youtube.com/watch?v=E_66gXXfrbA"
"closet:955","closet","Jon Hamm’s Closet Picks","Jon Hamm","jonhamm","False","[""Actor""]","[""https://letterboxd.com/closetpicks/list/jon-hamms-criterion-closet-picks/"", ""https://www.criterion.com/shop/collection/955-jon-hamm-s-closet-picks""]","2026-03-31","2026-04-24","https://www.criterion.com/shop/collection/955-jon-hamm-s-closet-picks","https://www.youtube.com/watch?v=ErwYl1eU3is"
"closet:962","closet","Eiza González’s Closet Picks","Eiza González","eizagonzalez","False","[""Actor""]","[""https://letterboxd.com/closetpicks/list/eiza-gonzalezs-criterion-closet-picks/"", ""https://www.criterion.com/shop/collection/962-eiza-gonzalez-s-closet-picks""]","2026-03-26","2026-05-15","https://www.criterion.com/shop/collection/962-eiza-gonzalez-s-closet-picks","https://www.youtube.com/watch?v=zMUzKUMyNeQ"
"closet:969","closet","John Cameron Mitchell’s Closet Picks","John Cameron Mitchell","johncameronmitchell","False","[""Actor"", ""Director"", ""Musician"", ""Other"", ""Writer""]","[""https://letterboxd.com/closetpicks/list/john-cameron-mitchells-criterion-closet-picks/"", ""https://www.criterion.com/shop/collection/969-john-cameron-mitchell-s-closet-picks""]","2026-03-26","2026-06-05","https://www.criterion.com/shop/collection/969-john-cameron-mitchell-s-closet-picks","https://www.youtube.com/watch?v=4iilUJHpAf0"
"closet:949","closet","Jack Harlow’s Closet Picks","Jack Harlow","jackharlow","False","[""Musician""]","[""https://letterboxd.com/closetpicks/list/jack-harlows-criterion-closet-picks/"", ""https://www.criterion.com/shop/collection/949-jack-harlow-s-closet-picks""]","2026-03-23","2026-04-13","https://www.criterion.com/shop/collection/949-jack-harlow-s-closet-picks","https://www.youtube.com/watch?v=2GEOljy1JKg"
"closet:950","closet","Sophy Romvari’s Closet Picks","Sophy Romvari","sophyromvari","False","[""Director"", ""Writer""]","[""https://letterboxd.com/closetpicks/list/sophy-romvaris-criterion-closet-picks/"", ""https://www.criterion.com/shop/collection/950-sophy-romvari-s-closet-picks""]","2026-03-19","2026-04-17","https://www.criterion.com/shop/collection/950-sophy-romvari-s-closet-picks","https://www.youtube.com/watch?v=ziMJzKbYF4g"
"closet:958","closet","Steve Zahn’s Closet Picks","Steve Zahn","stevezahn","False","[""Actor""]","[""https://letterboxd.com/closetpicks/list/steve-zahns-criterion-closet-picks/"", ""https://www.criterion.com/shop/collection/958-steve-zahn-s-closet-picks""]","2026-03-19","2026-05-01","https://www.criterion.com/shop/collection/958-steve-zahn-s-closet-picks","https://www.youtube.com/watch?v=QElu6xNs6Q8"
"closet:960","closet","Elijah Wood’s Closet Picks","Elijah Wood","elijahwood","False","[""Actor"", ""Producer""]","[""https://letterboxd.com/closetpicks/list/elijah-woods-criterion-closet-picks/"", ""https://www.criterion.com/shop/collection/960-elijah-wood-s-closet-picks""]","2026-03-18","2026-05-08","https://www.criterion.com/shop/collection/960-elijah-wood-s-closet-picks","https://www.youtube.com/watch?v=kcXBFY2XBuY"
"closet:952","closet","Elisabeth Moss’s Closet Picks","Elisabeth Moss","elisabethmoss","False","[""Actor""]","[""https://letterboxd.com/closetpicks/list/elisabeth-moss-criterion-closet-picks/"", ""https://www.criterion.com/shop/collection/952-elisabeth-moss-s-closet-picks""]","2026-03-18","2026-04-20","https://www.criterion.com/shop/collection/952-elisabeth-moss-s-closet-picks","https://www.youtube.com/watch?v=RgGuFOid5PE"
"closet:948","closet","Steven Knight’s Closet Picks","Steven Knight","stevenknight","False","[""Director"", ""Writer""]","[""https://letterboxd.com/closetpicks/list/steven-knights-criterion-closet-picks/"", ""https://www.criterion.com/shop/collection/948-steven-knight-s-closet-picks""]","2026-03-09","2026-04-10","https://www.criterion.com/shop/collection/948-steven-knight-s-closet-picks","https://www.youtube.com/watch?v=2_ITjg3vrEU"
"closet:944","closet","Sofia Coppola & Marc Jacobs’s Closet Picks","Sofia Coppola & Marc Jacobs","sofiacoppolamarcjacobs","True","[]","[""https://www.criterion.com/shop/collection/944-sofia-coppola-marc-jacobs-s-closet-picks""]","2026-03-03","2026-03-27","https://www.criterion.com/shop/collection/944-sofia-coppola-marc-jacobs-s-closet-picks","https://www.youtube.com/watch?v=qLH-ZyrEBn8"
"closet:945","closet","John Slattery’s Closet Picks","John Slattery","johnslattery","False","[""Actor"", ""Director""]","[""https://letterboxd.com/closetpicks/list/john-slatterys-criterion-closet-picks/"", ""https://www.criterion.com/shop/collection/945-john-slattery-s-closet-picks""]","2026-03-03","2026-03-30","https://www.criterion.com/shop/collection/945-john-slattery-s-closet-picks","https://www.youtube.com/watch?v=B_Rhewt6f1E"
"closet:938","closet","Mitski’s Closet Picks","Mitski","mitski","False","[""Musician""]","[""https://letterboxd.com/closetpicks/list/mitskis-criterion-closet-picks/"", ""https://www.criterion.com/shop/collection/938-mitski-s-closet-picks""]","2026-02-17","2026-03-13","https://www.criterion.com/shop/collection/938-mitski-s-closet-picks","https://www.youtube.com/watch?v=Om6PPF-C_G4"
"closet:968","closet","Bob the Drag Queen’s Closet Picks","Bob the Drag Queen","bobthedragqueen","False","[""Actor"", ""Comedian"", ""Other"", ""Writer""]","[""https://letterboxd.com/closetpicks/list/bob-the-drag-queens-criterion-closet-picks/"", ""https://www.criterion.com/shop/collection/968-bob-the-drag-queen-s-closet-picks""]","2026-02-09","2026-06-02","https://www.criterion.com/shop/collection/968-bob-the-drag-queen-s-closet-picks","https://www.youtube.com/watch?v=0ZvmGDEBXZM"
"closet:932","closet","Christoph Waltz’s Closet Picks","Christoph Waltz","christophwaltz","False","[""Actor"", ""Director"", ""Producer""]","[""https://letterboxd.com/closetpicks/list/christoph-waltzs-criterion-closet-picks/"", ""https://www.criterion.com/shop/collection/932-christoph-waltz-s-closet-picks""]","2026-02-05","2026-02-27","https://www.criterion.com/shop/collection/932-christoph-waltz-s-closet-picks","https://www.youtube.com/watch?v=fJcVa4vYMHs"
"closet:931","closet","Halle Berry’s Closet Picks","Halle Berry","halleberry","False","[""Actor"", ""Director""]","[""https://letterboxd.com/closetpicks/list/halle-berrys-criterion-closet-picks/"", ""https://www.criterion.com/shop/collection/931-halle-berry-s-closet-picks""]","2026-02-05","2026-02-23","https://www.criterion.com/shop/collection/931-halle-berry-s-closet-picks","https://www.youtube.com/watch?v=NxtUjQOrJZU"
"closet:936","closet","Maggie Gyllenhaal’s Closet Picks","Maggie Gyllenhaal","maggiegyllenhaal","False","[""Actor"", ""Director""]","[""https://letterboxd.com/closetpicks/list/maggie-gyllenhaals-criterion-closet-picks/"", ""https://www.criterion.com/shop/collection/936-maggie-gyllenhaal-s-closet-picks""]","2026-02-03","2026-03-06","https://www.criterion.com/shop/collection/936-maggie-gyllenhaal-s-closet-picks","https://www.youtube.com/watch?v=6YDJ0lLnkHA"
"closet:947","closet","Jamie Demetriou’s Closet Picks","Jamie Demetriou","jamiedemetriou","False","[""Actor"", ""Comedian"", ""Writer""]","[""https://letterboxd.com/closetpicks/list/jamie-demetrious-criterion-closet-picks/"", ""https://www.criterion.com/shop/collection/947-jamie-demetriou-s-closet-picks""]","2026-01-27","2026-04-06","https://www.criterion.com/shop/collection/947-jamie-demetriou-s-closet-picks","https://www.youtube.com/watch?v=W5hLFhqn1FM"
"closet:939","closet","Jim Jarmusch’s Closet Picks","Jim Jarmusch","jimjarmusch","False","[""Director"", ""Writer""]","[""https://letterboxd.com/closetpicks/list/jim-jarmuschs-criterion-closet-picks/"", ""https://www.criterion.com/shop/collection/939-jim-jarmusch-s-closet-picks""]","2026-01-16","2026-03-16","https://www.criterion.com/shop/collection/939-jim-jarmusch-s-closet-picks","https://www.youtube.com/watch?v=H8sJXDeRUsg"
"closet:943","closet","Cary Elwes’s Closet Picks","Cary Elwes","caryelwes","False","[""Actor"", ""Writer""]","[""https://letterboxd.com/closetpicks/list/cary-elwes-criterion-closet-picks/"", ""https://www.criterion.com/shop/collection/943-cary-elwes-s-closet-picks""]","2026-01-14","2026-03-23","https://www.criterion.com/shop/collection/943-cary-elwes-s-closet-picks","https://www.youtube.com/watch?v=mIugin2XpV4"
"closet:928","closet","Laura Dern’s Closet Picks","Laura Dern","lauradern","False","[""Actor""]","[""https://letterboxd.com/closetpicks/list/laura-derns-criterion-closet-picks/"", ""https://www.criterion.com/shop/collection/928-laura-dern-s-closet-picks""]","2026-01-12","2026-02-09","https://www.criterion.com/shop/collection/928-laura-dern-s-closet-picks","https://www.youtube.com/watch?v=c2IZf_NRJKs"
"closet:965","closet","Thierry Frémaux’s Closet Picks","Thierry Frémaux","thierryfremaux","False","[""Director"", ""Other""]","[""https://letterboxd.com/closetpicks/list/thierry-fremauxs-criterion-closet-picks/"", ""https://www.criterion.com/shop/collection/965-thierry-fremaux-s-closet-picks""]","2026-01-09","2026-05-22","https://www.criterion.com/shop/collection/965-thierry-fremaux-s-closet-picks","https://www.youtube.com/watch?v=h1NsxFbPT-U"
"closet:929","closet","Diego Calva’s Closet Picks","Diego Calva","diegocalva","False","[""Actor""]","[""https://letterboxd.com/closetpicks/list/diego-calvas-criterion-closet-picks/"", ""https://www.criterion.com/shop/collection/929-diego-calva-s-closet-picks""]","2026-01-07","2026-02-13","https://www.criterion.com/shop/collection/929-diego-calva-s-closet-picks","https://www.youtube.com/watch?v=ZJF_asiGU3c"
"closet:920","closet","Jodie Foster’s Closet Picks","Jodie Foster","jodiefoster","False","[""Actor"", ""Director""]","[""https://letterboxd.com/closetpicks/list/jodie-fosters-criterion-closet-picks/"", ""https://www.criterion.com/shop/collection/920-jodie-foster-s-closet-picks""]","2026-01-06","2026-01-23","https://www.criterion.com/shop/collection/920-jodie-foster-s-closet-picks","https://www.youtube.com/watch?v=wO2fHMqAXO8"
"closet:915","closet","Will Arnett’s Closet Picks","Will Arnett","willarnett","False","[""Actor""]","[""https://letterboxd.com/closetpicks/list/will-arnetts-criterion-closet-picks/"", ""https://www.criterion.com/shop/collection/915-will-arnett-s-closet-picks""]","2025-12-10","2026-01-02","https://www.criterion.com/shop/collection/915-will-arnett-s-closet-picks","https://www.youtube.com/watch?v=KE2G9pU6PbM"
"closet:946","closet","Kim Morgan’s Closet Picks","Kim Morgan","kimmorgan","False","[""Critic / journalist"", ""Writer""]","[""https://letterboxd.com/closetpicks/list/kim-morgans-criterion-closet-picks/"", ""https://www.criterion.com/shop/collection/946-kim-morgan-s-closet-picks""]","2025-12-02","2026-04-03","https://www.criterion.com/shop/collection/946-kim-morgan-s-closet-picks","https://www.youtube.com/watch?v=_VIKYAIu23o"
"closet:923","closet","Nicholas Britell’s Closet Picks","Nicholas Britell","nicholasbritell","False","[""Musician""]","[""https://letterboxd.com/closetpicks/list/nicholas-britells-criterion-closet-picks/"", ""https://www.criterion.com/shop/collection/923-nicholas-britell-s-closet-picks""]","2025-11-26","2026-02-02","https://www.criterion.com/shop/collection/923-nicholas-britell-s-closet-picks","https://www.youtube.com/watch?v=Jh1o_OE3-Ic"
"closet:937","closet","Shinichiro Watanabe’s Closet Picks","Shinichiro Watanabe","shinichirowatanabe","False","[""Director"", ""Writer""]","[""https://letterboxd.com/closetpicks/list/shinichiro-watanabes-criterion-closet-picks/"", ""https://www.criterion.com/shop/collection/937-shinichiro-watanabe-s-closet-picks""]","2025-11-24","2026-03-09","https://www.criterion.com/shop/collection/937-shinichiro-watanabe-s-closet-picks","https://www.youtube.com/watch?v=kwoCtvdYYSo"
"closet:926","closet","Alex Winter’s Closet Picks","Alex Winter","alexwinter","False","[""Actor"", ""Director""]","[""https://letterboxd.com/closetpicks/list/alex-winters-criterion-closet-picks/"", ""https://www.criterion.com/shop/collection/926-alex-winter-s-closet-picks""]","2025-11-17","2026-02-20","https://www.criterion.com/shop/collection/926-alex-winter-s-closet-picks","https://www.youtube.com/watch?v=284iOLWmQCw"
"closet:912","closet","Ted Danson & Mary Steenburgen’s Closet Picks","Ted Danson & Mary Steenburgen","teddansonmarysteenburgen","True","[]","[""https://www.criterion.com/shop/collection/912-ted-danson-mary-steenburgen-s-closet-picks""]","2025-11-17","2025-12-26","https://www.criterion.com/shop/collection/912-ted-danson-mary-steenburgen-s-closet-picks","https://www.youtube.com/watch?v=SpX9zqU9YI8"
"closet:901","closet","David Remnick’s Closet Picks","David Remnick","davidremnick","False","[""Critic / journalist"", ""Editor"", ""Writer""]","[""https://letterboxd.com/closetpicks/list/david-remnicks-criterion-closet-picks/"", ""https://www.criterion.com/shop/collection/901-david-remnick-s-closet-picks""]","2025-11-11","2025-12-10","https://www.criterion.com/shop/collection/901-david-remnick-s-closet-picks","https://www.youtube.com/watch?v=xmtYGTtOQww"
"closet:909","closet","Vince Staples’s Closet Picks","Vince Staples","vincestaples","False","[""Actor"", ""Musician"", ""Producer""]","[""https://letterboxd.com/closetpicks/list/vince-staples-criterion-closet-picks/"", ""https://www.criterion.com/shop/collection/909-vince-staples-s-closet-picks""]","2025-11-05","2025-12-20","https://www.criterion.com/shop/collection/909-vince-staples-s-closet-picks","https://www.youtube.com/watch?v=MQZuHbd-rTw"
"closet:902","closet","Rian Johnson’s Closet Picks","Rian Johnson","rianjohnson","False","[""Director"", ""Writer""]","[""https://letterboxd.com/closetpicks/list/rian-johnsons-criterion-closet-picks/"", ""https://www.criterion.com/current/top-10-lists/37-rian-johnson-s-top-10"", ""https://www.criterion.com/shop/collection/902-rian-johnson-s-closet-picks""]","2025-11-04","2025-12-16","https://www.criterion.com/shop/collection/902-rian-johnson-s-closet-picks","https://www.youtube.com/watch?v=U2plMSuOgrI"
"closet:895","closet","Rachel Sennott’s Closet Picks","Rachel Sennott","rachelsennott","False","[""Actor"", ""Writer""]","[""https://letterboxd.com/closetpicks/list/rachel-sennotts-criterion-closet-picks/"", ""https://www.criterion.com/shop/collection/895-rachel-sennott-s-closet-picks""]","2025-11-04","2025-12-01","https://www.criterion.com/shop/collection/895-rachel-sennott-s-closet-picks","https://www.youtube.com/watch?v=8i3ZVJRQYYY"
"closet:933","closet","Cameron Crowe’s Closet Picks","Cameron Crowe","cameroncrowe","False","[""Director"", ""Writer""]","[""https://letterboxd.com/closetpicks/list/cameron-crowes-criterion-closet-picks/"", ""https://www.criterion.com/shop/collection/933-cameron-crowe-s-closet-picks""]","2025-10-30","2026-03-03","https://www.criterion.com/shop/collection/933-cameron-crowe-s-closet-picks","https://www.youtube.com/watch?v=JOYFdj70CpI"
"closet:914","closet","Florence Welch’s Closet Picks","Florence Welch","florencewelch","False","[""Musician""]","[""https://letterboxd.com/closetpicks/list/florence-welchs-criterion-closet-picks/"", ""https://www.criterion.com/shop/collection/914-florence-welch-s-closet-picks""]","2025-10-29","2025-12-31","https://www.criterion.com/shop/collection/914-florence-welch-s-closet-picks","https://www.youtube.com/watch?v=p4g1Tz4F8Vo"
"closet:910","closet","Lucy Liu’s Closet Picks","Lucy Liu","lucyliu","False","[""Actor"", ""Producer""]","[""https://letterboxd.com/closetpicks/list/lucy-lius-criterion-closet-picks/"", ""https://www.criterion.com/shop/collection/910-lucy-liu-s-closet-picks""]","2025-10-27","2025-12-22","https://www.criterion.com/shop/collection/910-lucy-liu-s-closet-picks","https://www.youtube.com/watch?v=NnldiqFIStY"
"closet:882","closet","June Squibb’s Closet Picks","June Squibb","junesquibb","False","[""Actor""]","[""https://letterboxd.com/closetpicks/list/june-squibbs-criterion-closet-picks/"", ""https://www.criterion.com/shop/collection/882-june-squibb-s-closet-picks""]","2025-10-27","2025-10-27","https://www.criterion.com/shop/collection/882-june-squibb-s-closet-picks","https://www.youtube.com/watch?v=K0nb9ECXdGE"
"closet:894","closet","Kathryn Bigelow’s Closet Picks","Kathryn Bigelow","kathrynbigelow","False","[""Director"", ""Writer""]","[""https://letterboxd.com/closetpicks/list/kathryn-bigelows-criterion-closet-picks/"", ""https://www.criterion.com/shop/collection/894-kathryn-bigelow-s-closet-picks""]","2025-10-27","2025-11-28","https://www.criterion.com/shop/collection/894-kathryn-bigelow-s-closet-picks","https://www.youtube.com/watch?v=oXDO1X8yQyA"
"closet:881","closet","Jason Bateman’s Closet Picks","Jason Bateman","jasonbateman","False","[""Actor"", ""Director""]","[""https://letterboxd.com/closetpicks/list/jason-batemans-criterion-closet-picks/"", ""https://www.criterion.com/shop/collection/881-jason-bateman-s-closet-picks""]","2025-10-24","2025-10-24","https://www.criterion.com/shop/collection/881-jason-bateman-s-closet-picks","https://www.youtube.com/watch?v=us0xeBVKMJI"
"closet:898","closet","Nia DaCosta’s Closet Picks","Nia DaCosta","niadacosta","False","[""Director"", ""Writer""]","[""https://letterboxd.com/closetpicks/list/nia-dacostas-criterion-closet-picks/"", ""https://www.criterion.com/shop/collection/898-nia-dacosta-s-closet-picks""]","2025-10-23","2025-12-05","https://www.criterion.com/shop/collection/898-nia-dacosta-s-closet-picks","https://www.youtube.com/watch?v=ZAYw4GYFh10"
"closet:900","closet","Yorgos Lanthimos’s Closet Picks","Yorgos Lanthimos","yorgoslanthimos","False","[""Director"", ""Writer""]","[""https://www.criterion.com/shop/collection/467-yorgos-lanthimos-ariane-labed-s-closet-picks"", ""https://www.criterion.com/shop/collection/900-yorgos-lanthimos-s-closet-picks""]","2025-10-21","2025-12-08","https://www.criterion.com/shop/collection/900-yorgos-lanthimos-s-closet-picks","https://www.youtube.com/watch?v=wFditJEjgjI"
"closet:880","closet","Benny Safdie’s Closet Picks","Benny Safdie","bennysafdie","False","[""Actor"", ""Director"", ""Writer""]","[""https://www.criterion.com/shop/collection/476-josh-and-benny-safdie-s-closet-picks"", ""https://www.criterion.com/shop/collection/880-benny-safdie-s-closet-picks""]","2025-10-20","2025-10-21","https://www.criterion.com/shop/collection/880-benny-safdie-s-closet-picks","https://www.youtube.com/watch?v=q3aEv64x4Fo"
"closet:879","closet","Tracy Letts’s Closet Picks","Tracy Letts","tracyletts","False","[""Actor"", ""Writer""]","[""https://letterboxd.com/closetpicks/list/tracy-letts-criterion-closet-picks/"", ""https://www.criterion.com/current/top-10-lists/322-tracy-letts-s-top-10"", ""https://www.criterion.com/shop/collection/879-tracy-letts-s-closet-picks""]","2025-10-19","2025-10-18","https://www.criterion.com/shop/collection/879-tracy-letts-s-closet-picks","https://www.youtube.com/watch?v=EQ7jDVdL5Ko"
"closet:916","closet","Lav Diaz’s Closet Picks","Lav Diaz","lavdiaz","False","[""Director"", ""Writer""]","[""https://letterboxd.com/closetpicks/list/lav-diaz-criterion-closet-picks/"", ""https://letterboxd.com/closetpicks/list/lav-diazs-criterion-closet-picks/"", ""https://www.criterion.com/shop/collection/916-lav-diaz-s-closet-picks""]","2025-10-15","2026-01-09","https://www.criterion.com/shop/collection/916-lav-diaz-s-closet-picks","https://www.youtube.com/watch?v=wuWY9CPr2hI"
"closet:917","closet","Jafar Panahi’s Closet Picks","Jafar Panahi","jafarpanahi","False","[""Director"", ""Writer""]","[""https://letterboxd.com/closetpicks/list/jafar-panahis-criterion-closet-picks/"", ""https://www.criterion.com/shop/collection/917-jafar-panahi-s-closet-picks""]","2025-10-15","2026-01-12","https://www.criterion.com/shop/collection/917-jafar-panahi-s-closet-picks","https://www.youtube.com/watch?v=SqH9WnGf-ns"
"closet:924","closet","Charli XCX’s Closet Picks","Charli XCX","charlixcx","False","[""Actor"", ""Musician"", ""Producer""]","[""https://letterboxd.com/closetpicks/list/charli-xcxs-criterion-closet-picks/"", ""https://www.criterion.com/shop/collection/924-charli-xcx-s-closet-picks""]","2025-10-14","2026-01-31","https://www.criterion.com/shop/collection/924-charli-xcx-s-closet-picks","https://www.youtube.com/watch?v=-93R-4Dqzd0"
"closet:887","closet","Edgar Wright’s Closet Picks","Edgar Wright","edgarwright","False","[""Director"", ""Writer""]","[""https://letterboxd.com/closetpicks/list/edgar-wrights-criterion-closet-picks/"", ""https://www.criterion.com/current/top-10-lists/161-edgar-wright-s-top-10"", ""https://www.criterion.com/shop/collection/490-edgar-wright-s-closet-picks"", ""https://www.criterion.com/shop/collection/887-edgar-wright-s-closet-picks""]","2025-10-10","2025-11-10","https://www.criterion.com/shop/collection/887-edgar-wright-s-closet-picks","https://www.youtube.com/watch?v=f-bklvjQftk"
"closet:905","closet","Bi Gan’s Closet Picks","Bi Gan","bigan","False","[""Director"", ""Writer""]","[""https://letterboxd.com/closetpicks/list/bi-gans-criterion-closet-picks/"", ""https://www.criterion.com/shop/collection/905-bi-gan-s-closet-picks""]","2025-10-08","2025-12-12","https://www.criterion.com/shop/collection/905-bi-gan-s-closet-picks","https://www.youtube.com/watch?v=92CSq0Ct_dQ"
"closet:891","closet","Kahlil Joseph’s Closet Picks","Kahlil Joseph","kahliljoseph","False","[""Artist / designer"", ""Director""]","[""https://letterboxd.com/closetpicks/list/kahlil-josephs-closet-picks/"", ""https://www.criterion.com/shop/collection/891-kahlil-joseph-s-closet-picks""]","2025-10-08","2025-11-21","https://www.criterion.com/shop/collection/891-kahlil-joseph-s-closet-picks","https://www.youtube.com/watch?v=PPw7sJJkQFY"
"closet:877","closet","Luca Guadagnino’s Closet Picks","Luca Guadagnino","lucaguadagnino","False","[""Director"", ""Writer""]","[""https://letterboxd.com/closetpicks/list/luca-guadagninos-criterion-closet-picks/"", ""https://www.criterion.com/shop/collection/877-luca-guadagnino-s-closet-picks""]","2025-10-08","2025-10-10","https://www.criterion.com/shop/collection/877-luca-guadagnino-s-closet-picks","https://www.youtube.com/watch?v=fodK93XWLwg"
"closet:976","closet","Carla Simón’s Closet Picks","Carla Simón","carlasimon","False","[""Director""]","[""https://www.criterion.com/shop/collection/976-carla-simon-s-closet-picks""]","2025-10-07","2026-06-26","https://www.criterion.com/shop/collection/976-carla-simon-s-closet-picks","https://www.youtube.com/watch?v=lxM1ic5nX7o"
"closet:897","closet","Derek Cianfrance’s Closet Picks","Derek Cianfrance","derekcianfrance","False","[""Director"", ""Writer""]","[""https://letterboxd.com/closetpicks/list/derek-cianfrances-criterion-closet-picks/"", ""https://www.criterion.com/shop/collection/897-derek-cianfrance-s-closet-picks""]","2025-10-07","2025-12-03","https://www.criterion.com/shop/collection/897-derek-cianfrance-s-closet-picks","https://www.youtube.com/watch?v=rzK__Z6jIwY"
"closet:890","closet","Claire Danes’s Closet Picks","Claire Danes","clairedanes","False","[""Actor""]","[""https://letterboxd.com/closetpicks/list/claire-danes-criterion-closet-picks/"", ""https://www.criterion.com/shop/collection/890-claire-danes-s-closet-picks""]","2025-10-03","2025-11-14","https://www.criterion.com/shop/collection/890-claire-danes-s-closet-picks","https://www.youtube.com/watch?v=nudBFPgWGGA"
"closet:941","closet","Sergei Loznitsa’s Closet Picks","Sergei Loznitsa","sergeiloznitsa","False","[""Director"", ""Writer""]","[""https://letterboxd.com/closetpicks/list/sergei-loznitsas-criterion-closet-picks/"", ""https://www.criterion.com/shop/collection/941-sergei-loznitsa-s-closet-picks""]","2025-10-03","2026-03-20","https://www.criterion.com/shop/collection/941-sergei-loznitsa-s-closet-picks","https://www.youtube.com/watch?v=_miFRuKBw8o"
"closet:925","closet","Mary Bronstein’s Closet Picks","Mary Bronstein","marybronstein","False","[""Director"", ""Writer""]","[""https://letterboxd.com/closetpicks/list/mary-bronsteins-criterion-closet-picks/"", ""https://www.criterion.com/shop/collection/925-mary-bronstein-s-closet-picks""]","2025-10-01","2026-02-06","https://www.criterion.com/shop/collection/925-mary-bronstein-s-closet-picks","https://www.youtube.com/watch?v=o4Zt1CAprPo"
"closet:893","closet","Elle Fanning’s Closet Picks","Elle Fanning","ellefanning","False","[""Actor""]","[""https://letterboxd.com/closetpicks/list/elle-fannings-criterion-closet-picks/"", ""https://www.criterion.com/shop/collection/893-elle-fanning-s-closet-picks""]","2025-10-01","2025-11-17","https://www.criterion.com/shop/collection/893-elle-fanning-s-closet-picks","https://www.youtube.com/watch?v=4G7KuHCJMFg"
"closet:913","closet","Rose Byrne’s Closet Picks","Rose Byrne","rosebyrne","False","[""Actor""]","[""https://letterboxd.com/closetpicks/list/rose-byrnes-criterion-closet-picks/"", ""https://www.criterion.com/shop/collection/913-rose-byrne-s-closet-picks""]","2025-10-01","2025-12-29","https://www.criterion.com/shop/collection/913-rose-byrne-s-closet-picks","https://www.youtube.com/watch?v=GlCaEnEAhoM"
"closet:918","closet","Stellan Skarsgård’s Closet Picks","Stellan Skarsgård","stellanskarsgard","False","[""Actor""]","[""https://letterboxd.com/closetpicks/list/stellan-skarsgards-criterion-closet-picks/"", ""https://www.criterion.com/shop/collection/918-stellan-skarsgard-s-closet-picks""]","2025-09-29","2026-01-16","https://www.criterion.com/shop/collection/918-stellan-skarsgard-s-closet-picks","https://www.youtube.com/watch?v=vpw582iA-n4"
"closet:892","closet","Wagner Moura’s Closet Picks","Wagner Moura","wagnermoura","False","[""Actor"", ""Director""]","[""https://letterboxd.com/closetpicks/list/wagner-mouras-criterion-closet-picks/"", ""https://www.criterion.com/shop/collection/892-wagner-moura-s-closet-picks""]","2025-09-28","2025-11-24","https://www.criterion.com/shop/collection/892-wagner-moura-s-closet-picks","https://www.youtube.com/watch?v=hvOnBK-L-zg"
"closet:885","closet","Ben Whishaw’s Closet Picks","Ben Whishaw","benwhishaw","False","[""Actor""]","[""https://letterboxd.com/closetpicks/list/ben-whishaws-criterion-closet-picks/"", ""https://www.criterion.com/shop/collection/885-ben-whishaw-s-closet-picks""]","2025-09-27","2025-11-07","https://www.criterion.com/shop/collection/885-ben-whishaw-s-closet-picks","https://www.youtube.com/watch?v=8kKR9UakxQQ"
"closet:870","closet","ANOHNI’s Closet Picks","ANOHNI","anohni","False","[""Artist / designer"", ""Musician""]","[""https://letterboxd.com/closetpicks/list/anohnis-criterion-closet-picks/"", ""https://www.criterion.com/shop/collection/870-anohni-s-closet-picks""]","2025-09-19","2025-10-01","https://www.criterion.com/shop/collection/870-anohni-s-closet-picks","https://www.youtube.com/watch?v=ty13anJtnV4"
"closet:869","closet","Josh Brolin’s Closet Picks","Josh Brolin","joshbrolin","False","[""Actor""]","[""https://letterboxd.com/closetpicks/list/josh-brolins-criterion-closet-picks/"", ""https://www.criterion.com/shop/collection/869-josh-brolin-s-closet-picks""]","2025-09-18","2025-09-22","https://www.criterion.com/shop/collection/869-josh-brolin-s-closet-picks","https://www.youtube.com/watch?v=7FdeJX23RHw"
"closet:927","closet","Paul Smith’s Closet Picks","Paul Smith","paulsmith","False","[""Artist / designer"", ""Cinematographer""]","[""https://letterboxd.com/closetpicks/list/paul-smiths-criterion-closet-picks/"", ""https://www.criterion.com/shop/collection/927-paul-smith-s-closet-picks""]","2025-09-17","2026-02-17","https://www.criterion.com/shop/collection/927-paul-smith-s-closet-picks","https://www.youtube.com/watch?v=XhnpQyaye5M"
"closet:884","closet","Nick Offerman’s Closet Picks","Nick Offerman","nickofferman","False","[""Actor"", ""Writer""]","[""https://letterboxd.com/closetpicks/list/nick-offermans-criterion-closet-picks/"", ""https://www.criterion.com/shop/collection/884-nick-offerman-s-closet-picks""]","2025-09-15","2025-10-31","https://www.criterion.com/shop/collection/884-nick-offerman-s-closet-picks","https://www.youtube.com/watch?v=Ti-nujcoKnk"
"closet:873","closet","Marion Cotillard’s Closet Picks","Marion Cotillard","marioncotillard","False","[""Actor""]","[""https://letterboxd.com/closetpicks/list/marion-cotillards-criterion-closet-picks/"", ""https://www.criterion.com/shop/collection/873-marion-cotillard-s-closet-picks""]","2025-09-12","2025-09-29","https://www.criterion.com/shop/collection/873-marion-cotillard-s-closet-picks","https://www.youtube.com/watch?v=sPP5CuNVNU8"
"closet:886","closet","Billy Crudup’s Closet Picks","Billy Crudup","billycrudup","False","[""Actor""]","[""https://letterboxd.com/closetpicks/list/billy-crudups-criterion-closet-picks/"", ""https://www.criterion.com/shop/collection/886-billy-crudup-s-closet-picks""]","2025-09-11","2025-11-04","https://www.criterion.com/shop/collection/886-billy-crudup-s-closet-picks","https://www.youtube.com/watch?v=FMxLQPHnuZA"
"closet:872","closet","Mark Duplass’s Closet Picks","Mark Duplass","markduplass","False","[""Actor"", ""Director"", ""Writer""]","[""https://letterboxd.com/closetpicks/list/mark-duplass-criterion-closet-picks/"", ""https://www.criterion.com/shop/collection/872-mark-duplass-s-closet-picks""]","2025-09-10","2025-09-26","https://www.criterion.com/shop/collection/872-mark-duplass-s-closet-picks","https://www.youtube.com/watch?v=6BP4x9kxi7s"
"closet:874","closet","Cillian Murphy’s Closet Picks","Cillian Murphy","cillianmurphy","False","[""Actor""]","[""https://letterboxd.com/closetpicks/list/cillian-murphys-criterion-closet-picks/"", ""https://www.criterion.com/shop/collection/874-cillian-murphy-s-closet-picks""]","2025-09-09","2025-10-03","https://www.criterion.com/shop/collection/874-cillian-murphy-s-closet-picks","https://www.youtube.com/watch?v=v4Ze7Yo9jgY"
"closet:911","closet","Guillermo del Toro’s Mobile Closet Picks","Guillermo del Toro","guillermodeltoro","False","[""Director""]","[""https://letterboxd.com/closetpicks/list/guillermo-del-toros-criterion-closet-picks/"", ""https://www.criterion.com/current/top-10-lists/125-guillermo-del-toro-s-top-10"", ""https://www.criterion.com/shop/collection/645-guillermo-del-toro-s-closet-picks""]","2025-09-07","2026-01-24","https://www.criterion.com/shop/collection/911-guillermo-del-toro-s-mobile-closet-picks","https://www.youtube.com/watch?v=CcscEY2KoS8"
"closet:921","closet","Reginald Hudlin’s Closet Picks","Reginald Hudlin","reginaldhudlin","False","[""Director"", ""Producer"", ""Writer""]","[""https://letterboxd.com/closetpicks/list/reginald-hudlins-criterion-closet-picks/"", ""https://www.criterion.com/shop/collection/921-reginald-hudlin-s-closet-picks""]","2025-09-04","2026-01-26","https://www.criterion.com/shop/collection/921-reginald-hudlin-s-closet-picks","https://www.youtube.com/watch?v=HvTo60eXjcs"
"closet:871","closet","Jay Duplass’s Closet Picks","Jay Duplass","jayduplass","False","[""Actor"", ""Director"", ""Writer""]","[""https://letterboxd.com/closetpicks/list/jay-duplass-criterion-closet-picks/"", ""https://www.criterion.com/shop/collection/871-jay-duplass-s-closet-picks""]","2025-09-02","2025-09-26","https://www.criterion.com/shop/collection/871-jay-duplass-s-closet-picks","https://www.youtube.com/watch?v=nKyCofQNj-U"
"closet:961","closet","Ira Sachs’s Closet Picks","Ira Sachs","irasachs","False","[""Director"", ""Writer""]","[""https://letterboxd.com/closetpicks/list/ira-sachs-criterion-closet-picks/"", ""https://www.criterion.com/shop/collection/600-ira-sachs-s-closet-picks"", ""https://www.criterion.com/shop/collection/961-ira-sachs-s-closet-picks""]","2025-08-25","2026-05-11","https://www.criterion.com/shop/collection/961-ira-sachs-s-closet-picks","https://www.youtube.com/watch?v=ENCPEKroK44"
"closet:865","closet","Judd Apatow’s Closet Picks","Judd Apatow","juddapatow","False","[""Comedian"", ""Director"", ""Writer""]","[""https://letterboxd.com/closetpicks/list/judd-apatows-criterion-closet-picks/"", ""https://www.criterion.com/shop/collection/865-judd-apatow-s-closet-picks""]","2025-08-14","2025-09-12","https://www.criterion.com/shop/collection/865-judd-apatow-s-closet-picks","https://www.youtube.com/watch?v=pnzdSo4vkck"
"closet:868","closet","Alicia Silverstone’s Closet Picks","Alicia Silverstone","aliciasilverstone","False","[""Actor""]","[""https://letterboxd.com/closetpicks/list/alicia-silverstones-criterion-closet-picks/"", ""https://www.criterion.com/shop/collection/868-alicia-silverstone-s-closet-picks""]","2025-08-07","2025-09-19","https://www.criterion.com/shop/collection/868-alicia-silverstone-s-closet-picks","https://www.youtube.com/watch?v=Rb096RLBiZI"
"closet:864","closet","Kristin Scott Thomas’s Closet Picks","Kristin Scott Thomas","kristinscottthomas","False","[""Actor"", ""Director""]","[""https://letterboxd.com/closetpicks/list/kristin-scott-thomas-criterion-closet-picks/"", ""https://www.criterion.com/shop/collection/864-kristin-scott-thomas-s-closet-picks""]","2025-08-04","2025-09-09","https://www.criterion.com/shop/collection/864-kristin-scott-thomas-s-closet-picks","https://www.youtube.com/watch?v=KWVa02RsBbg"
"closet:855","closet","Peter Wolf’s Closet Picks","Peter Wolf","peterwolf","False","[""Musician""]","[""https://letterboxd.com/closetpicks/list/peter-wolfs-criterion-closet-picks/"", ""https://www.criterion.com/shop/collection/855-peter-wolf-s-closet-picks""]","2025-07-31","2025-08-25","https://www.criterion.com/shop/collection/855-peter-wolf-s-closet-picks","https://www.youtube.com/watch?v=rib1VHrBTdk"
"closet:853","closet","Ronan Farrow’s Closet Picks","Ronan Farrow","ronanfarrow","False","[""Critic / journalist"", ""Writer""]","[""https://letterboxd.com/closetpicks/list/ronan-farrows-criterion-closet-picks/"", ""https://www.criterion.com/shop/collection/853-ronan-farrow-s-closet-picks""]","2025-07-31","2025-08-15","https://www.criterion.com/shop/collection/853-ronan-farrow-s-closet-picks","https://www.youtube.com/watch?v=9rWNIjNh3sE"
"closet:854","closet","Betsey Johnson’s Closet Picks","Betsey Johnson","betseyjohnson","False","[""Artist / designer""]","[""https://letterboxd.com/closetpicks/list/betsey-johnsons-criterion-closet-picks/"", ""https://www.criterion.com/shop/collection/854-betsey-johnson-s-closet-picks""]","2025-07-31","2025-08-29","https://www.criterion.com/shop/collection/854-betsey-johnson-s-closet-picks","https://www.youtube.com/watch?v=BlsETid3hSw"
"closet:857","closet","Jamie Lee Curtis’s Closet Picks","Jamie Lee Curtis","jamieleecurtis","False","[""Actor""]","[""https://letterboxd.com/closetpicks/list/jamie-lee-curtis-criterion-closet-picks/"", ""https://www.criterion.com/shop/collection/857-jamie-lee-curtis-s-closet-picks""]","2025-07-28","2025-08-12","https://www.criterion.com/shop/collection/857-jamie-lee-curtis-s-closet-picks","https://www.youtube.com/watch?v=oZlpLwWeKvA"
"closet:878","closet","Ethel Cain’s Closet Picks","Ethel Cain","ethelcain","False","[""Musician""]","[""https://letterboxd.com/closetpicks/list/ethel-cains-criterion-closet-picks/"", ""https://www.criterion.com/shop/collection/878-ethel-cain-s-closet-picks""]","2025-07-22","2025-10-14","https://www.criterion.com/shop/collection/878-ethel-cain-s-closet-picks","https://www.youtube.com/watch?v=ld19PMXUyqg"
"closet:860","closet","Margaret Qualley’s Closet Picks","Margaret Qualley","margaretqualley","False","[""Actor""]","[""https://letterboxd.com/closetpicks/list/margaret-qualleys-criterion-closet-picks/"", ""https://www.criterion.com/shop/collection/860-margaret-qualley-s-closet-picks""]","2025-07-21","2025-08-22","https://www.criterion.com/shop/collection/860-margaret-qualley-s-closet-picks","https://www.youtube.com/watch?v=Ddh6FBvHFi0"
"closet:847","closet","Matthew Broderick’s Closet Picks","Matthew Broderick","matthewbroderick","False","[""Actor""]","[""https://letterboxd.com/closetpicks/list/matthew-brodericks-criterion-closet-picks/"", ""https://www.criterion.com/shop/collection/847-matthew-broderick-s-closet-picks""]","2025-07-21","2025-07-21","https://www.criterion.com/shop/collection/847-matthew-broderick-s-closet-picks","https://www.youtube.com/watch?v=NEkSirbDU2E"
"closet:856","closet","Ari Aster’s Closet Picks","Ari Aster","ariaster","False","[""Director""]","[""https://letterboxd.com/closetpicks/list/ari-asters-criterion-closet-picks/"", ""https://www.criterion.com/shop/collection/544-ari-aster-s-closet-picks-2023"", ""https://www.criterion.com/shop/collection/856-ari-aster-s-closet-picks""]","2025-07-18","2025-08-04","https://www.criterion.com/shop/collection/856-ari-aster-s-closet-picks","https://www.youtube.com/watch?v=vj6QawF-Q9w"
"closet:908","closet","Tom Rothman’s Closet Picks","Tom Rothman","tomrothman","False","[""Other"", ""Producer""]","[""https://letterboxd.com/closetpicks/list/tom-rothmans-criterion-closet-picks/"", ""https://www.criterion.com/shop/collection/908-tom-rothman-s-closet-picks""]","2025-07-18","2025-12-18","https://www.criterion.com/shop/collection/908-tom-rothman-s-closet-picks","https://www.youtube.com/watch?v=9za40HYRkcE"
"closet:866","closet","Wyclef Jean’s Closet Picks","Wyclef Jean","wyclefjean","False","[""Musician"", ""Producer""]","[""https://letterboxd.com/closetpicks/list/wyclef-jeans-criterion-closet-picks/"", ""https://www.criterion.com/shop/collection/866-wyclef-jean-s-closet-picks""]","2025-07-14","2025-09-15","https://www.criterion.com/shop/collection/866-wyclef-jean-s-closet-picks","https://www.youtube.com/watch?v=TDnpV7uUR1U"
"closet:859","closet","Joseph Kosinski’s Closet Picks","Joseph Kosinski","josephkosinski","False","[""Director""]","[""https://letterboxd.com/closetpicks/list/joseph-kosinskis-criterion-closet-picks/"", ""https://www.criterion.com/shop/collection/859-joseph-kosinski-s-closet-picks""]","2025-06-18","2025-08-19","https://www.criterion.com/shop/collection/859-joseph-kosinski-s-closet-picks","https://www.youtube.com/watch?v=T-6bjKyJYDc"
"closet:863","closet","David Byrne’s Closet Picks","David Byrne","davidbyrne","False","[""Artist / designer"", ""Director"", ""Musician""]","[""https://letterboxd.com/closetpicks/list/david-byrnes-criterion-closet-picks/"", ""https://www.criterion.com/shop/collection/863-david-byrne-s-closet-picks""]","2025-06-16","2025-09-06","https://www.criterion.com/shop/collection/863-david-byrne-s-closet-picks","https://www.youtube.com/watch?v=Hp2jZ7epT6s"
"closet:862","closet","Matt Dillon’s Closet Picks","Matt Dillon","mattdillon","False","[""Actor"", ""Director""]","[""https://letterboxd.com/closetpicks/list/matt-dillons-criterion-closet-picks/"", ""https://www.criterion.com/shop/collection/862-matt-dillon-s-closet-picks""]","2025-06-11","2025-09-02","https://www.criterion.com/shop/collection/862-matt-dillon-s-closet-picks","https://www.youtube.com/watch?v=dztz_rQrOGM"
"closet:850","closet","Danny Boyle’s Closet Picks","Danny Boyle","dannyboyle","False","[""Director"", ""Writer""]","[""https://letterboxd.com/closetpicks/list/danny-boyles-criterion-closet-picks/"", ""https://www.criterion.com/shop/collection/850-danny-boyle-s-closet-picks""]","2025-06-02","2025-08-01","https://www.criterion.com/shop/collection/850-danny-boyle-s-closet-picks","https://www.youtube.com/watch?v=Ud1T9R6vy2s"
"closet:852","closet","RZA’s Closet Picks","RZA","rza","False","[""Actor"", ""Director"", ""Musician"", ""Producer""]","[""https://letterboxd.com/closetpicks/list/rzas-criterion-closet-picks/"", ""https://www.criterion.com/shop/collection/852-rza-s-closet-picks""]","2025-05-27","2025-08-08","https://www.criterion.com/shop/collection/852-rza-s-closet-picks","https://www.youtube.com/watch?v=4BOvz4Z6eM8"
"closet:833","closet","Seth Meyers’s Closet Picks","Seth Meyers","sethmeyers","False","[""Host / presenter"", ""Writer""]","[""https://www.criterion.com/shop/collection/833-seth-meyers-s-closet-picks""]","2025-05-09","2025-06-10","https://www.criterion.com/shop/collection/833-seth-meyers-s-closet-picks","https://www.youtube.com/watch?v=-pfZlhfY4JM"
"closet:843","closet","Lena Dunham’s Closet Picks","Lena Dunham","lenadunham","False","[""Actor"", ""Director"", ""Writer""]","[""https://letterboxd.com/closetpicks/list/lena-dunhams-criterion-closet-picks/"", ""https://www.criterion.com/current/top-10-lists/199-lena-dunham-s-top-10"", ""https://www.criterion.com/shop/collection/843-lena-dunham-s-closet-picks""]","2025-05-08","2025-07-11","https://www.criterion.com/shop/collection/843-lena-dunham-s-closet-picks","https://www.youtube.com/watch?v=PqpRsEF6Gn8"
"closet:820","closet","Natasha Lyonne’s Closet Picks","Natasha Lyonne","natashalyonne","False","[""Actor"", ""Director"", ""Producer"", ""Writer""]","[""https://letterboxd.com/closetpicks/list/natasha-lyonnes-criterion-closet-picks/"", ""https://www.criterion.com/shop/collection/820-natasha-lyonne-s-closet-picks""]","2025-05-08","2025-05-19","https://www.criterion.com/shop/collection/820-natasha-lyonne-s-closet-picks","https://www.youtube.com/watch?v=sNUAkiIoTFk"
"closet:834","closet","Ryan Coogler’s Closet Picks","Ryan Coogler","ryancoogler","False","[""Director"", ""Writer""]","[""https://letterboxd.com/closetpicks/list/ryan-cooglers-criterion-closet-picks/"", ""https://www.criterion.com/shop/collection/834-ryan-coogler-s-closet-picks""]","2025-05-01","2025-06-13","https://www.criterion.com/shop/collection/834-ryan-coogler-s-closet-picks","https://www.youtube.com/watch?v=V_wzBKheKEE"
"closet:804","closet","Ben Affleck’s Closet Picks","Ben Affleck","benaffleck","False","[""Actor"", ""Director"", ""Producer"", ""Writer""]","[""https://letterboxd.com/closetpicks/list/ben-afflecks-criterion-closet-picks/"", ""https://www.criterion.com/shop/collection/804-ben-affleck-s-closet-picks""]","2025-04-22","2025-04-28","https://www.criterion.com/shop/collection/804-ben-affleck-s-closet-picks","https://www.youtube.com/watch?v=3TJ2BlReus0"
"closet:821","closet","Diego Luna’s Closet Picks","Diego Luna","diegoluna","False","[""Actor"", ""Director"", ""Producer""]","[""https://letterboxd.com/closetpicks/list/diego-lunas-criterion-closet-picks/"", ""https://www.criterion.com/shop/collection/821-diego-luna-s-closet-picks""]","2025-04-22","2025-05-23","https://www.criterion.com/shop/collection/821-diego-luna-s-closet-picks","https://www.youtube.com/watch?v=D4yc-PgEpqo"
"closet:836","closet","Charles Burnett’s Closet Picks","Charles Burnett","charlesburnett","False","[""Director"", ""Editor"", ""Writer""]","[""https://letterboxd.com/closetpicks/list/charles-burnetts-criterion-closet-picks/"", ""https://www.criterion.com/shop/collection/836-charles-burnett-s-closet-picks""]","2025-04-18","2025-06-20","https://www.criterion.com/shop/collection/836-charles-burnett-s-closet-picks","https://www.youtube.com/watch?v=FvEjl2VUT8c"
"closet:842","closet","David Cronenberg’s Closet Picks","David Cronenberg","davidcronenberg","False","[""Director""]","[""https://letterboxd.com/closetpicks/list/david-cronenbergs-criterion-closet-picks/"", ""https://www.criterion.com/shop/collection/842-david-cronenberg-s-closet-picks""]","2025-04-17","2025-07-09","https://www.criterion.com/shop/collection/842-david-cronenberg-s-closet-picks","https://www.youtube.com/watch?v=UUM9Wrn2F3c"
"closet:875","closet","Diane Kruger’s Closet Picks","Diane Kruger","dianekruger","False","[""Actor""]","[""https://letterboxd.com/closetpicks/list/diane-krugers-criterion-closet-picks/"", ""https://www.criterion.com/shop/collection/875-diane-kruger-s-closet-picks""]","2025-04-16","2025-10-06","https://www.criterion.com/shop/collection/875-diane-kruger-s-closet-picks","https://www.youtube.com/watch?v=Y8ZAGd2IBaU"
"closet:845","closet","Paul W. Downs’s Closet Picks","Paul W. Downs","paulwdowns","False","[""Actor"", ""Director"", ""Writer""]","[""https://letterboxd.com/closetpicks/list/paul-w-downs-criterion-closet-picks/"", ""https://www.criterion.com/shop/collection/845-paul-w-downs-s-closet-picks""]","2025-04-11","2025-07-14","https://www.criterion.com/shop/collection/845-paul-w-downs-s-closet-picks","https://www.youtube.com/watch?v=Q7hCDVR1o-U"
"closet:848","closet","Tunde Adebimpe’s Closet Picks","Tunde Adebimpe","tundeadebimpe","False","[""Actor"", ""Musician""]","[""https://letterboxd.com/closetpicks/list/tunde-adebimpes-criterion-closet-picks/"", ""https://www.criterion.com/current/top-10-lists/295-tunde-adebimpe-s-top-10"", ""https://www.criterion.com/shop/collection/848-tunde-adebimpe-s-closet-picks""]","2025-04-08","2025-07-25","https://www.criterion.com/shop/collection/848-tunde-adebimpe-s-closet-picks","https://www.youtube.com/watch?v=2sGGq2NxN10"
"closet:822","closet","Katya Zamolodchikova’s Closet Picks","Katya Zamolodchikova","katyazamolodchikova","False","[""Actor"", ""Comedian"", ""Other"", ""Writer""]","[""https://letterboxd.com/closetpicks/list/katya-zamolodchikovas-closet-picks/"", ""https://www.criterion.com/shop/collection/822-katya-zamolodchikova-s-closet-picks""]","2025-04-07","2025-06-02","https://www.criterion.com/shop/collection/822-katya-zamolodchikova-s-closet-picks","https://www.youtube.com/watch?v=SCKxAojIGeg"
"closet:849","closet","Barbie Ferreira’s Closet Picks","Barbie Ferreira","barbieferreira","False","[""Actor""]","[""https://letterboxd.com/closetpicks/list/barbie-ferreiras-criterion-closet-picks/"", ""https://www.criterion.com/shop/collection/849-barbie-ferreira-s-closet-picks""]","2025-04-04","2025-07-28","https://www.criterion.com/shop/collection/849-barbie-ferreira-s-closet-picks","https://www.youtube.com/watch?v=RpttR1gI91Q"
"closet:809","closet","Claude Lelouch’s Closet Picks","Claude Lelouch","claudelelouch","False","[""Cinematographer"", ""Director"", ""Producer"", ""Writer""]","[""https://letterboxd.com/closetpicks/list/claude-lelouchs-criterion-closet-picks/"", ""https://www.criterion.com/shop/collection/809-claude-lelouch-s-closet-picks""]","2025-04-03","2025-05-05","https://www.criterion.com/shop/collection/809-claude-lelouch-s-closet-picks","https://www.youtube.com/watch?v=mITzH5WIe84"
"closet:808","closet","Aimee Lou Wood’s Closet Picks","Aimee Lou Wood","aimeelouwood","False","[""Actor""]","[""https://letterboxd.com/closetpicks/list/aimee-lou-woods-criterion-closet-picks/"", ""https://www.criterion.com/shop/collection/808-aimee-lou-wood-s-closet-picks""]","2025-04-02","2025-05-16","https://www.criterion.com/shop/collection/808-aimee-lou-wood-s-closet-picks","https://www.youtube.com/watch?v=LDGACubU99g"
"closet:835","closet","Rob Delaney’s Closet Picks","Rob Delaney","robdelaney","False","[""Actor"", ""Comedian"", ""Writer""]","[""https://letterboxd.com/closetpicks/list/rob-delaneys-criterion-closet-picks/"", ""https://www.criterion.com/shop/collection/835-rob-delaney-s-closet-picks""]","2025-03-31","2025-06-16","https://www.criterion.com/shop/collection/835-rob-delaney-s-closet-picks","https://www.youtube.com/watch?v=lbF3XIDKM8Y"
"closet:800","closet","Seth Rogen & Evan Goldberg’s Closet Picks","Seth Rogen & Evan Goldberg","sethrogenevangoldberg","True","[]","[""https://www.criterion.com/shop/collection/800-seth-rogen-evan-goldberg-s-closet-picks""]","2025-03-28","2025-04-18","https://www.criterion.com/shop/collection/800-seth-rogen-evan-goldberg-s-closet-picks","https://www.youtube.com/watch?v=BjY2SluwCME"
"closet:839","closet","Steve Coogan’s Closet Picks","Steve Coogan","stevecoogan","False","[""Actor"", ""Comedian"", ""Producer"", ""Writer""]","[""https://letterboxd.com/closetpicks/list/steve-coogans-criterion-closet-picks/"", ""https://www.criterion.com/shop/collection/839-steve-coogan-s-closet-picks""]","2025-03-27","2025-06-28","https://www.criterion.com/shop/collection/839-steve-coogan-s-closet-picks","https://www.youtube.com/watch?v=9vp9ruYEYHA"
"closet:801","closet","Rosamund Pike’s Closet Picks","Rosamund Pike","rosamundpike","False","[""Actor""]","[""https://letterboxd.com/closetpicks/list/rosamund-pikes-criterion-closet-picks/"", ""https://www.criterion.com/shop/collection/801-rosamund-pike-s-closet-picks""]","2025-03-26","2025-04-25","https://www.criterion.com/shop/collection/801-rosamund-pike-s-closet-picks","https://www.youtube.com/watch?v=fiuHyOtavek"
"closet:802","closet","Franklin Leonard’s Closet Picks","Franklin Leonard","franklinleonard","False","[""Director"", ""Producer""]","[""https://letterboxd.com/closetpicks/list/franklin-leonards-criterion-closet-picks/"", ""https://www.criterion.com/shop/collection/802-franklin-leonard-s-closet-picks""]","2025-03-26","2025-04-21","https://www.criterion.com/shop/collection/802-franklin-leonard-s-closet-picks","https://www.youtube.com/watch?v=5YfyrBaAWpE"
"closet:797","closet","Mark Rylance’s Closet Picks","Mark Rylance","markrylance","False","[""Actor""]","[""https://letterboxd.com/closetpicks/list/mark-rylances-criterion-closet-picks/"", ""https://www.criterion.com/shop/collection/797-mark-rylance-s-closet-picks""]","2025-03-21","2025-04-08","https://www.criterion.com/shop/collection/797-mark-rylance-s-closet-picks","https://www.youtube.com/watch?v=ZwcnZjmh0a8"
"closet:819","closet","Questlove’s Closet Picks","Questlove","questlove","False","[""Actor"", ""Director"", ""Musician"", ""Producer"", ""Writer""]","[""https://letterboxd.com/closetpicks/list/questloves-criterion-closet-picks/"", ""https://www.criterion.com/shop/collection/819-questlove-s-closet-picks""]","2025-03-19","2025-05-12","https://www.criterion.com/shop/collection/819-questlove-s-closet-picks","https://www.youtube.com/watch?v=xFuN-Qi-FW4"
"closet:793","closet","Hans Zimmer’s Closet Picks","Hans Zimmer","hanszimmer","False","[""Musician""]","[""https://letterboxd.com/closetpicks/list/hans-zimmers-criterion-closet-picks/"", ""https://www.criterion.com/shop/collection/793-hans-zimmer-s-closet-picks""]","2025-03-14","2025-03-24","https://www.criterion.com/shop/collection/793-hans-zimmer-s-closet-picks","https://www.youtube.com/watch?v=2o4oC0diM8E"
"closet:794","closet","Kevin Bacon’s Closet Picks","Kevin Bacon","kevinbacon","False","[""Actor""]","[""https://letterboxd.com/closetpicks/list/kevin-bacons-criterion-closet-picks/"", ""https://www.criterion.com/shop/collection/794-kevin-bacon-s-closet-picks""]","2025-03-14","2025-04-01","https://www.criterion.com/shop/collection/794-kevin-bacon-s-closet-picks","https://www.youtube.com/watch?v=uMNrdRkZwxw"
"closet:799","closet","Bowen Yang’s Closet Picks","Bowen Yang","bowenyang","False","[""Actor"", ""Comedian"", ""Writer""]","[""https://letterboxd.com/closetpicks/list/bowen-yangs-criterion-closet-picks/"", ""https://www.criterion.com/shop/collection/799-bowen-yang-s-closet-picks""]","2025-03-12","2025-04-11","https://www.criterion.com/shop/collection/799-bowen-yang-s-closet-picks","https://www.youtube.com/watch?v=CWsXjptCScU"
"closet:841","closet","Dick Cavett’s Closet Picks","Dick Cavett","dickcavett","False","[""Comedian"", ""Host / presenter""]","[""https://letterboxd.com/closetpicks/list/dick-cavetts-criterion-closet-picks/"", ""https://www.criterion.com/shop/collection/841-dick-cavett-s-closet-picks""]","2025-02-26","2025-07-07","https://www.criterion.com/shop/collection/841-dick-cavett-s-closet-picks","https://www.youtube.com/watch?v=9FqyB5edf38"
"closet:795","closet","Griffin Dunne’s Closet Picks","Griffin Dunne","griffindunne","False","[""Actor"", ""Writer""]","[""https://www.criterion.com/shop/collection/795-griffin-dunne-s-closet-picks""]","2025-02-20","2025-03-28","https://www.criterion.com/shop/collection/795-griffin-dunne-s-closet-picks","https://www.youtube.com/watch?v=Jf9qeR7aJ3E"
"closet:790","closet","Carrie Coon’s Closet Picks","Carrie Coon","carriecoon","False","[""Actor""]","[""https://letterboxd.com/closetpicks/list/carrie-coons-criterion-closet-picks/"", ""https://www.criterion.com/shop/collection/790-carrie-coon-s-closet-picks""]","2025-02-19","2025-03-17","https://www.criterion.com/shop/collection/790-carrie-coon-s-closet-picks","https://www.youtube.com/watch?v=CgaVmNJscms"
"closet:831","closet","Michelle Zauner’s Closet Picks","Michelle Zauner","michellezauner","False","[""Musician"", ""Writer""]","[""https://letterboxd.com/closetpicks/list/michelle-zauners-criterion-closet-picks/"", ""https://www.criterion.com/shop/collection/831-michelle-zauner-s-closet-picks""]","2025-02-12","2025-06-06","https://www.criterion.com/shop/collection/831-michelle-zauner-s-closet-picks","https://www.youtube.com/watch?v=gmeWU8oqy-A"
"closet:796","closet","Amy Irving’s Closet Picks","Amy Irving","amyirving","False","[""Actor""]","[""https://letterboxd.com/closetpicks/list/amy-irvings-criterion-closet-picks/"", ""https://www.criterion.com/shop/collection/796-amy-irving-s-closet-picks""]","2025-02-06","2025-04-04","https://www.criterion.com/shop/collection/796-amy-irving-s-closet-picks","https://www.youtube.com/watch?v=SNT0QRnkN3I"
"closet:780","closet","Atom Egoyan’s Closet Picks","Atom Egoyan","atomegoyan","False","[""Director"", ""Writer""]","[""https://letterboxd.com/closetpicks/list/atom-egoyans-criterion-closet-picks-1/"", ""https://letterboxd.com/closetpicks/list/atom-egoyans-criterion-closet-picks/"", ""https://www.criterion.com/current/top-10-lists/233-atom-egoyan-s-top-10"", ""https://www.criterion.com/shop/collection/780-atom-egoyan-s-closet-picks""]","2025-01-26","2026-01-20","https://www.criterion.com/shop/collection/780-atom-egoyan-s-closet-picks","https://www.youtube.com/watch?v=X0yY-bMTFq4"
"closet:788","closet","Julia Fox’s Closet Picks","Julia Fox","juliafox","False","[""Actor"", ""Writer""]","[""https://letterboxd.com/closetpicks/list/julia-foxs-criterion-closet-picks/"", ""https://www.criterion.com/shop/collection/788-julia-fox-s-closet-picks""]","2025-01-21","2025-03-10","https://www.criterion.com/shop/collection/788-julia-fox-s-closet-picks","https://www.youtube.com/watch?v=ZbuxEu2EoFI"
"closet:768","closet","John David Washington and Malcolm Washington’s Closet Picks","John David Washington and Malcolm Washington","johndavidwashingtonandmalcolmwashington","True","[]","[""https://www.criterion.com/shop/collection/768-john-david-washington-and-malcolm-washington-s-closet-picks""]","2025-01-13","2025-01-19","https://www.criterion.com/shop/collection/768-john-david-washington-and-malcolm-washington-s-closet-picks","https://www.youtube.com/watch?v=-Tc0JZz6hFM"
"closet:779","closet","Brady Corbet’s Closet Picks","Brady Corbet","bradycorbet","False","[""Actor"", ""Director"", ""Writer""]","[""https://letterboxd.com/closetpicks/list/brady-corbets-criterion-closet-picks/"", ""https://www.criterion.com/shop/collection/779-brady-corbet-s-closet-picks""]","2025-01-08","2025-02-28","https://www.criterion.com/shop/collection/779-brady-corbet-s-closet-picks","https://www.youtube.com/watch?v=KYw5P3tmba0"
"closet:798","closet","Rosanna Arquette’s Closet Picks","Rosanna Arquette","rosannaarquette","False","[""Actor""]","[""https://letterboxd.com/closetpicks/list/rosanna-arquettes-criterion-closet-picks/"", ""https://www.criterion.com/shop/collection/798-rosanna-arquette-s-closet-picks""]","2025-01-07","2025-04-14","https://www.criterion.com/shop/collection/798-rosanna-arquette-s-closet-picks","https://www.youtube.com/watch?v=pKgdw6EjmeE"
"closet:767","closet","Walter Salles’s Closet Picks","Walter Salles","waltersalles","False","[""Director""]","[""https://letterboxd.com/closetpicks/list/walter-salles-criterion-closet-picks/"", ""https://www.criterion.com/shop/collection/767-walter-salles-s-closet-picks""]","2025-01-06","2025-01-17","https://www.criterion.com/shop/collection/767-walter-salles-s-closet-picks","https://www.youtube.com/watch?v=KmsLWBUOVk8"
"closet:763","closet","Francis Ford Coppola’s Closet Picks","Francis Ford Coppola","francisfordcoppola","False","[""Director""]","[""https://letterboxd.com/closetpicks/list/francis-ford-coppolas-criterion-closet-picks/"", ""https://www.criterion.com/shop/collection/763-francis-ford-coppola-s-closet-picks""]","2024-12-19","2024-12-25","https://www.criterion.com/shop/collection/763-francis-ford-coppola-s-closet-picks","https://www.youtube.com/watch?v=ZgWDtPVNQ7Y"
"closet:762","closet","Mikey Madison’s Closet Picks","Mikey Madison","mikeymadison","False","[""Actor""]","[""https://letterboxd.com/closetpicks/list/mikey-madisons-criterion-closet-picks/"", ""https://www.criterion.com/shop/collection/762-mikey-madison-s-closet-picks""]","2024-12-19","2025-01-03","https://www.criterion.com/shop/collection/762-mikey-madison-s-closet-picks","https://www.youtube.com/watch?v=9AUc5BfebCM"
"closet:769","closet","Robert Eggers’s Closet Picks","Robert Eggers","roberteggers","False","[""Director"", ""Writer""]","[""https://letterboxd.com/closetpicks/list/robert-eggers-criterion-closet-picks/"", ""https://www.criterion.com/shop/collection/769-robert-eggers-s-closet-picks""]","2024-12-17","2025-01-28","https://www.criterion.com/shop/collection/769-robert-eggers-s-closet-picks","https://www.youtube.com/watch?v=uLH8TfnsY9Y"
"closet:770","closet","Nicholas Hoult’s Closet Picks","Nicholas Hoult","nicholashoult","False","[""Actor""]","[""https://letterboxd.com/closetpicks/list/nicholas-hoults-criterion-closet-picks/"", ""https://www.criterion.com/shop/collection/770-nicholas-hoult-s-closet-picks""]","2024-12-17","2025-01-21","https://www.criterion.com/shop/collection/770-nicholas-hoult-s-closet-picks","https://www.youtube.com/watch?v=lr5UDJT7zbk"
"closet:772","closet","Chiara Mastroianni’s Closet Picks","Chiara Mastroianni","chiaramastroianni","False","[""Actor""]","[""https://letterboxd.com/closetpicks/list/chiara-mastroiannis-criterion-closet/"", ""https://www.criterion.com/shop/collection/772-chiara-mastroianni-s-closet-picks""]","2024-12-13","2025-01-31","https://www.criterion.com/shop/collection/772-chiara-mastroianni-s-closet-picks","https://www.youtube.com/watch?v=oRwDxyMc6G8"
"closet:758","closet","Norman Reedus’s Closet Picks","Norman Reedus","normanreedus","False","[""Actor"", ""Writer""]","[""https://letterboxd.com/closetpicks/list/norman-reedus-criterion-closet-picks/"", ""https://www.criterion.com/shop/collection/758-norman-reedus-s-closet-picks""]","2024-12-12","2024-12-16","https://www.criterion.com/shop/collection/758-norman-reedus-s-closet-picks","https://www.youtube.com/watch?v=6GAcaHKcqZY"
"closet:765","closet","Juliette Binoche and Ralph Fiennes’s Closet Picks","Juliette Binoche and Ralph Fiennes","juliettebinocheandralphfiennes","True","[]","[""https://www.criterion.com/shop/collection/765-juliette-binoche-and-ralph-fiennes-s-closet-picks""]","2024-12-04","2024-12-30","https://www.criterion.com/shop/collection/765-juliette-binoche-and-ralph-fiennes-s-closet-picks","https://www.youtube.com/watch?v=K15A83bYrKo"
"closet:771","closet","Denis Villeneuve’s Closet Picks","Denis Villeneuve","denisvilleneuve","False","[""Director"", ""Writer""]","[""https://letterboxd.com/closetpicks/list/denis-villeneuves-criterion-closet-picks/"", ""https://www.criterion.com/shop/collection/771-denis-villeneuve-s-closet-picks""]","2024-12-02","2025-01-24","https://www.criterion.com/shop/collection/771-denis-villeneuve-s-closet-picks","https://www.youtube.com/watch?v=UrgucAPeqIs"
"closet:761","closet","Andrew Stanton’s Closet Picks","Andrew Stanton","andrewstanton","False","[""Director"", ""Writer""]","[""https://letterboxd.com/closetpicks/list/andrew-stantons-criterion-closet-picks/"", ""https://www.criterion.com/shop/collection/761-andrew-stanton-s-closet-picks""]","2024-11-26","2024-12-20","https://www.criterion.com/shop/collection/761-andrew-stanton-s-closet-picks","https://www.youtube.com/watch?v=lit_b1g7M6s"
"closet:746","closet","Johnnie To’s Closet Picks","Johnnie To","johnnieto","False","[""Director""]","[""https://letterboxd.com/closetpicks/list/johnnie-tos-criterion-closet-picks/"", ""https://www.criterion.com/current/top-10-lists/87-johnnie-to-s-top-10"", ""https://www.criterion.com/shop/collection/746-johnnie-to-s-closet-picks""]","2024-11-25","2024-12-02","https://www.criterion.com/shop/collection/746-johnnie-to-s-closet-picks","https://www.youtube.com/watch?v=kGZvmngLfBI"
"closet:773","closet","John Lithgow’s Closet Picks","John Lithgow","johnlithgow","False","[""Actor""]","[""https://letterboxd.com/closetpicks/list/john-lithgows-criterion-closet-picks/"", ""https://www.criterion.com/shop/collection/773-john-lithgow-s-closet-picks""]","2024-11-21","2025-02-03","https://www.criterion.com/shop/collection/773-john-lithgow-s-closet-picks","https://www.youtube.com/watch?v=on1zBg40eJ4"
"closet:786","closet","Julia Garner’s Closet Picks","Julia Garner","juliagarner","False","[""Actor""]","[""https://letterboxd.com/closetpicks/list/julia-garners-criterion-closet-picks/"", ""https://www.criterion.com/shop/collection/786-julia-garner-s-closet-picks""]","2024-11-20","2025-03-07","https://www.criterion.com/shop/collection/786-julia-garner-s-closet-picks","https://www.youtube.com/watch?v=hsB1e2aV4Vo"
"closet:789","closet","Karyn Kusama’s Closet Picks","Karyn Kusama","karynkusama","False","[""Director"", ""Writer""]","[""https://letterboxd.com/closetpicks/list/karyn-kusamas-criterion-closet-picks/"", ""https://www.criterion.com/shop/collection/789-karyn-kusama-s-closet-picks""]","2024-11-20","2025-03-14","https://www.criterion.com/shop/collection/789-karyn-kusama-s-closet-picks","https://www.youtube.com/watch?v=QLOziRIYQZo"
"closet:776","closet","Maura Tierney’s Closet Picks","Maura Tierney","mauratierney","False","[""Actor""]","[""https://letterboxd.com/closetpicks/list/maura-tierneys-criterion-closet-picks/"", ""https://www.criterion.com/shop/collection/776-maura-tierney-s-closet-picks""]","2024-11-19","2025-02-18","https://www.criterion.com/shop/collection/776-maura-tierney-s-closet-picks","https://www.youtube.com/watch?v=M3mCdWe4X-0"
"closet:757","closet","Pamela Anderson’s Closet Picks","Pamela Anderson","pamelaanderson","False","[""Actor"", ""Other""]","[""https://letterboxd.com/closetpicks/list/pamela-andersons-criterion-closet-picks/"", ""https://www.criterion.com/shop/collection/757-pamela-anderson-s-closet-picks""]","2024-11-12","2024-12-18","https://www.criterion.com/shop/collection/757-pamela-anderson-s-closet-picks","https://www.youtube.com/watch?v=tyo_tJuhw8U"
"closet:766","closet","Pablo Larraín’s Closet Picks","Pablo Larraín","pablolarrain","False","[""Director"", ""Producer"", ""Writer""]","[""https://letterboxd.com/closetpicks/list/pablo-larrains-criterion-closet-picks/"", ""https://www.criterion.com/current/top-10-lists/392-pablo-larrain-s-top-10"", ""https://www.criterion.com/shop/collection/766-pablo-larrain-s-closet-picks""]","2024-11-11","2025-01-14","https://www.criterion.com/shop/collection/766-pablo-larrain-s-closet-picks","https://www.youtube.com/watch?v=AdnnuEqbio8"
"closet:736","closet","Jeremy Pope’s Closet Picks","Jeremy Pope","jeremypope","False","[""Actor"", ""Musician""]","[""https://letterboxd.com/closetpicks/list/jeremy-popes-criterion-closet-picks/"", ""https://www.criterion.com/shop/collection/736-jeremy-pope-s-closet-picks""]","2024-11-11","2024-11-12","https://www.criterion.com/shop/collection/736-jeremy-pope-s-closet-picks","https://www.youtube.com/watch?v=oRDkAdjp_e8"
"closet:785","closet","Azazel Jacobs’s Closet Picks","Azazel Jacobs","azazeljacobs","False","[""Artist / designer"", ""Director"", ""Writer""]","[""https://letterboxd.com/closetpicks/list/azazel-jacobs-criterion-closet-picks/"", ""https://www.criterion.com/current/top-10-lists/384-azazel-jacobs-s-top-10"", ""https://www.criterion.com/shop/collection/785-azazel-jacobs-s-closet-picks""]","2024-11-06","2025-03-04","https://www.criterion.com/shop/collection/785-azazel-jacobs-s-closet-picks","https://www.youtube.com/watch?v=vBi5fCd6Usk"
"closet:775","closet","Ken Burns’s Closet Picks","Ken Burns","kenburns","False","[""Director"", ""Producer""]","[""https://letterboxd.com/closetpicks/list/ken-burns-criterion-closet-picks/"", ""https://www.criterion.com/shop/collection/775-ken-burns-s-closet-picks""]","2024-11-04","2025-02-10","https://www.criterion.com/shop/collection/775-ken-burns-s-closet-picks","https://www.youtube.com/watch?v=NCTUZ7bX0SE"
"closet:759","closet","Maura Delpero’s Closet Picks","Maura Delpero","mauradelpero","False","[""Director"", ""Writer""]","[""https://letterboxd.com/closetpicks/list/maura-delperos-criterion-closet-picks/"", ""https://www.criterion.com/shop/collection/759-maura-delpero-s-closet-picks""]","2024-10-24","2024-12-23","https://www.criterion.com/shop/collection/759-maura-delpero-s-closet-picks","https://www.youtube.com/watch?v=cPPlAVrvhGY"
"closet:731","closet","Edward Berger’s Closet Picks","Edward Berger","edwardberger","False","[""Director""]","[""https://letterboxd.com/closetpicks/list/edward-bergers-criterion-closet-picks/"", ""https://www.criterion.com/shop/collection/731-edward-berger-s-closet-picks""]","2024-10-18","2024-10-25","https://www.criterion.com/shop/collection/731-edward-berger-s-closet-picks","https://www.youtube.com/watch?v=-zlyJmf-2MM"
"closet:751","closet","Gints Zilbalodis’s Closet Picks","Gints Zilbalodis","gintszilbalodis","False","[""Director""]","[""https://letterboxd.com/closetpicks/list/gints-zilbalodis-criterion-closet-picks/"", ""https://www.criterion.com/shop/collection/751-gints-zilbalodis-s-closet-picks""]","2024-10-17","2024-12-04","https://www.criterion.com/shop/collection/751-gints-zilbalodis-s-closet-picks","https://www.youtube.com/watch?v=DkgBhjAwvj4"
"closet:764","closet","Jacques Audiard’s Closet Picks","Jacques Audiard","jacquesaudiard","False","[""Director"", ""Writer""]","[""https://letterboxd.com/closetpicks/list/jacques-audiards-criterion-closet-picks/"", ""https://www.criterion.com/shop/collection/764-jacques-audiard-s-closet-picks""]","2024-10-17","2025-01-06","https://www.criterion.com/shop/collection/764-jacques-audiard-s-closet-picks","https://www.youtube.com/watch?v=kgkI4ZRJkvU"
"closet:807","closet","Jia Zhangke’s Closet Picks","Jia Zhangke","jiazhangke","False","[""Director""]","[""https://letterboxd.com/closetpicks/list/jia-zhangkes-criterion-closet-picks/"", ""https://www.criterion.com/shop/collection/807-jia-zhangke-s-closet-picks""]","2024-10-09","2025-05-09","https://www.criterion.com/shop/collection/807-jia-zhangke-s-closet-picks","https://www.youtube.com/watch?v=m6bQdKaRlsw"
"closet:734","closet","Amelia Dimoldenberg’s Closet Picks","Amelia Dimoldenberg","ameliadimoldenberg","False","[""Comedian"", ""Host / presenter""]","[""https://letterboxd.com/closetpicks/list/amelia-dimoldenbergs-criterion-closet-picks/"", ""https://www.criterion.com/shop/collection/734-amelia-dimoldenberg-s-closet-picks""]","2024-10-09","2024-11-07","https://www.criterion.com/shop/collection/734-amelia-dimoldenberg-s-closet-picks","https://www.youtube.com/watch?v=fIvSlhjmbxc"
"closet:745","closet","André Holland’s Closet Picks","André Holland","andreholland","False","[""Actor""]","[""https://letterboxd.com/closetpicks/list/andre-hollands-criterion-closet-picks/"", ""https://www.criterion.com/shop/collection/745-andre-holland-s-closet-picks""]","2024-10-09","2024-11-25","https://www.criterion.com/shop/collection/745-andre-holland-s-closet-picks","https://www.youtube.com/watch?v=YsOm4L6yzMg"
"closet:774","closet","Zeinabu irene Davis’s Closet Picks","Zeinabu irene Davis","zeinabuirenedavis","False","[""Director"", ""Other""]","[""https://letterboxd.com/closetpicks/list/zeinabu-irene-daviss-criterion-closet-picks/"", ""https://www.criterion.com/shop/collection/774-zeinabu-irene-davis-s-closet-picks""]","2024-10-08","2025-02-21","https://www.criterion.com/shop/collection/774-zeinabu-irene-davis-s-closet-picks","https://www.youtube.com/watch?v=23Mi6YwElYw"
"closet:737","closet","Payal Kapadia’s Closet Picks","Payal Kapadia","payalkapadia","False","[""Director"", ""Writer""]","[""https://letterboxd.com/closetpicks/list/payal-kapadias-criterion-closet-picks/"", ""https://www.criterion.com/shop/collection/737-payal-kapadia-s-closet-picks""]","2024-10-08","2024-11-15","https://www.criterion.com/shop/collection/737-payal-kapadia-s-closet-picks","https://www.youtube.com/watch?v=CzKnRQkPXdg"
"closet:749","closet","Marianne Jean-Baptiste & Mike Leigh’s Closet Picks","Marianne Jean-Baptiste & Mike Leigh","mariannejeanbaptistemikeleigh","True","[]","[""https://www.criterion.com/shop/collection/749-marianne-jean-baptiste-mike-leigh-s-closet-picks""]","2024-10-07","2024-12-06","https://www.criterion.com/shop/collection/749-marianne-jean-baptiste-mike-leigh-s-closet-picks","https://www.youtube.com/watch?v=d1RJNZak2Dw"
"closet:729","closet","Anna Kendrick’s Closet Picks","Anna Kendrick","annakendrick","False","[""Actor"", ""Director""]","[""https://letterboxd.com/closetpicks/list/anna-kendricks-criterion-closet-picks/"", ""https://www.criterion.com/shop/collection/729-anna-kendrick-s-closet-picks""]","2024-10-07","2024-10-18","https://www.criterion.com/shop/collection/729-anna-kendrick-s-closet-picks","https://www.youtube.com/watch?v=CuZo__82POU"
"closet:741","closet","Isabelle Huppert’s Closet Picks","Isabelle Huppert","isabellehuppert","False","[""Actor""]","[""https://letterboxd.com/closetpicks/list/isabelle-hupperts-criterion-closet-picks/"", ""https://www.criterion.com/shop/collection/741-isabelle-huppert-s-closet-picks""]","2024-10-03","2024-11-22","https://www.criterion.com/shop/collection/741-isabelle-huppert-s-closet-picks","https://www.youtube.com/watch?v=GwSwBAo2FYo"
"closet:756","closet","RaMell Ross’s Closet Picks","RaMell Ross","ramellross","False","[""Director"", ""Writer""]","[""https://letterboxd.com/closetpicks/list/ramell-ross-criterion-closet-picks/"", ""https://www.criterion.com/shop/collection/756-ramell-ross-s-closet-picks""]","2024-10-02","2024-12-13","https://www.criterion.com/shop/collection/756-ramell-ross-s-closet-picks","https://www.youtube.com/watch?v=AVfkV5F4XL0"
"closet:730","closet","Andrew Garfield’s Closet Picks","Andrew Garfield","andrewgarfield","False","[""Actor""]","[""https://letterboxd.com/closetpicks/list/andrew-garfields-criterion-closet-picks/"", ""https://www.criterion.com/shop/collection/730-andrew-garfield-s-closet-picks""]","2024-10-02","2024-10-21","https://www.criterion.com/shop/collection/730-andrew-garfield-s-closet-picks","https://www.youtube.com/watch?v=3tH0irhiQVg"
"closet:733","closet","Janelle Monáe’s Closet Picks","Janelle Monáe","janellemonae","False","[""Actor"", ""Musician"", ""Producer""]","[""https://letterboxd.com/closetpicks/list/janelle-monaes-criterion-closet-picks/"", ""https://www.criterion.com/shop/collection/733-janelle-monae-s-closet-picks""]","2024-10-01","2024-10-30","https://www.criterion.com/shop/collection/733-janelle-monae-s-closet-picks","https://www.youtube.com/watch?v=iBpffnfc3AI"
"closet:752","closet","Barry Sonnenfeld’s Closet Picks","Barry Sonnenfeld","barrysonnenfeld","False","[""Cinematographer"", ""Director"", ""Writer""]","[""https://letterboxd.com/closetpicks/list/barry-sonnenfelds-criterion-closet-picks/"", ""https://www.criterion.com/shop/collection/752-barry-sonnenfeld-s-closet-picks""]","2024-10-01","2024-12-09","https://www.criterion.com/shop/collection/752-barry-sonnenfeld-s-closet-picks","https://www.youtube.com/watch?v=Td2060BoCAk"
"closet:792","closet","Alain Guiraudie’s Closet Picks","Alain Guiraudie","alainguiraudie","False","[""Director"", ""Writer""]","[""https://letterboxd.com/closetpicks/list/alain-guiraudies-criterion-closet-picks/"", ""https://www.criterion.com/shop/collection/792-alain-guiraudie-s-closet-picks""]","2024-09-30","2025-03-21","https://www.criterion.com/shop/collection/792-alain-guiraudie-s-closet-picks","https://www.youtube.com/watch?v=OVhzNXX1GIk"
"closet:760","closet","Kevin Smith’s Closet Picks","Kevin Smith","kevinsmith","False","[""Director"", ""Writer""]","[""https://letterboxd.com/closetpicks/list/kevin-smiths-criterion-closet-picks/"", ""https://www.criterion.com/shop/collection/760-kevin-smith-s-closet-picks""]","2024-09-26","2024-12-27","https://www.criterion.com/shop/collection/760-kevin-smith-s-closet-picks","https://www.youtube.com/watch?v=5eCxfZKIG90"
"closet:738","closet","Nathalie Emmanuel’s Closet Picks","Nathalie Emmanuel","nathalieemmanuel","False","[""Actor""]","[""https://letterboxd.com/closetpicks/list/nathalie-emmanuels-criterion-closet-picks/"", ""https://www.criterion.com/shop/collection/738-nathalie-emmanuel-s-closet-picks""]","2024-09-25","2024-11-18","https://www.criterion.com/shop/collection/738-nathalie-emmanuel-s-closet-picks","https://www.youtube.com/watch?v=TsPxucCV4dU"
"closet:726","closet","Jennifer Kent’s Closet Picks","Jennifer Kent","jenniferkent","False","[""Director"", ""Writer""]","[""https://letterboxd.com/closetpicks/list/jennifer-kents-criterion-closet-picks/"", ""https://www.criterion.com/shop/collection/726-jennifer-kent-s-closet-picks""]","2024-09-18","2024-10-17","https://www.criterion.com/shop/collection/726-jennifer-kent-s-closet-picks","https://www.youtube.com/watch?v=4puN5ASOPGs"
"closet:684","closet","Jude Law’s Closet Picks","Jude Law","judelaw","False","[""Actor""]","[""https://letterboxd.com/closetpicks/list/jude-laws-criterion-closet-picks-1/"", ""https://letterboxd.com/closetpicks/list/jude-laws-criterion-closet-picks/"", ""https://www.criterion.com/shop/collection/684-jude-law-s-closet-picks""]","2024-09-16","2024-11-01","https://www.criterion.com/shop/collection/684-jude-law-s-closet-picks","https://www.youtube.com/watch?v=rVdefw0skK0"
"closet:748","closet","Jarvis Cocker’s Closet Picks","Jarvis Cocker","jarviscocker","False","[""Musician""]","[""https://letterboxd.com/closetpicks/list/jarvis-cockers-criterion-closet-picks/"", ""https://www.criterion.com/shop/collection/748-jarvis-cocker-s-closet-picks""]","2024-09-13","2024-12-11","https://www.criterion.com/shop/collection/748-jarvis-cocker-s-closet-picks","https://www.youtube.com/watch?v=B-F7GT82izA"
"closet:806","closet","Joel Potrykus’s Closet Picks","Joel Potrykus","joelpotrykus","False","[""Director"", ""Other"", ""Writer""]","[""https://letterboxd.com/closetpicks/list/joel-potrykus-criterion-closet-picks/"", ""https://www.criterion.com/current/top-10-lists/396-joel-potrykus-s-top-10"", ""https://www.criterion.com/shop/collection/806-joel-potrykus-s-closet-picks""]","2024-08-02","2025-05-02","https://www.criterion.com/shop/collection/806-joel-potrykus-s-closet-picks","https://www.youtube.com/watch?v=asVS_TKy5ow"
"closet:682","closet","Lee Daniels’s Closet Picks","Lee Daniels","leedaniels","False","[""Director"", ""Writer""]","[""https://letterboxd.com/closetpicks/list/lee-daniels-criterion-closet-picks/"", ""https://www.criterion.com/shop/collection/682-lee-daniels-s-closet-picks""]","2024-08-02","2024-09-10","https://www.criterion.com/shop/collection/682-lee-daniels-s-closet-picks","https://www.youtube.com/watch?v=dqNtp1bAI8o"
"closet:778","closet","Nick Lowe’s Closet Picks","Nick Lowe","nicklowe","False","[""Musician""]","[""https://letterboxd.com/closetpicks/list/nick-lowes-criterion-closet-picks/"", ""https://www.criterion.com/shop/collection/778-nick-lowe-s-closet-picks""]","2024-07-31","2025-02-24","https://www.criterion.com/shop/collection/778-nick-lowe-s-closet-picks","https://www.youtube.com/watch?v=4d1HdrVMr1k"
"closet:720","closet","Bill Hader’s Closet Picks","Bill Hader","billhader","False","[""Actor"", ""Comedian"", ""Director""]","[""https://letterboxd.com/closetpicks/list/bill-haders-criterion-closet-picks/"", ""https://www.criterion.com/shop/collection/488-bill-hader-s-closet-picks-2011"", ""https://www.criterion.com/shop/collection/720-bill-hader-s-closet-picks""]","2024-07-23","2024-09-27","https://www.criterion.com/shop/collection/720-bill-hader-s-closet-picks","https://www.youtube.com/watch?v=y2TK8IHWIcY"
"closet:685","closet","Greg Gonzalez’s Closet Picks","Greg Gonzalez","greggonzalez","False","[""Musician""]","[""https://letterboxd.com/closetpicks/list/greg-gonzalezs-criterion-closet-picks/"", ""https://www.criterion.com/shop/collection/685-greg-gonzalez-s-closet-picks""]","2024-07-17","2024-09-20","https://www.criterion.com/shop/collection/685-greg-gonzalez-s-closet-picks","https://www.youtube.com/watch?v=1DvQjLLIFEE"
"closet:675","closet","Zoë Kravitz and Channing Tatum’s Closet Picks","Zoë Kravitz and Channing Tatum","zoekravitzandchanningtatum","True","[]","[]","2024-07-09","2024-08-14","https://www.criterion.com/shop/collection/675-zoe-kravitz-and-channing-tatum-s-closet-picks","https://www.youtube.com/watch?v=MJqjhDImNcY"
"closet:671","closet","Gina Gershon’s Closet Picks","Gina Gershon","ginagershon","False","[""Actor""]","[""https://letterboxd.com/closetpicks/list/gina-gershons-criterion-closet-picks/"", ""https://www.criterion.com/shop/collection/671-gina-gershon-s-closet-picks""]","2024-07-02","2024-07-26","https://www.criterion.com/shop/collection/671-gina-gershon-s-closet-picks","https://www.youtube.com/watch?v=Rz6_8c617Ik"
"closet:683","closet","Agnieszka Holland’s Closet Picks","Agnieszka Holland","agnieszkaholland","False","[""Director"", ""Writer""]","[""https://letterboxd.com/closetpicks/list/agnieszka-hollands-criterion-closet-picks/"", ""https://www.criterion.com/shop/collection/683-agnieszka-holland-s-closet-picks""]","2024-06-21","2024-09-17","https://www.criterion.com/shop/collection/683-agnieszka-holland-s-closet-picks","https://www.youtube.com/watch?v=pU-zkQTKtpQ"
"closet:666","closet","Ayo Edebiri’s Closet Picks","Ayo Edebiri","ayoedebiri","False","[""Actor"", ""Comedian""]","[""https://letterboxd.com/closetpicks/list/ayo-edebiris-criterion-closet-picks/"", ""https://www.criterion.com/shop/collection/666-ayo-edebiri-s-closet-picks""]","2024-06-17","2024-07-05","https://www.criterion.com/shop/collection/666-ayo-edebiri-s-closet-picks","https://www.youtube.com/watch?v=7LvIlPvrjGk"
"closet:677","closet","Winona Ryder’s Closet Picks","Winona Ryder","winonaryder","False","[""Actor""]","[""https://letterboxd.com/closetpicks/list/winona-ryders-criterion-closet-picks/"", ""https://www.criterion.com/shop/collection/677-winona-ryder-s-closet-picks""]","2024-06-16","2024-08-28","https://www.criterion.com/shop/collection/677-winona-ryder-s-closet-picks","https://www.youtube.com/watch?v=7qAT_K_YQOA"
"closet:674","closet","Lily Gladstone & Erica Tremblay’s Closet Picks","Lily Gladstone & Erica Tremblay","lilygladstoneericatremblay","True","[]","[""https://www.criterion.com/shop/collection/674-lily-gladstone-erica-tremblay-s-closet-picks""]","2024-06-15","2024-08-09","https://www.criterion.com/shop/collection/674-lily-gladstone-erica-tremblay-s-closet-picks","https://www.youtube.com/watch?v=pI7Nje89peA"
"closet:676","closet","Carol Kane’s Closet Picks","Carol Kane","carolkane","False","[""Actor""]","[""https://letterboxd.com/closetpicks/list/carol-kanes-criterion-closet-picks/"", ""https://www.criterion.com/shop/collection/676-carol-kane-s-closet-picks""]","2024-06-14","2024-08-20","https://www.criterion.com/shop/collection/676-carol-kane-s-closet-picks","https://www.youtube.com/watch?v=TDU3_n78jkc"
"closet:670","closet","Viggo Mortensen’s Closet Picks","Viggo Mortensen","viggomortensen","False","[""Actor"", ""Director""]","[""https://letterboxd.com/closetpicks/list/viggo-mortensens-criterion-closet-picks/"", ""https://www.criterion.com/shop/collection/670-viggo-mortensen-s-closet-picks""]","2024-06-03","2024-07-19","https://www.criterion.com/shop/collection/670-viggo-mortensen-s-closet-picks","https://www.youtube.com/watch?v=We_wQnlroek"
"closet:681","closet","Jerry Schatzberg’s Closet Picks","Jerry Schatzberg","jerryschatzberg","False","[""Artist / designer"", ""Director""]","[""https://letterboxd.com/closetpicks/list/jerry-schatzbergs-criterion-closet-picks/"", ""https://www.criterion.com/shop/collection/681-jerry-schatzberg-s-closet-picks""]","2024-05-22","2024-09-06","https://www.criterion.com/shop/collection/681-jerry-schatzberg-s-closet-picks","https://www.youtube.com/watch?v=DHzWP5Pj2wM"
"closet:672","closet","Paul Scheer’s Closet Picks","Paul Scheer","paulscheer","False","[""Actor"", ""Comedian"", ""Writer""]","[""https://letterboxd.com/closetpicks/list/paul-scheers-criterion-closet-picks/"", ""https://www.criterion.com/shop/collection/672-paul-scheer-s-closet-picks""]","2024-05-21","2024-08-02","https://www.criterion.com/shop/collection/672-paul-scheer-s-closet-picks","https://www.youtube.com/watch?v=uzhNKMIoq3E"
"closet:747","closet","Eric Bana’s Closet Picks","Eric Bana","ericbana","False","[""Actor"", ""Producer""]","[""https://letterboxd.com/closetpicks/list/eric-banas-criterion-closet-picks-1/"", ""https://letterboxd.com/closetpicks/list/eric-banas-criterion-closet-picks/"", ""https://www.criterion.com/shop/collection/747-eric-bana-s-closet-picks""]","2024-05-10","2025-02-07","https://www.criterion.com/shop/collection/747-eric-bana-s-closet-picks","https://www.youtube.com/watch?v=Y5-AnhGQek8"
"closet:667","closet","Bill and Turner Ross’s Closet Picks","Bill and Turner Ross","billandturnerross","True","[]","[]","2024-05-09","2024-07-12","https://www.criterion.com/shop/collection/667-bill-and-turner-ross-s-closet-picks","https://www.youtube.com/watch?v=UJOVbQbpyO0"
"closet:721","closet","Dylan Baker’s Closet Picks","Dylan Baker","dylanbaker","False","[""Actor""]","[""https://letterboxd.com/closetpicks/list/dylan-bakers-criterion-closet-picks/"", ""https://www.criterion.com/shop/collection/721-dylan-baker-s-closet-picks""]","2024-05-07","2024-10-01","https://www.criterion.com/shop/collection/721-dylan-baker-s-closet-picks","https://www.youtube.com/watch?v=cZmkXn4wgHA"
"closet:652","closet","Ryusuke Hamaguchi’s Closet Picks","Ryusuke Hamaguchi","ryusukehamaguchi","False","[""Director"", ""Writer""]","[""https://letterboxd.com/closetpicks/list/ryusuke-hamaguchis-criterion-closet-picks/"", ""https://www.criterion.com/shop/collection/652-ryusuke-hamaguchi-s-closet-picks""]","2024-05-03","2024-05-11","https://www.criterion.com/shop/collection/652-ryusuke-hamaguchi-s-closet-picks","https://www.youtube.com/watch?v=4xQfOvRfWno"
"closet:658","closet","Jane Schoenbrun’s Closet Picks","Jane Schoenbrun","janeschoenbrun","False","[""Director"", ""Writer""]","[""https://letterboxd.com/closetpicks/list/jane-schoenbruns-criterion-closet-picks/"", ""https://www.criterion.com/shop/collection/658-jane-schoenbrun-s-closet-picks""]","2024-04-16","2024-05-16","https://www.criterion.com/shop/collection/658-jane-schoenbrun-s-closet-picks","https://www.youtube.com/watch?v=Q0iOBmGQKQ8"
"closet:661","closet","Jeremy O. Harris’s Closet Picks","Jeremy O. Harris","jeremyoharris","False","[""Actor"", ""Director"", ""Producer"", ""Writer""]","[""https://letterboxd.com/closetpicks/list/jeremy-o-harris-criterion-closet-picks/"", ""https://www.criterion.com/shop/collection/661-jeremy-o-harris-s-closet-picks""]","2024-04-16","2024-06-07","https://www.criterion.com/shop/collection/661-jeremy-o-harris-s-closet-picks","https://www.youtube.com/watch?v=j9c7TOz0YK8"
"closet:662","closet","Annie Baker and Lucian Johnston’s Closet Picks","Annie Baker and Lucian Johnston","anniebakerandlucianjohnston","True","[]","[]","2024-04-09","2024-06-13","https://www.criterion.com/shop/collection/662-annie-baker-and-lucian-johnston-s-closet-picks","https://www.youtube.com/watch?v=2PbpLSLidBw"
"closet:647","closet","Maya and Ethan Hawke’s Closet Picks","Maya and Ethan Hawke","mayaandethanhawke","True","[]","[""https://www.criterion.com/shop/collection/647-maya-and-ethan-hawke-s-closet-picks""]","2024-04-05","2024-05-03","https://www.criterion.com/shop/collection/647-maya-and-ethan-hawke-s-closet-picks","https://www.youtube.com/watch?v=YxzCSz-4CIw"
"closet:640","closet","Bertrand Bonello’s Closet Picks","Bertrand Bonello","bertrandbonello","False","[""Director"", ""Musician"", ""Writer""]","[""https://letterboxd.com/closetpicks/list/bertrand-bonellos-criterion-closet-picks/"", ""https://www.criterion.com/shop/collection/640-bertrand-bonello-s-closet-picks""]","2024-04-03","2024-04-13","https://www.criterion.com/shop/collection/640-bertrand-bonello-s-closet-picks","https://www.youtube.com/watch?v=ciZvA3lnvJE"
"closet:642","closet","St. Vincent’s Closet Picks","St. Vincent","stvincent","False","[""Musician""]","[""https://letterboxd.com/closetpicks/list/st-vincents-criterion-closet-picks/"", ""https://www.criterion.com/shop/collection/642-st-vincent-s-closet-picks""]","2024-03-28","2024-04-25","https://www.criterion.com/shop/collection/642-st-vincent-s-closet-picks","https://www.youtube.com/watch?v=JPQG0BKNVqY"
"closet:644","closet","Kerry Condon’s Closet Picks","Kerry Condon","kerrycondon","False","[""Actor""]","[""https://letterboxd.com/closetpicks/list/kerry-condons-criterion-closet-picks/"", ""https://www.criterion.com/shop/collection/644-kerry-condon-s-closet-picks""]","2024-03-28","2024-04-30","https://www.criterion.com/shop/collection/644-kerry-condon-s-closet-picks","https://www.youtube.com/watch?v=8kII05HTS6c"
"closet:653","closet","Cheryl Dunye’s Closet Picks","Cheryl Dunye","cheryldunye","False","[""Actor"", ""Director"", ""Editor"", ""Producer"", ""Writer""]","[""https://letterboxd.com/closetpicks/list/cheryl-dunyes-criterion-closet-picks/"", ""https://www.criterion.com/shop/collection/653-cheryl-dunye-s-closet-picks""]","2024-03-17","2024-05-24","https://www.criterion.com/shop/collection/653-cheryl-dunye-s-closet-picks","https://www.youtube.com/watch?v=24ZeFtAssNE"
"closet:639","closet","Molly Ringwald’s Closet Picks","Molly Ringwald","mollyringwald","False","[""Actor"", ""Writer""]","[""https://letterboxd.com/closetpicks/list/molly-ringwalds-criterion-closet-picks/"", ""https://www.criterion.com/shop/collection/639-molly-ringwald-s-closet-picks""]","2024-03-11","2024-04-11","https://www.criterion.com/shop/collection/639-molly-ringwald-s-closet-picks","https://www.youtube.com/watch?v=d_ZBeZ_C0v8"
"closet:636","closet","Chelsea Peretti’s Closet Picks","Chelsea Peretti","chelseaperetti","False","[""Actor"", ""Comedian"", ""Director""]","[""https://letterboxd.com/closetpicks/list/chelsea-perettis-criterion-closet-picks/"", ""https://www.criterion.com/shop/collection/636-chelsea-peretti-s-closet-picks""]","2024-03-05","2024-03-21","https://www.criterion.com/shop/collection/636-chelsea-peretti-s-closet-picks","https://www.youtube.com/watch?v=espgxLcU-Y8"
"closet:659","closet","Tim Blake Nelson’s Closet Picks","Tim Blake Nelson","timblakenelson","False","[""Actor"", ""Director"", ""Writer""]","[""https://letterboxd.com/closetpicks/list/tim-blake-nelsons-criterion-closet-picks/"", ""https://www.criterion.com/shop/collection/659-tim-blake-nelson-s-closet-picks""]","2024-02-28","2024-05-21","https://www.criterion.com/shop/collection/659-tim-blake-nelson-s-closet-picks","https://www.youtube.com/watch?v=QPpueqWsjf4"
"closet:725","closet","JR’s Closet Picks","JR","jr","False","[""Artist / designer"", ""Director""]","[""https://letterboxd.com/closetpicks/list/jrs-criterion-closet-picks/"", ""https://www.criterion.com/shop/collection/725-jr-s-closet-picks""]","2024-02-27","2024-10-09","https://www.criterion.com/shop/collection/725-jr-s-closet-picks","https://www.youtube.com/watch?v=h5R5ydQZEPA"
"closet:631","closet","Paul Giamatti’s Closet Picks","Paul Giamatti","paulgiamatti","False","[""Actor""]","[""https://letterboxd.com/closetpicks/list/paul-giamattis-criterion-closet-picks/"", ""https://www.criterion.com/shop/collection/631-paul-giamatti-s-closet-picks""]","2024-02-06","2024-02-22","https://www.criterion.com/shop/collection/631-paul-giamatti-s-closet-picks","https://www.youtube.com/watch?v=ANxxsFUojco"
"closet:660","closet","DEVO: Gerald Casale and Mark Mothersbaugh’s Closet Picks","DEVO: Gerald Casale and Mark Mothersbaugh","devogeraldcasaleandmarkmothersbaugh","True","[]","[""https://www.criterion.com/shop/collection/660-devo-gerald-casale-and-mark-mothersbaugh-s-closet-picks""]","2024-01-28","2024-05-31","https://www.criterion.com/shop/collection/660-devo-gerald-casale-and-mark-mothersbaugh-s-closet-picks","https://www.youtube.com/watch?v=B-aQkQrZP24"
"closet:641","closet","Callum Turner’s Closet Picks","Callum Turner","callumturner","False","[""Actor""]","[""https://letterboxd.com/closetpicks/list/callum-turners-criterion-closet-picks/"", ""https://www.criterion.com/shop/collection/641-callum-turner-s-closet-picks""]","2024-01-24","2024-04-19","https://www.criterion.com/shop/collection/641-callum-turner-s-closet-picks","https://www.youtube.com/watch?v=cQJp-FoH0Es"
"closet:637","closet","Joel Kim Booster’s Closet Picks","Joel Kim Booster","joelkimbooster","False","[""Actor"", ""Comedian"", ""Producer"", ""Writer""]","[""https://letterboxd.com/closetpicks/list/joel-kim-boosters-criterion-closet-picks/"", ""https://www.criterion.com/shop/collection/637-joel-kim-booster-s-closet-picks""]","2024-01-22","2024-03-29","https://www.criterion.com/shop/collection/637-joel-kim-booster-s-closet-picks","https://www.youtube.com/watch?v=G-GfwsmtLn8"
"closet:621","closet","Charles Melton’s Closet Picks","Charles Melton","charlesmelton","False","[""Actor""]","[""https://letterboxd.com/closetpicks/list/charles-meltons-criterion-closet-picks/"", ""https://www.criterion.com/shop/collection/621-charles-melton-s-closet-picks""]","2024-01-03","2024-01-15","https://www.criterion.com/shop/collection/621-charles-melton-s-closet-picks","https://www.youtube.com/watch?v=Ee5Gfzsji4k"
"closet:619","closet","Dan Levy’s Closet Picks","Dan Levy","danlevy","False","[""Actor"", ""Director"", ""Writer""]","[""https://letterboxd.com/closetpicks/list/dan-levys-criterion-closet-picks/"", ""https://www.criterion.com/shop/collection/619-dan-levy-s-closet-picks""]","2023-12-13","2024-01-08","https://www.criterion.com/shop/collection/619-dan-levy-s-closet-picks","https://www.youtube.com/watch?v=-EV0KTf55F0"
"closet:638","closet","Ben Gibbards’s Closet PIcks","Ben Gibbard","bengibbard","False","[""Musician""]","[""https://letterboxd.com/closetpicks/list/ben-gibbards-criterion-closet-picks/"", ""https://www.criterion.com/shop/collection/638-ben-gibbards-s-closet-picks""]","2023-12-12","2024-04-04","https://www.criterion.com/shop/collection/638-ben-gibbards-s-closet-picks","https://www.youtube.com/watch?v=ZiRJyUUFJQA"
"closet:668","closet","Koji Yakusho’s Closet Picks","Koji Yakusho","kojiyakusho","False","[""Actor""]","[""https://letterboxd.com/closetpicks/list/koji-yakushos-criterion-closet-picks/"", ""https://www.criterion.com/shop/collection/668-koji-yakusho-s-closet-picks""]","2023-12-11","2024-07-16","https://www.criterion.com/shop/collection/668-koji-yakusho-s-closet-picks","https://www.youtube.com/watch?v=5qabOrVV3DQ"
"closet:616","closet","Gael Garcia Bernal’s Closet Picks","Gael Garcia Bernal","gaelgarciabernal","False","[""Actor"", ""Producer""]","[""https://letterboxd.com/closetpicks/list/gael-garcia-bernals-criterion-closet-picks/"", ""https://www.criterion.com/shop/collection/616-gael-garcia-bernal-s-closet-picks""]","2023-12-08","2024-01-03","https://www.criterion.com/shop/collection/616-gael-garcia-bernal-s-closet-picks","https://www.youtube.com/watch?v=oJxXni9bo3g"
"closet:634","closet","Wim Wenders’ Closet Picks","Wim Wenders","wimwenders","False","[""Artist / designer"", ""Director"", ""Writer""]","[""https://letterboxd.com/closetpicks/list/wim-wenders-criterion-closet-picks/"", ""https://www.criterion.com/shop/collection/634-wim-wenders-closet-picks""]","2023-12-07","2024-03-12","https://www.criterion.com/shop/collection/634-wim-wenders-closet-picks","https://www.youtube.com/watch?v=6dXSH9n2aC4"
"closet:618","closet","Willem Dafoe’s Closet Picks","Willem Dafoe","willemdafoe","False","[""Actor""]","[""https://letterboxd.com/closetpicks/list/willem-dafoes-criterion-closet-picks/"", ""https://www.criterion.com/shop/collection/618-willem-dafoe-s-closet-picks""]","2023-12-07","2024-01-10","https://www.criterion.com/shop/collection/618-willem-dafoe-s-closet-picks","https://www.youtube.com/watch?v=9tG_cBdvo2c"
"closet:612","closet","Hlynur Pálmason’s Closet Picks","Hlynur Pálmason","hlynurpalmason","False","[""Artist / designer"", ""Director"", ""Writer""]","[""https://letterboxd.com/closetpicks/list/hlynur-palmasons-criterion-closet-picks/"", ""https://www.criterion.com/current/top-10-lists/615-hlynur-palmason-s-top-10"", ""https://www.criterion.com/shop/collection/612-hlynur-palmason-s-closet-picks""]","2023-11-15","2023-12-08","https://www.criterion.com/shop/collection/612-hlynur-palmason-s-closet-picks","https://www.youtube.com/watch?v=gowVPl5YriI"
"closet:620","closet","Lila Avilés’s Closet Picks","Lila Avilés","lilaaviles","False","[""Director"", ""Writer""]","[""https://letterboxd.com/closetpicks/list/lila-aviles-criterion-closet-picks/"", ""https://www.criterion.com/shop/collection/620-lila-aviles-s-closet-picks""]","2023-11-13","2024-01-12","https://www.criterion.com/shop/collection/620-lila-aviles-s-closet-picks","https://www.youtube.com/watch?v=0PMTo4SK__s"
"closet:611","closet","Brit Marling and Zal Batmanglij’s Closet Picks","Brit Marling and Zal Batmanglij","britmarlingandzalbatmanglij","True","[]","[]","2023-11-10","2023-12-15","https://www.criterion.com/shop/collection/611-brit-marling-and-zal-batmanglij-s-closet-picks","https://www.youtube.com/watch?v=1gRDJYgoYd4"
"closet:633","closet","Matteo Garrone’s Closet Picks","Matteo Garrone","matteogarrone","False","[""Director"", ""Writer""]","[""https://letterboxd.com/closetpicks/list/matteo-garrones-criterion-closet-picks/"", ""https://www.criterion.com/shop/collection/633-matteo-garrone-s-closet-picks""]","2023-11-02","2024-03-07","https://www.criterion.com/shop/collection/633-matteo-garrone-s-closet-picks","https://www.youtube.com/watch?v=0EqzFc4YC50"
"closet:625","closet","Lina Rodriguez’s Closet Picks","Lina Rodriguez","linarodriguez","False","[""Director"", ""Writer""]","[""https://letterboxd.com/closetpicks/list/lina-rodriguezs-criterion-closet-picks/"", ""https://www.criterion.com/shop/collection/625-lina-rodriguez-s-closet-picks""]","2023-10-30","2024-02-05","https://www.criterion.com/shop/collection/625-lina-rodriguez-s-closet-picks","https://www.youtube.com/watch?v=0zexLRuhoVY"
"closet:591","closet","Todd Haynes’s Closet Picks","Todd Haynes","toddhaynes","False","[""Director"", ""Writer""]","[""https://letterboxd.com/closetpicks/list/todd-haynes-criterion-closet-picks/"", ""https://www.criterion.com/shop/collection/591-todd-haynes-s-closet-picks""]","2023-10-20","2023-11-22","https://www.criterion.com/shop/collection/591-todd-haynes-s-closet-picks","https://www.youtube.com/watch?v=9-xwsIW_otg"
"closet:624","closet","Kleber Mendonça Filho’s Closet Picks","Kleber Mendonça Filho","klebermendoncafilho","False","[""Critic / journalist"", ""Director"", ""Producer"", ""Writer""]","[""https://letterboxd.com/closetpicks/list/kleber-mendonca-filhos-criterion-closet-picks/"", ""https://www.criterion.com/current/top-10-lists/372-kleber-mendonca-filho-s-top-10"", ""https://www.criterion.com/shop/collection/624-kleber-mendonca-filho-s-closet-picks""]","2023-10-12","2024-02-02","https://www.criterion.com/shop/collection/624-kleber-mendonca-filho-s-closet-picks","https://www.youtube.com/watch?v=vkJN9gRtjtk"
"closet:664","closet","Catherine Breillat’s Closet Picks","Catherine Breillat","catherinebreillat","False","[""Director""]","[""https://letterboxd.com/closetpicks/list/catherine-breillats-criterion-closet-picks/"", ""https://www.criterion.com/shop/collection/664-catherine-breillat-s-closet-picks""]","2023-10-11","2024-06-28","https://www.criterion.com/shop/collection/664-catherine-breillat-s-closet-picks","https://www.youtube.com/watch?v=FXz316FCzyI"
"closet:590","closet","Raven Jackson’s Closet Picks","Raven Jackson","ravenjackson","False","[""Director"", ""Writer""]","[""https://letterboxd.com/closetpicks/list/raven-jacksons-criterion-closet-picks/"", ""https://www.criterion.com/shop/collection/590-raven-jackson-s-closet-picks""]","2023-10-11","2023-11-30","https://www.criterion.com/shop/collection/590-raven-jackson-s-closet-picks","https://www.youtube.com/watch?v=pDr2Ptl1ce8"
"closet:623","closet","Justine Triet’s Closet Picks","Justine Triet","justinetriet","False","[""Director"", ""Writer""]","[""https://letterboxd.com/closetpicks/list/justine-triets-criterion-closet-picks/"", ""https://www.criterion.com/shop/collection/623-justine-triet-s-closet-picks""]","2023-10-10","2024-01-26","https://www.criterion.com/shop/collection/623-justine-triet-s-closet-picks","https://www.youtube.com/watch?v=YaPwpoe746g"
"closet:630","closet","Nuri Bilge Ceylan’s Closet Picks","Nuri Bilge Ceylan","nuribilgeceylan","False","[""Director"", ""Producer"", ""Writer""]","[""https://letterboxd.com/closetpicks/list/nuri-bilge-ceylans-criterion-closet-picks/"", ""https://www.criterion.com/shop/collection/630-nuri-bilge-ceylan-s-closet-picks""]","2023-10-10","2024-02-26","https://www.criterion.com/shop/collection/630-nuri-bilge-ceylan-s-closet-picks","https://www.youtube.com/watch?v=6dIOWv_3CeM"
"closet:622","closet","Rosine Mbakam’s Closet Picks","Rosine Mbakam","rosinembakam","False","[""Director"", ""Writer""]","[""https://letterboxd.com/closetpicks/list/rosine-mbakams-criterion-closet-picks/"", ""https://www.criterion.com/shop/collection/622-rosine-mbakam-s-closet-picks""]","2023-10-10","2024-01-22","https://www.criterion.com/shop/collection/622-rosine-mbakam-s-closet-picks","https://www.youtube.com/watch?v=Hnijob9FlJc"
"closet:587","closet","Alden Ehrenreich’s Closet Picks","Alden Ehrenreich","aldenehrenreich","False","[""Actor"", ""Director""]","[""https://letterboxd.com/closetpicks/list/alden-ehrenreichs-criterion-closet-picks/"", ""https://www.criterion.com/shop/collection/587-alden-ehrenreich-s-closet-picks""]","2023-10-09","2023-11-03","https://www.criterion.com/shop/collection/587-alden-ehrenreich-s-closet-picks","https://www.youtube.com/watch?v=Q47Wpmx2dDI"
"closet:663","closet","Bill Pope’s Closet Picks","Bill Pope","billpope","False","[""Cinematographer""]","[""https://letterboxd.com/closetpicks/list/bill-popes-criterion-closet-picks/"", ""https://www.criterion.com/shop/collection/663-bill-pope-s-closet-picks""]","2023-10-06","2024-06-20","https://www.criterion.com/shop/collection/663-bill-pope-s-closet-picks","https://www.youtube.com/watch?v=l56hwzq1Uog"
"closet:585","closet","​Luis Guzmán’s Closet Picks","Luis Guzmán","luisguzman","False","[""Actor""]","[""https://letterboxd.com/closetpicks/list/luis-guzmans-criterion-closet-picks/"", ""https://www.criterion.com/shop/collection/585--luis-guzman-s-closet-picks""]","2023-10-06","2023-10-27","https://www.criterion.com/shop/collection/585--luis-guzman-s-closet-picks","https://www.youtube.com/watch?v=_aBjtyBHnY4"
"closet:592","closet","Mark Bridges’s Closet Picks","Mark Bridges","markbridges","False","[""Artist / designer""]","[""https://letterboxd.com/closetpicks/list/mark-bridges-criterion-closet-picks/"", ""https://www.criterion.com/shop/collection/592-mark-bridges-s-closet-picks""]","2023-10-04","2023-12-04","https://www.criterion.com/shop/collection/592-mark-bridges-s-closet-picks","https://www.youtube.com/watch?v=picqoIogsxQ"
"closet:588","closet","Paul B. Preciado’s Closet Picks","Paul B. Preciado","paulbpreciado","False","[""Director"", ""Other"", ""Writer""]","[""https://letterboxd.com/closetpicks/list/paul-b-preciados-criterion-closet-picks/"", ""https://www.criterion.com/shop/collection/588-paul-b-preciado-s-closet-picks""]","2023-10-03","2023-11-10","https://www.criterion.com/shop/collection/588-paul-b-preciado-s-closet-picks","https://www.youtube.com/watch?v=XqDpc-bnT_U"
"closet:673","closet","Jeremy Thomas’s Closet Picks","Jeremy Thomas","jeremythomas","False","[""Actor"", ""Director"", ""Producer""]","[""https://letterboxd.com/closetpicks/list/jeremy-thomas-criterion-closet-picks/"", ""https://www.criterion.com/shop/collection/673-jeremy-thomas-s-closet-picks""]","2023-09-19","2024-08-06","https://www.criterion.com/shop/collection/673-jeremy-thomas-s-closet-picks","https://www.youtube.com/watch?v=7pFXCqtYmDM"
"closet:589","closet","Tyler Mitchell’s Closet Picks","Tyler Mitchell","tylermitchell","False","[""Artist / designer""]","[""https://letterboxd.com/closetpicks/list/tyler-mitchells-criterion-closet-picks/"", ""https://www.criterion.com/shop/collection/589-tyler-mitchell-s-closet-picks""]","2023-09-18","2023-11-17","https://www.criterion.com/shop/collection/589-tyler-mitchell-s-closet-picks","https://www.youtube.com/watch?v=Xupq6TR3Q9Y"
"closet:584","closet","Roger Corman’s Closet Picks","Roger Corman","rogercorman","False","[""Director"", ""Producer""]","[""https://letterboxd.com/closetpicks/list/roger-cormans-criterion-closet-picks/"", ""https://www.criterion.com/current/top-10-lists/201-roger-corman-s-top-10"", ""https://www.criterion.com/shop/collection/584-roger-corman-s-closet-picks""]","2023-09-05","2023-10-20","https://www.criterion.com/shop/collection/584-roger-corman-s-closet-picks","https://www.youtube.com/watch?v=-paCwBPzHX0"
"closet:580","closet","Alan Palomo’s Closet Picks","Alan Palomo","alanpalomo","False","[""Musician""]","[""https://letterboxd.com/closetpicks/list/alan-palomos-criterion-closet-picks/"", ""https://www.criterion.com/shop/collection/580-alan-palomo-s-closet-picks""]","2023-08-25","2023-09-28","https://www.criterion.com/shop/collection/580-alan-palomo-s-closet-picks","https://www.youtube.com/watch?v=OQ0TJ1IkZIo"
"closet:582","closet","Rebecca Miller’s Closet Picks","Rebecca Miller","rebeccamiller","False","[""Director""]","[""https://letterboxd.com/closetpicks/list/rebecca-millers-criterion-closet-picks/"", ""https://www.criterion.com/shop/collection/582-rebecca-miller-s-closet-picks""]","2023-08-01","2023-10-06","https://www.criterion.com/shop/collection/582-rebecca-miller-s-closet-picks","https://www.youtube.com/watch?v=FcyNcbgapbE"
"closet:570","closet","Christian Petzold’s Closet Picks","Christian Petzold","christianpetzold","False","[""Director"", ""Producer""]","[""https://letterboxd.com/closetpicks/list/christian-petzolds-criterion-closet-picks/"", ""https://www.criterion.com/shop/collection/570-christian-petzold-s-closet-picks""]","2023-07-13","2023-08-10","https://www.criterion.com/shop/collection/570-christian-petzold-s-closet-picks","https://www.youtube.com/watch?v=qnz4FmBO2RY"
"closet:632","closet","Julio Torres’s Closet Picks","Julio Torres","juliotorres","False","[""Actor"", ""Comedian"", ""Director"", ""Writer""]","[""https://letterboxd.com/closetpicks/list/julio-torres-criterion-closet-picks/"", ""https://www.criterion.com/current/top-10-lists/954-julio-torres-s-top-10"", ""https://www.criterion.com/shop/collection/632-julio-torres-s-closet-picks""]","2023-07-11","2024-03-01","https://www.criterion.com/shop/collection/632-julio-torres-s-closet-picks","https://www.youtube.com/watch?v=elTc11bMkDs"
"closet:651","closet","Manuel Garcia-Rulfo’s Closet Picks","Manuel Garcia-Rulfo","manuelgarciarulfo","False","[""Actor""]","[""https://letterboxd.com/closetpicks/list/manuel-garcia-rulfos-criterion-closet-picks/"", ""https://www.criterion.com/shop/collection/651-manuel-garcia-rulfo-s-closet-picks""]","2023-07-05","2024-05-08","https://www.criterion.com/shop/collection/651-manuel-garcia-rulfo-s-closet-picks","https://www.youtube.com/watch?v=1PvtSPjBvyU"
"closet:576","closet","Patton Oswalt’s Closet Picks","Patton Oswalt","pattonoswalt","False","[""Actor"", ""Comedian""]","[""https://letterboxd.com/closetpicks/list/patton-oswalts-criterion-closet-picks/"", ""https://www.criterion.com/current/top-10-lists/47-patton-oswalt-s-top-10"", ""https://www.criterion.com/shop/collection/576-patton-oswalt-s-closet-picks""]","2023-06-26","2023-09-01","https://www.criterion.com/shop/collection/576-patton-oswalt-s-closet-picks","https://www.youtube.com/watch?v=fH2lRZJMmSA"
"closet:579","closet","Hideo Kojima’s Closet Picks","Hideo Kojima","hideokojima","False","[""Artist / designer"", ""Cinematographer"", ""Other""]","[""https://letterboxd.com/closetpicks/list/hideo-kojimas-criterion-closet-picks/"", ""https://www.criterion.com/shop/collection/579-hideo-kojima-s-closet-picks""]","2023-06-17","2023-09-20","https://www.criterion.com/shop/collection/579-hideo-kojima-s-closet-picks","https://www.youtube.com/watch?v=YUou0rghddc"
"closet:595","closet","Jason Schwartzman’s Closet Picks","Jason Schwartzman","jasonschwartzman","False","[""Actor""]","[""https://letterboxd.com/closetpicks/list/jason-schwartzmans-criterion-closet-picks/"", ""https://www.criterion.com/shop/collection/595-jason-schwartzman-s-closet-picks""]","2023-06-14","2024-01-01","https://www.criterion.com/shop/collection/595-jason-schwartzman-s-closet-picks","https://www.youtube.com/watch?v=92yxBp7tce4"
"closet:513","closet","Jerzy Skolimowski’s Closet Picks","Jerzy Skolimowski","jerzyskolimowski","False","[""Actor"", ""Director"", ""Writer""]","[""https://letterboxd.com/closetpicks/list/jerzy-skolimowskis-criterion-closet-picks/"", ""https://www.criterion.com/shop/collection/513-jerzy-skolimowski-s-closet-picks""]","2023-06-14","2022-12-09","https://www.criterion.com/shop/collection/513-jerzy-skolimowski-s-closet-picks","https://www.youtube.com/watch?v=VC-4KKe3WGM"
"closet:571","closet","Anton Corbijn’s Closet Picks","Anton Corbijn","antoncorbijn","False","[""Artist / designer"", ""Director""]","[""https://letterboxd.com/closetpicks/list/anton-corbijns-criterion-closet-picks/"", ""https://www.criterion.com/shop/collection/571-anton-corbijn-s-closet-picks""]","2023-06-08","2023-08-17","https://www.criterion.com/shop/collection/571-anton-corbijn-s-closet-picks","https://www.youtube.com/watch?v=OTzyn4xNU9M"
"closet:627","closet","Barbara Sukowa’s Closet Picks","Barbara Sukowa","barbarasukowa","False","[""Actor""]","[""https://letterboxd.com/closetpicks/list/barbara-sukowas-criterion-closet-picks/"", ""https://www.criterion.com/shop/collection/627-barbara-sukowa-s-closet-picks""]","2023-06-07","2024-02-14","https://www.criterion.com/shop/collection/627-barbara-sukowa-s-closet-picks","https://www.youtube.com/watch?v=d0QVNb8HFTg"
"closet:594","closet","Hari Nef’s Closet Picks","Hari Nef","harinef","False","[""Actor""]","[""https://letterboxd.com/closetpicks/list/hari-nefs-criterion-closet-picks/"", ""https://www.criterion.com/current/top-10-lists/345-hari-nef-s-top-10"", ""https://www.criterion.com/shop/collection/594-hari-nef-s-closet-picks""]","2023-06-06","2023-12-21","https://www.criterion.com/shop/collection/594-hari-nef-s-closet-picks","https://www.youtube.com/watch?v=DtFFk4V4YJs"
"closet:569","closet","Mary Harron’s Closet Picks","Mary Harron","maryharron","False","[""Director""]","[""https://letterboxd.com/closetpicks/list/mary-harrons-criterion-closet-picks/"", ""https://www.criterion.com/shop/collection/569-mary-harron-s-closet-picks""]","2023-06-05","2023-08-04","https://www.criterion.com/shop/collection/569-mary-harron-s-closet-picks","https://www.youtube.com/watch?v=n4sA7UOBC_c"
"closet:556","closet","Michael Shannon’s Closet Picks","Michael Shannon","michaelshannon","False","[""Actor""]","[""https://letterboxd.com/closetpicks/list/michael-shannons-criterion-closet-picks/"", ""https://www.criterion.com/shop/collection/556-michael-shannon-s-closet-picks""]","2023-05-22","2023-06-14","https://www.criterion.com/shop/collection/556-michael-shannon-s-closet-picks","https://www.youtube.com/watch?v=Ewx-oog2kmQ"
"closet:626","closet","Joel Edgerton’s Closet Picks","Joel Edgerton","joeledgerton","False","[""Actor"", ""Director"", ""Writer""]","[""https://letterboxd.com/closetpicks/list/joel-edgertons-criterion-closet-picks/"", ""https://www.criterion.com/shop/collection/626-joel-edgerton-s-closet-picks""]","2023-05-19","2024-02-09","https://www.criterion.com/shop/collection/626-joel-edgerton-s-closet-picks","https://www.youtube.com/watch?v=r86Fqtb4LNk"
"closet:581","closet","Udo Kier’s Closet Picks","Udo Kier","udokier","False","[""Actor""]","[""https://letterboxd.com/closetpicks/list/udo-kiers-criterion-closet-picks/"", ""https://www.criterion.com/shop/collection/581-udo-kier-s-closet-picks""]","2023-05-19","2023-10-13","https://www.criterion.com/shop/collection/581-udo-kier-s-closet-picks","https://www.youtube.com/watch?v=td4qv7EDOIk"
"closet:566","closet","Roger & James Deakins’s Closet Picks","Roger & James Deakins","rogerjamesdeakins","True","[]","[""https://www.criterion.com/shop/collection/566-roger-james-deakins-s-closet-picks""]","2023-05-16","2023-07-11","https://www.criterion.com/shop/collection/566-roger-james-deakins-s-closet-picks","https://www.youtube.com/watch?v=juhiRVORJ8o"
"closet:555","closet","Trace Lysette’s Closet Picks","Trace Lysette","tracelysette","False","[""Actor""]","[""https://letterboxd.com/closetpicks/list/trace-lysettes-criterion-closet-picks/"", ""https://www.criterion.com/shop/collection/555-trace-lysette-s-closet-picks""]","2023-05-11","2023-06-08","https://www.criterion.com/shop/collection/555-trace-lysette-s-closet-picks","https://www.youtube.com/watch?v=oRNgOmL0BuQ"
"closet:552","closet","Carl Franklin’s Closet Picks","Carl Franklin","carlfranklin","False","[""Actor"", ""Director""]","[""https://letterboxd.com/closetpicks/list/carl-franklins-criterion-closet-picks/"", ""https://www.criterion.com/shop/collection/552-carl-franklin-s-closet-picks""]","2023-04-23","2023-05-24","https://www.criterion.com/shop/collection/552-carl-franklin-s-closet-picks","https://www.youtube.com/watch?v=PnYhi85VmVE"
"closet:550","closet","Benjamin Millepied’s Closet Picks","Benjamin Millepied","benjaminmillepied","False","[""Director"", ""Other""]","[""https://letterboxd.com/closetpicks/list/benjamin-millepieds-criterion-closet-picks/"", ""https://www.criterion.com/shop/collection/550-benjamin-millepied-s-closet-picks""]","2023-04-18","2023-05-16","https://www.criterion.com/shop/collection/550-benjamin-millepied-s-closet-picks","https://www.youtube.com/watch?v=uF970Ynyb3U"
"closet:564","closet","Rickie Lee Jones’s Closet Picks","Rickie Lee Jones","rickieleejones","False","[""Musician""]","[""https://letterboxd.com/closetpicks/list/rickie-lee-jones-criterion-closet-picks/"", ""https://www.criterion.com/shop/collection/564-rickie-lee-jones-s-closet-picks""]","2023-04-11","2023-07-31","https://www.criterion.com/shop/collection/564-rickie-lee-jones-s-closet-picks","https://www.youtube.com/watch?v=Ru_7YGRLoG8"
"closet:554","closet","Gregg Araki’s Closet Picks","Gregg Araki","greggaraki","False","[""Director""]","[""https://letterboxd.com/closetpicks/list/gregg-arakis-criterion-closet-picks/"", ""https://www.criterion.com/shop/collection/554-gregg-araki-s-closet-picks""]","2023-04-06","2023-06-02","https://www.criterion.com/shop/collection/554-gregg-araki-s-closet-picks","https://www.youtube.com/watch?v=Nl_6j3NDZjw"
"closet:548","closet","Charlie Day’s Closet Picks","Charlie Day","charlieday","False","[""Actor"", ""Director"", ""Writer""]","[""https://letterboxd.com/closetpicks/list/charlie-days-criterion-closet-picks/"", ""https://www.criterion.com/shop/collection/548-charlie-day-s-closet-picks""]","2023-04-04","2023-05-09","https://www.criterion.com/shop/collection/548-charlie-day-s-closet-picks","https://www.youtube.com/watch?v=lQMK7yKCaUM"
"closet:559","closet","Susanna Hoffs’s Closet Picks","Susanna Hoffs","susannahoffs","False","[""Musician""]","[""https://letterboxd.com/closetpicks/list/susanna-hoffs-criterion-closet-picks/"", ""https://www.criterion.com/shop/collection/559-susanna-hoffs-s-closet-picks""]","2023-04-03","2023-06-28","https://www.criterion.com/shop/collection/559-susanna-hoffs-s-closet-picks","https://www.youtube.com/watch?v=CUu3VsxUMsw"
"closet:838","closet","François Girard’s Closet Picks","François Girard","francoisgirard","False","[""Director"", ""Writer""]","[""https://letterboxd.com/closetpicks/list/francois-girards-criterion-closet-picks/"", ""https://www.criterion.com/shop/collection/838-francois-girard-s-closet-picks""]","2023-04-01","2025-06-23","https://www.criterion.com/shop/collection/838-francois-girard-s-closet-picks","https://www.youtube.com/watch?v=frNkePt5Eac"
"closet:551","closet","Alessandro Borghi, Felix van Groeningen, and Charlotte Vandermeersch’s Closet Picks","Alessandro Borghi, Felix van Groeningen, and Charlotte Vandermeersch","alessandroborghifelixvangroeningenandcharlottevandermeersch","True","[]","[]","2023-04-01","2023-05-19","https://www.criterion.com/shop/collection/551-alessandro-borghi-felix-van-groeningen-and-charlotte-vandermeersch-s-closet-picks","https://www.youtube.com/watch?v=gDK8bLi2PoA"
"closet:544","closet","Ari Aster’s Closet Picks 2023","Ari Aster","ariaster","False","[""Director""]","[""https://letterboxd.com/closetpicks/list/ari-asters-criterion-closet-picks/"", ""https://www.criterion.com/shop/collection/544-ari-aster-s-closet-picks-2023"", ""https://www.criterion.com/shop/collection/856-ari-aster-s-closet-picks""]","2023-04-01","2023-04-20","https://www.criterion.com/shop/collection/544-ari-aster-s-closet-picks-2023","https://www.youtube.com/watch?v=psV-DcsnU1Y"
"closet:565","closet","Jean-Pierre and Luc Dardenne’s Closet Picks","Jean-Pierre and Luc Dardenne","jeanpierreandlucdardenne","True","[]","[]","2023-03-02","2023-07-19","https://www.criterion.com/shop/collection/565-jean-pierre-and-luc-dardenne-s-closet-picks","https://www.youtube.com/watch?v=6sTDUur1III"
"closet:557","closet","Yo La Tengo’s Closet Picks","Yo La Tengo","yolatengo","True","[]","[]","2023-01-31","2023-06-20","https://www.criterion.com/shop/collection/557-yo-la-tengo-s-closet-picks","https://www.youtube.com/watch?v=IhICyf1kUUw"
"closet:532","closet","Sara Dosa’s Closet Picks","Sara Dosa","saradosa","False","[""Director"", ""Producer""]","[""https://letterboxd.com/closetpicks/list/sara-dosas-criterion-closet-picks/"", ""https://www.criterion.com/shop/collection/532-sara-dosa-s-closet-picks""]","2023-01-31","2023-02-24","https://www.criterion.com/shop/collection/532-sara-dosa-s-closet-picks","https://www.youtube.com/watch?v=-thqiKKZack"
"closet:522","closet","Daniels’ Closet Picks","Daniels","daniels","True","[]","[]","2022-11-30","2023-02-03","https://www.criterion.com/shop/collection/522-daniels-closet-picks","https://www.youtube.com/watch?v=ZpZXgO_3vN4"
"closet:536","closet","Pauline Chalamet’s Closet Picks","Pauline Chalamet","paulinechalamet","False","[""Actor""]","[""https://letterboxd.com/closetpicks/list/pauline-chalamets-criterion-closet-picks/"", ""https://www.criterion.com/shop/collection/536-pauline-chalamet-s-closet-picks""]","2022-11-09","2023-03-29","https://www.criterion.com/shop/collection/536-pauline-chalamet-s-closet-picks","https://www.youtube.com/watch?v=muWBBWZpd4Q"
"closet:512","closet","Amir Naderi’s Closet Picks","Amir Naderi","amirnaderi","False","[""Director"", ""Writer""]","[""https://letterboxd.com/closetpicks/list/amir-naderis-criterion-closet-picks/"", ""https://www.criterion.com/shop/collection/512-amir-naderi-s-closet-picks""]","2022-11-08","2022-12-15","https://www.criterion.com/shop/collection/512-amir-naderi-s-closet-picks","https://www.youtube.com/watch?v=hDgU4rZRnGs"
"closet:527","closet","Floyd Norman’s Closet Picks","Floyd Norman","floydnorman","False","[""Artist / designer""]","[""https://letterboxd.com/closetpicks/list/floyd-normans-criterion-closet-picks/"", ""https://www.criterion.com/shop/collection/527-floyd-norman-s-closet-picks""]","2022-11-03","2023-02-13","https://www.criterion.com/shop/collection/527-floyd-norman-s-closet-picks","https://www.youtube.com/watch?v=mSuVyxoy6Hw"
"closet:628","closet","Neal Brennan’s Closet Picks","Neal Brennan","nealbrennan","False","[""Comedian"", ""Director"", ""Writer""]","[""https://letterboxd.com/closetpicks/list/neal-brennans-criterion-closet-picks/"", ""https://www.criterion.com/shop/collection/628-neal-brennan-s-closet-picks""]","2022-11-01","2024-06-17","https://www.criterion.com/shop/collection/628-neal-brennan-s-closet-picks","https://www.criterion.com/shop/collection/628-neal-brennan-s-closet-picks"
"closet:561","closet","Raúl Castillo’s Closet Picks","Raúl Castillo","raulcastillo","False","[""Actor""]","[""https://letterboxd.com/closetpicks/list/raul-castillos-criterion-closet-picks/"", ""https://www.criterion.com/current/top-10-lists/355-raul-castillo-s-top-10"", ""https://www.criterion.com/shop/collection/561-raul-castillo-s-closet-picks""]","2022-11-01","2023-07-07","https://www.criterion.com/shop/collection/561-raul-castillo-s-closet-picks","https://www.youtube.com/watch?v=FurjMTpCV9s"
"closet:575","closet","Park Chan-wook’s Closet Picks","Park Chan-wook","parkchanwook","False","[""Director""]","[""https://letterboxd.com/closetpicks/list/park-chan-wooks-criterion-closet-picks/"", ""https://www.criterion.com/shop/collection/575-park-chan-wook-s-closet-picks""]","2022-10-31","2023-08-10","https://www.criterion.com/shop/collection/575-park-chan-wook-s-closet-picks","https://www.criterion.com/shop/collection/575-park-chan-wook-s-closet-picks"
"closet:519","closet","Elegance Bratton’s Closet Picks","Elegance Bratton","elegancebratton","False","[""Director"", ""Writer""]","[""https://letterboxd.com/closetpicks/list/elegance-brattons-criterion-closet-picks/"", ""https://www.criterion.com/shop/collection/519-elegance-bratton-s-closet-picks""]","2022-10-21","2023-01-10","https://www.criterion.com/shop/collection/519-elegance-bratton-s-closet-picks","https://www.youtube.com/watch?v=7eZDsZWqrBE"
"closet:509","closet","Marc Maron’s Closet Picks","Marc Maron","marcmaron","False","[""Actor"", ""Comedian"", ""Host / presenter"", ""Writer""]","[""https://letterboxd.com/closetpicks/list/marc-marons-criterion-closet-picks/"", ""https://www.criterion.com/current/top-10-lists/229-marc-maron-s-top-10"", ""https://www.criterion.com/shop/collection/509-marc-maron-s-closet-picks""]","2022-10-13","2022-12-07","https://www.criterion.com/shop/collection/509-marc-maron-s-closet-picks","https://www.youtube.com/watch?v=giq9THI1RSU"
"closet:520","closet","Charlotte Wells’s Closet Picks","Charlotte Wells","charlottewells","False","[""Director"", ""Writer""]","[""https://letterboxd.com/closetpicks/list/charlotte-wells-criterion-closet-picks/"", ""https://www.criterion.com/shop/collection/520-charlotte-wells-s-closet-picks""]","2022-10-11","2023-01-18","https://www.criterion.com/shop/collection/520-charlotte-wells-s-closet-picks","https://www.youtube.com/watch?v=4uIXEiSB87I"
"closet:510","closet","Sally Potter’s Closet Picks","Sally Potter","sallypotter","False","[""Director"", ""Writer""]","[""https://letterboxd.com/closetpicks/list/sally-potters-criterion-closet-picks/"", ""https://www.criterion.com/shop/collection/510-sally-potter-s-closet-picks""]","2022-10-06","2022-11-18","https://www.criterion.com/shop/collection/510-sally-potter-s-closet-picks","https://www.youtube.com/watch?v=LIBhzriiG-g"
"closet:514","closet","Frederick Wiseman’s Closet Picks","Frederick Wiseman","frederickwiseman","False","[""Director""]","[""https://letterboxd.com/closetpicks/list/frederick-wisemans-criterion-closet-picks/"", ""https://www.criterion.com/shop/collection/514-frederick-wiseman-s-closet-picks""]","2022-10-05","2022-11-09","https://www.criterion.com/shop/collection/514-frederick-wiseman-s-closet-picks","https://www.youtube.com/watch?v=kOpRVNqOZUA"
"closet:486","closet","Cate Blanchett and Todd Field’s Closet Picks","Cate Blanchett and Todd Field","cateblanchettandtoddfield","True","[]","[]","2022-10-04","2022-10-26","https://www.criterion.com/shop/collection/486-cate-blanchett-and-todd-field-s-closet-picks","https://www.youtube.com/watch?v=K_rAKw7q6RY"
"closet:535","closet","Cauleen Smith’s Closet Picks","Cauleen Smith","cauleensmith","False","[""Director""]","[""https://letterboxd.com/closetpicks/list/cauleen-smiths-criterion-closet-picks/"", ""https://www.criterion.com/shop/collection/535-cauleen-smith-s-closet-picks""]","2022-10-03","2023-03-16","https://www.criterion.com/shop/collection/535-cauleen-smith-s-closet-picks","https://www.youtube.com/watch?v=aYvCHrvbWLs"
"closet:517","closet","Vicky Krieps’s Closet Picks","Vicky Krieps","vickykrieps","False","[""Actor""]","[""https://letterboxd.com/closetpicks/list/vicky-krieps-criterion-closet-picks/"", ""https://www.criterion.com/shop/collection/517-vicky-krieps-s-closet-picks""]","2022-10-02","2022-12-22","https://www.criterion.com/shop/collection/517-vicky-krieps-s-closet-picks","https://www.youtube.com/watch?v=mAanJ3WWKjw"
"closet:515","closet","Elvis Mitchell’s Closet Picks","Elvis Mitchell","elvismitchell","False","[""Critic / journalist"", ""Director"", ""Writer""]","[""https://letterboxd.com/closetpicks/list/elvis-mitchells-criterion-closet-picks/"", ""https://www.criterion.com/shop/collection/515-elvis-mitchell-s-closet-picks""]","2022-10-01","2022-11-11","https://www.criterion.com/shop/collection/515-elvis-mitchell-s-closet-picks","https://www.youtube.com/watch?v=eF2QMmh_l1M"
"closet:516","closet","Rodrigo Prieto’s Closet Picks","Rodrigo Prieto","rodrigoprieto","False","[""Cinematographer""]","[""https://letterboxd.com/closetpicks/list/rodrigo-prietos-criterion-closet-picks/"", ""https://www.criterion.com/shop/collection/516-rodrigo-prieto-s-closet-picks""]","2022-09-23","2023-01-02","https://www.criterion.com/shop/collection/516-rodrigo-prieto-s-closet-picks","https://www.youtube.com/watch?v=YQ8h7cyDr1Q"
"closet:492","closet","Gina Prince-Bythewood's Closet Picks","Gina Prince-Bythewood","ginaprincebythewood","False","[""Director"", ""Writer""]","[""https://letterboxd.com/closetpicks/list/gina-prince-bythewoods-criterion-closet-picks/"", ""https://www.criterion.com/shop/collection/492-gina-prince-bythewood-s-closet-picks""]","2022-09-12","2022-09-19","https://www.criterion.com/shop/collection/492-gina-prince-bythewood-s-closet-picks","https://www.youtube.com/watch?v=42NzYofW5eM"
"closet:521","closet","John Darnielle’s Closet Picks","John Darnielle","johndarnielle","False","[""Musician"", ""Writer""]","[""https://letterboxd.com/closetpicks/list/john-darnielles-criterion-closet-picks/"", ""https://www.criterion.com/shop/collection/521-john-darnielle-s-closet-picks""]","2022-08-31","2023-01-25","https://www.criterion.com/shop/collection/521-john-darnielle-s-closet-picks","https://www.youtube.com/watch?v=8xngHLBEXnE"
"closet:487","closet","Kyle MacLachlan’s Closet Picks","Kyle MacLachlan","kylemaclachlan","False","[""Actor""]","[""https://letterboxd.com/closetpicks/list/kyle-maclachlans-criterion-closet-picks/"", ""https://www.criterion.com/shop/collection/487-kyle-maclachlan-s-closet-picks""]","2022-08-15","2022-09-06","https://www.criterion.com/shop/collection/487-kyle-maclachlan-s-closet-picks","https://www.youtube.com/watch?v=gzdBFeaNFSA"
"closet:511","closet","Ron Shelton’s Closet Picks","Ron Shelton","ronshelton","False","[""Director"", ""Writer""]","[""https://letterboxd.com/closetpicks/list/ron-sheltons-criterion-closet-picks/"", ""https://www.criterion.com/shop/collection/511-ron-shelton-s-closet-picks""]","2022-07-27","2022-11-03","https://www.criterion.com/shop/collection/511-ron-shelton-s-closet-picks","https://www.youtube.com/watch?v=Ubj-944IcYI"
"closet:494","closet","Saul Williams and Anisia Uzeyman’s Closet Picks","Saul Williams and Anisia Uzeyman","saulwilliamsandanisiauzeyman","True","[]","[""https://www.criterion.com/shop/collection/494-saul-williams-and-anisia-uzeyman-s-closet-picks""]","2022-06-02","2022-10-05","https://www.criterion.com/shop/collection/494-saul-williams-and-anisia-uzeyman-s-closet-picks","https://www.youtube.com/watch?v=Wn1Yh3N0zjA"
"closet:539","closet","Minnie Driver’s Closet Picks","Minnie Driver","minniedriver","False","[""Actor""]","[""https://letterboxd.com/closetpicks/list/minnie-drivers-criterion-closet-picks/"", ""https://www.criterion.com/shop/collection/539-minnie-driver-s-closet-picks""]","2022-05-04","2022-07-21","https://www.criterion.com/shop/collection/539-minnie-driver-s-closet-picks","https://www.youtube.com/watch?v=B-7snPxjLQ8"
"closet:493","closet","Wilco’s Closet Picks","Wilco","wilco","True","[]","[]","2022-04-20","2022-08-19","https://www.criterion.com/shop/collection/493-wilco-s-closet-picks","https://www.youtube.com/watch?v=jhkXwYOwU5g"
"closet:483","closet","Sarita Choudhury’s Closet Picks","Sarita Choudhury","saritachoudhury","False","[""Actor""]","[""https://letterboxd.com/closetpicks/list/sarita-choudhurys-criterion-closet-picks/"", ""https://www.criterion.com/shop/collection/483-sarita-choudhury-s-closet-picks""]","2022-04-05","2022-04-15","https://www.criterion.com/shop/collection/483-sarita-choudhury-s-closet-picks","https://www.youtube.com/watch?v=wjnW5iZwo9Q"
"closet:482","closet","Charlotte Gainsbourg’s Closet Picks","Charlotte Gainsbourg","charlottegainsbourg","False","[""Actor"", ""Musician""]","[""https://letterboxd.com/closetpicks/list/charlotte-gainsbourgs-criterion-closet-picks/"", ""https://www.criterion.com/shop/collection/482-charlotte-gainsbourg-s-closet-picks""]","2022-03-17","2022-05-06","https://www.criterion.com/shop/collection/482-charlotte-gainsbourg-s-closet-picks","https://www.youtube.com/watch?v=y10-tjb5Y5w"
"closet:560","closet","Agnès B.’s Closet Picks","Agnès B.","agnesb","False","[""Artist / designer"", ""Producer""]","[""https://letterboxd.com/closetpicks/list/agnes-bs-criterion-closet-picks/"", ""https://www.criterion.com/shop/collection/560-agnes-b-s-closet-picks""]","2022-03-11","2023-07-03","https://www.criterion.com/shop/collection/560-agnes-b-s-closet-picks","https://www.youtube.com/watch?v=KnBJbIzYI80"
"closet:484","closet","Renate Reinsve’s Closet Picks","Renate Reinsve","renatereinsve","False","[""Actor""]","[""https://letterboxd.com/closetpicks/list/renate-reinsves-criterion-closet-picks/"", ""https://www.criterion.com/shop/collection/484-renate-reinsve-s-closet-picks""]","2022-02-01","2022-06-30","https://www.criterion.com/shop/collection/484-renate-reinsve-s-closet-picks","https://www.youtube.com/watch?v=FAhUrrvwWPQ"
"closet:480","closet","Theodore Witcher’s Closet Picks","Theodore Witcher","theodorewitcher","False","[""Director"", ""Writer""]","[""https://letterboxd.com/closetpicks/list/theodore-witchers-criterion-closet-picks/"", ""https://www.criterion.com/shop/collection/480-theodore-witcher-s-closet-picks""]","2021-11-23","2022-03-31","https://www.criterion.com/shop/collection/480-theodore-witcher-s-closet-picks","https://www.youtube.com/watch?v=t4XEKJ9mI9A"
"closet:421","closet","Kemp Powers’s Closet Picks","Kemp Powers","kemppowers","False","[""Director"", ""Writer""]","[""https://letterboxd.com/closetpicks/list/kemp-powers-criterion-closet-picks/"", ""https://www.criterion.com/shop/collection/421-kemp-powers-s-closet-picks""]","2021-11-10","2021-12-10","https://www.criterion.com/shop/collection/421-kemp-powers-s-closet-picks","https://www.youtube.com/watch?v=T2v6g61FgQU"
"closet:426","closet","Colin Quinn’s Closet Picks","Colin Quinn","colinquinn","False","[""Actor"", ""Comedian""]","[""https://letterboxd.com/closetpicks/list/colin-quinns-criterion-closet-picks/"", ""https://www.criterion.com/shop/collection/426-colin-quinn-s-closet-picks""]","2021-10-12","2021-11-09","https://www.criterion.com/shop/collection/426-colin-quinn-s-closet-picks","https://www.youtube.com/watch?v=suNwxjzS6a8"
"closet:481","closet","Garrett Bradley’s Closet Picks","Garrett Bradley","garrettbradley","False","[""Director"", ""Musician""]","[""https://letterboxd.com/closetpicks/list/garrett-bradleys-criterion-closet-picks/"", ""https://www.criterion.com/shop/collection/481-garrett-bradley-s-closet-picks""]","2021-10-07","2022-02-24","https://www.criterion.com/shop/collection/481-garrett-bradley-s-closet-picks","https://www.youtube.com/watch?v=U7QE6yAGyqc"
"closet:427","closet","Nathan Lane’s Closet Picks","Nathan Lane","nathanlane","False","[""Actor""]","[""https://letterboxd.com/closetpicks/list/nathan-lanes-criterion-closet-picks/"", ""https://www.criterion.com/shop/collection/427-nathan-lane-s-closet-picks""]","2021-04-26","2021-06-10","https://www.criterion.com/shop/collection/427-nathan-lane-s-closet-picks","https://www.youtube.com/watch?v=iQfYMeRjR1g"
"closet:441","closet","Isabel Sandoval’s Closet Picks","Isabel Sandoval","isabelsandoval","False","[""Actor"", ""Director"", ""Writer""]","[""https://letterboxd.com/closetpicks/list/isabel-sandovals-criterion-closet-picks/"", ""https://www.criterion.com/current/top-10-lists/377-isabel-sandoval-s-top-10"", ""https://www.criterion.com/shop/collection/441-isabel-sandoval-s-closet-picks""]","2021-02-16","2021-05-03","https://www.criterion.com/shop/collection/441-isabel-sandoval-s-closet-picks","https://www.youtube.com/watch?v=NySo5Sggpu0"
"closet:434","closet","Peter Sarsgaard’s Closet Picks","Peter Sarsgaard","petersarsgaard","False","[""Actor""]","[""https://letterboxd.com/closetpicks/list/peter-sarsgaards-criterion-closet-picks/"", ""https://www.criterion.com/shop/collection/434-peter-sarsgaard-s-closet-picks""]","2019-12-18","2019-12-18","https://www.criterion.com/shop/collection/434-peter-sarsgaard-s-closet-picks","https://www.youtube.com/watch?v=5YxJY2W4b4U"
"closet:445","closet","Marco Bellocchio’s Closet Picks","Marco Bellocchio","marcobellocchio","False","[""Director""]","[""https://letterboxd.com/closetpicks/list/marco-bellocchios-criterion-closet-picks/"", ""https://www.criterion.com/shop/collection/445-marco-bellocchio-s-closet-picks""]","2019-10-07","2020-02-04","https://www.criterion.com/shop/collection/445-marco-bellocchio-s-closet-picks","https://www.youtube.com/watch?v=3xJ0c1haJfc"
"closet:443","closet","Five Comics’ Closet Picks","Five Comics","fivecomics","True","[]","[""https://www.criterion.com/shop/collection/443-five-comics-closet-picks""]","2019-01-24","2019-02-13","https://www.criterion.com/shop/collection/443-five-comics-closet-picks","https://www.youtube.com/watch?v=d7zuU2a_Tt4"
"closet:424","closet","Ben Sinclair’s Closet Picks","Ben Sinclair","bensinclair","False","[""Actor"", ""Director"", ""Writer""]","[""https://letterboxd.com/closetpicks/list/ben-sinclairs-criterion-closet-picks/"", ""https://www.criterion.com/shop/collection/424-ben-sinclair-s-closet-picks""]","2018-07-22","2020-03-02","https://www.criterion.com/shop/collection/424-ben-sinclair-s-closet-picks","https://www.youtube.com/watch?v=dydNJiJ8dCA"
"closet:420","closet","Rodarte’s Closet Picks","Rodarte","rodarte","True","[]","[]","2018-07-13","2021-09-24","https://www.criterion.com/shop/collection/420-rodarte-s-closet-picks","https://www.youtube.com/watch?v=E-drTe77WU8"
"closet:430","closet","Jenni Olson’s Closet Picks","Jenni Olson","jenniolson","False","[""Critic / journalist"", ""Director"", ""Writer""]","[""https://letterboxd.com/closetpicks/list/jenni-olsons-criterion-closet-picks/"", ""https://www.criterion.com/current/top-10-lists/297-jenni-olson-s-top-10"", ""https://www.criterion.com/shop/collection/430-jenni-olson-s-closet-picks""]","2018-07-03","2020-08-19","https://www.criterion.com/shop/collection/430-jenni-olson-s-closet-picks","https://www.youtube.com/watch?v=oJt67JhZ1EI"
"closet:435","closet","Desiree Akhavan’s Closet Picks","Desiree Akhavan","desireeakhavan","False","[""Actor"", ""Director"", ""Writer""]","[""https://letterboxd.com/closetpicks/list/desiree-akhavans-criterion-closet-picks/"", ""https://www.criterion.com/shop/collection/435-desiree-akhavan-s-closet-picks""]","2018-06-19","2020-07-07","https://www.criterion.com/shop/collection/435-desiree-akhavan-s-closet-picks","https://www.youtube.com/watch?v=hQWo5_ZJct8"
"closet:436","closet","Matthew Modine’s Closet Picks","Matthew Modine","matthewmodine","False","[""Actor"", ""Director""]","[""https://letterboxd.com/closetpicks/list/matthew-modines-criterion-closet-picks/"", ""https://www.criterion.com/shop/collection/436-matthew-modine-s-closet-picks""]","2018-05-26","2021-01-15","https://www.criterion.com/shop/collection/436-matthew-modine-s-closet-picks","https://www.youtube.com/watch?v=Gugp7YzVuC4"
"closet:433","closet","John Dwyer’s Closet Picks","John Dwyer","johndwyer","False","[""Musician""]","[""https://letterboxd.com/closetpicks/list/john-dwyers-criterion-closet-picks/"", ""https://www.criterion.com/shop/collection/433-john-dwyer-s-closet-picks""]","2018-05-11","2020-09-25","https://www.criterion.com/shop/collection/433-john-dwyer-s-closet-picks","https://www.youtube.com/watch?v=g_sFEPf61_g"
"closet:454","closet","Leslie Harris’s Closet Picks","Leslie Harris","leslieharris","False","[""Director""]","[""https://letterboxd.com/closetpicks/list/leslie-harris-criterion-closet-picks/"", ""https://www.criterion.com/shop/collection/454-leslie-harris-s-closet-picks""]","2018-04-27","2019-11-27","https://www.criterion.com/shop/collection/454-leslie-harris-s-closet-picks","https://www.youtube.com/watch?v=Uk53DeosP00"
"closet:449","closet","Jacqueline Novak and John Early’s Closet Picks","Jacqueline Novak and John Early","jacquelinenovakandjohnearly","True","[]","[]","2018-04-05","2019-08-01","https://www.criterion.com/shop/collection/449-jacqueline-novak-and-john-early-s-closet-picks","https://www.youtube.com/watch?v=k9c6EUVVWjU"
"closet:429","closet","John Sayles’s Closet Picks","John Sayles","johnsayles","False","[""Actor"", ""Director"", ""Editor"", ""Writer""]","[""https://letterboxd.com/closetpicks/list/john-sayles-criterion-closet-picks/"", ""https://www.criterion.com/shop/collection/429-john-sayles-s-closet-picks""]","2018-03-24","2019-11-04","https://www.criterion.com/shop/collection/429-john-sayles-s-closet-picks","https://www.youtube.com/watch?v=g4SrBi2bYiM"
"closet:419","closet","Joanna Hogg’s Closet Picks","Joanna Hogg","joannahogg","False","[""Director"", ""Writer""]","[""https://letterboxd.com/closetpicks/list/joanna-hoggs-criterion-closet-picks/"", ""https://www.criterion.com/shop/collection/419-joanna-hogg-s-closet-picks""]","2018-02-27","2021-07-14","https://www.criterion.com/shop/collection/419-joanna-hogg-s-closet-picks","https://www.youtube.com/watch?v=d1BCAKfsoDk"
"closet:431","closet","Kim Cattrall’s Closet Picks","Kim Cattrall","kimcattrall","False","[""Actor""]","[""https://letterboxd.com/closetpicks/list/kim-cattralls-criterion-closet-picks/"", ""https://www.criterion.com/shop/collection/431-kim-cattrall-s-closet-picks""]","2018-02-13","2019-08-27","https://www.criterion.com/shop/collection/431-kim-cattrall-s-closet-picks","https://www.youtube.com/watch?v=o2Lj-2N2EPQ"
"closet:442","closet","Terry Gilliam’s Closet Picks","Terry Gilliam","terrygilliam","False","[""Artist / designer"", ""Director"", ""Writer""]","[""https://letterboxd.com/closetpicks/list/terry-gilliams-criterion-closet-picks/"", ""https://www.criterion.com/shop/collection/442-terry-gilliam-s-closet-picks""]","2018-01-27","2019-05-10","https://www.criterion.com/shop/collection/442-terry-gilliam-s-closet-picks","https://www.youtube.com/watch?v=926c1196Pnk"
"closet:425","closet","Richard E. Grant’s Closet Picks","Richard E. Grant","richardegrant","False","[""Actor""]","[""https://letterboxd.com/closetpicks/list/richard-e-grants-criterion-closet-picks/"", ""https://www.criterion.com/shop/collection/425-richard-e-grant-s-closet-picks""]","2018-01-14","2019-03-15","https://www.criterion.com/shop/collection/425-richard-e-grant-s-closet-picks","https://www.youtube.com/watch?v=OpuQ4-CCct4"
"closet:455","closet","Karina Longworth’s Closet Picks","Karina Longworth","karinalongworth","False","[""Host / presenter"", ""Writer""]","[""https://letterboxd.com/closetpicks/list/karina-longworths-criterion-closet-picks/"", ""https://www.criterion.com/shop/collection/455-karina-longworth-s-closet-picks""]","2017-12-20","2020-04-23","https://www.criterion.com/shop/collection/455-karina-longworth-s-closet-picks","https://www.youtube.com/watch?v=AHUyj4kFmF4"
"closet:437","closet","James L. Brooks’s Closet Picks","James L. Brooks","jameslbrooks","False","[""Director"", ""Producer""]","[""https://letterboxd.com/closetpicks/list/james-l-brookss-criterion-closet-picks/"", ""https://www.criterion.com/shop/collection/437-james-l-brooks-s-closet-picks""]","2017-12-06","2021-03-22","https://www.criterion.com/shop/collection/437-james-l-brooks-s-closet-picks","https://www.youtube.com/watch?v=HRr5Ivc40CI"
"closet:423","closet","M.I.A. and Stephen Loveridge’s Closet Picks","M.I.A. and Stephen Loveridge","miaandstephenloveridge","True","[]","[]","2017-11-24","2018-10-31","https://www.criterion.com/shop/collection/423-m-i-a-and-stephen-loveridge-s-closet-picks","https://www.youtube.com/watch?v=08UA7zgLanc"
"closet:447","closet","Paul Dano’s Closet Picks","Paul Dano","pauldano","False","[""Actor"", ""Director""]","[""https://letterboxd.com/closetpicks/list/paul-danos-criterion-closet-picks/"", ""https://www.criterion.com/shop/collection/447-paul-dano-s-closet-picks""]","2017-11-14","2019-06-26","https://www.criterion.com/shop/collection/447-paul-dano-s-closet-picks","https://www.youtube.com/watch?v=1dWuslij1o8"
"closet:440","closet","Euzhan Palcy’s Closet Picks","Euzhan Palcy","euzhanpalcy","False","[""Director""]","[""https://letterboxd.com/closetpicks/list/euzhan-palcys-criterion-closet-picks/"", ""https://www.criterion.com/shop/collection/440-euzhan-palcy-s-closet-picks""]","2017-11-05","2019-04-25","https://www.criterion.com/shop/collection/440-euzhan-palcy-s-closet-picks","https://www.youtube.com/watch?v=L5P4n_sxkA0"
"closet:428","closet","Claire Denis’ Closet Picks","Claire Denis","clairedenis","False","[""Director"", ""Writer""]","[""https://letterboxd.com/closetpicks/list/claire-deniss-criterion-closet-picks/"", ""https://www.criterion.com/shop/collection/428-claire-denis-closet-picks""]","2017-10-02","2018-08-08","https://www.criterion.com/shop/collection/428-claire-denis-closet-picks","https://www.youtube.com/watch?v=60ANFzjSnLo"
"closet:439","closet","Lucrecia Martel’s Closet Picks","Lucrecia Martel","lucreciamartel","False","[""Director"", ""Writer""]","[""https://letterboxd.com/closetpicks/list/lucrecia-martels-criterion-closet-picks/"", ""https://www.criterion.com/shop/collection/439-lucrecia-martel-s-closet-picks""]","2017-09-17","2018-09-18","https://www.criterion.com/shop/collection/439-lucrecia-martel-s-closet-picks","https://www.youtube.com/watch?v=iwhenYVvCVE"
"closet:422","closet","John Waters’ Closet Picks","John Waters","johnwaters","False","[""Actor"", ""Director""]","[""https://letterboxd.com/closetpicks/list/john-waters-criterion-closet-picks/"", ""https://www.criterion.com/shop/collection/422-john-waters-closet-picks""]","2017-07-26","2019-09-19","https://www.criterion.com/shop/collection/422-john-waters-closet-picks","https://www.youtube.com/watch?v=std013XVxSk"
"closet:474","closet","Aubrey Plaza and Jeff Baena’s Closet Picks","Aubrey Plaza and Jeff Baena","aubreyplazaandjeffbaena","True","[]","[]","2017-07-05","2017-07-17","https://www.criterion.com/shop/collection/474-aubrey-plaza-and-jeff-baena-s-closet-picks","https://www.youtube.com/watch?v=b78bW2EoXeM"
"closet:477","closet","Lee Unkrich’s Closet Picks","Lee Unkrich","leeunkrich","False","[""Director""]","[""https://www.criterion.com/shop/collection/477-lee-unkrich-s-closet-picks""]","2017-07-04","2018-02-13","https://www.criterion.com/shop/collection/477-lee-unkrich-s-closet-picks","https://www.youtube.com/watch?v=WnO5_ZfUDoM"
"closet:448","closet","Tavi Gevinson’s Closet Picks","Tavi Gevinson","tavigevinson","False","[""Actor"", ""Editor""]","[""https://letterboxd.com/closetpicks/list/tavi-gevinsons-criterion-closet-picks/"", ""https://www.criterion.com/shop/collection/448-tavi-gevinson-s-closet-picks""]","2017-06-30","2018-05-16","https://www.criterion.com/shop/collection/448-tavi-gevinson-s-closet-picks","https://www.youtube.com/watch?v=6hSwRskOwdU"
"closet:446","closet","Ethan Hawke and Jonathan Marc Sherman’s Closet Picks","Ethan Hawke and Jonathan Marc Sherman","ethanhawkeandjonathanmarcsherman","True","[]","[]","2017-05-22","2018-03-22","https://www.criterion.com/shop/collection/446-ethan-hawke-and-jonathan-marc-sherman-s-closet-picks","https://www.youtube.com/watch?v=ETrJUaoa1Zc"
"closet:478","closet","Alexander Payne’s Closet Picks","Alexander Payne","alexanderpayne","False","[""Director"", ""Writer""]","[""https://letterboxd.com/closetpicks/list/alexander-paynes-criterion-closet-picks/"", ""https://www.criterion.com/shop/collection/478-alexander-payne-s-closet-picks""]","2017-04-16","2017-12-06","https://www.criterion.com/shop/collection/478-alexander-payne-s-closet-picks","https://www.youtube.com/watch?v=vMypwNZ2JBI"
"closet:476","closet","Josh and Benny Safdie’s Closet Picks","Josh and Benny Safdie","joshandbennysafdie","True","[]","[""https://www.criterion.com/current/top-10-lists/238-josh-and-benny-safdie-s-top-10""]","2017-03-30","2017-09-11","https://www.criterion.com/shop/collection/476-josh-and-benny-safdie-s-closet-picks","https://www.youtube.com/watch?v=jSdxbBsShak"
"closet:438","closet","Flying Lotus’s Closet Picks","Flying Lotus","flyinglotus","False","[""Director"", ""Musician"", ""Producer""]","[""https://letterboxd.com/closetpicks/list/flying-lotus-criterion-closet-picks/"", ""https://www.criterion.com/current/top-10-lists/188-flying-lotus-s-top-10"", ""https://www.criterion.com/shop/collection/438-flying-lotus-s-closet-picks""]","2017-03-19","2018-01-18","https://www.criterion.com/shop/collection/438-flying-lotus-s-closet-picks","https://www.youtube.com/watch?v=MAysUV9xN6c"
"closet:457","closet","Alicia Malone’s Closet Picks","Alicia Malone","aliciamalone","False","[""Host / presenter"", ""Writer""]","[""https://letterboxd.com/closetpicks/list/alicia-malones-criterion-closet-picks/"", ""https://www.criterion.com/shop/collection/457-alicia-malone-s-closet-picks""]","2017-02-19","2017-08-23","https://www.criterion.com/shop/collection/457-alicia-malone-s-closet-picks","https://www.youtube.com/watch?v=7QT96iMk0Kw"
"closet:471","closet","Ben Wheatley’s Closet Picks","Ben Wheatley","benwheatley","False","[""Director""]","[""https://letterboxd.com/closetpicks/list/ben-wheatleys-criterion-closet-picks/"", ""https://www.criterion.com/current/top-10-lists/234-ben-wheatley-s-top-10"", ""https://www.criterion.com/shop/collection/471-ben-wheatley-s-closet-picks""]","2017-01-07","2017-05-03","https://www.criterion.com/shop/collection/471-ben-wheatley-s-closet-picks","https://www.youtube.com/watch?v=vago4fXtJvw"
"closet:485","closet","Owen Kline’s Closet Picks","Owen Kline","owenkline","False","[""Actor"", ""Director""]","[""https://letterboxd.com/closetpicks/list/owen-klines-criterion-closet-picks/"", ""https://www.criterion.com/shop/collection/485-owen-kline-s-closet-picks""]","2016-12-02","2016-12-02","https://www.criterion.com/shop/collection/485-owen-kline-s-closet-picks","https://www.youtube.com/watch?v=zrllJjiEYg8"
"closet:475","closet","Barry Levinson’s Closet Picks","Barry Levinson","barrylevinson","False","[""Director"", ""Producer"", ""Writer""]","[""https://letterboxd.com/closetpicks/list/barry-levinsons-criterion-closet-picks/"", ""https://www.criterion.com/current/top-10-lists/332-barry-levinson-s-top-10"", ""https://www.criterion.com/shop/collection/475-barry-levinson-s-closet-picks""]","2016-11-11","2017-06-12","https://www.criterion.com/shop/collection/475-barry-levinson-s-closet-picks","https://www.youtube.com/watch?v=cqr3e6m8DGY"
"closet:470","closet","Barry Jenkins’s  Closet Picks","Barry Jenkins","barryjenkins","False","[""Director""]","[""https://letterboxd.com/closetpicks/list/barry-jenkins-criterion-closet-picks/"", ""https://www.criterion.com/shop/collection/470-barry-jenkins-s-closet-picks""]","2016-09-24","2017-01-24","https://www.criterion.com/shop/collection/470-barry-jenkins-s-closet-picks","https://www.youtube.com/watch?v=R7HLpe65fHY"
"closet:469","closet","Phil Rosenthal’s Closet Picks","Phil Rosenthal","philrosenthal","False","[""Producer"", ""Writer""]","[""https://letterboxd.com/closetpicks/list/phil-rosenthals-criterion-closet-picks/"", ""https://www.criterion.com/current/top-10-lists/176-phil-rosenthal-s-top-10"", ""https://www.criterion.com/shop/collection/469-phil-rosenthal-s-closet-picks""]","2016-09-19","2017-03-09","https://www.criterion.com/shop/collection/469-phil-rosenthal-s-closet-picks","https://www.youtube.com/watch?v=fkS1CpXhv9c"
"closet:479","closet","Laura Albert & Jeff Feuerzeig’s Closet Picks","Laura Albert & Jeff Feuerzeig","lauraalbertjefffeuerzeig","True","[]","[""https://www.criterion.com/shop/collection/479-laura-albert-jeff-feuerzeig-s-closet-picks""]","2016-09-08","2016-09-09","https://www.criterion.com/shop/collection/479-laura-albert-jeff-feuerzeig-s-closet-picks","https://www.youtube.com/watch?v=5sDoDOWAflY"
"closet:473","closet","Matías Piñeiro’s Closet Picks","Matías Piñeiro","matiaspineiro","False","[""Director"", ""Writer""]","[""https://letterboxd.com/closetpicks/list/matias-pineiros-criterion-closet-picks/"", ""https://www.criterion.com/shop/collection/473-matias-pineiro-s-closet-picks""]","2016-09-01","2017-05-24","https://www.criterion.com/shop/collection/473-matias-pineiro-s-closet-picks","https://www.youtube.com/watch?v=fZB0eT4ayzY"
"closet:461","closet","Cristian Mungiu’s Closet Picks","Cristian Mungiu","cristianmungiu","False","[""Director"", ""Writer""]","[""https://letterboxd.com/closetpicks/list/cristian-mungius-criterion-closet-picks/"", ""https://www.criterion.com/shop/collection/461-cristian-mungiu-s-closet-picks""]","2016-08-26","2018-07-11","https://www.criterion.com/shop/collection/461-cristian-mungiu-s-closet-picks","https://www.youtube.com/watch?v=8gxFRWp4gVU"
"closet:466","closet","Tim Robbins’s Closet Picks","Tim Robbins","timrobbins","False","[""Actor"", ""Director""]","[""https://letterboxd.com/closetpicks/list/tim-robbins-criterion-closet-picks/"", ""https://www.criterion.com/shop/collection/466-tim-robbins-s-closet-picks""]","2016-08-11","2016-10-17","https://www.criterion.com/shop/collection/466-tim-robbins-s-closet-picks","https://www.youtube.com/watch?v=Ylv_adLFI9M"
"closet:600","closet","Ira Sachs’s Closet Picks","Ira Sachs","irasachs","False","[""Director"", ""Writer""]","[""https://letterboxd.com/closetpicks/list/ira-sachs-criterion-closet-picks/"", ""https://www.criterion.com/shop/collection/600-ira-sachs-s-closet-picks"", ""https://www.criterion.com/shop/collection/961-ira-sachs-s-closet-picks""]","2016-06-27","2016-08-10","https://www.criterion.com/shop/collection/600-ira-sachs-s-closet-picks","https://www.youtube.com/watch?v=FA4mnGD5Qi8"
"closet:465","closet","Amy Heckerling’s Closet Picks","Amy Heckerling","amyheckerling","False","[""Director""]","[""https://letterboxd.com/closetpicks/list/amy-heckerlings-criterion-closet-picks/"", ""https://www.criterion.com/shop/collection/465-amy-heckerling-s-closet-picks""]","2016-05-05","2017-04-04","https://www.criterion.com/shop/collection/465-amy-heckerling-s-closet-picks","https://www.youtube.com/watch?v=jsmRYmwB_HU"
"closet:451","closet","Anna Karina’s Closet Picks","Anna Karina","annakarina","False","[""Actor""]","[""https://letterboxd.com/closetpicks/list/anna-karinas-criterion-closet-picks/"", ""https://www.criterion.com/shop/collection/451-anna-karina-s-closet-picks""]","2016-05-01","2016-05-13","https://www.criterion.com/shop/collection/451-anna-karina-s-closet-picks","https://www.youtube.com/watch?v=uZvRtwCQs44"
"closet:452","closet","Chris Eigeman’s Closet Picks","Chris Eigeman","chriseigeman","False","[""Actor"", ""Director""]","[""https://letterboxd.com/closetpicks/list/chris-eigemans-criterion-closet-picks/"", ""https://www.criterion.com/shop/collection/452-chris-eigeman-s-closet-picks""]","2016-04-15","2016-04-22","https://www.criterion.com/shop/collection/452-chris-eigeman-s-closet-picks","https://www.youtube.com/watch?v=3ubQAunfwdo"
"closet:453","closet","Joachim Trier’s Closet Picks","Joachim Trier","joachimtrier","False","[""Director""]","[""https://letterboxd.com/closetpicks/list/joachim-triers-criterion-closet-picks/"", ""https://www.criterion.com/shop/collection/453-joachim-trier-s-closet-picks""]","2016-03-31","2016-04-15","https://www.criterion.com/shop/collection/453-joachim-trier-s-closet-picks","https://www.youtube.com/watch?v=qF3qYnnuGxI"
"closet:537","closet","Louis Garrel’s Closet Picks","Louis Garrel","louisgarrel","False","[""Actor""]","[""https://letterboxd.com/closetpicks/list/louis-garrels-criterion-closet-picks/"", ""https://www.criterion.com/shop/collection/537-louis-garrel-s-closet-picks""]","2016-03-07","2016-08-31","https://www.criterion.com/shop/collection/537-louis-garrel-s-closet-picks","https://www.youtube.com/watch?v=c2Xf_iXTjXg"
"closet:603","closet","Patrick Brice’s Closet Picks","Patrick Brice","patrickbrice","False","[""Director"", ""Writer""]","[""https://letterboxd.com/closetpicks/list/patrick-brices-criterion-closet-picks/"", ""https://www.criterion.com/shop/collection/603-patrick-brice-s-closet-picks""]","2015-09-15","2015-09-15","https://www.criterion.com/shop/collection/603-patrick-brice-s-closet-picks","https://www.youtube.com/watch?v=D1r8aWfOXcI"
"closet:464","closet","Charlotte Rampling and Andrew Haigh’s Closet Picks","Charlotte Rampling and Andrew Haigh","charlotteramplingandandrewhaigh","True","[]","[""https://www.criterion.com/shop/collection/464-charlotte-rampling-and-andrew-haigh-s-closet-picks""]","2015-08-01","2015-12-23","https://www.criterion.com/shop/collection/464-charlotte-rampling-and-andrew-haigh-s-closet-picks","https://www.youtube.com/watch?v=F3-hyGZuyqk"
"closet:458","closet","Sean Baker’s Closet Picks","Sean Baker","seanbaker","False","[""Cinematographer"", ""Director"", ""Editor"", ""Writer""]","[""https://letterboxd.com/closetpicks/list/sean-bakers-criterion-closet-picks/"", ""https://www.criterion.com/current/top-10-lists/242-sean-baker-s-top-10"", ""https://www.criterion.com/shop/collection/458-sean-baker-s-closet-picks""]","2015-07-31","2015-12-07","https://www.criterion.com/shop/collection/458-sean-baker-s-closet-picks","https://www.youtube.com/watch?v=lCv5MnpDqYc"
"closet:607","closet","The Wolfpack’s Closet Picks","The Wolfpack","thewolfpack","True","[]","[]","2015-07-09","2015-07-07","https://www.criterion.com/shop/collection/607-the-wolfpack-s-closet-picks","https://www.youtube.com/watch?v=edCT-dyYA0s"
"closet:432","closet","Gaspar Noé’s Closet Picks","Gaspar Noé","gasparnoe","False","[""Director""]","[""https://letterboxd.com/closetpicks/list/gaspar-noes-criterion-closet-picks/"", ""https://www.criterion.com/shop/collection/432-gaspar-noe-s-closet-picks""]","2015-07-05","2015-11-05","https://www.criterion.com/shop/collection/432-gaspar-noe-s-closet-picks","https://www.youtube.com/watch?v=U_2R7T4-78E"
"closet:463","closet","Laurie Anderson's Closet Picks","Laurie Anderson","laurieanderson","False","[""Artist / designer"", ""Director"", ""Musician""]","[""https://letterboxd.com/closetpicks/list/laurie-andersons-criterion-closet-picks/"", ""https://www.criterion.com/shop/collection/463-laurie-anderson-s-closet-picks""]","2015-06-19","2015-10-22","https://www.criterion.com/shop/collection/463-laurie-anderson-s-closet-picks","https://www.youtube.com/watch?v=Kc9_lqHmNsg"
"closet:472","closet","Agnès Varda’s Closet Picks","Agnès Varda","agnesvarda","False","[""Artist / designer"", ""Director"", ""Other""]","[""https://letterboxd.com/closetpicks/list/agnes-vardas-criterion-closet-picks/"", ""https://www.criterion.com/shop/collection/472-agnes-varda-s-closet-picks""]","2015-06-17","2017-10-04","https://www.criterion.com/shop/collection/472-agnes-varda-s-closet-picks","https://www.youtube.com/watch?v=s7Jx0Pjq_kQ"
"closet:467","closet","Yorgos Lanthimos & Ariane Labed’s Closet Picks","Yorgos Lanthimos & Ariane Labed","yorgoslanthimosarianelabed","True","[]","[]","2015-06-10","2016-05-13","https://www.criterion.com/shop/collection/467-yorgos-lanthimos-ariane-labed-s-closet-picks","https://www.youtube.com/watch?v=3QAY9OY-ho4"
"closet:608","closet","Ruben Östlund’s Closet Picks","Ruben Östlund","rubenostlund","False","[""Director"", ""Writer""]","[""https://letterboxd.com/closetpicks/list/ruben-ostlunds-criterion-closet-picks/"", ""https://www.criterion.com/current/top-10-lists/334-ruben-ostlund-s-top-10"", ""https://www.criterion.com/shop/collection/608-ruben-ostlund-s-closet-picks""]","2015-01-10","2015-01-22","https://www.criterion.com/shop/collection/608-ruben-ostlund-s-closet-picks","https://www.youtube.com/watch?v=0Z2UYLTsPwY"
"closet:538","closet","Mike Leigh’s Closet Picks","Mike Leigh","mikeleigh","False","[""Director"", ""Writer""]","[""https://letterboxd.com/closetpicks/list/mike-leighs-criterion-closet-picks/"", ""https://www.criterion.com/shop/collection/538-mike-leigh-s-closet-picks""]","2014-12-16","2014-12-16","https://www.criterion.com/shop/collection/538-mike-leigh-s-closet-picks","https://www.youtube.com/watch?v=f31TXhdC-Ps"
"closet:462","closet","Asif Kapadia’s Closet Picks","Asif Kapadia","asifkapadia","False","[""Director""]","[""https://letterboxd.com/closetpicks/list/asif-kapadias-criterion-closet-picks/"", ""https://www.criterion.com/shop/collection/462-asif-kapadia-s-closet-picks""]","2014-12-06","2016-02-25","https://www.criterion.com/shop/collection/462-asif-kapadia-s-closet-picks","https://www.youtube.com/watch?v=fIj80K2AGnY"
"closet:610","closet","Volker Schlöndorff’s Closet Picks","Volker Schlöndorff","volkerschlondorff","False","[""Director"", ""Writer""]","[""https://letterboxd.com/closetpicks/list/volker-schlondorffs-criterion-closet-picks/"", ""https://www.criterion.com/shop/collection/610-volker-schlondorff-s-closet-picks""]","2014-10-17","2014-10-17","https://www.criterion.com/shop/collection/610-volker-schlondorff-s-closet-picks","https://www.youtube.com/watch?v=Egip8AX68EI"
"closet:609","closet","Slavoj Žižek’s Closet Picks","Slavoj Žižek","slavojzizek","False","[""Other""]","[""https://letterboxd.com/closetpicks/list/slavoj-zizeks-criterion-closet-picks/"", ""https://www.criterion.com/shop/collection/609-slavoj-zizek-s-closet-picks""]","2014-09-26","2014-09-26","https://www.criterion.com/shop/collection/609-slavoj-zizek-s-closet-picks","https://www.youtube.com/watch?v=OqpxT_iJ8Mc"
"closet:542","closet","William Friedkin’s Closet Picks","William Friedkin","williamfriedkin","False","[""Director""]","[""https://letterboxd.com/closetpicks/list/william-friedkins-criterion-closet-picks/"", ""https://www.criterion.com/current/top-10-lists/185-william-friedkin-s-top-10"", ""https://www.criterion.com/shop/collection/542-william-friedkin-s-closet-picks""]","2014-09-22","2014-10-03","https://www.criterion.com/shop/collection/542-william-friedkin-s-closet-picks","https://www.youtube.com/watch?v=63VRJQYcNn0"
"closet:530","closet","Bong Joon Ho’s Closet Picks","Bong Joon Ho","bongjoonho","False","[""Director"", ""Host / presenter"", ""Writer""]","[""https://letterboxd.com/closetpicks/list/bong-joon-hos-criterion-closet-picks/"", ""https://www.criterion.com/current/top-10-lists/212-bong-joon-ho-s-top-10"", ""https://www.criterion.com/shop/collection/530-bong-joon-ho-s-closet-picks""]","2014-06-27","2014-07-08","https://www.criterion.com/shop/collection/530-bong-joon-ho-s-closet-picks","https://www.youtube.com/watch?v=qBgZQCkUp7E"
"closet:491","closet","Michael Cera’s Closet Picks (2014)","Michael Cera","michaelcera","False","[""Actor""]","[""https://letterboxd.com/closetpicks/list/michael-ceras-criterion-closet-picks/"", ""https://www.criterion.com/shop/collection/491-michael-cera-s-closet-picks-2014""]","2014-05-19","2015-06-23","https://www.criterion.com/shop/collection/491-michael-cera-s-closet-picks-2014","https://www.youtube.com/watch?v=5CODR5TU8RM"
"closet:529","closet","André Gregory and Wallace Shawn’s Closet Picks","André Gregory and Wallace Shawn","andregregoryandwallaceshawn","True","[]","[""https://www.criterion.com/current/top-10-lists/240-andre-gregory-and-wallace-shawn-s-top-10""]","2014-05-10","2015-06-10","https://www.criterion.com/shop/collection/529-andre-gregory-and-wallace-shawn-s-closet-picks","https://www.youtube.com/watch?v=xjMy2RSgBAo"
"closet:490","closet","Edgar Wright’s Closet Picks","Edgar Wright","edgarwright","False","[""Director"", ""Writer""]","[""https://letterboxd.com/closetpicks/list/edgar-wrights-criterion-closet-picks/"", ""https://www.criterion.com/current/top-10-lists/161-edgar-wright-s-top-10"", ""https://www.criterion.com/shop/collection/490-edgar-wright-s-closet-picks"", ""https://www.criterion.com/shop/collection/887-edgar-wright-s-closet-picks""]","2014-02-01","2015-03-04","https://www.criterion.com/shop/collection/490-edgar-wright-s-closet-picks","https://www.youtube.com/watch?v=M99gL8IBMZw"
"closet:526","closet","Alfonso Cuarón and Paweł Pawlikowski’s Closet Picks","Alfonso Cuarón and Paweł Pawlikowski","alfonsocuaronandpawełpawlikowski","True","[]","[]","2013-10-04","2013-10-04","https://www.criterion.com/shop/collection/526-alfonso-cuaron-and-pawel-pawlikowski-s-closet-picks","https://www.youtube.com/watch?v=BGvcB42YnM8"
"closet:541","closet","Nicolas Winding Refn’s Closet Picks","Nicolas Winding Refn","nicolaswindingrefn","False","[""Director"", ""Writer""]","[""https://letterboxd.com/closetpicks/list/nicolas-winding-refns-criterion-closet-picks/"", ""https://www.criterion.com/current/top-10-lists/164-nicolas-winding-refn-s-top-10"", ""https://www.criterion.com/shop/collection/541-nicolas-winding-refn-s-closet-picks""]","2013-07-19","2013-07-19","https://www.criterion.com/shop/collection/541-nicolas-winding-refn-s-closet-picks","https://www.youtube.com/watch?v=WMfI1AVAF_8"
"closet:540","closet","Richard Ayoade’s Closet Picks","Richard Ayoade","richardayoade","False","[""Actor"", ""Comedian"", ""Director"", ""Writer""]","[""https://letterboxd.com/closetpicks/list/richard-ayoades-criterion-closet-picks/"", ""https://www.criterion.com/current/top-10-lists/159-richard-ayoade-s-top-10"", ""https://www.criterion.com/shop/collection/540-richard-ayoade-s-closet-picks""]","2013-04-01","2014-08-04","https://www.criterion.com/shop/collection/540-richard-ayoade-s-closet-picks","https://www.youtube.com/watch?v=yNWUQWSFeQ8"
"closet:605","closet","James Acheson’s Closet Picks","James Acheson","jamesacheson","False","[""Artist / designer""]","[""https://letterboxd.com/closetpicks/list/james-achesons-criterion-closet-picks/"", ""https://www.criterion.com/shop/collection/605-james-acheson-s-closet-picks""]","2013-01-30","2013-01-30","https://www.criterion.com/shop/collection/605-james-acheson-s-closet-picks","https://www.youtube.com/watch?v=-3Q3AQ4W9Wk"
"closet:604","closet","Jack Garfein’s Closet Picks","Jack Garfein","jackgarfein","False","[""Actor"", ""Director""]","[""https://letterboxd.com/closetpicks/list/jack-garfeins-criterion-closet-picks/"", ""https://www.criterion.com/shop/collection/604-jack-garfein-s-closet-picks""]","2012-09-25","2022-11-11","https://www.criterion.com/shop/collection/604-jack-garfein-s-closet-picks","https://www.youtube.com/watch?v=LhDI8R0Mskg"
"closet:597","closet","The Quay Brothers’ Closet Picks","The Quay Brothers","thequaybrothers","True","[]","[""https://www.criterion.com/shop/collection/597-the-quay-brothers-closet-picks""]","2012-08-03","2022-11-11","https://www.criterion.com/shop/collection/597-the-quay-brothers-closet-picks","https://www.youtube.com/watch?v=y7JQUoUcE20"
"closet:599","closet","Harris Savides’s Closet Picks","Harris Savides","harrissavides","False","[""Cinematographer""]","[""https://letterboxd.com/closetpicks/list/harris-savides-criterion-closet-picks/"", ""https://www.criterion.com/shop/collection/599-harris-savides-s-closet-picks""]","2012-04-23","2012-04-24","https://www.criterion.com/shop/collection/599-harris-savides-s-closet-picks","https://www.youtube.com/watch?v=cQFAPBbjsaI"
"closet:606","closet","Philip Kaufman’s Closet Picks","Philip Kaufman","philipkaufman","False","[""Actor"", ""Director"", ""Writer""]","[""https://letterboxd.com/closetpicks/list/philip-kaufmans-criterion-closet-picks/"", ""https://www.criterion.com/shop/collection/606-philip-kaufman-s-closet-picks""]","2012-04-12","2012-04-12","https://www.criterion.com/shop/collection/606-philip-kaufman-s-closet-picks","https://www.youtube.com/watch?v=5sMFHvBEvKI"
"closet:648","closet","Adrian Utley’s Closet Picks","Adrian Utley","adrianutley","False","[""Musician""]","[""https://letterboxd.com/closetpicks/list/adrian-utleys-criterion-closet-picks/"", ""https://www.criterion.com/shop/collection/648-adrian-utley-s-closet-picks""]","2011-10-05","2011-10-05","https://www.criterion.com/shop/collection/648-adrian-utley-s-closet-picks","https://www.youtube.com/watch?v=ZqNSY5xz_r8"
"closet:528","closet","André Bonzel’s Closet Picks","André Bonzel","andrebonzel","False","[""Cinematographer"", ""Director"", ""Writer""]","[""https://letterboxd.com/closetpicks/list/andre-bonzels-criterion-closet-picks/"", ""https://www.criterion.com/shop/collection/528-andre-bonzel-s-closet-picks""]","2011-10-01","2011-11-03","https://www.criterion.com/shop/collection/528-andre-bonzel-s-closet-picks","https://www.youtube.com/watch?v=M0vs4ni4Tuo"
"closet:489","closet","Robert Downey Sr.’s Closet Picks","Robert Downey Sr.","robertdowneysr","False","[""Actor"", ""Director""]","[""https://letterboxd.com/closetpicks/list/robert-downey-srs-criterion-closet-picks/"", ""https://www.criterion.com/shop/collection/489-robert-downey-sr-s-closet-picks""]","2011-09-12","2011-09-12","https://www.criterion.com/shop/collection/489-robert-downey-sr-s-closet-picks","https://www.youtube.com/watch?v=ZHBVH6ut2k8"
"closet:525","closet","Alec Baldwin’s Closet Picks","Alec Baldwin","alecbaldwin","False","[""Actor""]","[""https://letterboxd.com/closetpicks/list/alec-baldwins-criterion-closet-picks/"", ""https://www.criterion.com/current/top-10-lists/167-alec-baldwin-s-top-10"", ""https://www.criterion.com/shop/collection/525-alec-baldwin-s-closet-picks""]","2011-07-01","2013-05-09","https://www.criterion.com/shop/collection/525-alec-baldwin-s-closet-picks","https://www.youtube.com/watch?v=aRQ4DRUIJBc"
"closet:598","closet","Guy Maddin’s Closet Picks","Guy Maddin","guymaddin","False","[""Director"", ""Writer""]","[""https://letterboxd.com/closetpicks/list/guy-maddins-criterion-closet-picks/"", ""https://www.criterion.com/current/top-10-lists/45-guy-maddin-s-top-10"", ""https://www.criterion.com/shop/collection/598-guy-maddin-s-closet-picks""]","2011-04-18","2011-04-18","https://www.criterion.com/shop/collection/598-guy-maddin-s-closet-picks","https://www.youtube.com/watch?v=TowINv3Oq8E"
"closet:488","closet","Bill Hader’s Closet Picks (2011)","Bill Hader","billhader","False","[""Actor"", ""Comedian"", ""Director""]","[""https://letterboxd.com/closetpicks/list/bill-haders-criterion-closet-picks/"", ""https://www.criterion.com/shop/collection/488-bill-hader-s-closet-picks-2011"", ""https://www.criterion.com/shop/collection/720-bill-hader-s-closet-picks""]","2011-03-02","2011-04-19","https://www.criterion.com/shop/collection/488-bill-hader-s-closet-picks-2011","https://www.youtube.com/watch?v=348qOuXOAXo"
"closet:602","closet","Michael K. Williams’s Closet Picks","Michael K. Williams","michaelkwilliams","False","[""Actor""]","[""https://letterboxd.com/closetpicks/list/michael-k-williams-criterion-closet-picks/"", ""https://www.criterion.com/shop/collection/602-michael-k-williams-s-closet-picks""]","2011-03-01","2011-03-10","https://www.criterion.com/shop/collection/602-michael-k-williams-s-closet-picks","https://www.youtube.com/watch?v=JJiL6ps8hZQ"
"closet:645","closet","Guillermo del Toro’s Closet Picks","Guillermo del Toro","guillermodeltoro","False","[""Director""]","[""https://letterboxd.com/closetpicks/list/guillermo-del-toros-criterion-closet-picks/"", ""https://www.criterion.com/current/top-10-lists/125-guillermo-del-toro-s-top-10"", ""https://www.criterion.com/shop/collection/645-guillermo-del-toro-s-closet-picks""]","2010-09-22","2013-01-14","https://www.criterion.com/shop/collection/645-guillermo-del-toro-s-closet-picks","https://www.youtube.com/watch?v=49Al7eYy6sg"
"closet:846","closet","Simon Pegg’s Closet Picks","Simon Pegg","simonpegg","False","[""Actor"", ""Comedian"", ""Writer""]","[""https://letterboxd.com/closetpicks/list/simon-peggs-criterion-closet-picks/"", ""https://www.criterion.com/shop/collection/846-simon-pegg-s-closet-picks""]","2025-05-20","2025-07-18","https://www.criterion.com/shop/collection/846-simon-pegg-s-closet-picks","https://www.youtube.com/watch?v=vIYr2eAlazo"
"closet:823","closet","Michael Cera’s Closet Picks","Michael Cera","michaelcera","False","[""Actor""]","[""https://letterboxd.com/closetpicks/list/michael-ceras-criterion-closet-picks/"", ""https://www.criterion.com/shop/collection/491-michael-cera-s-closet-picks-2014"", ""https://www.criterion.com/shop/collection/823-michael-cera-s-closet-picks""]","2025-05-13","2025-05-30","https://www.criterion.com/shop/collection/823-michael-cera-s-closet-picks","https://www.youtube.com/watch?v=fmXifiwHR-k"
"closet:777","closet","Harris Dickinson’s Closet Picks","Harris Dickinson","harrisdickinson","False","[""Actor""]","[""https://letterboxd.com/closetpicks/list/harris-dickinsons-criterion-closet-picks/"", ""https://www.criterion.com/current/top-10-lists/883-harris-dickinson-s-top-10"", ""https://www.criterion.com/shop/collection/777-harris-dickinson-s-closet-picks""]","2024-12-17","2025-02-13","https://www.criterion.com/shop/collection/777-harris-dickinson-s-closet-picks","https://www.youtube.com/watch?v=mUrp1Czlkzk"
"top10:999","top10","Shatara Michelle Ford’s Top 10","Shatara Michelle Ford","shataramichelleford","False","[""Director""]","[""https://www.criterion.com/current/top-10-lists/999-shatara-michelle-ford-s-top-10""]","","2026-09-02","https://www.criterion.com/current/top-10-lists/999-shatara-michelle-ford-s-top-10",""
"top10:994","top10","Kent Jones’s Top 10","Kent Jones","kentjones","False","[""Director""]","[""https://www.criterion.com/current/top-10-lists/994-kent-jones-s-top-10""]","","2026-08-06","https://www.criterion.com/current/top-10-lists/994-kent-jones-s-top-10",""
"top10:988","top10","James Ellroy’s Top 10","James Ellroy","jamesellroy","False","[""Writer""]","[""https://www.criterion.com/current/top-10-lists/988-james-ellroy-s-top-10""]","","2026-07-21","https://www.criterion.com/current/top-10-lists/988-james-ellroy-s-top-10",""
"top10:954","top10","Julio Torres’s Top 10","Julio Torres","juliotorres","False","[""Actor"", ""Comedian"", ""Director"", ""Writer""]","[""https://letterboxd.com/closetpicks/list/julio-torres-criterion-closet-picks/"", ""https://www.criterion.com/current/top-10-lists/954-julio-torres-s-top-10"", ""https://www.criterion.com/shop/collection/632-julio-torres-s-closet-picks""]","","2026-04-23","https://www.criterion.com/current/top-10-lists/954-julio-torres-s-top-10",""
"top10:940","top10","Lucrecia Dalt’s Top 10","Lucrecia Dalt","lucreciadalt","False","[""Musician""]","[""https://www.criterion.com/current/top-10-lists/940-lucrecia-dalt-s-top-10""]","","2026-03-18","https://www.criterion.com/current/top-10-lists/940-lucrecia-dalt-s-top-10",""
"top10:935","top10","William Tyler’s Top 10","William Tyler","williamtyler","False","[""Musician""]","[""https://www.criterion.com/current/top-10-lists/935-william-tyler-s-top-10""]","","2026-02-18","https://www.criterion.com/current/top-10-lists/935-william-tyler-s-top-10",""
"top10:922","top10","Max Richter’s Top 10","Max Richter","maxrichter","False","[""Musician""]","[""https://www.criterion.com/current/top-10-lists/922-max-richter-s-top-10""]","","2026-02-02","https://www.criterion.com/current/top-10-lists/922-max-richter-s-top-10",""
"top10:907","top10","Tommy Dorfman’s Top 10","Tommy Dorfman","tommydorfman","False","[""Actor"", ""Director"", ""Producer"", ""Writer""]","[""https://www.criterion.com/current/top-10-lists/907-tommy-dorfman-s-top-10""]","","2025-12-17","https://www.criterion.com/current/top-10-lists/907-tommy-dorfman-s-top-10",""
"top10:889","top10","Olivia Laing’s Top 10","Olivia Laing","olivialaing","False","[""Critic / journalist"", ""Writer""]","[""https://www.criterion.com/current/top-10-lists/889-olivia-laing-s-top-10""]","","2025-11-10","https://www.criterion.com/current/top-10-lists/889-olivia-laing-s-top-10",""
"top10:883","top10","Harris Dickinson’s Top 10","Harris Dickinson","harrisdickinson","False","[""Actor""]","[""https://letterboxd.com/closetpicks/list/harris-dickinsons-criterion-closet-picks/"", ""https://www.criterion.com/current/top-10-lists/883-harris-dickinson-s-top-10"", ""https://www.criterion.com/shop/collection/777-harris-dickinson-s-closet-picks""]","","2025-10-27","https://www.criterion.com/current/top-10-lists/883-harris-dickinson-s-top-10",""
"top10:876","top10","Sparks’ Top 10","Sparks","sparks","True","[]","[]","","2025-10-09","https://www.criterion.com/current/top-10-lists/876-sparks-top-10",""
"top10:867","top10","King Princess’s Top 10","King Princess","kingprincess","False","[""Actor"", ""Musician"", ""Producer""]","[""https://www.criterion.com/current/top-10-lists/867-king-princess-s-top-10""]","","2025-09-16","https://www.criterion.com/current/top-10-lists/867-king-princess-s-top-10",""
"top10:861","top10","Charles Busch’s Top 10","Charles Busch","charlesbusch","False","[""Writer""]","[""https://www.criterion.com/current/top-10-lists/861-charles-busch-s-top-10""]","","2025-08-22","https://www.criterion.com/current/top-10-lists/861-charles-busch-s-top-10",""
"top10:844","top10","Jon Raymond’s Top 10","Jon Raymond","jonraymond","False","[""Writer""]","[""https://www.criterion.com/current/top-10-lists/844-jon-raymond-s-top-10""]","","2025-07-11","https://www.criterion.com/current/top-10-lists/844-jon-raymond-s-top-10",""
"top10:818","top10","Constance Tsang’s Top 10","Constance Tsang","constancetsang","False","[""Director"", ""Writer""]","[""https://www.criterion.com/current/top-10-lists/818-constance-tsang-s-top-10""]","","2025-05-12","https://www.criterion.com/current/top-10-lists/818-constance-tsang-s-top-10",""
"top10:803","top10","Perfume Genius’s Top 10","Perfume Genius","perfumegenius","False","[""Musician""]","[""https://www.criterion.com/current/top-10-lists/803-perfume-genius-s-top-10""]","","2025-04-24","https://www.criterion.com/current/top-10-lists/803-perfume-genius-s-top-10",""
"top10:791","top10","Anthony Banua-Simon’s Top 10","Anthony Banua-Simon","anthonybanuasimon","False","[""Director"", ""Editor""]","[""https://www.criterion.com/current/top-10-lists/791-anthony-banua-simon-s-top-10""]","","2025-03-21","https://www.criterion.com/current/top-10-lists/791-anthony-banua-simon-s-top-10",""
"top10:783","top10","Mohammad Rasoulof’s Top 10","Mohammad Rasoulof","mohammadrasoulof","False","[""Director"", ""Producer"", ""Writer""]","[""https://www.criterion.com/current/top-10-lists/783-mohammad-rasoulof-s-top-10""]","","2025-02-03","https://www.criterion.com/current/top-10-lists/783-mohammad-rasoulof-s-top-10",""
"top10:744","top10","Ray Yeung’s Top 10","Ray Yeung","rayyeung","False","[""Director""]","[""https://www.criterion.com/current/top-10-lists/744-ray-yeung-s-top-10""]","","2024-11-19","https://www.criterion.com/current/top-10-lists/744-ray-yeung-s-top-10",""
"top10:732","top10","Lana Wilson’s Top 10","Lana Wilson","lanawilson","False","[""Director"", ""Writer""]","[""https://letterboxd.com/closetpicks/list/lana-wilsons-criterion-closet-picks/"", ""https://www.criterion.com/current/top-10-lists/732-lana-wilson-s-top-10""]","","2024-10-22","https://www.criterion.com/current/top-10-lists/732-lana-wilson-s-top-10",""
"top10:719","top10","Aaron Schimberg’s Top 10","Aaron Schimberg","aaronschimberg","False","[""Director""]","[""https://www.criterion.com/current/top-10-lists/719-aaron-schimberg-s-top-10""]","","2024-09-24","https://www.criterion.com/current/top-10-lists/719-aaron-schimberg-s-top-10",""
"top10:678","top10","Jessica Pratt’s Top 10","Jessica Pratt","jessicapratt","False","[""Musician""]","[""https://www.criterion.com/current/top-10-lists/678-jessica-pratt-s-top-10""]","","2024-08-16","https://www.criterion.com/current/top-10-lists/678-jessica-pratt-s-top-10",""
"top10:669","top10","Lee Grant’s Top 10","Lee Grant","leegrant","False","[""Actor"", ""Director""]","[""https://www.criterion.com/current/top-10-lists/669-lee-grant-s-top-10""]","","2024-07-17","https://www.criterion.com/current/top-10-lists/669-lee-grant-s-top-10",""
"top10:665","top10","Miryam Charles’s Top 10","Miryam Charles","miryamcharles","False","[""Cinematographer"", ""Director"", ""Producer""]","[""https://www.criterion.com/current/top-10-lists/665-miryam-charles-s-top-10""]","","2024-06-20","https://www.criterion.com/current/top-10-lists/665-miryam-charles-s-top-10",""
"top10:643","top10","John Carpenter’s Top 10","John Carpenter","johncarpenter","False","[""Director"", ""Musician"", ""Writer""]","[""https://www.criterion.com/current/top-10-lists/643-john-carpenter-s-top-10""]","","2024-04-30","https://www.criterion.com/current/top-10-lists/643-john-carpenter-s-top-10",""
"top10:635","top10","Molly Manning Walker’s Top 10","Molly Manning Walker","mollymanningwalker","False","[""Cinematographer"", ""Director"", ""Writer""]","[""https://letterboxd.com/closetpicks/list/molly-manning-walkers-criterion-closet-picks/"", ""https://www.criterion.com/current/top-10-lists/635-molly-manning-walker-s-top-10""]","","2024-03-21","https://www.criterion.com/current/top-10-lists/635-molly-manning-walker-s-top-10",""
"top10:615","top10","Hlynur Pálmason’s Top 10","Hlynur Pálmason","hlynurpalmason","False","[""Artist / designer"", ""Director"", ""Writer""]","[""https://letterboxd.com/closetpicks/list/hlynur-palmasons-criterion-closet-picks/"", ""https://www.criterion.com/current/top-10-lists/615-hlynur-palmason-s-top-10"", ""https://www.criterion.com/shop/collection/612-hlynur-palmason-s-closet-picks""]","","2023-12-01","https://www.criterion.com/current/top-10-lists/615-hlynur-palmason-s-top-10",""
"top10:586","top10","Chloe Domont’s Top 10","Chloe Domont","chloedomont","False","[""Director"", ""Writer""]","[""https://letterboxd.com/closetpicks/list/chloe-domonts-criterion-closet-picks/"", ""https://www.criterion.com/current/top-10-lists/586-chloe-domont-s-top-10""]","","2023-11-01","https://www.criterion.com/current/top-10-lists/586-chloe-domont-s-top-10",""
"top10:583","top10","Jordan Firstman’s Top 10","Jordan Firstman","jordanfirstman","False","[""Actor"", ""Director"", ""Writer""]","[""https://www.criterion.com/current/top-10-lists/583-jordan-firstman-s-top-10""]","","2023-10-13","https://www.criterion.com/current/top-10-lists/583-jordan-firstman-s-top-10",""
"top10:578","top10","Andrew Bujalski’s Top 10","Andrew Bujalski","andrewbujalski","False","[""Director"", ""Writer""]","[""https://www.criterion.com/current/top-10-lists/578-andrew-bujalski-s-top-10""]","","2023-09-13","https://www.criterion.com/current/top-10-lists/578-andrew-bujalski-s-top-10",""
"top10:567","top10","Celine Song’s Top 10","Celine Song","celinesong","False","[""Director"", ""Writer""]","[""https://www.criterion.com/current/top-10-lists/567-celine-song-s-top-10""]","","2023-07-13","https://www.criterion.com/current/top-10-lists/567-celine-song-s-top-10",""
"top10:558","top10","Daisy von Scherler Mayer’s Top 10","Daisy von Scherler Mayer","daisyvonscherlermayer","False","[""Director""]","[""https://www.criterion.com/current/top-10-lists/558-daisy-von-scherler-mayer-s-top-10""]","","2023-06-16","https://www.criterion.com/current/top-10-lists/558-daisy-von-scherler-mayer-s-top-10",""
"top10:553","top10","Mark Jenkin’s Top 10","Mark Jenkin","markjenkin","False","[""Director"", ""Editor"", ""Writer""]","[""https://letterboxd.com/closetpicks/list/mark-jenkins-criterion-closet-picks/"", ""https://www.criterion.com/current/top-10-lists/553-mark-jenkin-s-top-10""]","","2023-05-25","https://www.criterion.com/current/top-10-lists/553-mark-jenkin-s-top-10",""
"top10:545","top10","A. V. Rockwell’s Top 10","A. V. Rockwell","avrockwell","False","[""Director"", ""Writer""]","[""https://www.criterion.com/current/top-10-lists/545-a-v-rockwell-s-top-10""]","","2023-04-21","https://www.criterion.com/current/top-10-lists/545-a-v-rockwell-s-top-10",""
"top10:534","top10","Davy Chou’s Top 10","Davy Chou","davychou","False","[""Director"", ""Producer"", ""Writer""]","[""https://letterboxd.com/closetpicks/list/davy-chous-criterion-closet-picks/"", ""https://www.criterion.com/current/top-10-lists/534-davy-chou-s-top-10""]","","2023-03-13","https://www.criterion.com/current/top-10-lists/534-davy-chou-s-top-10",""
"top10:531","top10","Marie Kreutzer’s Top 10","Marie Kreutzer","mariekreutzer","False","[""Director"", ""Writer""]","[""https://letterboxd.com/closetpicks/list/marie-kreutzers-criterion-closet-picks/"", ""https://www.criterion.com/current/top-10-lists/531-marie-kreutzer-s-top-10""]","","2023-02-16","https://www.criterion.com/current/top-10-lists/531-marie-kreutzer-s-top-10",""
"top10:518","top10","Kazuo Ishiguro’s Top 10","Kazuo Ishiguro","kazuoishiguro","False","[""Writer""]","[""https://www.criterion.com/current/top-10-lists/518-kazuo-ishiguro-s-top-10""]","","2023-01-06","https://www.criterion.com/current/top-10-lists/518-kazuo-ishiguro-s-top-10",""
"top10:508","top10","Nina Menkes’s Top 10","Nina Menkes","ninamenkes","False","[""Director""]","[""https://www.criterion.com/current/top-10-lists/508-nina-menkes-s-top-10""]","","2022-11-29","https://www.criterion.com/current/top-10-lists/508-nina-menkes-s-top-10",""
"top10:418","top10","Aubrey Plaza’s Top 10","Aubrey Plaza","aubreyplaza","False","[""Actor""]","[""https://www.criterion.com/current/top-10-lists/418-aubrey-plaza-s-top-10""]","","2022-11-04","https://www.criterion.com/current/top-10-lists/418-aubrey-plaza-s-top-10",""
"top10:416","top10","Owen Kline’s Top 10","Owen Kline","owenkline","False","[""Actor"", ""Director""]","[""https://letterboxd.com/closetpicks/list/owen-klines-criterion-closet-picks/"", ""https://www.criterion.com/shop/collection/485-owen-kline-s-closet-picks""]","","2022-09-21","https://www.criterion.com/current/top-10-lists/416-owen-kline-s-top-10",""
"top10:415","top10","Ty Segall’s Top 10","Ty Segall","tysegall","False","[""Musician""]","[""https://www.criterion.com/current/top-10-lists/415-ty-segall-s-top-10""]","","2022-08-26","https://www.criterion.com/current/top-10-lists/415-ty-segall-s-top-10",""
"top10:414","top10","Heidi Bivens’s Top 10","Heidi Bivens","heidibivens","False","[""Artist / designer""]","[""https://www.criterion.com/current/top-10-lists/414-heidi-bivens-s-top-10""]","","2022-07-28","https://www.criterion.com/current/top-10-lists/414-heidi-bivens-s-top-10",""
"top10:396","top10","Joel Potrykus’s Top 10","Joel Potrykus","joelpotrykus","False","[""Director"", ""Other"", ""Writer""]","[""https://letterboxd.com/closetpicks/list/joel-potrykus-criterion-closet-picks/"", ""https://www.criterion.com/current/top-10-lists/396-joel-potrykus-s-top-10"", ""https://www.criterion.com/shop/collection/806-joel-potrykus-s-closet-picks""]","","2022-05-27","https://www.criterion.com/current/top-10-lists/396-joel-potrykus-s-top-10",""
"top10:395","top10","Blerta Basholli’s Top 10","Blerta Basholli","blertabasholli","False","[""Director"", ""Writer""]","[""https://www.criterion.com/current/top-10-lists/395-blerta-basholli-s-top-10""]","","2022-04-14","https://www.criterion.com/current/top-10-lists/395-blerta-basholli-s-top-10",""
"top10:394","top10","Sebastian Meise’s Top 10","Sebastian Meise","sebastianmeise","False","[""Director"", ""Writer""]","[""https://www.criterion.com/current/top-10-lists/394-sebastian-meise-s-top-10""]","","2022-03-21","https://www.criterion.com/current/top-10-lists/394-sebastian-meise-s-top-10",""
"top10:393","top10","Ryusuke Hamaguchi’s Top 10","Ryusuke Hamaguchi","ryusukehamaguchi","False","[""Director"", ""Writer""]","[""https://letterboxd.com/closetpicks/list/ryusuke-hamaguchis-criterion-closet-picks/"", ""https://www.criterion.com/shop/collection/652-ryusuke-hamaguchi-s-closet-picks""]","","2022-01-19","https://www.criterion.com/current/top-10-lists/393-ryusuke-hamaguchi-s-top-10",""
"top10:392","top10","Pablo Larraín’s Top 10","Pablo Larraín","pablolarrain","False","[""Director"", ""Producer"", ""Writer""]","[""https://letterboxd.com/closetpicks/list/pablo-larrains-criterion-closet-picks/"", ""https://www.criterion.com/current/top-10-lists/392-pablo-larrain-s-top-10"", ""https://www.criterion.com/shop/collection/766-pablo-larrain-s-closet-picks""]","","2021-12-13","https://www.criterion.com/current/top-10-lists/392-pablo-larrain-s-top-10",""
"top10:391","top10","Wendell B. Harris Jr.’s Top 10","Wendell B. Harris Jr.","wendellbharrisjr","False","[""Director"", ""Other""]","[""https://www.criterion.com/current/top-10-lists/391-wendell-b-harris-jr-s-top-10""]","","2021-11-02","https://www.criterion.com/current/top-10-lists/391-wendell-b-harris-jr-s-top-10",""
"top10:390","top10","Dash Shaw’s Top 10","Dash Shaw","dashshaw","False","[""Artist / designer""]","[""https://www.criterion.com/current/top-10-lists/390-dash-shaw-s-top-10""]","","2021-09-16","https://www.criterion.com/current/top-10-lists/390-dash-shaw-s-top-10",""
"top10:389","top10","Edson Oda’s Top 10","Edson Oda","edsonoda","False","[""Director"", ""Writer""]","[""https://www.criterion.com/current/top-10-lists/389-edson-oda-s-top-10""]","","2021-08-09","https://www.criterion.com/current/top-10-lists/389-edson-oda-s-top-10",""
"top10:386","top10","Dustin O’Halloran’s Top 10","Dustin O’Halloran","dustinohalloran","False","[""Musician""]","[""https://www.criterion.com/current/top-10-lists/386-dustin-o-halloran-s-top-10""]","","2021-06-24","https://www.criterion.com/current/top-10-lists/386-dustin-o-halloran-s-top-10",""
"top10:385","top10","Rachel Kushner’s Top 10","Rachel Kushner","rachelkushner","False","[""Writer""]","[""https://www.criterion.com/current/top-10-lists/385-rachel-kushner-s-top-10""]","","2021-05-20","https://www.criterion.com/current/top-10-lists/385-rachel-kushner-s-top-10",""
"top10:384","top10","Azazel Jacobs’s Top 10","Azazel Jacobs","azazeljacobs","False","[""Artist / designer"", ""Director"", ""Writer""]","[""https://letterboxd.com/closetpicks/list/azazel-jacobs-criterion-closet-picks/"", ""https://www.criterion.com/current/top-10-lists/384-azazel-jacobs-s-top-10"", ""https://www.criterion.com/shop/collection/785-azazel-jacobs-s-closet-picks""]","","2021-03-08","https://www.criterion.com/current/top-10-lists/384-azazel-jacobs-s-top-10",""
"top10:382","top10","Lili Horvát’s Top 10","Lili Horvát","lilihorvat","False","[""Director""]","[""https://www.criterion.com/current/top-10-lists/382-lili-horvat-s-top-10""]","","2021-02-11","https://www.criterion.com/current/top-10-lists/382-lili-horvat-s-top-10",""
"top10:379","top10","Carrie Coon’s Top 10","Carrie Coon","carriecoon","False","[""Actor""]","[""https://letterboxd.com/closetpicks/list/carrie-coons-criterion-closet-picks/"", ""https://www.criterion.com/shop/collection/790-carrie-coon-s-closet-picks""]","","2020-12-02","https://www.criterion.com/current/top-10-lists/379-carrie-coon-s-top-10",""
"top10:378","top10","Pietro Marcello’s Top 10","Pietro Marcello","pietromarcello","False","[""Director""]","[""https://www.criterion.com/current/top-10-lists/378-pietro-marcello-s-top-10""]","","2020-11-18","https://www.criterion.com/current/top-10-lists/378-pietro-marcello-s-top-10",""
"top10:377","top10","Isabel Sandoval’s Top 10","Isabel Sandoval","isabelsandoval","False","[""Actor"", ""Director"", ""Writer""]","[""https://letterboxd.com/closetpicks/list/isabel-sandovals-criterion-closet-picks/"", ""https://www.criterion.com/current/top-10-lists/377-isabel-sandoval-s-top-10"", ""https://www.criterion.com/shop/collection/441-isabel-sandoval-s-closet-picks""]","","2020-10-08","https://www.criterion.com/current/top-10-lists/377-isabel-sandoval-s-top-10",""
"top10:376","top10","Amy Seimetz’s Top 10","Amy Seimetz","amyseimetz","False","[""Actor"", ""Director""]","[""https://www.criterion.com/current/top-10-lists/376-amy-seimetz-s-top-10""]","","2020-09-04","https://www.criterion.com/current/top-10-lists/376-amy-seimetz-s-top-10",""
"top10:375","top10","The Ross Brothers’ Top 10","The Ross Brothers","therossbrothers","True","[]","[]","","2020-08-01","https://www.criterion.com/current/top-10-lists/375-the-ross-brothers-top-10",""
"top10:374","top10","Josephine Decker’s Top 10","Josephine Decker","josephinedecker","False","[""Director""]","[""https://www.criterion.com/current/top-10-lists/374-josephine-decker-s-top-10""]","","2020-07-06","https://www.criterion.com/current/top-10-lists/374-josephine-decker-s-top-10",""
"top10:373","top10","Sofia Bohdanowicz and Deragh Campbell’s Top 10","Sofia Bohdanowicz and Deragh Campbell","sofiabohdanowiczandderaghcampbell","True","[]","[""https://www.criterion.com/current/top-10-lists/373-sofia-bohdanowicz-and-deragh-campbell-s-top-10""]","","2020-06-22","https://www.criterion.com/current/top-10-lists/373-sofia-bohdanowicz-and-deragh-campbell-s-top-10",""
"top10:372","top10","Kleber Mendonça Filho’s Top 10","Kleber Mendonça Filho","klebermendoncafilho","False","[""Critic / journalist"", ""Director"", ""Producer"", ""Writer""]","[""https://letterboxd.com/closetpicks/list/kleber-mendonca-filhos-criterion-closet-picks/"", ""https://www.criterion.com/current/top-10-lists/372-kleber-mendonca-filho-s-top-10"", ""https://www.criterion.com/shop/collection/624-kleber-mendonca-filho-s-closet-picks""]","","2020-05-06","https://www.criterion.com/current/top-10-lists/372-kleber-mendonca-filho-s-top-10",""
"top10:371","top10","Rashaad Ernesto Green’s Top 10","Rashaad Ernesto Green","rashaadernestogreen","False","[""Director""]","[""https://www.criterion.com/current/top-10-lists/371-rashaad-ernesto-green-s-top-10""]","","2020-04-09","https://www.criterion.com/current/top-10-lists/371-rashaad-ernesto-green-s-top-10",""
"top10:370","top10","Kelly Reichardt’s Top 10","Kelly Reichardt","kellyreichardt","False","[""Director""]","[""https://www.criterion.com/current/top-10-lists/370-kelly-reichardt-s-top-10""]","","2020-03-09","https://www.criterion.com/current/top-10-lists/370-kelly-reichardt-s-top-10",""
"top10:368","top10","Karim Aïnouz’s Top 10","Karim Aïnouz","karimainouz","False","[""Artist / designer"", ""Director"", ""Writer""]","[""https://www.criterion.com/current/top-10-lists/368-karim-ainouz-s-top-10""]","","2020-01-14","https://www.criterion.com/current/top-10-lists/368-karim-ainouz-s-top-10",""
"top10:367","top10","Kasi Lemmons’s Top 10","Kasi Lemmons","kasilemmons","False","[""Director""]","[""https://www.criterion.com/current/top-10-lists/367-kasi-lemmons-s-top-10""]","","2019-11-07","https://www.criterion.com/current/top-10-lists/367-kasi-lemmons-s-top-10",""
"top10:365","top10","Jack Reynor’s Top 10","Jack Reynor","jackreynor","False","[""Actor"", ""Director""]","[""https://www.criterion.com/current/top-10-lists/365-jack-reynor-s-top-10""]","","2019-09-06","https://www.criterion.com/current/top-10-lists/365-jack-reynor-s-top-10",""
"top10:364","top10","Carlos Reygadas’s Top 10","Carlos Reygadas","carlosreygadas","False","[""Director"", ""Producer"", ""Writer""]","[""https://www.criterion.com/current/top-10-lists/364-carlos-reygadas-s-top-10""]","","2019-08-12","https://www.criterion.com/current/top-10-lists/364-carlos-reygadas-s-top-10",""
"top10:363","top10","Dennis Lim’s Top 10","Dennis Lim","dennislim","False","[""Director"", ""Writer""]","[""https://www.criterion.com/current/top-10-lists/363-dennis-lim-s-top-10""]","","2019-07-25","https://www.criterion.com/current/top-10-lists/363-dennis-lim-s-top-10",""
"top10:361","top10","Jeremy Workman’s Top 10","Jeremy Workman","jeremyworkman","False","[""Director"", ""Editor""]","[""https://www.criterion.com/current/top-10-lists/361-jeremy-workman-s-top-10""]","","2019-06-19","https://www.criterion.com/current/top-10-lists/361-jeremy-workman-s-top-10",""
"top10:360","top10","Brian Raftery’s Top 10","Brian Raftery","brianraftery","False","[""Critic / journalist"", ""Writer""]","[""https://www.criterion.com/current/top-10-lists/360-brian-raftery-s-top-10""]","","2019-06-03","https://www.criterion.com/current/top-10-lists/360-brian-raftery-s-top-10",""
"top10:359","top10","Beak>’s Top 10","Beak>","beak","True","[]","[""https://www.criterion.com/current/top-10-lists/359-beak-s-top-10""]","","2019-05-01","https://www.criterion.com/current/top-10-lists/359-beak-s-top-10",""
"top10:358","top10","Michael Imperioli’s Top 10","Michael Imperioli","michaelimperioli","False","[""Actor"", ""Director"", ""Writer""]","[""https://www.criterion.com/current/top-10-lists/358-michael-imperioli-s-top-10""]","","2019-04-18","https://www.criterion.com/current/top-10-lists/358-michael-imperioli-s-top-10",""
"top10:357","top10","Lev Kalman’s Top 10","Lev Kalman","levkalman","False","[""Director""]","[""https://www.criterion.com/current/top-10-lists/357-lev-kalman-s-top-10""]","","2019-03-08","https://www.criterion.com/current/top-10-lists/357-lev-kalman-s-top-10",""
"top10:356","top10","Christophe Honoré’s Top 10","Christophe Honoré","christophehonore","False","[""Director"", ""Writer""]","[""https://www.criterion.com/current/top-10-lists/356-christophe-honore-s-top-10""]","","2019-02-27","https://www.criterion.com/current/top-10-lists/356-christophe-honore-s-top-10",""
"top10:355","top10","Raúl Castillo’s Top 10","Raúl Castillo","raulcastillo","False","[""Actor""]","[""https://letterboxd.com/closetpicks/list/raul-castillos-criterion-closet-picks/"", ""https://www.criterion.com/current/top-10-lists/355-raul-castillo-s-top-10"", ""https://www.criterion.com/shop/collection/561-raul-castillo-s-closet-picks""]","","2019-02-08","https://www.criterion.com/current/top-10-lists/355-raul-castillo-s-top-10",""
"top10:353","top10","Karyn Kusama’s Top 10","Karyn Kusama","karynkusama","False","[""Director"", ""Writer""]","[""https://letterboxd.com/closetpicks/list/karyn-kusamas-criterion-closet-picks/"", ""https://www.criterion.com/shop/collection/789-karyn-kusama-s-closet-picks""]","","2019-01-28","https://www.criterion.com/current/top-10-lists/353-karyn-kusama-s-top-10",""
"top10:352","top10","Paweł Pawlikowski’s Top 10","Paweł Pawlikowski","pawełpawlikowski","False","[""Director"", ""Writer""]","[""https://www.criterion.com/current/top-10-lists/352-pawel-pawlikowski-s-top-10""]","","2018-12-31","https://www.criterion.com/current/top-10-lists/352-pawel-pawlikowski-s-top-10",""
"top10:350","top10","​Jon Dieringer’s Top 10","Jon Dieringer","jondieringer","False","[""Director"", ""Other""]","[""https://www.criterion.com/current/top-10-lists/350--jon-dieringer-s-top-10""]","","2018-12-04","https://www.criterion.com/current/top-10-lists/350--jon-dieringer-s-top-10",""
"top10:349","top10","Alice Rohrwacher’s Top 10","Alice Rohrwacher","alicerohrwacher","False","[""Director"", ""Editor"", ""Musician""]","[""https://www.criterion.com/current/top-10-lists/349-alice-rohrwacher-s-top-10""]","","2018-12-03","https://www.criterion.com/current/top-10-lists/349-alice-rohrwacher-s-top-10",""
"top10:348","top10","Ali Abbasi’s Top 10","Ali Abbasi","aliabbasi","False","[""Director""]","[""https://www.criterion.com/current/top-10-lists/348-ali-abbasi-s-top-10""]","","2018-11-12","https://www.criterion.com/current/top-10-lists/348-ali-abbasi-s-top-10",""
"top10:347","top10","Steven Yeun’s Top 10","Steven Yeun","stevenyeun","False","[""Actor""]","[""https://www.criterion.com/current/top-10-lists/347-steven-yeun-s-top-10""]","","2018-10-24","https://www.criterion.com/current/top-10-lists/347-steven-yeun-s-top-10",""
"top10:346","top10","John Grant’s Top 10","John Grant","johngrant","False","[""Musician""]","[""https://www.criterion.com/current/top-10-lists/346-john-grant-s-top-10""]","","2018-10-15","https://www.criterion.com/current/top-10-lists/346-john-grant-s-top-10",""
"top10:345","top10","Hari Nef’s Top 10","Hari Nef","harinef","False","[""Actor""]","[""https://letterboxd.com/closetpicks/list/hari-nefs-criterion-closet-picks/"", ""https://www.criterion.com/current/top-10-lists/345-hari-nef-s-top-10"", ""https://www.criterion.com/shop/collection/594-hari-nef-s-closet-picks""]","","2018-09-26","https://www.criterion.com/current/top-10-lists/345-hari-nef-s-top-10",""
"top10:343","top10","Jeremiah Zagar’s Top 10","Jeremiah Zagar","jeremiahzagar","False","[""Director""]","[""https://www.criterion.com/current/top-10-lists/343-jeremiah-zagar-s-top-10""]","","2018-08-29","https://www.criterion.com/current/top-10-lists/343-jeremiah-zagar-s-top-10",""
"top10:341","top10","Alan Rudolph’s Top 10","Alan Rudolph","alanrudolph","False","[""Director""]","[""https://www.criterion.com/current/top-10-lists/341-alan-rudolph-s-top-10""]","","2018-07-18","https://www.criterion.com/current/top-10-lists/341-alan-rudolph-s-top-10",""
"top10:340","top10","David and Nathan Zellner’s Top 10","David and Nathan Zellner","davidandnathanzellner","True","[]","[""https://www.criterion.com/current/top-10-lists/340-david-and-nathan-zellner-s-top-10""]","","2018-06-27","https://www.criterion.com/current/top-10-lists/340-david-and-nathan-zellner-s-top-10",""
"top10:339","top10","Ari Aster’s Top 10","Ari Aster","ariaster","False","[""Director""]","[""https://letterboxd.com/closetpicks/list/ari-asters-criterion-closet-picks/"", ""https://www.criterion.com/shop/collection/544-ari-aster-s-closet-picks-2023"", ""https://www.criterion.com/shop/collection/856-ari-aster-s-closet-picks""]","","2018-06-13","https://www.criterion.com/current/top-10-lists/339-ari-aster-s-top-10",""
"top10:338","top10","Sloane Crosley’s Top 10","Sloane Crosley","sloanecrosley","False","[""Writer""]","[""https://www.criterion.com/current/top-10-lists/338-sloane-crosley-s-top-10""]","","2018-05-25","https://www.criterion.com/current/top-10-lists/338-sloane-crosley-s-top-10",""
"top10:331","top10","Sebastián Lelio’s Top 10","Sebastián Lelio","sebastianlelio","False","[""Director""]","[""https://www.criterion.com/current/top-10-lists/331-sebastian-lelio-s-top-10""]","","2018-05-03","https://www.criterion.com/current/top-10-lists/331-sebastian-lelio-s-top-10",""
"top10:332","top10","Barry Levinson’s Top 10","Barry Levinson","barrylevinson","False","[""Director"", ""Producer"", ""Writer""]","[""https://letterboxd.com/closetpicks/list/barry-levinsons-criterion-closet-picks/"", ""https://www.criterion.com/current/top-10-lists/332-barry-levinson-s-top-10"", ""https://www.criterion.com/shop/collection/475-barry-levinson-s-closet-picks""]","","2018-04-02","https://www.criterion.com/current/top-10-lists/332-barry-levinson-s-top-10",""
"top10:335","top10","Jessica Morgan’s Top 10","Jessica Morgan","jessicamorgan","False","[""Writer""]","[""https://www.criterion.com/current/top-10-lists/335-jessica-morgan-s-top-10""]","","2018-02-01","https://www.criterion.com/current/top-10-lists/335-jessica-morgan-s-top-10",""
"top10:334","top10","Ruben Östlund’s Top 10","Ruben Östlund","rubenostlund","False","[""Director"", ""Writer""]","[""https://letterboxd.com/closetpicks/list/ruben-ostlunds-criterion-closet-picks/"", ""https://www.criterion.com/current/top-10-lists/334-ruben-ostlund-s-top-10"", ""https://www.criterion.com/shop/collection/608-ruben-ostlund-s-closet-picks""]","","2017-12-21","https://www.criterion.com/current/top-10-lists/334-ruben-ostlund-s-top-10",""
"top10:322","top10","Tracy Letts’s Top 10","Tracy Letts","tracyletts","False","[""Actor"", ""Writer""]","[""https://letterboxd.com/closetpicks/list/tracy-letts-criterion-closet-picks/"", ""https://www.criterion.com/current/top-10-lists/322-tracy-letts-s-top-10"", ""https://www.criterion.com/shop/collection/879-tracy-letts-s-closet-picks""]","","2017-11-29","https://www.criterion.com/current/top-10-lists/322-tracy-letts-s-top-10",""
"top10:337","top10","Jonas Carpignano’s Top 10","Jonas Carpignano","jonascarpignano","False","[""Director""]","[""https://www.criterion.com/current/top-10-lists/337-jonas-carpignano-s-top-10""]","","2017-10-26","https://www.criterion.com/current/top-10-lists/337-jonas-carpignano-s-top-10",""
"top10:321","top10","Stephen Cone’s Top 10","Stephen Cone","stephencone","False","[""Director""]","[""https://www.criterion.com/current/top-10-lists/321-stephen-cone-s-top-10""]","","2017-10-24","https://www.criterion.com/current/top-10-lists/321-stephen-cone-s-top-10",""
"top10:320","top10","Connor Jessup’s Top 10","Connor Jessup","connorjessup","False","[""Actor"", ""Director""]","[""https://www.criterion.com/current/top-10-lists/320-connor-jessup-s-top-10""]","","2017-09-11","https://www.criterion.com/current/top-10-lists/320-connor-jessup-s-top-10",""
"top10:333","top10","Christopher Radcliff and Lauren Wolkstein’s Top 10","Christopher Radcliff and Lauren Wolkstein","christopherradcliffandlaurenwolkstein","True","[]","[""https://www.criterion.com/current/top-10-lists/333-christopher-radcliff-and-lauren-wolkstein-s-top-10""]","","2017-09-07","https://www.criterion.com/current/top-10-lists/333-christopher-radcliff-and-lauren-wolkstein-s-top-10",""
"top10:319","top10","Doug Nichol’s Top 10","Doug Nichol","dougnichol","False","[""Cinematographer"", ""Director""]","[""https://www.criterion.com/current/top-10-lists/319-doug-nichol-s-top-10""]","","2017-09-01","https://www.criterion.com/current/top-10-lists/319-doug-nichol-s-top-10",""
"top10:318","top10","Janicza Bravo’s Top 10","Janicza Bravo","janiczabravo","False","[""Director"", ""Writer""]","[""https://www.criterion.com/current/top-10-lists/318-janicza-bravo-s-top-10""]","","2017-08-25","https://www.criterion.com/current/top-10-lists/318-janicza-bravo-s-top-10",""
"top10:317","top10","Dustin Guy Defa’s Top 10","Dustin Guy Defa","dustinguydefa","False","[""Director""]","[""https://letterboxd.com/closetpicks/list/dustin-guy-defas-criterion-closet-picks/""]","","2017-08-02","https://www.criterion.com/current/top-10-lists/317-dustin-guy-defa-s-top-10",""
"top10:316","top10","Joshua Z Weinstein’s Top 10","Joshua Z Weinstein","joshuazweinstein","False","[""Cinematographer"", ""Director""]","[""https://www.criterion.com/current/top-10-lists/316-joshua-z-weinstein-s-top-10""]","","2017-07-25","https://www.criterion.com/current/top-10-lists/316-joshua-z-weinstein-s-top-10",""
"top10:315","top10","Alison Maclean’s Top 10","Alison Maclean","alisonmaclean","False","[""Director""]","[""https://www.criterion.com/current/top-10-lists/315-alison-maclean-s-top-10""]","","2017-07-07","https://www.criterion.com/current/top-10-lists/315-alison-maclean-s-top-10",""
"top10:314","top10","Jennifer Reeder’s Top 10","Jennifer Reeder","jenniferreeder","False","[""Director""]","[""https://www.criterion.com/current/top-10-lists/314-jennifer-reeder-s-top-10""]","","2017-06-14","https://www.criterion.com/current/top-10-lists/314-jennifer-reeder-s-top-10",""
"top10:313","top10","Rodarte’s Top 10","Rodarte","rodarte","True","[]","[]","","2017-05-22","https://www.criterion.com/current/top-10-lists/313-rodarte-s-top-10",""
"top10:312","top10","Pat Healy’s Top 10","Pat Healy","pathealy","False","[""Actor""]","[""https://www.criterion.com/current/top-10-lists/312-pat-healy-s-top-10""]","","2017-05-19","https://www.criterion.com/current/top-10-lists/312-pat-healy-s-top-10",""
"top10:311","top10","Steve Gunn’s Top 10","Steve Gunn","stevegunn","False","[""Musician""]","[""https://www.criterion.com/current/top-10-lists/311-steve-gunn-s-top-10""]","","2017-05-11","https://www.criterion.com/current/top-10-lists/311-steve-gunn-s-top-10",""
"top10:310","top10","Nathan Silver’s Top 10","Nathan Silver","nathansilver","False","[""Director"", ""Writer""]","[""https://www.criterion.com/current/top-10-lists/310-nathan-silver-s-top-10""]","","2017-04-21","https://www.criterion.com/current/top-10-lists/310-nathan-silver-s-top-10",""
"top10:309","top10","Zach Braff’s Top 10","Zach Braff","zachbraff","False","[""Actor"", ""Director"", ""Producer"", ""Writer""]","[""https://www.criterion.com/current/top-10-lists/309-zach-braff-s-top-10""]","","2017-04-14","https://www.criterion.com/current/top-10-lists/309-zach-braff-s-top-10",""
"top10:308","top10","Barnaby Clay’s Top 10","Barnaby Clay","barnabyclay","False","[""Director""]","[""https://www.criterion.com/current/top-10-lists/308-barnaby-clay-s-top-10""]","","2017-04-07","https://www.criterion.com/current/top-10-lists/308-barnaby-clay-s-top-10",""
"top10:307","top10","Bill Condon’s Top 10","Bill Condon","billcondon","False","[""Director"", ""Writer""]","[""https://www.criterion.com/current/top-10-lists/307-bill-condon-s-top-10""]","","2017-03-16","https://www.criterion.com/current/top-10-lists/307-bill-condon-s-top-10",""
"top10:306","top10","Mike Portnoy’s Top 10","Mike Portnoy","mikeportnoy","False","[""Musician""]","[""https://www.criterion.com/current/top-10-lists/306-mike-portnoy-s-top-10""]","","2017-02-27","https://www.criterion.com/current/top-10-lists/306-mike-portnoy-s-top-10",""
"top10:305","top10","Ken Jennings’s Top 10","Ken Jennings","kenjennings","False","[""Writer""]","[""https://www.criterion.com/current/top-10-lists/305-ken-jennings-s-top-10""]","","2017-01-27","https://www.criterion.com/current/top-10-lists/305-ken-jennings-s-top-10",""
"top10:304","top10","Dana Calvo’s Top 10","Dana Calvo","danacalvo","False","[""Critic / journalist"", ""Producer""]","[""https://www.criterion.com/current/top-10-lists/304-dana-calvo-s-top-10""]","","2017-01-09","https://www.criterion.com/current/top-10-lists/304-dana-calvo-s-top-10",""
"top10:303","top10","Clea DuVall’s Top 10","Clea DuVall","cleaduvall","False","[""Actor""]","[""https://www.criterion.com/current/top-10-lists/303-clea-duvall-s-top-10""]","","2016-12-09","https://www.criterion.com/current/top-10-lists/303-clea-duvall-s-top-10",""
"top10:302","top10","Alton Brown’s Top 10","Alton Brown","altonbrown","False","[""Director"", ""Host / presenter""]","[""https://www.criterion.com/current/top-10-lists/302-alton-brown-s-top-10""]","","2016-11-10","https://www.criterion.com/current/top-10-lists/302-alton-brown-s-top-10",""
"top10:301","top10","Zach Clark’s Top 10","Zach Clark","zachclark","False","[""Director"", ""Editor"", ""Writer""]","[""https://letterboxd.com/closetpicks/list/zach-clarks-criterion-closet-picks/"", ""https://www.criterion.com/current/top-10-lists/301-zach-clark-s-top-10""]","","2016-10-27","https://www.criterion.com/current/top-10-lists/301-zach-clark-s-top-10",""
"top10:300","top10","Terence Nance’s Top 10","Terence Nance","terencenance","False","[""Director""]","[""https://www.criterion.com/current/top-10-lists/300-terence-nance-s-top-10""]","","2016-10-17","https://www.criterion.com/current/top-10-lists/300-terence-nance-s-top-10",""
"top10:299","top10","Amy Fine Collins’s Top 10","Amy Fine Collins","amyfinecollins","False","[""Critic / journalist"", ""Writer""]","[""https://www.criterion.com/current/top-10-lists/299-amy-fine-collins-s-top-10""]","","2016-09-30","https://www.criterion.com/current/top-10-lists/299-amy-fine-collins-s-top-10",""
"top10:298","top10","Young Jean Lee’s Top 10","Young Jean Lee","youngjeanlee","False","[""Director"", ""Writer""]","[""https://www.criterion.com/current/top-10-lists/298-young-jean-lee-s-top-10""]","","2016-09-23","https://www.criterion.com/current/top-10-lists/298-young-jean-lee-s-top-10",""
"top10:297","top10","Jenni Olson’s Top 10","Jenni Olson","jenniolson","False","[""Critic / journalist"", ""Director"", ""Writer""]","[""https://letterboxd.com/closetpicks/list/jenni-olsons-criterion-closet-picks/"", ""https://www.criterion.com/current/top-10-lists/297-jenni-olson-s-top-10"", ""https://www.criterion.com/shop/collection/430-jenni-olson-s-closet-picks""]","","2016-09-07","https://www.criterion.com/current/top-10-lists/297-jenni-olson-s-top-10",""
"top10:296","top10","Illeana Douglas’s Top 10","Illeana Douglas","illeanadouglas","False","[""Actor"", ""Director"", ""Writer""]","[""https://www.criterion.com/current/top-10-lists/296-illeana-douglas-s-top-10""]","","2016-09-01","https://www.criterion.com/current/top-10-lists/296-illeana-douglas-s-top-10",""
"top10:295","top10","Tunde Adebimpe’s Top 10","Tunde Adebimpe","tundeadebimpe","False","[""Actor"", ""Musician""]","[""https://letterboxd.com/closetpicks/list/tunde-adebimpes-criterion-closet-picks/"", ""https://www.criterion.com/current/top-10-lists/295-tunde-adebimpe-s-top-10"", ""https://www.criterion.com/shop/collection/848-tunde-adebimpe-s-closet-picks""]","","2016-08-25","https://www.criterion.com/current/top-10-lists/295-tunde-adebimpe-s-top-10",""
"top10:294","top10","Andrew Ahn’s Top 10","Andrew Ahn","andrewahn","False","[""Director""]","[""https://www.criterion.com/current/top-10-lists/294-andrew-ahn-s-top-10""]","","2016-08-19","https://www.criterion.com/current/top-10-lists/294-andrew-ahn-s-top-10",""
"top10:293","top10","Douglas Hart’s Top 10","Douglas Hart","douglashart","False","[""Director""]","[""https://www.criterion.com/current/top-10-lists/293-douglas-hart-s-top-10""]","","2016-08-04","https://www.criterion.com/current/top-10-lists/293-douglas-hart-s-top-10",""
"top10:292","top10","Megan Abbott’s Top 10","Megan Abbott","meganabbott","False","[""Writer""]","[""https://www.criterion.com/current/top-10-lists/292-megan-abbott-s-top-10""]","","2016-07-26","https://www.criterion.com/current/top-10-lists/292-megan-abbott-s-top-10",""
"top10:291","top10","Duncan Hannah’s Top 10","Duncan Hannah","duncanhannah","False","[""Artist / designer""]","[""https://www.criterion.com/current/top-10-lists/291-duncan-hannah-s-top-10""]","","2016-07-20","https://www.criterion.com/current/top-10-lists/291-duncan-hannah-s-top-10",""
"top10:290","top10","Mogwai’s Top 10","Mogwai","mogwai","True","[]","[]","","2016-07-13","https://www.criterion.com/current/top-10-lists/290-mogwai-s-top-10",""
"top10:289","top10","Alan Arkin’s Top 10","Alan Arkin","alanarkin","False","[""Actor"", ""Director"", ""Musician"", ""Writer""]","[""https://www.criterion.com/current/top-10-lists/289-alan-arkin-s-top-10""]","","2016-07-06","https://www.criterion.com/current/top-10-lists/289-alan-arkin-s-top-10",""
"top10:288","top10","Anna Sui’s Top 10","Anna Sui","annasui","False","[""Artist / designer""]","[""https://www.criterion.com/current/top-10-lists/288-anna-sui-s-top-10""]","","2016-06-30","https://www.criterion.com/current/top-10-lists/288-anna-sui-s-top-10",""
"top10:287","top10","Richard Hell’s Top 10","Richard Hell","richardhell","False","[""Critic / journalist"", ""Musician"", ""Writer""]","[""https://www.criterion.com/current/top-10-lists/287-richard-hell-s-top-10""]","","2016-05-31","https://www.criterion.com/current/top-10-lists/287-richard-hell-s-top-10",""
"top10:336","top10","Aaron Katz's Top 10","Aaron Katz","aaronkatz","False","[""Director"", ""Writer""]","[""https://www.criterion.com/current/top-10-lists/336-aaron-katz-s-top-10""]","","2016-05-11","https://www.criterion.com/current/top-10-lists/336-aaron-katz-s-top-10",""
"top10:286","top10","Bret Easton Ellis’s Top 10","Bret Easton Ellis","breteastonellis","False","[""Writer""]","[""https://www.criterion.com/current/top-10-lists/286-bret-easton-ellis-s-top-10""]","","2016-04-27","https://www.criterion.com/current/top-10-lists/286-bret-easton-ellis-s-top-10",""
"top10:285","top10","Julia Cafritz’s Top 10","Julia Cafritz","juliacafritz","False","[""Musician""]","[""https://www.criterion.com/current/top-10-lists/285-julia-cafritz-s-top-10""]","","2016-03-31","https://www.criterion.com/current/top-10-lists/285-julia-cafritz-s-top-10",""
"top10:284","top10","Meg Baird’s Top 10","Meg Baird","megbaird","False","[""Musician""]","[""https://www.criterion.com/current/top-10-lists/284-meg-baird-s-top-10""]","","2016-03-18","https://www.criterion.com/current/top-10-lists/284-meg-baird-s-top-10",""
"top10:251","top10","Paul Schneider’s Top 10","Paul Schneider","paulschneider","False","[""Actor"", ""Director"", ""Writer""]","[""https://www.criterion.com/current/top-10-lists/251-paul-schneider-s-top-10""]","","2016-02-25","https://www.criterion.com/current/top-10-lists/251-paul-schneider-s-top-10",""
"top10:250","top10","Laura Mulvey’s Top 10","Laura Mulvey","lauramulvey","False","[""Other"", ""Writer""]","[""https://www.criterion.com/current/top-10-lists/250-laura-mulvey-s-top-10""]","","2016-01-29","https://www.criterion.com/current/top-10-lists/250-laura-mulvey-s-top-10",""
"top10:249","top10","Reggie Watts’s Top 10","Reggie Watts","reggiewatts","False","[""Comedian"", ""Musician""]","[""https://www.criterion.com/current/top-10-lists/249-reggie-watts-s-top-10""]","","2015-12-30","https://www.criterion.com/current/top-10-lists/249-reggie-watts-s-top-10",""
"top10:247","top10","Ana Lily Amirpour’s Top 10","Ana Lily Amirpour","analilyamirpour","False","[""Actor"", ""Director"", ""Producer"", ""Writer""]","[""https://www.criterion.com/current/top-10-lists/247-ana-lily-amirpour-s-top-10""]","","2015-11-30","https://www.criterion.com/current/top-10-lists/247-ana-lily-amirpour-s-top-10",""
"top10:246","top10","Matthew Weiner’s Top 10","Matthew Weiner","matthewweiner","False","[""Producer"", ""Writer""]","[""https://www.criterion.com/current/top-10-lists/246-matthew-weiner-s-top-10""]","","2015-10-29","https://www.criterion.com/current/top-10-lists/246-matthew-weiner-s-top-10",""
"top10:245","top10","Bruce Beresford’s Top 10","Bruce Beresford","bruceberesford","False","[""Director""]","[""https://www.criterion.com/current/top-10-lists/245-bruce-beresford-s-top-10""]","","2015-09-29","https://www.criterion.com/current/top-10-lists/245-bruce-beresford-s-top-10",""
"top10:244","top10","Keith Gordon’s Top 10","Keith Gordon","keithgordon","False","[""Director""]","[""https://www.criterion.com/current/top-10-lists/244-keith-gordon-s-top-10""]","","2015-08-26","https://www.criterion.com/current/top-10-lists/244-keith-gordon-s-top-10",""
"top10:243","top10","Troy Miller’s Top 10","Troy Miller","troymiller","False","[""Director"", ""Producer""]","[""https://www.criterion.com/current/top-10-lists/243-troy-miller-s-top-10""]","","2015-07-30","https://www.criterion.com/current/top-10-lists/243-troy-miller-s-top-10",""
"top10:242","top10","Sean Baker’s Top 10","Sean Baker","seanbaker","False","[""Cinematographer"", ""Director"", ""Editor"", ""Writer""]","[""https://letterboxd.com/closetpicks/list/sean-bakers-criterion-closet-picks/"", ""https://www.criterion.com/current/top-10-lists/242-sean-baker-s-top-10"", ""https://www.criterion.com/shop/collection/458-sean-baker-s-closet-picks""]","","2015-07-10","https://www.criterion.com/current/top-10-lists/242-sean-baker-s-top-10",""
"top10:241","top10","Annie Baker’s Top 10","Annie Baker","anniebaker","False","[""Writer""]","[""https://www.criterion.com/current/top-10-lists/241-annie-baker-s-top-10""]","","2015-06-30","https://www.criterion.com/current/top-10-lists/241-annie-baker-s-top-10",""
"top10:240","top10","André Gregory and Wallace Shawn’s Top 10","André Gregory and Wallace Shawn","andregregoryandwallaceshawn","True","[]","[""https://www.criterion.com/current/top-10-lists/240-andre-gregory-and-wallace-shawn-s-top-10""]","","2015-06-25","https://www.criterion.com/current/top-10-lists/240-andre-gregory-and-wallace-shawn-s-top-10",""
"top10:238","top10","Josh and Benny Safdie’s Top 10","Josh and Benny Safdie","joshandbennysafdie","True","[]","[""https://www.criterion.com/current/top-10-lists/238-josh-and-benny-safdie-s-top-10""]","","2015-05-29","https://www.criterion.com/current/top-10-lists/238-josh-and-benny-safdie-s-top-10",""
"top10:237","top10","Olivier Assayas’s Top 10","Olivier Assayas","olivierassayas","False","[""Director""]","[""https://www.criterion.com/current/top-10-lists/237-olivier-assayas-s-top-10""]","","2015-05-29","https://www.criterion.com/current/top-10-lists/237-olivier-assayas-s-top-10",""
"top10:236","top10","Mark Cousins’s Top 10","Mark Cousins","markcousins","False","[""Critic / journalist"", ""Director""]","[""https://www.criterion.com/current/top-10-lists/236-mark-cousins-s-top-10""]","","2015-04-29","https://www.criterion.com/current/top-10-lists/236-mark-cousins-s-top-10",""
"top10:235","top10","Jesse Malin’s Top 10","Jesse Malin","jessemalin","False","[""Musician""]","[""https://www.criterion.com/current/top-10-lists/235-jesse-malin-s-top-10""]","","2015-03-31","https://www.criterion.com/current/top-10-lists/235-jesse-malin-s-top-10",""
"top10:234","top10","Ben Wheatley’s Top 10","Ben Wheatley","benwheatley","False","[""Director""]","[""https://letterboxd.com/closetpicks/list/ben-wheatleys-criterion-closet-picks/"", ""https://www.criterion.com/current/top-10-lists/234-ben-wheatley-s-top-10"", ""https://www.criterion.com/shop/collection/471-ben-wheatley-s-closet-picks""]","","2015-02-26","https://www.criterion.com/current/top-10-lists/234-ben-wheatley-s-top-10",""
"top10:233","top10","Atom Egoyan’s Top 10","Atom Egoyan","atomegoyan","False","[""Director"", ""Writer""]","[""https://letterboxd.com/closetpicks/list/atom-egoyans-criterion-closet-picks-1/"", ""https://letterboxd.com/closetpicks/list/atom-egoyans-criterion-closet-picks/"", ""https://www.criterion.com/current/top-10-lists/233-atom-egoyan-s-top-10"", ""https://www.criterion.com/shop/collection/780-atom-egoyan-s-closet-picks""]","","2015-01-28","https://www.criterion.com/current/top-10-lists/233-atom-egoyan-s-top-10",""
"top10:232","top10","Dick Cavett’s Top 10","Dick Cavett","dickcavett","False","[""Comedian"", ""Host / presenter""]","[""https://letterboxd.com/closetpicks/list/dick-cavetts-criterion-closet-picks/"", ""https://www.criterion.com/shop/collection/841-dick-cavett-s-closet-picks""]","","2014-12-18","https://www.criterion.com/current/top-10-lists/232-dick-cavett-s-top-10",""
"top10:229","top10","Marc Maron’s Top 10","Marc Maron","marcmaron","False","[""Actor"", ""Comedian"", ""Host / presenter"", ""Writer""]","[""https://letterboxd.com/closetpicks/list/marc-marons-criterion-closet-picks/"", ""https://www.criterion.com/current/top-10-lists/229-marc-maron-s-top-10"", ""https://www.criterion.com/shop/collection/509-marc-maron-s-closet-picks""]","","2014-11-25","https://www.criterion.com/current/top-10-lists/229-marc-maron-s-top-10",""
"top10:227","top10","Robert Greene’s Top 10","Robert Greene","robertgreene","False","[""Actor"", ""Director"", ""Editor""]","[""https://www.criterion.com/current/top-10-lists/227-robert-greene-s-top-10""]","","2014-11-06","https://www.criterion.com/current/top-10-lists/227-robert-greene-s-top-10",""
"top10:226","top10","Alex Ross Perry’s Top 10","Alex Ross Perry","alexrossperry","False","[""Director""]","[""https://www.criterion.com/current/top-10-lists/226-alex-ross-perry-s-top-10""]","","2014-10-23","https://www.criterion.com/current/top-10-lists/226-alex-ross-perry-s-top-10",""
"top10:225","top10","Don Hertzfeldt’s Top 10","Don Hertzfeldt","donhertzfeldt","False","[""Director""]","[""https://www.criterion.com/current/top-10-lists/225-don-hertzfeldt-s-top-10""]","","2014-10-22","https://www.criterion.com/current/top-10-lists/225-don-hertzfeldt-s-top-10",""
"top10:224","top10","Will Oldham’s Top 10","Will Oldham","willoldham","False","[""Actor"", ""Musician""]","[""https://www.criterion.com/current/top-10-lists/224-will-oldham-s-top-10""]","","2014-09-30","https://www.criterion.com/current/top-10-lists/224-will-oldham-s-top-10",""
"top10:223","top10","Austin Garrick’s Top 10","Austin Garrick","austingarrick","False","[""Musician"", ""Producer""]","[""https://www.criterion.com/current/top-10-lists/223-austin-garrick-s-top-10""]","","2014-09-29","https://www.criterion.com/current/top-10-lists/223-austin-garrick-s-top-10",""
"top10:222","top10","Hossein Amini’s Top 10","Hossein Amini","hosseinamini","False","[""Director"", ""Writer""]","[""https://www.criterion.com/current/top-10-lists/222-hossein-amini-s-top-10""]","","2014-08-21","https://www.criterion.com/current/top-10-lists/222-hossein-amini-s-top-10",""
"top10:221","top10","Mary Ellen Mark’s Top 10","Mary Ellen Mark","maryellenmark","False","[""Artist / designer""]","[""https://www.criterion.com/current/top-10-lists/221-mary-ellen-mark-s-top-10""]","","2014-07-31","https://www.criterion.com/current/top-10-lists/221-mary-ellen-mark-s-top-10",""
"top10:219","top10","KK Barrett’s Top 10","KK Barrett","kkbarrett","False","[""Artist / designer""]","[""https://www.criterion.com/current/top-10-lists/219-kk-barrett-s-top-10""]","","2014-06-26","https://www.criterion.com/current/top-10-lists/219-kk-barrett-s-top-10",""
"top10:218","top10","Christopher Hobbs’s Top 10","Christopher Hobbs","christopherhobbs","False","[""Artist / designer""]","[""https://www.criterion.com/current/top-10-lists/218-christopher-hobbs-s-top-10""]","","2014-05-29","https://www.criterion.com/current/top-10-lists/218-christopher-hobbs-s-top-10",""
"top10:217","top10","James Schamus’s Top 10","James Schamus","jamesschamus","False","[""Producer"", ""Writer""]","[""https://www.criterion.com/current/top-10-lists/217-james-schamus-s-top-10""]","","2014-04-24","https://www.criterion.com/current/top-10-lists/217-james-schamus-s-top-10",""
"top10:215","top10","Tim Forbes’s Top 10","Tim Forbes","timforbes","False","[""Producer"", ""Writer""]","[""https://www.criterion.com/current/top-10-lists/215-tim-forbes-s-top-10""]","","2014-01-31","https://www.criterion.com/current/top-10-lists/215-tim-forbes-s-top-10",""
"top10:214","top10","Martin Scorsese’s Top 10","Martin Scorsese","martinscorsese","False","[""Director""]","[""https://www.criterion.com/current/top-10-lists/214-martin-scorsese-s-top-10""]","","2014-01-29","https://www.criterion.com/current/top-10-lists/214-martin-scorsese-s-top-10",""
"top10:213","top10","Stella Mozgawa’s Top 10","Stella Mozgawa","stellamozgawa","False","[""Musician""]","[""https://www.criterion.com/current/top-10-lists/213-stella-mozgawa-s-top-10""]","","2014-01-23","https://www.criterion.com/current/top-10-lists/213-stella-mozgawa-s-top-10",""
"top10:212","top10","Bong Joon-ho’s Top 10","Bong Joon-ho","bongjoonho","False","[""Director"", ""Host / presenter"", ""Writer""]","[""https://letterboxd.com/closetpicks/list/bong-joon-hos-criterion-closet-picks/"", ""https://www.criterion.com/current/top-10-lists/212-bong-joon-ho-s-top-10"", ""https://www.criterion.com/shop/collection/530-bong-joon-ho-s-closet-picks""]","","2013-12-18","https://www.criterion.com/current/top-10-lists/212-bong-joon-ho-s-top-10",""
"top10:211","top10","Geoff Dyer’s Top 10","Geoff Dyer","geoffdyer","False","[""Writer""]","[""https://www.criterion.com/current/top-10-lists/211-geoff-dyer-s-top-10""]","","2013-11-26","https://www.criterion.com/current/top-10-lists/211-geoff-dyer-s-top-10",""
"top10:209","top10","Kim Newman’s Top 10","Kim Newman","kimnewman","False","[""Critic / journalist"", ""Writer""]","[""https://www.criterion.com/current/top-10-lists/209-kim-newman-s-top-10""]","","2013-10-25","https://www.criterion.com/current/top-10-lists/209-kim-newman-s-top-10",""
"top10:208","top10","Jonathan Caouette’s Top 10","Jonathan Caouette","jonathancaouette","False","[""Director""]","[""https://www.criterion.com/current/top-10-lists/208-jonathan-caouette-s-top-10""]","","2013-10-22","https://www.criterion.com/current/top-10-lists/208-jonathan-caouette-s-top-10",""
"top10:207","top10","Daniel Lopatin’s Top 10","Daniel Lopatin","daniellopatin","False","[""Musician""]","[""https://www.criterion.com/current/top-10-lists/207-daniel-lopatin-s-top-10""]","","2013-10-04","https://www.criterion.com/current/top-10-lists/207-daniel-lopatin-s-top-10",""
"top10:206","top10","Keegan McHargue’s Top 10","Keegan McHargue","keeganmchargue","False","[""Artist / designer""]","[""https://www.criterion.com/current/top-10-lists/206-keegan-mchargue-s-top-10""]","","2013-09-30","https://www.criterion.com/current/top-10-lists/206-keegan-mchargue-s-top-10",""
"top10:205","top10","Donald Fagen’s Top 10","Donald Fagen","donaldfagen","False","[""Musician""]","[""https://www.criterion.com/current/top-10-lists/205-donald-fagen-s-top-10""]","","2013-09-26","https://www.criterion.com/current/top-10-lists/205-donald-fagen-s-top-10",""
"top10:204","top10","Kazu Kibuishi’s Top 10","Kazu Kibuishi","kazukibuishi","False","[""Artist / designer"", ""Editor"", ""Writer""]","[""https://www.criterion.com/current/top-10-lists/204-kazu-kibuishi-s-top-10""]","","2013-08-29","https://www.criterion.com/current/top-10-lists/204-kazu-kibuishi-s-top-10",""
"top10:202","top10","Zola Jesus’s Top 10","Zola Jesus","zolajesus","False","[""Musician""]","[""https://www.criterion.com/current/top-10-lists/202-zola-jesus-s-top-10""]","","2013-08-06","https://www.criterion.com/current/top-10-lists/202-zola-jesus-s-top-10",""
"top10:201","top10","Roger Corman’s Top 10","Roger Corman","rogercorman","False","[""Director"", ""Producer""]","[""https://letterboxd.com/closetpicks/list/roger-cormans-criterion-closet-picks/"", ""https://www.criterion.com/current/top-10-lists/201-roger-corman-s-top-10"", ""https://www.criterion.com/shop/collection/584-roger-corman-s-closet-picks""]","","2013-07-30","https://www.criterion.com/current/top-10-lists/201-roger-corman-s-top-10",""
"top10:199","top10","Lena Dunham’s Top 10","Lena Dunham","lenadunham","False","[""Actor"", ""Director"", ""Writer""]","[""https://letterboxd.com/closetpicks/list/lena-dunhams-criterion-closet-picks/"", ""https://www.criterion.com/current/top-10-lists/199-lena-dunham-s-top-10"", ""https://www.criterion.com/shop/collection/843-lena-dunham-s-closet-picks""]","","2013-06-25","https://www.criterion.com/current/top-10-lists/199-lena-dunham-s-top-10",""
"top10:198","top10","Haskell Wexler’s Top 10","Haskell Wexler","haskellwexler","False","[""Cinematographer"", ""Director""]","[""https://www.criterion.com/current/top-10-lists/198-haskell-wexler-s-top-10""]","","2013-05-28","https://www.criterion.com/current/top-10-lists/198-haskell-wexler-s-top-10",""
"top10:197","top10","Nicholas Stoller’s Top 10","Nicholas Stoller","nicholasstoller","False","[""Producer"", ""Writer""]","[""https://www.criterion.com/current/top-10-lists/197-nicholas-stoller-s-top-10""]","","2013-04-30","https://www.criterion.com/current/top-10-lists/197-nicholas-stoller-s-top-10",""
"top10:193","top10","Andrew Loog Oldham’s Top 10","Andrew Loog Oldham","andrewloogoldham","False","[""Other"", ""Writer""]","[""https://www.criterion.com/current/top-10-lists/193-andrew-loog-oldham-s-top-10""]","","2013-03-27","https://www.criterion.com/current/top-10-lists/193-andrew-loog-oldham-s-top-10",""
"top10:192","top10","Andrew Weil’s Top 10","Andrew Weil","andrewweil","False","[""Other""]","[""https://www.criterion.com/current/top-10-lists/192-andrew-weil-s-top-10""]","","2013-02-21","https://www.criterion.com/current/top-10-lists/192-andrew-weil-s-top-10",""
"top10:191","top10","Christopher Nolan’s Top 10","Christopher Nolan","christophernolan","False","[""Director""]","[""https://www.criterion.com/current/top-10-lists/191-christopher-nolan-s-top-10"", ""https://www.criterion.com/shop/collection/984-christopher-nolan-s-closet-picks""]","","2013-01-29","https://www.criterion.com/current/top-10-lists/191-christopher-nolan-s-top-10",""
"top10:188","top10","Flying Lotus’s Top 10","Flying Lotus","flyinglotus","False","[""Director"", ""Musician"", ""Producer""]","[""https://letterboxd.com/closetpicks/list/flying-lotus-criterion-closet-picks/"", ""https://www.criterion.com/current/top-10-lists/188-flying-lotus-s-top-10"", ""https://www.criterion.com/shop/collection/438-flying-lotus-s-closet-picks""]","","2012-12-20","https://www.criterion.com/current/top-10-lists/188-flying-lotus-s-top-10",""
"top10:187","top10","Paul Feig’s Top 10","Paul Feig","paulfeig","False","[""Director"", ""Producer"", ""Writer""]","[""https://www.criterion.com/current/top-10-lists/187-paul-feig-s-top-10""]","","2012-11-27","https://www.criterion.com/current/top-10-lists/187-paul-feig-s-top-10",""
"top10:185","top10","William Friedkin’s Top 10","William Friedkin","williamfriedkin","False","[""Director""]","[""https://letterboxd.com/closetpicks/list/william-friedkins-criterion-closet-picks/"", ""https://www.criterion.com/current/top-10-lists/185-william-friedkin-s-top-10"", ""https://www.criterion.com/shop/collection/542-william-friedkin-s-closet-picks""]","","2012-10-30","https://www.criterion.com/current/top-10-lists/185-william-friedkin-s-top-10",""
"top10:184","top10","Franc Roddam’s Top 10","Franc Roddam","francroddam","False","[""Director""]","[""https://www.criterion.com/current/top-10-lists/184-franc-roddam-s-top-10""]","","2012-09-27","https://www.criterion.com/current/top-10-lists/184-franc-roddam-s-top-10",""
"top10:182","top10","Andrew Haigh’s Top 10","Andrew Haigh","andrewhaigh","False","[""Editor""]","[""https://www.criterion.com/current/top-10-lists/182-andrew-haigh-s-top-10""]","","2012-08-28","https://www.criterion.com/current/top-10-lists/182-andrew-haigh-s-top-10",""
"top10:180","top10","Brie Larson’s Top 10","Brie Larson","brielarson","False","[""Actor"", ""Musician""]","[""https://www.criterion.com/current/top-10-lists/180-brie-larson-s-top-10""]","","2012-07-31","https://www.criterion.com/current/top-10-lists/180-brie-larson-s-top-10",""
"top10:179","top10","Miguel Arteta’s Top 10","Miguel Arteta","miguelarteta","False","[""Director""]","[""https://www.criterion.com/current/top-10-lists/179-miguel-arteta-s-top-10""]","","2012-06-12","https://www.criterion.com/current/top-10-lists/179-miguel-arteta-s-top-10",""
"top10:177","top10","Chuck Klosterman’s Top 10","Chuck Klosterman","chuckklosterman","False","[""Writer""]","[""https://www.criterion.com/current/top-10-lists/177-chuck-klosterman-s-top-10""]","","2012-05-16","https://www.criterion.com/current/top-10-lists/177-chuck-klosterman-s-top-10",""
"top10:176","top10","Phil Rosenthal’s Top 10","Phil Rosenthal","philrosenthal","False","[""Producer"", ""Writer""]","[""https://letterboxd.com/closetpicks/list/phil-rosenthals-criterion-closet-picks/"", ""https://www.criterion.com/current/top-10-lists/176-phil-rosenthal-s-top-10"", ""https://www.criterion.com/shop/collection/469-phil-rosenthal-s-closet-picks""]","","2012-04-18","https://www.criterion.com/current/top-10-lists/176-phil-rosenthal-s-top-10",""
"top10:175","top10","John Taylor’s Top 10","John Taylor","johntaylor","False","[""Musician""]","[""https://www.criterion.com/current/top-10-lists/175-john-taylor-s-top-10""]","","2012-03-13","https://www.criterion.com/current/top-10-lists/175-john-taylor-s-top-10",""
"top10:173","top10","Oren Moverman’s Top 10","Oren Moverman","orenmoverman","False","[""Director"", ""Writer""]","[""https://www.criterion.com/current/top-10-lists/173-oren-moverman-s-top-10""]","","2012-02-22","https://www.criterion.com/current/top-10-lists/173-oren-moverman-s-top-10",""
"top10:172","top10","Susie Bright’s Top 10","Susie Bright","susiebright","False","[""Writer""]","[""https://www.criterion.com/current/top-10-lists/172-susie-bright-s-top-10""]","","2012-01-19","https://www.criterion.com/current/top-10-lists/172-susie-bright-s-top-10",""
"top10:170","top10","Dominic Monaghan’s Top 10","Dominic Monaghan","dominicmonaghan","False","[""Actor""]","[""https://www.criterion.com/current/top-10-lists/170-dominic-monaghan-s-top-10""]","","2011-12-13","https://www.criterion.com/current/top-10-lists/170-dominic-monaghan-s-top-10",""
"top10:168","top10","Michael Korda’s Top 10","Michael Korda","michaelkorda","False","[""Actor"", ""Director"", ""Writer""]","[""https://www.criterion.com/current/top-10-lists/168-michael-korda-s-top-10""]","","2011-11-29","https://www.criterion.com/current/top-10-lists/168-michael-korda-s-top-10",""
"top10:167","top10","Alec Baldwin’s Top 10","Alec Baldwin","alecbaldwin","False","[""Actor""]","[""https://letterboxd.com/closetpicks/list/alec-baldwins-criterion-closet-picks/"", ""https://www.criterion.com/current/top-10-lists/167-alec-baldwin-s-top-10"", ""https://www.criterion.com/shop/collection/525-alec-baldwin-s-closet-picks""]","","2011-11-17","https://www.criterion.com/current/top-10-lists/167-alec-baldwin-s-top-10",""
"top10:164","top10","Nicolas Winding Refn’s Top 10","Nicolas Winding Refn","nicolaswindingrefn","False","[""Director"", ""Writer""]","[""https://letterboxd.com/closetpicks/list/nicolas-winding-refns-criterion-closet-picks/"", ""https://www.criterion.com/current/top-10-lists/164-nicolas-winding-refn-s-top-10"", ""https://www.criterion.com/shop/collection/541-nicolas-winding-refn-s-closet-picks""]","","2011-10-25","https://www.criterion.com/current/top-10-lists/164-nicolas-winding-refn-s-top-10",""
"top10:163","top10","Aki Kaurismäki’s Top 10","Aki Kaurismäki","akikaurismaki","False","[""Director""]","[""https://www.criterion.com/current/top-10-lists/163-aki-kaurismaki-s-top-10"", ""https://www.criterion.com/films/28352-le-havre""]","","2011-10-21","https://www.criterion.com/current/top-10-lists/163-aki-kaurismaki-s-top-10",""
"top10:161","top10","Edgar Wright’s Top 10","Edgar Wright","edgarwright","False","[""Director"", ""Writer""]","[""https://letterboxd.com/closetpicks/list/edgar-wrights-criterion-closet-picks/"", ""https://www.criterion.com/current/top-10-lists/161-edgar-wright-s-top-10"", ""https://www.criterion.com/shop/collection/490-edgar-wright-s-closet-picks"", ""https://www.criterion.com/shop/collection/887-edgar-wright-s-closet-picks""]","","2011-09-27","https://www.criterion.com/current/top-10-lists/161-edgar-wright-s-top-10",""
"top10:159","top10","Richard Ayoade’s Top 10","Richard Ayoade","richardayoade","False","[""Actor"", ""Comedian"", ""Director"", ""Writer""]","[""https://letterboxd.com/closetpicks/list/richard-ayoades-criterion-closet-picks/"", ""https://www.criterion.com/current/top-10-lists/159-richard-ayoade-s-top-10"", ""https://www.criterion.com/shop/collection/540-richard-ayoade-s-closet-picks""]","","2011-08-18","https://www.criterion.com/current/top-10-lists/159-richard-ayoade-s-top-10",""
"top10:156","top10","Robert Ben Garant and Tom Lennon’s Top 10","Robert Ben Garant and Tom Lennon","robertbengarantandtomlennon","True","[]","[""https://www.criterion.com/current/top-10-lists/156-robert-ben-garant-and-tom-lennon-s-top-10""]","","2011-07-19","https://www.criterion.com/current/top-10-lists/156-robert-ben-garant-and-tom-lennon-s-top-10",""
"top10:152","top10","Anthony Bourdain’s Top 10","Anthony Bourdain","anthonybourdain","False","[""Writer""]","[""https://www.criterion.com/current/top-10-lists/152-anthony-bourdain-s-top-10""]","","2011-06-14","https://www.criterion.com/current/top-10-lists/152-anthony-bourdain-s-top-10",""
"top10:148","top10","John Bailey’s Top 10","John Bailey","johnbailey","False","[""Cinematographer""]","[""https://www.criterion.com/current/top-10-lists/148-john-bailey-s-top-10""]","","2011-05-19","https://www.criterion.com/current/top-10-lists/148-john-bailey-s-top-10",""
"top10:143","top10","João Pedro Rodrigues’s Top 10","João Pedro Rodrigues","joaopedrorodrigues","False","[""Director""]","[""https://www.criterion.com/current/top-10-lists/143-joao-pedro-rodrigues-s-top-10""]","","2011-04-19","https://www.criterion.com/current/top-10-lists/143-joao-pedro-rodrigues-s-top-10",""
"top10:139","top10","Bill Hader’s Top 10","Bill Hader","billhader","False","[""Actor"", ""Comedian"", ""Director""]","[""https://letterboxd.com/closetpicks/list/bill-haders-criterion-closet-picks/"", ""https://www.criterion.com/shop/collection/488-bill-hader-s-closet-picks-2011"", ""https://www.criterion.com/shop/collection/720-bill-hader-s-closet-picks""]","","2011-03-17","https://www.criterion.com/current/top-10-lists/139-bill-hader-s-top-10",""
"top10:138","top10","Greg Mottola’s Top 10","Greg Mottola","gregmottola","False","[""Director""]","[""https://www.criterion.com/current/top-10-lists/138-greg-mottola-s-top-10""]","","2011-03-17","https://www.criterion.com/current/top-10-lists/138-greg-mottola-s-top-10",""
"top10:132","top10","Georgia Hubley’s Top 10","Georgia Hubley","georgiahubley","False","[""Artist / designer""]","[""https://www.criterion.com/current/top-10-lists/132-georgia-hubley-s-top-10""]","","2011-02-17","https://www.criterion.com/current/top-10-lists/132-georgia-hubley-s-top-10",""
"top10:129","top10","Scott Morse’s Top Ten","Scott Morse","scottmorse","False","[]","[]","","2011-01-12","https://www.criterion.com/current/top-10-lists/129-scott-morse-s-top-ten",""
"top10:125","top10","Guillermo del Toro’s Top 10","Guillermo del Toro","guillermodeltoro","False","[""Director""]","[""https://letterboxd.com/closetpicks/list/guillermo-del-toros-criterion-closet-picks/"", ""https://www.criterion.com/current/top-10-lists/125-guillermo-del-toro-s-top-10"", ""https://www.criterion.com/shop/collection/645-guillermo-del-toro-s-closet-picks""]","","2010-12-07","https://www.criterion.com/current/top-10-lists/125-guillermo-del-toro-s-top-10",""
"top10:121","top10","Angus MacLachlan’s Top 10","Angus MacLachlan","angusmaclachlan","False","[""Writer""]","[""https://www.criterion.com/current/top-10-lists/121-angus-maclachlan-s-top-10""]","","2010-11-04","https://www.criterion.com/current/top-10-lists/121-angus-maclachlan-s-top-10",""
"top10:115","top10","Wes Anderson’s Top 10","Wes Anderson","wesanderson","False","[""Director""]","[""https://www.criterion.com/current/top-10-lists/115-wes-anderson-s-top-10"", ""https://www.criterion.com/shop/collection/1001-wes-anderson-s-mobile-closet-picks""]","","2010-10-06","https://www.criterion.com/current/top-10-lists/115-wes-anderson-s-top-10",""
"top10:109","top10","Marcel Dzama’s Top 10","Marcel Dzama","marceldzama","False","[""Artist / designer""]","[""https://www.criterion.com/current/top-10-lists/109-marcel-dzama-s-top-10""]","","2010-09-01","https://www.criterion.com/current/top-10-lists/109-marcel-dzama-s-top-10",""
"top10:102","top10","Xavier Dolan’s Top 10","Xavier Dolan","xavierdolan","False","[""Director""]","[""https://www.criterion.com/current/top-10-lists/102-xavier-dolan-s-top-10""]","","2010-08-04","https://www.criterion.com/current/top-10-lists/102-xavier-dolan-s-top-10",""
"top10:89","top10","Frederick Elmes’s Top 10","Frederick Elmes","frederickelmes","False","[""Cinematographer""]","[""https://letterboxd.com/closetpicks/list/frederick-elmes-criterion-closet-picks/"", ""https://www.criterion.com/current/top-10-lists/89-frederick-elmes-s-top-10""]","","2010-07-07","https://www.criterion.com/current/top-10-lists/89-frederick-elmes-s-top-10",""
"top10:87","top10","Johnnie To’s Top 10","Johnnie To","johnnieto","False","[""Director""]","[""https://letterboxd.com/closetpicks/list/johnnie-tos-criterion-closet-picks/"", ""https://www.criterion.com/current/top-10-lists/87-johnnie-to-s-top-10"", ""https://www.criterion.com/shop/collection/746-johnnie-to-s-closet-picks""]","","2010-06-17","https://www.criterion.com/current/top-10-lists/87-johnnie-to-s-top-10",""
"top10:85","top10","Iron and Wine’s Top 10","Iron and Wine","ironandwine","False","[""Musician""]","[""https://www.criterion.com/current/top-10-lists/85-iron-and-wine-s-top-10""]","","2010-05-13","https://www.criterion.com/current/top-10-lists/85-iron-and-wine-s-top-10",""
"top10:84","top10","Seth’s Top 10","Seth","seth","False","[""Artist / designer""]","[""https://www.criterion.com/current/top-10-lists/84-seth-s-top-10""]","","2010-04-07","https://www.criterion.com/current/top-10-lists/84-seth-s-top-10",""
"top10:80","top10","Pedro Costa’s Top 10","Pedro Costa","pedrocosta","False","[""Artist / designer"", ""Director""]","[""https://www.criterion.com/current/top-10-lists/80-pedro-costa-s-top-10""]","","2010-03-10","https://www.criterion.com/current/top-10-lists/80-pedro-costa-s-top-10",""
"top10:77","top10","Michael Atkinson’s Top 10","Michael Atkinson","michaelatkinson","False","[""Critic / journalist"", ""Writer""]","[""https://www.criterion.com/current/top-10-lists/77-michael-atkinson-s-top-10""]","","2010-02-17","https://www.criterion.com/current/top-10-lists/77-michael-atkinson-s-top-10",""
"top10:73","top10","Joe Mantegna’s Top 10","Joe Mantegna","joemantegna","False","[""Actor""]","[""https://www.criterion.com/current/top-10-lists/73-joe-mantegna-s-top-10""]","","2010-01-13","https://www.criterion.com/current/top-10-lists/73-joe-mantegna-s-top-10",""
"top10:72","top10","Sonic Youth’s Top 10","Sonic Youth","sonicyouth","True","[]","[]","","2009-11-11","https://www.criterion.com/current/top-10-lists/72-sonic-youth-s-top-10",""
"top10:70","top10","Caitlin Kuhwald’s Top 10","Caitlin Kuhwald","caitlinkuhwald","False","[""Artist / designer""]","[""https://www.criterion.com/current/top-10-lists/70-caitlin-kuhwald-s-top-10""]","","2009-10-08","https://www.criterion.com/current/top-10-lists/70-caitlin-kuhwald-s-top-10",""
"top10:69","top10","Whit Stillman’s Top 10","Whit Stillman","whitstillman","False","[""Director"", ""Writer""]","[""https://www.criterion.com/current/top-10-lists/69-whit-stillman-s-top-10""]","","2009-09-04","https://www.criterion.com/current/top-10-lists/69-whit-stillman-s-top-10",""
"top10:68","top10","Nathan Lee’s Top 10","Nathan Lee","nathanlee","False","[""Critic / journalist""]","[""https://www.criterion.com/current/top-10-lists/68-nathan-lee-s-top-10""]","","2009-08-12","https://www.criterion.com/current/top-10-lists/68-nathan-lee-s-top-10",""
"top10:67","top10","Al Reinert’s Top 10","Al Reinert","alreinert","False","[""Director""]","[""https://www.criterion.com/current/top-10-lists/67-al-reinert-s-top-10""]","","2009-07-10","https://www.criterion.com/current/top-10-lists/67-al-reinert-s-top-10",""
"top10:66","top10","Joe Swanberg’s Top 10","Joe Swanberg","joeswanberg","False","[""Director"", ""Writer""]","[""https://www.criterion.com/current/top-10-lists/66-joe-swanberg-s-top-10""]","","2009-06-09","https://www.criterion.com/current/top-10-lists/66-joe-swanberg-s-top-10",""
"top10:65","top10","Götz Spielmann’s Top 10","Götz Spielmann","gotzspielmann","False","[""Director""]","[""https://www.criterion.com/current/top-10-lists/65-gotz-spielmann-s-top-10""]","","2009-05-07","https://www.criterion.com/current/top-10-lists/65-gotz-spielmann-s-top-10",""
"top10:64","top10","Jaime Hernandez’s Top 10","Jaime Hernandez","jaimehernandez","False","[""Artist / designer""]","[""https://www.criterion.com/current/top-10-lists/64-jaime-hernandez-s-top-10""]","","2009-04-15","https://www.criterion.com/current/top-10-lists/64-jaime-hernandez-s-top-10",""
"top10:63","top10","James Franco’s Top 10","James Franco","jamesfranco","False","[""Actor""]","[""https://www.criterion.com/current/top-10-lists/63-james-franco-s-top-10""]","","2009-03-30","https://www.criterion.com/current/top-10-lists/63-james-franco-s-top-10",""
"top10:62","top10","Paul Morrissey’s Top 10","Paul Morrissey","paulmorrissey","False","[""Director""]","[""https://www.criterion.com/current/top-10-lists/62-paul-morrissey-s-top-10""]","","2009-02-13","https://www.criterion.com/current/top-10-lists/62-paul-morrissey-s-top-10",""
"top10:61","top10","Monte Hellman’s Top 10","Monte Hellman","montehellman","False","[""Director""]","[""https://www.criterion.com/current/top-10-lists/61-monte-hellman-s-top-10"", ""https://www.criterion.com/films/847-two-lane-blacktop""]","","2009-01-22","https://www.criterion.com/current/top-10-lists/61-monte-hellman-s-top-10",""
"top10:60","top10","Dave Filipi’s Top 10","Dave Filipi","davefilipi","False","[""Director""]","[""https://www.criterion.com/current/top-10-lists/60-dave-filipi-s-top-10""]","","2008-12-09","https://www.criterion.com/current/top-10-lists/60-dave-filipi-s-top-10",""
"top10:59","top10","Chris Hegedus’s Top 10","Chris Hegedus","chrishegedus","False","[""Director""]","[""https://www.criterion.com/current/top-10-lists/59-chris-hegedus-s-top-10""]","","2008-11-24","https://www.criterion.com/current/top-10-lists/59-chris-hegedus-s-top-10",""
"top10:58","top10","Ricky Jay’s Top 10","Ricky Jay","rickyjay","False","[""Actor"", ""Critic / journalist"", ""Director"", ""Writer""]","[""https://www.criterion.com/current/top-10-lists/58-ricky-jay-s-top-10""]","","2008-11-21","https://www.criterion.com/current/top-10-lists/58-ricky-jay-s-top-10",""
"top10:57","top10","Adam Yauch’s Top 10","Adam Yauch","adamyauch","False","[""Musician""]","[""https://www.criterion.com/current/top-10-lists/57-adam-yauch-s-top-10""]","","2008-11-21","https://www.criterion.com/current/top-10-lists/57-adam-yauch-s-top-10",""
"top10:56","top10","Robin Wood’s Top 10","Robin Wood","robinwood","False","[""Critic / journalist""]","[""https://www.criterion.com/current/top-10-lists/56-robin-wood-s-top-10""]","","2008-11-21","https://www.criterion.com/current/top-10-lists/56-robin-wood-s-top-10",""
"top10:55","top10","Paul Schrader’s Top 10","Paul Schrader","paulschrader","False","[""Director""]","[""https://www.criterion.com/current/top-10-lists/55-paul-schrader-s-top-10"", ""https://www.criterion.com/films/588-mishima-a-life-in-four-chapters""]","","2008-11-21","https://www.criterion.com/current/top-10-lists/55-paul-schrader-s-top-10",""
"top10:54","top10","Leanne Shapton’s Top 10","Leanne Shapton","leanneshapton","False","[""Artist / designer"", ""Director"", ""Writer""]","[""https://www.criterion.com/current/top-10-lists/54-leanne-shapton-s-top-10""]","","2008-11-21","https://www.criterion.com/current/top-10-lists/54-leanne-shapton-s-top-10",""
"top10:53","top10","David Schwartz’s Top 10","David Schwartz","davidschwartz","False","[""Other""]","[""https://www.criterion.com/current/top-10-lists/53-david-schwartz-s-top-10""]","","2008-11-21","https://www.criterion.com/current/top-10-lists/53-david-schwartz-s-top-10",""
"top10:52","top10","Tom Schnabel’s Top 10","Tom Schnabel","tomschnabel","False","[""Artist / designer"", ""Director""]","[""https://www.criterion.com/current/top-10-lists/52-tom-schnabel-s-top-10""]","","2008-11-21","https://www.criterion.com/current/top-10-lists/52-tom-schnabel-s-top-10",""
"top10:51","top10","Nicolas Roeg’s Top 10","Nicolas Roeg","nicolasroeg","False","[""Director""]","[""https://www.criterion.com/current/top-10-lists/51-nicolas-roeg-s-top-10""]","","2008-11-21","https://www.criterion.com/current/top-10-lists/51-nicolas-roeg-s-top-10",""
"top10:49","top10","Bill Plympton’s Top 10","Bill Plympton","billplympton","False","[""Artist / designer"", ""Director""]","[""https://www.criterion.com/current/top-10-lists/49-bill-plympton-s-top-10""]","","2008-11-21","https://www.criterion.com/current/top-10-lists/49-bill-plympton-s-top-10",""
"top10:48","top10","D. A. Pennebaker’s Top 10","D. A. Pennebaker","dapennebaker","False","[""Director""]","[""https://www.criterion.com/current/top-10-lists/48-d-a-pennebaker-s-top-10""]","","2008-11-21","https://www.criterion.com/current/top-10-lists/48-d-a-pennebaker-s-top-10",""
"top10:47","top10","Patton Oswalt’s Top 10","Patton Oswalt","pattonoswalt","False","[""Actor"", ""Comedian""]","[""https://letterboxd.com/closetpicks/list/patton-oswalts-criterion-closet-picks/"", ""https://www.criterion.com/current/top-10-lists/47-patton-oswalt-s-top-10"", ""https://www.criterion.com/shop/collection/576-patton-oswalt-s-closet-picks""]","","2008-11-21","https://www.criterion.com/current/top-10-lists/47-patton-oswalt-s-top-10",""
"top10:46","top10","David Markey’s Top 10","David Markey","davidmarkey","False","[""Director""]","[""https://www.criterion.com/current/top-10-lists/46-david-markey-s-top-10""]","","2008-11-21","https://www.criterion.com/current/top-10-lists/46-david-markey-s-top-10",""
"top10:45","top10","Guy Maddin’s Top 10","Guy Maddin","guymaddin","False","[""Director"", ""Writer""]","[""https://letterboxd.com/closetpicks/list/guy-maddins-criterion-closet-picks/"", ""https://www.criterion.com/current/top-10-lists/45-guy-maddin-s-top-10"", ""https://www.criterion.com/shop/collection/598-guy-maddin-s-closet-picks""]","","2008-11-21","https://www.criterion.com/current/top-10-lists/45-guy-maddin-s-top-10",""
"top10:44","top10","Kevin Macdonald’s Top 10","Kevin Macdonald","kevinmacdonald","False","[""Director""]","[""https://www.criterion.com/current/top-10-lists/44-kevin-macdonald-s-top-10""]","","2008-11-21","https://www.criterion.com/current/top-10-lists/44-kevin-macdonald-s-top-10",""
"top10:42","top10","Richard Linklater’s Top 10","Richard Linklater","richardlinklater","False","[""Director""]","[""https://www.criterion.com/current/top-10-lists/42-richard-linklater-s-top-10"", ""https://www.criterion.com/films/408-slacker""]","","2008-11-21","https://www.criterion.com/current/top-10-lists/42-richard-linklater-s-top-10",""
"top10:43","top10","John Lurie’s Top 10","John Lurie","johnlurie","False","[""Actor"", ""Artist / designer"", ""Director"", ""Musician"", ""Writer""]","[""https://www.criterion.com/current/top-10-lists/43-john-lurie-s-top-10""]","","2008-11-21","https://www.criterion.com/current/top-10-lists/43-john-lurie-s-top-10",""
"top10:41","top10","Dennis Lehane’s Top 10","Dennis Lehane","dennislehane","False","[""Writer""]","[""https://www.criterion.com/current/top-10-lists/41-dennis-lehane-s-top-10""]","","2008-11-21","https://www.criterion.com/current/top-10-lists/41-dennis-lehane-s-top-10",""
"top10:40","top10","Christa Lang-Fuller’s Top 10","Christa Lang-Fuller","christalangfuller","False","[""Actor"", ""Director"", ""Writer""]","[""https://www.criterion.com/current/top-10-lists/40-christa-lang-fuller-s-top-10""]","","2008-11-20","https://www.criterion.com/current/top-10-lists/40-christa-lang-fuller-s-top-10",""
"top10:39","top10","Neil LaBute’s Top 10","Neil LaBute","neillabute","False","[""Director""]","[""https://www.criterion.com/current/top-10-lists/39-neil-labute-s-top-10""]","","2008-11-20","https://www.criterion.com/current/top-10-lists/39-neil-labute-s-top-10",""
"top10:38","top10","Frank Kozik’s Top 10","Frank Kozik","frankkozik","False","[""Artist / designer""]","[""https://www.criterion.com/current/top-10-lists/38-frank-kozik-s-top-10""]","","2008-11-20","https://www.criterion.com/current/top-10-lists/38-frank-kozik-s-top-10",""
"top10:37","top10","Rian Johnson’s Top 10","Rian Johnson","rianjohnson","False","[""Director"", ""Writer""]","[""https://letterboxd.com/closetpicks/list/rian-johnsons-criterion-closet-picks/"", ""https://www.criterion.com/current/top-10-lists/37-rian-johnson-s-top-10"", ""https://www.criterion.com/shop/collection/902-rian-johnson-s-closet-picks""]","","2008-11-20","https://www.criterion.com/current/top-10-lists/37-rian-johnson-s-top-10",""
"top10:36","top10","David Hudson’s Top 10","David Hudson","davidhudson","False","[""Writer""]","[""https://www.criterion.com/current/top-10-lists/36-david-hudson-s-top-10""]","","2008-11-20","https://www.criterion.com/current/top-10-lists/36-david-hudson-s-top-10",""
"top10:35","top10","Jean-Pierre Gorin’s Top 10","Jean-Pierre Gorin","jeanpierregorin","False","[""Director"", ""Writer""]","[""https://www.criterion.com/current/top-10-lists/35-jean-pierre-gorin-s-top-10""]","","2008-11-20","https://www.criterion.com/current/top-10-lists/35-jean-pierre-gorin-s-top-10",""
"top10:34","top10","Bruce Goldstein’s Top 10","Bruce Goldstein","brucegoldstein","False","[""Critic / journalist"", ""Director""]","[""https://www.criterion.com/current/top-10-lists/34-bruce-goldstein-s-top-10""]","","2008-11-20","https://www.criterion.com/current/top-10-lists/34-bruce-goldstein-s-top-10",""
"top10:32","top10","Matt Dentler’s Top 10","Matt Dentler","mattdentler","False","[""Producer""]","[""https://www.criterion.com/current/top-10-lists/32-matt-dentler-s-top-10""]","","2008-11-20","https://www.criterion.com/current/top-10-lists/32-matt-dentler-s-top-10",""
"top10:33","top10","Gary Giddins’s Top 10","Gary Giddins","garygiddins","False","[""Critic / journalist""]","[""https://www.criterion.com/current/top-10-lists/33-gary-giddins-s-top-10""]","","2008-11-20","https://www.criterion.com/current/top-10-lists/33-gary-giddins-s-top-10",""
"top10:31","top10","Peter Cowie’s Top 10","Peter Cowie","petercowie","False","[""Writer""]","[""https://www.criterion.com/current/top-10-lists/31-peter-cowie-s-top-10""]","","2008-11-20","https://www.criterion.com/current/top-10-lists/31-peter-cowie-s-top-10",""
"top10:30","top10","Stuart Cooper’s Top 10","Stuart Cooper","stuartcooper","False","[""Director""]","[""https://www.criterion.com/current/top-10-lists/30-stuart-cooper-s-top-10""]","","2008-11-20","https://www.criterion.com/current/top-10-lists/30-stuart-cooper-s-top-10",""
"top10:29","top10","Diablo Cody’s Top 10","Diablo Cody","diablocody","False","[""Writer""]","[""https://www.criterion.com/current/top-10-lists/29-diablo-cody-s-top-10""]","","2008-11-20","https://www.criterion.com/current/top-10-lists/29-diablo-cody-s-top-10",""
"top10:28","top10","Jane Campion’s Top 10","Jane Campion","janecampion","False","[""Director""]","[""https://www.criterion.com/current/top-10-lists/28-jane-campion-s-top-10""]","","2008-11-20","https://www.criterion.com/current/top-10-lists/28-jane-campion-s-top-10",""
"top10:27","top10","Steve Buscemi’s Top 10","Steve Buscemi","stevebuscemi","False","[""Actor""]","[""https://www.criterion.com/current/top-10-lists/27-steve-buscemi-s-top-10""]","","2008-11-19","https://www.criterion.com/current/top-10-lists/27-steve-buscemi-s-top-10",""
"top10:26","top10","Michael Barker’s Top 10","Michael Barker","michaelbarker","False","[""Other""]","[""https://www.criterion.com/current/top-10-lists/26-michael-barker-s-top-10""]","","2008-11-19","https://www.criterion.com/current/top-10-lists/26-michael-barker-s-top-10",""
"top10:25","top10","Ramin Bahrani’s Top 10","Ramin Bahrani","raminbahrani","False","[""Director"", ""Writer""]","[""https://www.criterion.com/current/top-10-lists/25-ramin-bahrani-s-top-10""]","","2008-11-19","https://www.criterion.com/current/top-10-lists/25-ramin-bahrani-s-top-10",""
"top10:24","top10","Allan Arkush’s Top 10","Allan Arkush","allanarkush","False","[""Director"", ""Producer""]","[""https://www.criterion.com/current/top-10-lists/24-allan-arkush-s-top-10""]","","2008-11-19","https://www.criterion.com/current/top-10-lists/24-allan-arkush-s-top-10",""
"top10:23","top10","Allison Anders’s Top 10","Allison Anders","allisonanders","False","[]","[]","","2008-11-19","https://www.criterion.com/current/top-10-lists/23-allison-anders-s-top-10",""
"top10:13","top10","Jonathan Lethem’s Top 10","Jonathan Lethem","jonathanlethem","False","[""Writer""]","[""https://www.criterion.com/current/top-10-lists/13-jonathan-lethem-s-top-10""]","","2008-10-28","https://www.criterion.com/current/top-10-lists/13-jonathan-lethem-s-top-10",""
"top10:2","top10","Mike Allred’s Top 10","Mike Allred","mikeallred","False","[""Artist / designer""]","[""https://www.criterion.com/current/top-10-lists/2-mike-allred-s-top-10""]","","2008-09-16","https://www.criterion.com/current/top-10-lists/2-mike-allred-s-top-10",""
