slug,title,year,director,runtime,imdb,tmdb,lb_rating,lb_rating_count,imdb_rating,imdb_votes,times_picked,imdb_url,lb_url
a-woman-under-the-influence,A Woman Under the Influence,1974,John Cassavetes,155,tt0072417,29845,4.4,148340,8,33524,40,https://www.imdb.com/title/tt0072417/,https://letterboxd.com/film/a-woman-under-the-influence/
the-killing-of-a-chinese-bookie,The Killing of a Chinese Bookie,1976,John Cassavetes,135,tt0074749,32040,3.9,51818,7.2,16453,38,https://www.imdb.com/title/tt0074749/,https://letterboxd.com/film/the-killing-of-a-chinese-bookie/
faces-1968,Faces,1968,John Cassavetes,130,tt0062952,753,3.93,29556,7.4,12796,36,https://www.imdb.com/title/tt0062952/,https://letterboxd.com/film/faces-1968/
8-half,8½,1963,Federico Fellini,139,tt0056801,422,4.27,267044,8,133067,35,https://www.imdb.com/title/tt0056801/,https://letterboxd.com/film/8-half/
shadows-1958,Shadows,1958,John Cassavetes,87,tt0053270,15484,3.69,37895,7.2,13615,33,https://www.imdb.com/title/tt0053270/,https://letterboxd.com/film/shadows-1958/
la-strada,La Strada,1954,Federico Fellini,115,tt0047528,405,4.18,92242,8,70070,33,https://www.imdb.com/title/tt0047528/,https://letterboxd.com/film/la-strada/
opening-night,Opening Night,1977,John Cassavetes,144,tt0079672,33665,4.3,62433,7.8,14139,33,https://www.imdb.com/title/tt0079672/,https://letterboxd.com/film/opening-night/
a-constant-forge,A Constant Forge,2000,Charles Kiselyak,200,tt0346794,66131,3.67,896,7.4,545,32,https://www.imdb.com/title/tt0346794/,https://letterboxd.com/film/a-constant-forge/
vagabond,Vagabond,1985,Agnès Varda,106,tt0089960,44018,4.11,86645,7.6,15950,27,https://www.imdb.com/title/tt0089960/,https://letterboxd.com/film/vagabond/
cleo-from-5-to-7,Cléo from 5 to 7,1962,Agnès Varda,90,tt0055852,499,4.18,254565,7.8,31836,27,https://www.imdb.com/title/tt0055852/,https://letterboxd.com/film/cleo-from-5-to-7/
la-pointe-courte,La Pointe Courte,1955,Agnès Varda,80,tt0048499,54436,3.72,24706,7,4927,26,https://www.imdb.com/title/tt0048499/,https://letterboxd.com/film/la-pointe-courte/
happiness-1965,Le Bonheur,1965,Agnès Varda,80,tt0058985,53023,4.14,101780,7.6,11911,26,https://www.imdb.com/title/tt0058985/,https://letterboxd.com/film/happiness-1965/
amarcord,Amarcord,1973,Federico Fellini,123,tt0071129,7857,4.12,73269,7.8,51592,24,https://www.imdb.com/title/tt0071129/,https://letterboxd.com/film/amarcord/
varda-by-agnes,Varda by Agnès,2019,Agnès Varda,115,tt9530198,554967,4.08,16912,7.8,2839,24,https://www.imdb.com/title/tt9530198/,https://letterboxd.com/film/varda-by-agnes/
the-gleaners-and-i,The Gleaners and I,2000,Agnès Varda,82,tt0247380,44379,4.27,64108,7.7,10237,24,https://www.imdb.com/title/tt0247380/,https://letterboxd.com/film/the-gleaners-and-i/
documenteur,Documenteur,1981,Agnès Varda,65,tt0082275,157160,3.79,8515,6.9,1510,24,https://www.imdb.com/title/tt0082275/,https://letterboxd.com/film/documenteur/
kung-fu-master,Kung-Fu Master!,1988,Agnès Varda,80,tt0093371,47429,3.62,11280,6.9,2534,24,https://www.imdb.com/title/tt0093371/,https://letterboxd.com/film/kung-fu-master/
uncle-yanco,Uncle Yanco,1967,Agnès Varda,18,tt0179389,277677,4.08,15767,7.4,1726,24,https://www.imdb.com/title/tt0179389/,https://letterboxd.com/film/uncle-yanco/
jane-b-by-agnes-v,Jane B. by Agnès V.,1988,Agnès Varda,99,tt0093295,53028,4.01,18502,7.2,1858,24,https://www.imdb.com/title/tt0093295/,https://letterboxd.com/film/jane-b-by-agnes-v/
jacquot-de-nantes,Jacquot de Nantes,1991,Agnès Varda,118,tt0102141,41789,4.17,9524,7.6,2343,24,https://www.imdb.com/title/tt0102141/,https://letterboxd.com/film/jacquot-de-nantes/
lions-love,Lions Love,1969,Agnès Varda,110,tt0064591,63320,3.39,8529,5.8,1605,24,https://www.imdb.com/title/tt0064591/,https://letterboxd.com/film/lions-love/
black-panthers,Black Panthers,1968,Agnès Varda,28,tt0209942,144597,4.14,35532,7.4,3104,24,https://www.imdb.com/title/tt0209942/,https://letterboxd.com/film/black-panthers/
faces-places,Faces Places,2017,"Agnès Varda, JR",94,tt5598102,451995,4.15,49011,7.8,14466,24,https://www.imdb.com/title/tt5598102/,https://letterboxd.com/film/faces-places/
one-sings-the-other-doesnt,"One Sings, the Other Doesn't",1977,Agnès Varda,122,tt0076855,63318,4.14,29104,7.4,3227,24,https://www.imdb.com/title/tt0076855/,https://letterboxd.com/film/one-sings-the-other-doesnt/
mur-murs,Mur Murs,1981,Agnès Varda,82,tt0081204,230048,3.99,9443,7.4,1341,24,https://www.imdb.com/title/tt0081204/,https://letterboxd.com/film/mur-murs/
daguerreotypes,Daguerréotypes,1975,Agnès Varda,80,tt0071384,49650,4.02,15689,7.6,2302,24,https://www.imdb.com/title/tt0071384/,https://letterboxd.com/film/daguerreotypes/
the-beaches-of-agnes,The Beaches of Agnès,2008,Agnès Varda,110,tt1129435,38879,4.34,32817,8,5373,24,https://www.imdb.com/title/tt1129435/,https://letterboxd.com/film/the-beaches-of-agnes/
agnes-varda-from-here-to-there,Agnès Varda: From Here to There,2011,Agnès Varda,235,tt2125012,,4.06,2236,7.9,349,24,https://www.imdb.com/title/tt2125012/,https://letterboxd.com/film/agnes-varda-from-here-to-there/
one-hundred-and-one-nights,One Hundred and One Nights,1995,Agnès Varda,105,tt0112654,94771,3.76,7930,6.5,2183,24,https://www.imdb.com/title/tt0112654/,https://letterboxd.com/film/one-hundred-and-one-nights/
the-creatures,The Creatures,1966,Agnès Varda,94,tt0060263,53026,3.49,7638,6.4,1558,24,https://www.imdb.com/title/tt0060263/,https://letterboxd.com/film/the-creatures/
the-gleaners-and-i-two-years-later,The Gleaners and I: Two Years Later,2002,Agnès Varda,63,tt0345128,84026,3.82,4304,7.1,1447,23,https://www.imdb.com/title/tt0345128/,https://letterboxd.com/film/the-gleaners-and-i-two-years-later/
do-the-right-thing,Do the Right Thing,1989,Spike Lee,120,tt0097216,925,4.4,542394,7.9,125027,22,https://www.imdb.com/title/tt0097216/,https://letterboxd.com/film/do-the-right-thing/
monsieur-hulots-holiday,Monsieur Hulot's Holiday,1953,Jacques Tati,87,tt0046487,778,3.73,39981,7.3,22019,21,https://www.imdb.com/title/tt0046487/,https://letterboxd.com/film/monsieur-hulots-holiday/
parade,Parade,1974,Jacques Tati,90,tt0071968,58655,3.27,5244,5.9,2025,21,https://www.imdb.com/title/tt0071968/,https://letterboxd.com/film/parade/
all-that-jazz,All That Jazz,1979,Bob Fosse,123,tt0078754,16858,4.34,145940,7.8,40780,21,https://www.imdb.com/title/tt0078754/,https://letterboxd.com/film/all-that-jazz/
mon-oncle,Mon Oncle,1958,Jacques Tati,118,tt0050706,427,4.04,55944,7.6,24937,21,https://www.imdb.com/title/tt0050706/,https://letterboxd.com/film/mon-oncle/
trafic,Trafic,1971,Jacques Tati,96,tt0069400,11378,3.75,16858,7,8401,21,https://www.imdb.com/title/tt0069400/,https://letterboxd.com/film/trafic/
playtime,PlayTime,1967,Jacques Tati,115,tt0062136,10227,4.2,111151,7.8,29716,21,https://www.imdb.com/title/tt0062136/,https://letterboxd.com/film/playtime/
jour-de-fete,Jour de Fête,1949,Jacques Tati,86,tt0040497,4595,3.59,16374,7.2,9704,21,https://www.imdb.com/title/tt0040497/,https://letterboxd.com/film/jour-de-fete/
roma,Roma,1972,Federico Fellini,120,tt0069191,11035,3.88,22197,7.3,14927,21,https://www.imdb.com/title/tt0069191/,https://letterboxd.com/film/roma/
fanny-and-alexander,Fanny and Alexander,1982,Ingmar Bergman,188,tt0083922,5961,4.42,76390,8.1,71508,20,https://www.imdb.com/title/tt0083922/,https://letterboxd.com/film/fanny-and-alexander/
fanny-and-alexander-1984,Fanny and Alexander,1984,Ingmar Bergman,312,tt6725158,,4.56,21682,9,5373,20,https://www.imdb.com/title/tt6725158/,https://letterboxd.com/film/fanny-and-alexander-1984/
in-the-mood-for-love,In the Mood for Love,2000,Wong Kar-Wai,99,tt0118694,843,4.37,1020825,8,189536,20,https://www.imdb.com/title/tt0118694/,https://letterboxd.com/film/in-the-mood-for-love/
juliet-of-the-spirits,Juliet of the Spirits,1965,Federico Fellini,148,tt0059229,19120,3.91,25662,7.4,15792,19,https://www.imdb.com/title/tt0059229/,https://letterboxd.com/film/juliet-of-the-spirits/
satyricon-1969,Satyricon,1969,Federico Fellini,129,tt0064940,11163,3.71,26292,6.8,18222,19,https://www.imdb.com/title/tt0064940/,https://letterboxd.com/film/satyricon-1969/
persona,Persona,1966,Ingmar Bergman,85,tt0060827,797,4.38,441416,8,141092,18,https://www.imdb.com/title/tt0060827/,https://letterboxd.com/film/persona/
i-vitelloni,I Vitelloni,1953,Federico Fellini,103,tt0046521,12548,3.99,43055,7.8,23307,18,https://www.imdb.com/title/tt0046521/,https://letterboxd.com/film/i-vitelloni/
theorem,Theorem,1968,Pier Paolo Pasolini,95,tt0063678,5335,3.91,57593,7,17042,18,https://www.imdb.com/title/tt0063678/,https://letterboxd.com/film/theorem/
mamma-roma,Mamma Roma,1962,Pier Paolo Pasolini,110,tt0056215,47796,4.03,24894,7.7,11460,18,https://www.imdb.com/title/tt0056215/,https://letterboxd.com/film/mamma-roma/
through-a-glass-darkly,Through a Glass Darkly,1961,Ingmar Bergman,91,tt0055499,11602,4.16,56535,7.9,29526,18,https://www.imdb.com/title/tt0055499/,https://letterboxd.com/film/through-a-glass-darkly/
the-silence,The Silence,1963,Ingmar Bergman,95,tt0057611,11506,4.01,35957,7.7,22745,18,https://www.imdb.com/title/tt0057611/,https://letterboxd.com/film/the-silence/
winter-light,Winter Light,1963,Ingmar Bergman,80,tt0057358,29455,4.25,77503,8,29631,18,https://www.imdb.com/title/tt0057358/,https://letterboxd.com/film/winter-light/
the-swindle-1955,The Swindle,1955,Federico Fellini,113,tt0047876,36102,3.73,10563,7.5,7780,17,https://www.imdb.com/title/tt0047876/,https://letterboxd.com/film/the-swindle-1955/
nights-of-cabiria,Nights of Cabiria,1957,Federico Fellini,110,tt0050783,19426,4.41,87950,8.1,57252,17,https://www.imdb.com/title/tt0050783/,https://letterboxd.com/film/nights-of-cabiria/
medea,Medea,1969,Pier Paolo Pasolini,118,tt0066065,26356,3.69,16817,6.9,6171,17,https://www.imdb.com/title/tt0066065/,https://letterboxd.com/film/medea/
the-white-sheik,The White Sheik,1952,Federico Fellini,83,tt0044000,43361,3.51,11892,7.2,7545,17,https://www.imdb.com/title/tt0044000/,https://letterboxd.com/film/the-white-sheik/
the-hawks-and-the-sparrows,The Hawks and the Sparrows,1966,Pier Paolo Pasolini,90,tt0061132,33954,3.76,16922,7.2,6321,17,https://www.imdb.com/title/tt0061132/,https://letterboxd.com/film/the-hawks-and-the-sparrows/
accattone,Accattone,1961,Pier Paolo Pasolini,117,tt0054599,12491,3.91,29865,7.6,11268,17,https://www.imdb.com/title/tt0054599/,https://letterboxd.com/film/accattone/
being-there,Being There,1979,Hal Ashby,130,tt0078841,10322,4.08,79821,7.9,82127,17,https://www.imdb.com/title/tt0078841/,https://letterboxd.com/film/being-there/
variety-lights,Variety Lights,1950,"Alberto Lattuada, Federico Fellini",93,tt0042692,43389,3.48,7136,7.1,4357,17,https://www.imdb.com/title/tt0042692/,https://letterboxd.com/film/variety-lights/
love-meetings,Love Meetings,1964,Pier Paolo Pasolini,88,tt0057960,42733,4.03,18542,7.5,3026,17,https://www.imdb.com/title/tt0057960/,https://letterboxd.com/film/love-meetings/
the-gospel-according-to-st-matthew,The Gospel According to St. Matthew,1964,Pier Paolo Pasolini,137,tt0058715,24192,4.1,36600,7.6,15203,17,https://www.imdb.com/title/tt0058715/,https://letterboxd.com/film/the-gospel-according-to-st-matthew/
intervista,Intervista,1987,Federico Fellini,108,tt0093267,47715,3.61,4335,7,3602,17,https://www.imdb.com/title/tt0093267/,https://letterboxd.com/film/intervista/
pigsty,Pigsty,1969,Pier Paolo Pasolini,99,tt0064828,48688,3.56,13049,6.6,4359,17,https://www.imdb.com/title/tt0064828/,https://letterboxd.com/film/pigsty/
and-the-ship-sails-on,And the Ship Sails On,1983,Federico Fellini,129,tt0087188,5622,3.77,8101,7.4,7412,17,https://www.imdb.com/title/tt0087188/,https://letterboxd.com/film/and-the-ship-sails-on/
la-dolce-vita,La Dolce Vita,1960,Federico Fellini,174,tt0053779,439,4.27,156258,8,86048,17,https://www.imdb.com/title/tt0053779/,https://letterboxd.com/film/la-dolce-vita/
oedipus-rex,Oedipus Rex,1967,Pier Paolo Pasolini,105,tt0061613,42691,3.78,20954,7.2,7668,17,https://www.imdb.com/title/tt0061613/,https://letterboxd.com/film/oedipus-rex/
naked,Naked,1993,Mike Leigh,131,tt0107653,21450,4,130381,7.6,48956,16,https://www.imdb.com/title/tt0107653/,https://letterboxd.com/film/naked/
the-magician-1958,The Magician,1958,Ingmar Bergman,102,tt0051365,29453,3.81,17438,7.5,11911,16,https://www.imdb.com/title/tt0051365/,https://letterboxd.com/film/the-magician-1958/
wanda,Wanda,1970,Barbara Loden,103,tt0067961,80560,3.81,39730,7.1,7045,16,https://www.imdb.com/title/tt0067961/,https://letterboxd.com/film/wanda/
the-red-shoes,The Red Shoes,1948,"Michael Powell, Emeric Pressburger",133,tt0040725,19542,4.41,170695,8.1,43816,15,https://www.imdb.com/title/tt0040725/,https://letterboxd.com/film/the-red-shoes/
summer-with-monika,Summer with Monika,1953,Ingmar Bergman,98,tt0046345,47735,3.86,46702,7.5,17806,15,https://www.imdb.com/title/tt0046345/,https://letterboxd.com/film/summer-with-monika/
salo-or-the-120-days-of-sodom,"Salò, or the 120 Days of Sodom",1975,Pier Paolo Pasolini,117,tt0073650,5336,3.07,210591,5.8,73184,15,https://www.imdb.com/title/tt0073650/,https://letterboxd.com/film/salo-or-the-120-days-of-sodom/
the-night-of-the-hunter,The Night of the Hunter,1955,Charles Laughton,93,tt0048424,3112,4.25,248104,8,108163,15,https://www.imdb.com/title/tt0048424/,https://letterboxd.com/film/the-night-of-the-hunter/
yi-yi,Yi Yi,2000,Edward Yang,174,tt0244316,25538,4.53,190312,8.1,34449,15,https://www.imdb.com/title/tt0244316/,https://letterboxd.com/film/yi-yi/
the-seventh-seal,The Seventh Seal,1957,Ingmar Bergman,96,tt0050976,490,4.32,415846,8.1,215844,15,https://www.imdb.com/title/tt0050976/,https://letterboxd.com/film/the-seventh-seal/
five-easy-pieces,Five Easy Pieces,1970,Bob Rafelson,98,tt0065724,26617,3.88,67149,7.3,44633,14,https://www.imdb.com/title/tt0065724/,https://letterboxd.com/film/five-easy-pieces/
on-the-waterfront,On the Waterfront,1954,Elia Kazan,108,tt0047296,654,4.16,152711,8.1,179127,14,https://www.imdb.com/title/tt0047296/,https://letterboxd.com/film/on-the-waterfront/
punch-drunk-love,Punch-Drunk Love,2002,Paul Thomas Anderson,96,tt0272338,8051,3.96,724054,7.3,198253,14,https://www.imdb.com/title/tt0272338/,https://letterboxd.com/film/punch-drunk-love/
barry-lyndon,Barry Lyndon,1975,Stanley Kubrick,188,tt0072684,3175,4.41,435294,8.1,205939,14,https://www.imdb.com/title/tt0072684/,https://letterboxd.com/film/barry-lyndon/
autumn-sonata,Autumn Sonata,1978,Ingmar Bergman,93,tt0077711,12761,4.49,149819,8.1,42572,14,https://www.imdb.com/title/tt0077711/,https://letterboxd.com/film/autumn-sonata/
cries-and-whispers,Cries and Whispers,1972,Ingmar Bergman,95,tt0069467,10238,4.21,84387,7.9,39914,14,https://www.imdb.com/title/tt0069467/,https://letterboxd.com/film/cries-and-whispers/
wild-strawberries,Wild Strawberries,1957,Ingmar Bergman,91,tt0050986,614,4.33,180127,8.1,124889,14,https://www.imdb.com/title/tt0050986/,https://letterboxd.com/film/wild-strawberries/
the-virgin-spring,The Virgin Spring,1960,Ingmar Bergman,90,tt0053976,11656,4.16,52047,8,33902,14,https://www.imdb.com/title/tt0053976/,https://letterboxd.com/film/the-virgin-spring/
paris-texas,"Paris, Texas",1984,Wim Wenders,145,tt0087884,655,4.36,733286,8.1,142402,13,https://www.imdb.com/title/tt0087884/,https://letterboxd.com/film/paris-texas/
easy-rider,Easy Rider,1969,Dennis Hopper,96,tt0064276,624,3.77,150882,7.2,122790,13,https://www.imdb.com/title/tt0064276/,https://letterboxd.com/film/easy-rider/
journey-to-italy,Journey to Italy,1954,Roberto Rossellini,85,tt0046511,2748,3.81,35573,7.2,13947,13,https://www.imdb.com/title/tt0046511/,https://letterboxd.com/film/journey-to-italy/
shame,Shame,1968,Ingmar Bergman,104,tt0063611,26372,4.22,31321,8,16532,13,https://www.imdb.com/title/tt0063611/,https://letterboxd.com/film/shame/
the-magic-flute,The Magic Flute,1975,Ingmar Bergman,134,tt0073822,44864,3.68,7177,7.4,5780,13,https://www.imdb.com/title/tt0073822/,https://letterboxd.com/film/the-magic-flute/
shampoo,Shampoo,1975,Hal Ashby,110,tt0073692,31121,3.41,29841,6.4,15992,13,https://www.imdb.com/title/tt0073692/,https://letterboxd.com/film/shampoo/
europa-51,Europa '51,1952,Roberto Rossellini,118,tt0043511,41464,3.91,11715,7.4,5456,13,https://www.imdb.com/title/tt0043511/,https://letterboxd.com/film/europa-51/
stromboli,Stromboli,1950,Roberto Rossellini,107,tt0041931,4173,3.87,21321,7.2,9000,13,https://www.imdb.com/title/tt0041931/,https://letterboxd.com/film/stromboli/
rushmore,Rushmore,1998,Wes Anderson,93,tt0128445,11545,3.89,491491,7.6,208852,13,https://www.imdb.com/title/tt0128445/,https://letterboxd.com/film/rushmore/
the-devils-eye,The Devil's Eye,1960,Ingmar Bergman,88,tt0053772,48145,3.59,6607,7.1,5099,13,https://www.imdb.com/title/tt0053772/,https://letterboxd.com/film/the-devils-eye/
scenes-from-a-marriage,Scenes from a Marriage,1974,Ingmar Bergman,169,tt6725014,133919,4.38,58379,8.3,10484,13,https://www.imdb.com/title/tt6725014/,https://letterboxd.com/film/scenes-from-a-marriage/
trainspotting,Trainspotting,1996,Danny Boyle,94,tt0117951,627,4.23,1243355,8.1,769875,12,https://www.imdb.com/title/tt0117951/,https://letterboxd.com/film/trainspotting/
faro-document,Fårö Document,1970,Ingmar Bergman,57,tt0064355,304081,3.44,1823,6.7,619,12,https://www.imdb.com/title/tt0064355/,https://letterboxd.com/film/faro-document/
waiting-women,Waiting Women,1952,Ingmar Bergman,104,tt0044811,69544,3.51,4184,7,3331,12,https://www.imdb.com/title/tt0044811/,https://letterboxd.com/film/waiting-women/
brief-encounter,Brief Encounter,1945,David Lean,86,tt0037558,851,4.32,112744,8,48795,12,https://www.imdb.com/title/tt0037558/,https://letterboxd.com/film/brief-encounter/
saraband,Saraband,2003,Ingmar Bergman,120,tt0299478,55650,3.95,10043,7.5,9118,12,https://www.imdb.com/title/tt0299478/,https://letterboxd.com/film/saraband/
thirst,Thirst,1949,Ingmar Bergman,85,tt0041998,51143,3.24,5158,6.5,3193,12,https://www.imdb.com/title/tt0041998/,https://letterboxd.com/film/thirst/
faro-document-1979,Fårö Document 1979,1979,Ingmar Bergman,103,tt0079187,119421,3.41,1652,6.7,838,12,https://www.imdb.com/title/tt0079187/,https://letterboxd.com/film/faro-document-1979/
to-joy,To Joy,1950,Ingmar Bergman,99,tt0043048,39284,3.54,6315,7.1,3811,12,https://www.imdb.com/title/tt0043048/,https://letterboxd.com/film/to-joy/
a-lesson-in-love,A Lesson in Love,1954,Ingmar Bergman,97,tt0047167,64782,3.47,5352,7,4112,12,https://www.imdb.com/title/tt0047167/,https://letterboxd.com/film/a-lesson-in-love/
paris-is-burning,Paris Is Burning,1990,Jennie Livingston,78,tt0100332,31225,4.55,254585,8.2,21436,12,https://www.imdb.com/title/tt0100332/,https://letterboxd.com/film/paris-is-burning/
the-passion-of-anna,The Passion of Anna,1969,Ingmar Bergman,101,tt0064793,42602,3.96,19771,7.6,11342,12,https://www.imdb.com/title/tt0064793/,https://letterboxd.com/film/the-passion-of-anna/
from-the-life-of-the-marionettes,From the Life of the Marionettes,1980,Ingmar Bergman,104,tt0080397,42152,3.73,7626,7.2,5228,12,https://www.imdb.com/title/tt0080397/,https://letterboxd.com/film/from-the-life-of-the-marionettes/
the-rite,The Rite,1969,Ingmar Bergman,72,tt0064897,65092,3.57,8347,7,3718,12,https://www.imdb.com/title/tt0064897/,https://letterboxd.com/film/the-rite/
smiles-of-a-summer-night,Smiles of a Summer Night,1955,Ingmar Bergman,109,tt0048641,11700,3.9,22693,7.7,15772,12,https://www.imdb.com/title/tt0048641/,https://letterboxd.com/film/smiles-of-a-summer-night/
hour-of-the-wolf,Hour of the Wolf,1968,Ingmar Bergman,88,tt0063759,18333,4.03,69579,7.5,25112,12,https://www.imdb.com/title/tt0063759/,https://letterboxd.com/film/hour-of-the-wolf/
down-by-law,Down by Law,1986,Jim Jarmusch,106,tt0090967,1554,4.08,83459,7.6,58853,12,https://www.imdb.com/title/tt0090967/,https://letterboxd.com/film/down-by-law/
summer-interlude,Summer Interlude,1951,Ingmar Bergman,96,tt0044060,47473,3.85,16149,7.5,7333,12,https://www.imdb.com/title/tt0044060/,https://letterboxd.com/film/summer-interlude/
a-ship-to-india,A Ship to India,1947,Ingmar Bergman,96,tt0039834,106122,3.13,5676,6.4,2552,12,https://www.imdb.com/title/tt0039834/,https://letterboxd.com/film/a-ship-to-india/
all-these-women,All These Women,1964,Ingmar Bergman,77,tt0058124,96118,2.9,4288,5.4,2864,12,https://www.imdb.com/title/tt0058124/,https://letterboxd.com/film/all-these-women/
the-serpents-egg,The Serpent's Egg,1977,Ingmar Bergman,120,tt0076686,47474,3.35,7545,6.6,6883,12,https://www.imdb.com/title/tt0076686/,https://letterboxd.com/film/the-serpents-egg/
sans-soleil,Sans Soleil,1983,Chris Marker,100,tt0084628,1563,4.22,47497,7.7,13154,12,https://www.imdb.com/title/tt0084628/,https://letterboxd.com/film/sans-soleil/
brink-of-life,Brink of Life,1958,Ingmar Bergman,85,tt0052017,60899,3.76,6221,7.3,3783,12,https://www.imdb.com/title/tt0052017/,https://letterboxd.com/film/brink-of-life/
mirror,Mirror,1975,Andrei Tarkovsky,107,tt0072443,1396,4.32,189841,7.9,57925,12,https://www.imdb.com/title/tt0072443/,https://letterboxd.com/film/mirror/
port-of-call,Port of Call,1948,Ingmar Bergman,93,tt0040418,51141,3.26,4559,6.6,3135,12,https://www.imdb.com/title/tt0040418/,https://letterboxd.com/film/port-of-call/
the-discreet-charm-of-the-bourgeoisie,The Discreet Charm of the Bourgeoisie,1972,Luis Buñuel,101,tt0068361,4593,3.99,107264,7.7,50713,12,https://www.imdb.com/title/tt0068361/,https://letterboxd.com/film/the-discreet-charm-of-the-bourgeoisie/
scenes-from-a-marriage-1973-1,Scenes from a Marriage,1973,Ingmar Bergman,283,tt0070644,,4.45,15292,8.5,17838,12,https://www.imdb.com/title/tt0070644/,https://letterboxd.com/film/scenes-from-a-marriage-1973-1/
repo-man,Repo Man,1984,Alex Cox,92,tt0087995,13820,3.74,105806,6.8,45653,12,https://www.imdb.com/title/tt0087995/,https://letterboxd.com/film/repo-man/
seven-samurai,Seven Samurai,1954,Akira Kurosawa,207,tt0047478,346,4.6,445082,8.6,402914,12,https://www.imdb.com/title/tt0047478/,https://letterboxd.com/film/seven-samurai/
the-touch-1971,The Touch,1971,Ingmar Bergman,115,tt0066826,105254,3.19,4659,6.3,2550,12,https://www.imdb.com/title/tt0066826/,https://letterboxd.com/film/the-touch-1971/
after-the-rehearsal,After the Rehearsal,1984,Ingmar Bergman,74,tt0087193,42090,3.63,4879,7.1,3289,12,https://www.imdb.com/title/tt0087193/,https://letterboxd.com/film/after-the-rehearsal/
dreams-1955,Dreams,1955,Ingmar Bergman,88,tt0048272,97211,3.52,6138,7,3829,12,https://www.imdb.com/title/tt0048272/,https://letterboxd.com/film/dreams-1955/
crisis,Crisis,1946,Ingmar Bergman,93,tt0038675,30734,3.16,9247,6.4,3928,12,https://www.imdb.com/title/tt0038675/,https://letterboxd.com/film/crisis/
sawdust-and-tinsel,Sawdust and Tinsel,1953,Ingmar Bergman,93,tt0045848,47721,3.79,12133,7.4,8101,12,https://www.imdb.com/title/tt0045848/,https://letterboxd.com/film/sawdust-and-tinsel/
fantastic-mr-fox,Fantastic Mr. Fox,2009,Wes Anderson,87,tt0432283,10315,4.3,2820263,7.9,307005,11,https://www.imdb.com/title/tt0432283/,https://letterboxd.com/film/fantastic-mr-fox/
la-chambre-1972,La chambre,1972,Chantal Akerman,11,tt0068354,109383,3.45,7063,5.9,1183,11,https://www.imdb.com/title/tt0068354/,https://letterboxd.com/film/la-chambre-1972/
defending-your-life,Defending Your Life,1991,Albert Brooks,111,tt0101698,12186,3.63,35716,7.2,23603,11,https://www.imdb.com/title/tt0101698/,https://letterboxd.com/film/defending-your-life/
watermelon-man,Watermelon Man,1970,Melvin Van Peebles,100,tt0066550,42600,3.72,9428,6.7,3288,11,https://www.imdb.com/title/tt0066550/,https://letterboxd.com/film/watermelon-man/
hotel-monterey,Hotel Monterey,1973,Chantal Akerman,60,tt0068725,108831,3.56,5387,6.1,1158,11,https://www.imdb.com/title/tt0068725/,https://letterboxd.com/film/hotel-monterey/
dekalog,Dekalog,1989,Krzysztof Kieślowski,572,tt0092337,,4.62,31631,8.9,34982,11,https://www.imdb.com/title/tt0092337/,https://letterboxd.com/film/dekalog/
to-sleep-with-anger,To Sleep with Anger,1990,Charles Burnett,102,tt0100791,94725,3.93,17048,7.1,3551,11,https://www.imdb.com/title/tt0100791/,https://letterboxd.com/film/to-sleep-with-anger/
love-basketball,Love & Basketball,2000,Gina Prince-Bythewood,125,tt0199725,14736,3.67,64983,7.2,26752,11,https://www.imdb.com/title/tt0199725/,https://letterboxd.com/film/love-basketball/
the-phantom-of-liberty,The Phantom of Liberty,1974,Luis Buñuel,104,tt0071487,5558,3.98,27059,7.7,18570,11,https://www.imdb.com/title/tt0071487/,https://letterboxd.com/film/the-phantom-of-liberty/
beau-travail,Beau Travail,1999,Claire Denis,93,tt0209933,14626,4.12,140888,7.3,18432,11,https://www.imdb.com/title/tt0209933/,https://letterboxd.com/film/beau-travail/
house,House,1977,Nobuhiko Obayashi,88,tt0076162,25623,3.99,363374,7.2,39927,11,https://www.imdb.com/title/tt0076162/,https://letterboxd.com/film/house/
dont-play-us-cheap,Don't Play Us Cheap,1973,Melvin Van Peebles,102,tt0069996,90106,3.6,1708,5.8,460,11,https://www.imdb.com/title/tt0069996/,https://letterboxd.com/film/dont-play-us-cheap/
la-jetee,La Jetée,1962,Chris Marker,29,tt0056119,662,4.32,159078,8.2,39995,11,https://www.imdb.com/title/tt0056119/,https://letterboxd.com/film/la-jetee/
blue-velvet,Blue Velvet,1986,David Lynch,120,tt0090756,793,4.06,956977,7.7,246550,11,https://www.imdb.com/title/tt0090756/,https://letterboxd.com/film/blue-velvet/
ratcatcher,Ratcatcher,1999,Lynne Ramsay,94,tt0171685,29698,4.08,46262,7.5,13383,11,https://www.imdb.com/title/tt0171685/,https://letterboxd.com/film/ratcatcher/
black-orpheus,Black Orpheus,1959,Marcel Camus,100,tt0053146,40423,3.82,38332,7.4,13507,11,https://www.imdb.com/title/tt0053146/,https://letterboxd.com/film/black-orpheus/
godzilla,Godzilla,1954,Ishirō Honda,96,tt0047034,1678,4.06,167474,7.6,45638,11,https://www.imdb.com/title/tt0047034/,https://letterboxd.com/film/godzilla/
jules-and-jim,Jules and Jim,1962,François Truffaut,106,tt0055032,1628,3.93,93510,7.6,47049,11,https://www.imdb.com/title/tt0055032/,https://letterboxd.com/film/jules-and-jim/
bicycle-thieves,Bicycle Thieves,1948,Vittorio De Sica,89,tt0040522,5156,4.29,279627,8.2,192029,11,https://www.imdb.com/title/tt0040522/,https://letterboxd.com/film/bicycle-thieves/
the-leopard,The Leopard,1963,Luchino Visconti,186,tt0057091,1040,4.15,55629,7.9,34712,11,https://www.imdb.com/title/tt0057091/,https://letterboxd.com/film/the-leopard/
the-meetings-of-anna,The Meetings of Anna,1978,Chantal Akerman,128,tt0078152,93669,4.12,15977,7.3,2691,11,https://www.imdb.com/title/tt0078152/,https://letterboxd.com/film/the-meetings-of-anna/
jeanne-dielman-23-quai-du-commerce-1080-bruxelles,"Jeanne Dielman, 23, quai du Commerce, 1080 Bruxelles",1975,Chantal Akerman,202,tt0073198,44012,4.26,96822,7.5,17596,11,https://www.imdb.com/title/tt0073198/,https://letterboxd.com/film/jeanne-dielman-23-quai-du-commerce-1080-bruxelles/
tokyo-story,Tokyo Story,1953,Yasujirō Ozu,137,tt0046438,18148,4.43,149349,8.1,78071,11,https://www.imdb.com/title/tt0046438/,https://letterboxd.com/film/tokyo-story/
the-400-blows,The 400 Blows,1959,François Truffaut,99,tt0053198,147,4.3,290372,8,134894,11,https://www.imdb.com/title/tt0053198/,https://letterboxd.com/film/the-400-blows/
the-story-of-a-three-day-pass,The Story of a Three-Day Pass,1967,Melvin Van Peebles,87,tt0063646,95954,3.84,3849,7.1,762,11,https://www.imdb.com/title/tt0063646/,https://letterboxd.com/film/the-story-of-a-three-day-pass/
bottle-rocket-1996,Bottle Rocket,1996,Wes Anderson,91,tt0115734,13685,3.53,217835,6.9,88577,11,https://www.imdb.com/title/tt0115734/,https://letterboxd.com/film/bottle-rocket-1996/
eraserhead,Eraserhead,1977,David Lynch,89,tt0074486,985,3.82,557489,7.2,144331,11,https://www.imdb.com/title/tt0074486/,https://letterboxd.com/film/eraserhead/
city-lights,City Lights,1931,Charlie Chaplin,87,tt0021749,901,4.33,189186,8.5,216952,11,https://www.imdb.com/title/tt0021749/,https://letterboxd.com/film/city-lights/
klute,Klute,1971,Alan J. Pakula,114,tt0067309,466,3.86,78856,7.1,33928,11,https://www.imdb.com/title/tt0067309/,https://letterboxd.com/film/klute/
the-worst-person-in-the-world,The Worst Person in the World,2021,Joachim Trier,128,tt10370710,660120,4.08,999064,7.7,129457,11,https://www.imdb.com/title/tt10370710/,https://letterboxd.com/film/the-worst-person-in-the-world/
news-from-home,News from Home,1976,Chantal Akerman,89,tt0076452,86814,4.11,34751,7.3,3579,11,https://www.imdb.com/title/tt0076452/,https://letterboxd.com/film/news-from-home/
je-tu-il-elle,Je Tu Il Elle,1974,Chantal Akerman,86,tt0071690,93934,3.71,36561,6.6,3925,11,https://www.imdb.com/title/tt0071690/,https://letterboxd.com/film/je-tu-il-elle/
sweet-sweetbacks-baadasssss-song,Sweet Sweetback's Baadasssss Song,1971,Melvin Van Peebles,98,tt0067810,5822,3.29,14729,5.5,6404,11,https://www.imdb.com/title/tt0067810/,https://letterboxd.com/film/sweet-sweetbacks-baadasssss-song/
that-obscure-object-of-desire,That Obscure Object of Desire,1977,Luis Buñuel,103,tt0075824,5781,3.99,40605,7.8,27022,11,https://www.imdb.com/title/tt0075824/,https://letterboxd.com/film/that-obscure-object-of-desire/
the-last-picture-show,The Last Picture Show,1971,Peter Bogdanovich,119,tt0067328,25188,4.21,92272,8,57141,11,https://www.imdb.com/title/tt0067328/,https://letterboxd.com/film/the-last-picture-show/
three-colours-red,Three Colours: Red,1994,Krzysztof Kieślowski,100,tt0111495,110,4.33,195191,8.1,116084,10,https://www.imdb.com/title/tt0111495/,https://letterboxd.com/film/three-colours-red/
sweet-smell-of-success,Sweet Smell of Success,1957,Alexander Mackendrick,97,tt0051036,976,4.24,69797,8,40247,10,https://www.imdb.com/title/tt0051036/,https://letterboxd.com/film/sweet-smell-of-success/
before-midnight,Before Midnight,2013,Richard Linklater,109,tt2209418,132344,4.01,572059,7.9,186800,10,https://www.imdb.com/title/tt2209418/,https://letterboxd.com/film/before-midnight/
malcolm-x-1992,Malcolm X,1992,Spike Lee,202,tt0104797,1883,4.29,212323,7.7,111585,10,https://www.imdb.com/title/tt0104797/,https://letterboxd.com/film/malcolm-x-1992/
the-way-of-the-dragon,The Way of the Dragon,1972,Bruce Lee,100,tt0068935,9462,3.6,49624,7.1,44114,10,https://www.imdb.com/title/tt0068935/,https://letterboxd.com/film/the-way-of-the-dragon/
the-big-boss,The Big Boss,1971,Lo Wei,99,tt0067824,12481,3.38,29091,6.9,31825,10,https://www.imdb.com/title/tt0067824/,https://letterboxd.com/film/the-big-boss/
girlfriends-1978,Girlfriends,1978,Claudia Weill,88,tt0077613,111469,3.9,29734,7.2,3661,10,https://www.imdb.com/title/tt0077613/,https://letterboxd.com/film/girlfriends-1978/
before-sunrise,Before Sunrise,1995,Richard Linklater,101,tt0112471,76,4.3,1510269,8.1,379906,10,https://www.imdb.com/title/tt0112471/,https://letterboxd.com/film/before-sunrise/
fist-of-fury,Fist of Fury,1972,Lo Wei,108,tt0068767,11713,3.65,55473,7.2,37384,10,https://www.imdb.com/title/tt0068767/,https://letterboxd.com/film/fist-of-fury/
close-up,Close-Up,1990,Abbas Kiarostami,98,tt0100234,30017,4.41,140574,8.2,27036,10,https://www.imdb.com/title/tt0100234/,https://letterboxd.com/film/close-up/
apur-sansar,Apur Sansar,1959,Satyajit Ray,105,tt0052572,896,4.38,32495,8.4,20125,10,https://www.imdb.com/title/tt0052572/,https://letterboxd.com/film/apur-sansar/
three-colours-blue,Three Colours: Blue,1993,Krzysztof Kieślowski,98,tt0108394,108,4.15,265383,7.8,118283,10,https://www.imdb.com/title/tt0108394/,https://letterboxd.com/film/three-colours-blue/
my-night-at-mauds,My Night at Maud's,1969,Éric Rohmer,110,tt0064612,48831,4.17,47941,7.8,16112,10,https://www.imdb.com/title/tt0064612/,https://letterboxd.com/film/my-night-at-mauds/
la-collectionneuse,La Collectionneuse,1967,Éric Rohmer,86,tt0061495,4837,3.81,50589,7.3,10896,10,https://www.imdb.com/title/tt0061495/,https://letterboxd.com/film/la-collectionneuse/
moonstruck,Moonstruck,1987,Norman Jewison,102,tt0093565,2039,3.79,271689,7.2,78399,10,https://www.imdb.com/title/tt0093565/,https://letterboxd.com/film/moonstruck/
videodrome,Videodrome,1983,David Cronenberg,88,tt0086541,837,3.87,388691,7.2,113521,10,https://www.imdb.com/title/tt0086541/,https://letterboxd.com/film/videodrome/
before-sunset,Before Sunset,2004,Richard Linklater,80,tt0381681,80,4.31,917086,8.1,316771,10,https://www.imdb.com/title/tt0381681/,https://letterboxd.com/film/before-sunset/
the-grand-budapest-hotel,The Grand Budapest Hotel,2014,Wes Anderson,100,tt2278388,120467,4.24,3248829,8.1,976291,10,https://www.imdb.com/title/tt2278388/,https://letterboxd.com/film/the-grand-budapest-hotel/
the-princess-bride,The Princess Bride,1987,Rob Reiner,99,tt0093779,2493,4.1,1143445,8,487479,10,https://www.imdb.com/title/tt0093779/,https://letterboxd.com/film/the-princess-bride/
loves-of-a-blonde,Loves of a Blonde,1965,Miloš Forman,81,tt0059415,39387,3.79,19609,7.4,10294,10,https://www.imdb.com/title/tt0059415/,https://letterboxd.com/film/loves-of-a-blonde/
three-colours-white,Three Colours: White,1994,Krzysztof Kieślowski,92,tt0111507,109,3.83,160394,7.6,84751,10,https://www.imdb.com/title/tt0111507/,https://letterboxd.com/film/three-colours-white/
the-cameraman,The Cameraman,1928,"Edward Sedgwick, Buster Keaton",74,tt0018742,31411,4.13,35308,8,14614,10,https://www.imdb.com/title/tt0018742/,https://letterboxd.com/film/the-cameraman/
after-life,After Life,1998,Hirokazu Kore-eda,118,tt0165078,17962,4.16,59540,7.6,15775,10,https://www.imdb.com/title/tt0165078/,https://letterboxd.com/film/after-life/
midnight-cowboy,Midnight Cowboy,1969,John Schlesinger,113,tt0064665,3116,4.15,223526,7.8,131233,10,https://www.imdb.com/title/tt0064665/,https://letterboxd.com/film/midnight-cowboy/
badlands,Badlands,1973,Terrence Malick,94,tt0069762,3133,3.99,188947,7.7,84783,10,https://www.imdb.com/title/tt0069762/,https://letterboxd.com/film/badlands/
the-bakery-girl-of-monceau,The Bakery Girl of Monceau,1963,Éric Rohmer,23,tt0056884,81399,3.6,20198,7.2,5927,10,https://www.imdb.com/title/tt0056884/,https://letterboxd.com/film/the-bakery-girl-of-monceau/
pather-panchali,Pather Panchali,1955,Satyajit Ray,125,tt0048473,5801,4.32,70426,8.2,41814,10,https://www.imdb.com/title/tt0048473/,https://letterboxd.com/film/pather-panchali/
suzannes-career,Suzanne’s Career,1963,Éric Rohmer,54,tt0056910,86764,3.42,13631,6.8,4627,10,https://www.imdb.com/title/tt0056910/,https://letterboxd.com/film/suzannes-career/
amores-perros,Amores Perros,2000,Alejandro G. Iñárritu,154,tt0245712,55,4.19,290762,8,271538,10,https://www.imdb.com/title/tt0245712/,https://letterboxd.com/film/amores-perros/
claires-knee,Claire's Knee,1970,Éric Rohmer,105,tt0065772,2860,3.86,38524,7.4,13635,10,https://www.imdb.com/title/tt0065772/,https://letterboxd.com/film/claires-knee/
come-and-see,Come and See,1985,Elem Klimov,142,tt0091251,25237,4.61,471145,8.3,124190,10,https://www.imdb.com/title/tt0091251/,https://letterboxd.com/film/come-and-see/
12-angry-men,12 Angry Men,1957,Sidney Lumet,97,tt0050083,389,4.63,1571902,9,989156,10,https://www.imdb.com/title/tt0050083/,https://letterboxd.com/film/12-angry-men/
aparajito,Aparajito,1956,Satyajit Ray,110,tt0048956,897,4.27,33003,8.2,19799,10,https://www.imdb.com/title/tt0048956/,https://letterboxd.com/film/aparajito/
hedwig-and-the-angry-inch,Hedwig and the Angry Inch,2001,John Cameron Mitchell,95,tt0248845,13403,4.08,76788,7.7,38020,10,https://www.imdb.com/title/tt0248845/,https://letterboxd.com/film/hedwig-and-the-angry-inch/
where-is-the-friends-house,Where Is the Friend's House?,1987,Abbas Kiarostami,83,tt0093342,49964,4.38,137414,8.1,23184,10,https://www.imdb.com/title/tt0093342/,https://letterboxd.com/film/where-is-the-friends-house/
game-of-death,Game of Death,1978,Robert Clouse,101,tt0077594,13333,2.99,27388,5.9,22790,10,https://www.imdb.com/title/tt0077594/,https://letterboxd.com/film/game-of-death/
enter-the-dragon,Enter the Dragon,1973,Robert Clouse,102,tt0070034,9461,3.83,143666,7.6,120808,10,https://www.imdb.com/title/tt0070034/,https://letterboxd.com/film/enter-the-dragon/
mikey-and-nicky,Mikey and Nicky,1976,Elaine May,106,tt0074901,59143,4.07,79571,7.3,9416,9,https://www.imdb.com/title/tt0074901/,https://letterboxd.com/film/mikey-and-nicky/
la-notte,La Notte,1961,Michelangelo Antonioni,122,tt0054130,41050,4.29,79411,7.9,26674,9,https://www.imdb.com/title/tt0054130/,https://letterboxd.com/film/la-notte/
3-women,3 Women,1977,Robert Altman,124,tt0075612,41662,4.15,77629,7.7,19966,9,https://www.imdb.com/title/tt0075612/,https://letterboxd.com/film/3-women/
y-tu-mama-tambien,Y Tu Mamá También,2001,Alfonso Cuarón,106,tt0245574,1391,4.21,501234,7.7,142152,9,https://www.imdb.com/title/tt0245574/,https://letterboxd.com/film/y-tu-mama-tambien/
pickpocket,Pickpocket,1959,Robert Bresson,75,tt0053168,690,3.94,79503,7.5,27656,9,https://www.imdb.com/title/tt0053168/,https://letterboxd.com/film/pickpocket/
invasion-of-astro-monster,Invasion of Astro-Monster,1965,Ishirō Honda,96,tt0059346,19545,3.18,26420,6.2,8653,9,https://www.imdb.com/title/tt0059346/,https://letterboxd.com/film/invasion-of-astro-monster/
brazil,Brazil,1985,Terry Gilliam,143,tt0088846,68,4.1,281924,7.8,222038,9,https://www.imdb.com/title/tt0088846/,https://letterboxd.com/film/brazil/
a-man-escaped,A Man Escaped,1956,Robert Bresson,101,tt0049902,15244,4.35,72524,8.1,30844,9,https://www.imdb.com/title/tt0049902/,https://letterboxd.com/film/a-man-escaped/
godzilla-raids-again,Godzilla Raids Again,1955,Motoyoshi Oda,82,tt0048127,1679,2.67,36809,5.7,9858,9,https://www.imdb.com/title/tt0048127/,https://letterboxd.com/film/godzilla-raids-again/
all-about-eve,All About Eve,1950,Joseph L. Mankiewicz,139,tt0042192,705,4.36,148427,8.2,149687,9,https://www.imdb.com/title/tt0042192/,https://letterboxd.com/film/all-about-eve/
fish-tank,Fish Tank,2009,Andrea Arnold,123,tt1232776,24469,3.84,104823,7.3,68492,9,https://www.imdb.com/title/tt1232776/,https://letterboxd.com/film/fish-tank/
mothra-vs-godzilla,Mothra vs. Godzilla,1964,Ishirō Honda,89,tt0058379,1682,3.46,39662,6.5,11836,9,https://www.imdb.com/title/tt0058379/,https://letterboxd.com/film/mothra-vs-godzilla/
love-in-the-afternoon-1972,Love in the Afternoon,1972,Éric Rohmer,97,tt0068205,12116,4.03,42992,7.6,10451,9,https://www.imdb.com/title/tt0068205/,https://letterboxd.com/film/love-in-the-afternoon-1972/
son-of-godzilla,Son of Godzilla,1967,Jun Fukuda,86,tt0061856,18627,2.68,23536,5.2,6893,9,https://www.imdb.com/title/tt0061856/,https://letterboxd.com/film/son-of-godzilla/
godzilla-vs-megalon,Godzilla vs. Megalon,1973,Jun Fukuda,82,tt0070122,39264,2.91,24576,4.9,7906,9,https://www.imdb.com/title/tt0070122/,https://letterboxd.com/film/godzilla-vs-megalon/
secrets-lies,Secrets & Lies,1996,Mike Leigh,142,tt0117589,11159,4.29,66234,8,50472,9,https://www.imdb.com/title/tt0117589/,https://letterboxd.com/film/secrets-lies/
ghidorah-the-three-headed-monster,"Ghidorah, the Three-Headed Monster",1964,Ishirō Honda,92,tt0058544,15766,3.39,31315,6.5,9170,9,https://www.imdb.com/title/tt0058544/,https://letterboxd.com/film/ghidorah-the-three-headed-monster/
the-battle-of-algiers,The Battle of Algiers,1966,Gillo Pontecorvo,122,tt0058946,17295,4.46,138849,8.1,76154,9,https://www.imdb.com/title/tt0058946/,https://letterboxd.com/film/the-battle-of-algiers/
king-kong-vs-godzilla,King Kong vs. Godzilla,1962,Ishirō Honda,97,tt13364334,1680,3.06,32342,6.2,3121,9,https://www.imdb.com/title/tt13364334/,https://letterboxd.com/film/king-kong-vs-godzilla/
short-cuts,Short Cuts,1993,Robert Altman,188,tt0108122,695,4.14,47976,7.6,50066,9,https://www.imdb.com/title/tt0108122/,https://letterboxd.com/film/short-cuts/
blow-up,Blow-Up,1966,Michelangelo Antonioni,111,tt0060176,1052,3.8,151545,7.4,72905,9,https://www.imdb.com/title/tt0060176/,https://letterboxd.com/film/blow-up/
destroy-all-monsters,Destroy All Monsters,1968,Ishirō Honda,89,tt0063172,3107,3.27,29789,6.4,8822,9,https://www.imdb.com/title/tt0063172/,https://letterboxd.com/film/destroy-all-monsters/
grey-gardens,Grey Gardens,1975,"Muffie Meyer, David Maysles, Ellen Giffard, Albert Maysles",95,tt0073076,17346,4.08,65605,7.5,16932,9,https://www.imdb.com/title/tt0073076/,https://letterboxd.com/film/grey-gardens/
godzilla-vs-hedorah,Godzilla vs. Hedorah,1971,Yoshimitsu Banno,85,tt0067148,39464,3.51,29484,6.1,7750,9,https://www.imdb.com/title/tt0067148/,https://letterboxd.com/film/godzilla-vs-hedorah/
raging-bull,Raging Bull,1980,Martin Scorsese,129,tt0081398,1578,4.21,606657,8.1,411102,9,https://www.imdb.com/title/tt0081398/,https://letterboxd.com/film/raging-bull/
all-monsters-attack,All Monsters Attack,1969,Ishirō Honda,70,tt0064373,39462,2.12,21185,3.9,6377,9,https://www.imdb.com/title/tt0064373/,https://letterboxd.com/film/all-monsters-attack/
rashomon,Rashomon,1950,Akira Kurosawa,88,tt0042876,548,4.2,297873,8.1,197247,9,https://www.imdb.com/title/tt0042876/,https://letterboxd.com/film/rashomon/
terror-of-mechagodzilla,Terror of Mechagodzilla,1975,Ishirō Honda,83,tt0073373,19333,3.21,21244,6.1,6674,9,https://www.imdb.com/title/tt0073373/,https://letterboxd.com/film/terror-of-mechagodzilla/
love-streams,Love Streams,1984,John Cassavetes,141,tt0087644,52109,4.2,28976,7.6,7479,9,https://www.imdb.com/title/tt0087644/,https://letterboxd.com/film/love-streams/
godzilla-vs-gigan,Godzilla vs. Gigan,1972,Jun Fukuda,89,tt0068371,19336,3.01,21694,5.6,6639,9,https://www.imdb.com/title/tt0068371/,https://letterboxd.com/film/godzilla-vs-gigan/
ebirah-horror-of-the-deep,"Ebirah, Horror of the Deep",1966,Jun Fukuda,87,tt0060464,3115,2.99,22720,5.6,7392,9,https://www.imdb.com/title/tt0060464/,https://letterboxd.com/film/ebirah-horror-of-the-deep/
tampopo,Tampopo,1985,Jūzō Itami,115,tt0092048,11830,4.31,159001,7.9,27029,9,https://www.imdb.com/title/tt0092048/,https://letterboxd.com/film/tampopo/
stalker,Stalker,1979,Andrei Tarkovsky,162,tt0079944,1398,4.4,378988,8,156580,9,https://www.imdb.com/title/tt0079944/,https://letterboxd.com/film/stalker/
king-kong-vs-godzilla-1963,King Kong vs. Godzilla,1963,"Thomas Montgomery, Ishirō Honda",96,tt0056142,686487,2.81,8741,5.7,12161,9,https://www.imdb.com/title/tt0056142/,https://letterboxd.com/film/king-kong-vs-godzilla-1963/
notorious,Notorious,1946,Alfred Hitchcock,103,tt0038787,303,4.09,124808,7.9,112834,9,https://www.imdb.com/title/tt0038787/,https://letterboxd.com/film/notorious/
godzilla-vs-mechagodzilla,Godzilla vs. Mechagodzilla,1974,Jun Fukuda,84,tt0071565,38582,3.3,30327,6.2,9042,9,https://www.imdb.com/title/tt0071565/,https://letterboxd.com/film/godzilla-vs-mechagodzilla/
night-of-the-living-dead,Night of the Living Dead,1968,George A. Romero,96,tt0063350,10331,3.94,336675,7.8,151493,9,https://www.imdb.com/title/tt0063350/,https://letterboxd.com/film/night-of-the-living-dead/
my-own-private-idaho,My Own Private Idaho,1991,Gus Van Sant,104,tt0102494,468,3.84,266694,6.9,67397,9,https://www.imdb.com/title/tt0102494/,https://letterboxd.com/film/my-own-private-idaho/
2046,2046,2004,Wong Kar-Wai,128,tt0212712,844,4.05,147031,7.4,64646,8,https://www.imdb.com/title/tt0212712/,https://letterboxd.com/film/2046/
funny-games,Funny Games,1997,Michael Haneke,109,tt0119167,10234,3.91,389878,7.5,97957,8,https://www.imdb.com/title/tt0119167/,https://letterboxd.com/film/funny-games/
always-for-pleasure,Always for Pleasure,1978,Les Blank,58,tt0077154,85637,3.94,2400,7.4,646,8,https://www.imdb.com/title/tt0077154/,https://letterboxd.com/film/always-for-pleasure/
le-15-8,Le 15/8,1973,"Chantal Akerman, Samy Szlingerbaum",43,tt0069664,186660,3.44,1905,6.1,228,8,https://www.imdb.com/title/tt0069664/,https://letterboxd.com/film/le-15-8/
devil-in-a-blue-dress,Devil in a Blue Dress,1995,Carl Franklin,102,tt0112857,8512,3.71,46638,6.8,27714,8,https://www.imdb.com/title/tt0112857/,https://letterboxd.com/film/devil-in-a-blue-dress/
as-tears-go-by,As Tears Go By,1988,Wong Kar-Wai,98,tt0096461,24163,3.6,58692,7,14305,8,https://www.imdb.com/title/tt0096461/,https://letterboxd.com/film/as-tears-go-by/
the-royal-tenenbaums,The Royal Tenenbaums,2001,Wes Anderson,110,tt0265666,9428,4.11,1029208,7.6,336246,8,https://www.imdb.com/title/tt0265666/,https://letterboxd.com/film/the-royal-tenenbaums/
a-matter-of-life-and-death,A Matter of Life and Death,1946,"Emeric Pressburger, Michael Powell",104,tt0038733,28162,4.27,56737,8,27999,8,https://www.imdb.com/title/tt0038733/,https://letterboxd.com/film/a-matter-of-life-and-death/
ah-fei-jing-juen,Days of Being Wild,1990,Wong Kar-Wai,94,tt0101258,18311,3.82,101674,7.4,28649,8,https://www.imdb.com/title/tt0101258/,https://letterboxd.com/film/ah-fei-jing-juen/
the-virgin-suicides,The Virgin Suicides,1999,Sofia Coppola,97,tt0159097,1443,3.85,1331430,7.2,187060,8,https://www.imdb.com/title/tt0159097/,https://letterboxd.com/film/the-virgin-suicides/
happy-together-1997,Happy Together,1997,Wong Kar-Wai,96,tt0118845,18329,4.21,251724,7.6,38503,8,https://www.imdb.com/title/tt0118845/,https://letterboxd.com/film/happy-together-1997/
head,Head,1968,Bob Rafelson,86,tt0063049,18193,3.64,14827,6.4,7401,8,https://www.imdb.com/title/tt0063049/,https://letterboxd.com/film/head/
mulholland-drive,Mulholland Drive,2001,David Lynch,147,tt0166924,1018,4.26,1296272,7.9,429856,8,https://www.imdb.com/title/tt0166924/,https://letterboxd.com/film/mulholland-drive/
fat-girl,Fat Girl,2001,Catherine Breillat,86,tt0243255,570,3.43,45981,6.4,14123,8,https://www.imdb.com/title/tt0243255/,https://letterboxd.com/film/fat-girl/
saute-ma-ville,Saute ma ville,1968,Chantal Akerman,13,tt0063551,49479,3.57,13454,6.3,1505,8,https://www.imdb.com/title/tt0063551/,https://letterboxd.com/film/saute-ma-ville/
breathless,Breathless,1960,Jean-Luc Godard,90,tt0053472,269,3.9,310190,7.6,95838,8,https://www.imdb.com/title/tt0053472/,https://letterboxd.com/film/breathless/
sid-and-nancy,Sid and Nancy,1986,Alex Cox,114,tt0091954,14924,3.49,50790,7,37040,8,https://www.imdb.com/title/tt0091954/,https://letterboxd.com/film/sid-and-nancy/
tootsie,Tootsie,1982,Sydney Pollack,116,tt0084805,9576,3.75,129484,7.4,122936,8,https://www.imdb.com/title/tt0084805/,https://letterboxd.com/film/tootsie/
a-safe-place,A Safe Place,1971,Henry Jaglom,94,tt0067699,53898,2.6,2006,4.9,1484,8,https://www.imdb.com/title/tt0067699/,https://letterboxd.com/film/a-safe-place/
no-country-for-old-men,No Country for Old Men,2007,"Joel Coen, Ethan Coen",122,tt0477348,6977,4.31,2229690,8.2,1197671,8,https://www.imdb.com/title/tt0477348/,https://letterboxd.com/film/no-country-for-old-men/
fast-times-at-ridgemont-high,Fast Times at Ridgemont High,1982,Amy Heckerling,90,tt0083929,13342,3.49,184316,7.1,125515,8,https://www.imdb.com/title/tt0083929/,https://letterboxd.com/film/fast-times-at-ridgemont-high/
his-girl-friday,His Girl Friday,1940,Howard Hawks,92,tt0032599,3085,4.03,125984,7.8,68104,8,https://www.imdb.com/title/tt0032599/,https://letterboxd.com/film/his-girl-friday/
female-trouble,Female Trouble,1974,John Waters,98,tt0072979,14267,3.94,55462,7.1,11794,8,https://www.imdb.com/title/tt0072979/,https://letterboxd.com/film/female-trouble/
claudine,Claudine,1974,John Berry,92,tt0071334,55909,3.81,4371,7.3,2909,8,https://www.imdb.com/title/tt0071334/,https://letterboxd.com/film/claudine/
le-samourai,Le Samouraï,1967,Jean-Pierre Melville,105,tt0062229,5511,4.22,216903,8,66442,8,https://www.imdb.com/title/tt0062229/,https://letterboxd.com/film/le-samourai/
uncut-gems,Uncut Gems,2019,"Josh Safdie, Benny Safdie",136,tt5727208,473033,3.95,1738879,7.4,358353,8,https://www.imdb.com/title/tt5727208/,https://letterboxd.com/film/uncut-gems/
the-umbrellas-of-cherbourg,The Umbrellas of Cherbourg,1964,Jacques Demy,93,tt0058450,5967,4.14,198846,7.8,35224,8,https://www.imdb.com/title/tt0058450/,https://letterboxd.com/film/the-umbrellas-of-cherbourg/
the-beloved-child-or-i-play-at-being-a-married-woman,"The Beloved Child, or I Play at Being a Married Woman",1971,Chantal Akerman,35,tt0067053,415922,3.41,1127,6.1,158,8,https://www.imdb.com/title/tt0067053/,https://letterboxd.com/film/the-beloved-child-or-i-play-at-being-a-married-woman/
the-wages-of-fear,The Wages of Fear,1953,Henri-Georges Clouzot,154,tt0046268,204,4.36,69314,8.1,73771,8,https://www.imdb.com/title/tt0046268/,https://letterboxd.com/film/the-wages-of-fear/
cold-war-2018,Cold War,2018,Paweł Pawlikowski,88,tt6543652,440298,4.05,184124,7.5,65680,8,https://www.imdb.com/title/tt6543652/,https://letterboxd.com/film/cold-war-2018/
the-king-of-marvin-gardens,The King of Marvin Gardens,1972,Bob Rafelson,103,tt0068805,50627,3.48,8195,6.5,6514,8,https://www.imdb.com/title/tt0068805/,https://letterboxd.com/film/the-king-of-marvin-gardens/
fallen-angels,Fallen Angels,1995,Wong Kar-Wai,98,tt0112913,11220,4.16,716495,7.5,60048,8,https://www.imdb.com/title/tt0112913/,https://letterboxd.com/film/fallen-angels/
chungking-express,Chungking Express,1994,Wong Kar-Wai,103,tt0109424,11104,4.27,786203,7.9,112101,8,https://www.imdb.com/title/tt0109424/,https://letterboxd.com/film/chungking-express/
husbands,Husbands,1970,John Cassavetes,131,tt0065867,52105,3.81,29529,7,8170,8,https://www.imdb.com/title/tt0065867/,https://letterboxd.com/film/husbands/
a-brighter-summer-day,A Brighter Summer Day,1991,Edward Yang,237,tt0101985,15804,4.5,78410,8.2,15155,8,https://www.imdb.com/title/tt0101985/,https://letterboxd.com/film/a-brighter-summer-day/
some-like-it-hot,Some Like It Hot,1959,Billy Wilder,123,tt0053291,239,4.28,399693,8.2,305293,8,https://www.imdb.com/title/tt0053291/,https://letterboxd.com/film/some-like-it-hot/
andrei-rublev,Andrei Rublev,1966,Andrei Tarkovsky,183,tt0060107,895,4.44,99921,8,60754,8,https://www.imdb.com/title/tt0060107/,https://letterboxd.com/film/andrei-rublev/
the-vanishing,The Vanishing,1988,George Sluizer,106,tt0096163,8740,4.01,174147,7.6,54935,8,https://www.imdb.com/title/tt0096163/,https://letterboxd.com/film/the-vanishing/
the-life-aquatic-with-steve-zissou,The Life Aquatic with Steve Zissou,2004,Wes Anderson,119,tt0362270,421,3.81,477469,7.2,221474,8,https://www.imdb.com/title/tt0362270/,https://letterboxd.com/film/the-life-aquatic-with-steve-zissou/
the-scarlet-empress,The Scarlet Empress,1934,Josef von Sternberg,104,tt0025746,31527,3.9,11488,7.5,7948,8,https://www.imdb.com/title/tt0025746/,https://letterboxd.com/film/the-scarlet-empress/
drive-he-said,"Drive, He Said",1971,Jack Nicholson,95,tt0068509,57215,2.85,2832,5.6,1922,8,https://www.imdb.com/title/tt0068509/,https://letterboxd.com/film/drive-he-said/
the-age-of-innocence,The Age of Innocence,1993,Martin Scorsese,138,tt0106226,10436,3.81,153025,7.2,75148,8,https://www.imdb.com/title/tt0106226/,https://letterboxd.com/film/the-age-of-innocence/
roma-2018,Roma,2018,Alfonso Cuarón,135,tt6155172,426426,4.09,475397,7.6,178876,8,https://www.imdb.com/title/tt6155172/,https://letterboxd.com/film/roma-2018/
happiness,Happiness,1998,Todd Solondz,140,tt0147612,10683,3.97,126492,7.7,80154,8,https://www.imdb.com/title/tt0147612/,https://letterboxd.com/film/happiness/
the-piano-teacher,The Piano Teacher,2001,Michael Haneke,131,tt0254686,1791,4.06,374360,7.5,81601,8,https://www.imdb.com/title/tt0254686/,https://letterboxd.com/film/the-piano-teacher/
seconds,Seconds,1966,John Frankenheimer,107,tt0060955,20620,4.15,61252,7.6,23810,7,https://www.imdb.com/title/tt0060955/,https://letterboxd.com/film/seconds/
italianamerican,Italianamerican,1974,Martin Scorsese,49,tt0071680,91459,3.98,19464,7.6,4335,7,https://www.imdb.com/title/tt0071680/,https://letterboxd.com/film/italianamerican/
black-narcissus,Black Narcissus,1947,"Emeric Pressburger, Michael Powell",100,tt0039192,16391,3.98,89729,7.7,31520,7,https://www.imdb.com/title/tt0039192/,https://letterboxd.com/film/black-narcissus/
i-knew-her-well,I Knew Her Well,1965,Antonio Pietrangeli,115,tt0060545,59336,3.99,11561,7.6,3810,7,https://www.imdb.com/title/tt0060545/,https://letterboxd.com/film/i-knew-her-well/
good-morning,Good Morning,1959,Yasujirō Ozu,94,tt0053134,28276,4.21,62744,7.8,12519,7,https://www.imdb.com/title/tt0053134/,https://letterboxd.com/film/good-morning/
dazed-and-confused,Dazed and Confused,1993,Richard Linklater,102,tt0106677,9571,3.9,604905,7.6,217114,7,https://www.imdb.com/title/tt0106677/,https://letterboxd.com/film/dazed-and-confused/
walle,WALL·E,2008,Andrew Stanton,98,tt0910970,10681,4.24,2743065,8.4,1327582,7,https://www.imdb.com/title/tt0910970/,https://letterboxd.com/film/walle/
straw-dogs,Straw Dogs,1971,Sam Peckinpah,116,tt0067800,994,3.77,65425,7.4,68454,7,https://www.imdb.com/title/tt0067800/,https://letterboxd.com/film/straw-dogs/
being-john-malkovich,Being John Malkovich,1999,Spike Jonze,113,tt0120601,492,4.07,532457,7.7,369684,7,https://www.imdb.com/title/tt0120601/,https://letterboxd.com/film/being-john-malkovich/
round-midnight,'Round Midnight,1986,Bertrand Tavernier,131,tt0090557,14670,3.84,7304,7.4,6436,7,https://www.imdb.com/title/tt0090557/,https://letterboxd.com/film/round-midnight/
sunday-bloody-sunday,Sunday Bloody Sunday,1971,John Schlesinger,110,tt0067805,45938,3.6,10512,6.9,7902,7,https://www.imdb.com/title/tt0067805/,https://letterboxd.com/film/sunday-bloody-sunday/
women-on-the-verge-of-a-nervous-breakdown,Women on the Verge of a Nervous Breakdown,1988,Pedro Almodóvar,88,tt0095675,4203,4.12,237983,7.5,50910,7,https://www.imdb.com/title/tt0095675/,https://letterboxd.com/film/women-on-the-verge-of-a-nervous-breakdown/
the-big-chill,The Big Chill,1983,Lawrence Kasdan,105,tt0085244,12560,3.51,55373,7.1,45626,7,https://www.imdb.com/title/tt0085244/,https://letterboxd.com/film/the-big-chill/
la-cienaga,La Ciénaga,2001,Lucrecia Martel,101,tt0240419,58429,3.87,74591,7,9532,7,https://www.imdb.com/title/tt0240419/,https://letterboxd.com/film/la-cienaga/
through-the-olive-trees,Through the Olive Trees,1994,Abbas Kiarostami,104,tt0111845,47104,4.2,44249,7.7,11991,7,https://www.imdb.com/title/tt0111845/,https://letterboxd.com/film/through-the-olive-trees/
the-ascent,The Ascent,1977,Larisa Shepitko,110,tt0075404,50183,4.44,51739,8.2,12405,7,https://www.imdb.com/title/tt0075404/,https://letterboxd.com/film/the-ascent/
this-happy-breed,This Happy Breed,1944,David Lean,111,tt0037367,51617,3.66,3813,7.3,4617,7,https://www.imdb.com/title/tt0037367/,https://letterboxd.com/film/this-happy-breed/
the-tall-t,The Tall T,1957,Budd Boetticher,78,tt0051047,43253,3.81,11853,7.3,7046,7,https://www.imdb.com/title/tt0051047/,https://letterboxd.com/film/the-tall-t/
in-which-we-serve,In Which We Serve,1942,"Noël Coward, David Lean",115,tt0034891,28093,3.44,4675,7.2,7086,7,https://www.imdb.com/title/tt0034891/,https://letterboxd.com/film/in-which-we-serve/
the-big-shave,The Big Shave,1967,Martin Scorsese,6,tt0061402,48714,3.58,67983,7,10179,7,https://www.imdb.com/title/tt0061402/,https://letterboxd.com/film/the-big-shave/
naked-lunch,Naked Lunch,1991,David Cronenberg,115,tt0102511,2742,3.76,109723,6.9,61063,7,https://www.imdb.com/title/tt0102511/,https://letterboxd.com/film/naked-lunch/
whats-a-nice-girl-like-you-doing-in-a-place-like-this,What's a Nice Girl Like You Doing in a Place Like This?,1963,Martin Scorsese,10,tt0057680,48717,3.4,15404,6.4,3131,7,https://www.imdb.com/title/tt0057680/,https://letterboxd.com/film/whats-a-nice-girl-like-you-doing-in-a-place-like-this/
blood-simple,Blood Simple,1984,Joel Coen,97,tt0086979,11368,3.89,199980,7.5,114301,7,https://www.imdb.com/title/tt0086979/,https://letterboxd.com/film/blood-simple/
to-die-for,To Die For,1995,Gus Van Sant,106,tt0114681,577,3.63,136302,6.8,60295,7,https://www.imdb.com/title/tt0114681/,https://letterboxd.com/film/to-die-for/
la-haine,La Haine,1995,Mathieu Kassovitz,98,tt0113247,406,4.5,1101061,8.1,228285,7,https://www.imdb.com/title/tt0113247/,https://letterboxd.com/film/la-haine/
dont-look-back-1967,Dont Look Back,1967,D. A. Pennebaker,96,tt0061589,135,4.14,31925,7.9,11020,7,https://www.imdb.com/title/tt0061589/,https://letterboxd.com/film/dont-look-back-1967/
buchanan-rides-alone,Buchanan Rides Alone,1958,Budd Boetticher,80,tt0051437,43114,3.55,5034,6.8,3673,7,https://www.imdb.com/title/tt0051437/,https://letterboxd.com/film/buchanan-rides-alone/
the-making-of-fanny-and-alexander,The Making of Fanny and Alexander,1984,Ingmar Bergman,110,tt0090955,114034,3.81,1342,7.5,1099,7,https://www.imdb.com/title/tt0090955/,https://letterboxd.com/film/the-making-of-fanny-and-alexander/
withnail-i,Withnail & I,1987,Bruce Robinson,108,tt0094336,13446,3.99,104610,7.5,52447,7,https://www.imdb.com/title/tt0094336/,https://letterboxd.com/film/withnail-i/
the-rules-of-the-game,The Rules of the Game,1939,Jean Renoir,110,tt0031885,776,4.06,60800,7.9,33467,7,https://www.imdb.com/title/tt0031885/,https://letterboxd.com/film/the-rules-of-the-game/
days-of-heaven,Days of Heaven,1978,Terrence Malick,94,tt0077405,16642,4.09,173460,7.7,69386,7,https://www.imdb.com/title/tt0077405/,https://letterboxd.com/film/days-of-heaven/
kes,Kes,1969,Ken Loach,111,tt0064541,13384,4.25,61821,7.9,26084,7,https://www.imdb.com/title/tt0064541/,https://letterboxd.com/film/kes/
ride-lonesome,Ride Lonesome,1959,Budd Boetticher,73,tt0053220,27644,3.72,11446,7.1,7601,7,https://www.imdb.com/title/tt0053220/,https://letterboxd.com/film/ride-lonesome/
american-boy-a-profile-of-steven-prince,American Boy: A Profile of Steven Prince,1978,Martin Scorsese,55,tt0077157,33470,3.74,7316,7.3,2210,7,https://www.imdb.com/title/tt0077157/,https://letterboxd.com/film/american-boy-a-profile-of-steven-prince/
the-swimming-pool,The Swimming Pool,1969,Jacques Deray,123,tt0064816,4946,3.74,82607,7.1,16925,7,https://www.imdb.com/title/tt0064816/,https://letterboxd.com/film/the-swimming-pool/
il-posto,Il Posto,1961,Ermanno Olmi,98,tt0055320,31742,4.16,19319,7.9,7758,7,https://www.imdb.com/title/tt0055320/,https://letterboxd.com/film/il-posto/
lavventura,L'Avventura,1960,Michelangelo Antonioni,144,tt0053619,5165,4.07,77385,7.7,37166,7,https://www.imdb.com/title/tt0053619/,https://letterboxd.com/film/lavventura/
cure,Cure,1997,Kiyoshi Kurosawa,111,tt0123948,36095,4.28,365768,7.5,39196,7,https://www.imdb.com/title/tt0123948/,https://letterboxd.com/film/cure/
quadrophenia,Quadrophenia,1979,Franc Roddam,120,tt0079766,10373,3.69,31552,7.2,22633,7,https://www.imdb.com/title/tt0079766/,https://letterboxd.com/film/quadrophenia/
blithe-spirit,Blithe Spirit,1945,David Lean,96,tt0038363,19072,3.46,14184,7,9329,7,https://www.imdb.com/title/tt0038363/,https://letterboxd.com/film/blithe-spirit/
moonrise-kingdom,Moonrise Kingdom,2012,Wes Anderson,94,tt1748122,83666,4.03,1089373,7.7,383715,7,https://www.imdb.com/title/tt1748122/,https://letterboxd.com/film/moonrise-kingdom/
decision-at-sundown,Decision at Sundown,1957,Budd Boetticher,78,tt0050296,39557,3.52,6015,6.8,3936,7,https://www.imdb.com/title/tt0050296/,https://letterboxd.com/film/decision-at-sundown/
comanche-station,Comanche Station,1960,Budd Boetticher,74,tt0053729,1673,3.65,6105,7,5009,7,https://www.imdb.com/title/tt0053729/,https://letterboxd.com/film/comanche-station/
life-and-nothing-more,"Life, and Nothing More…",1992,Abbas Kiarostami,95,tt0105888,83761,4.29,43027,7.9,9229,7,https://www.imdb.com/title/tt0105888/,https://letterboxd.com/film/life-and-nothing-more/
ace-in-the-hole,Ace in the Hole,1951,Billy Wilder,112,tt0043338,25364,4.28,62299,8,42624,7,https://www.imdb.com/title/tt0043338/,https://letterboxd.com/film/ace-in-the-hole/
true-stories,True Stories,1986,David Byrne,89,tt0092117,24798,4.09,47409,7.3,8478,7,https://www.imdb.com/title/tt0092117/,https://letterboxd.com/film/true-stories/
woman-in-the-dunes,Woman in the Dunes,1964,Hiroshi Teshigahara,147,tt0058625,16672,4.47,69438,8.4,25658,7,https://www.imdb.com/title/tt0058625/,https://letterboxd.com/film/woman-in-the-dunes/
thelma-louise,Thelma & Louise,1991,Ridley Scott,130,tt0103074,1541,4.22,566993,7.6,194577,7,https://www.imdb.com/title/tt0103074/,https://letterboxd.com/film/thelma-louise/
its-not-just-you-murray,"It's Not Just You, Murray!",1964,Martin Scorsese,17,tt0058242,36893,3.36,9852,6.4,2603,7,https://www.imdb.com/title/tt0058242/,https://letterboxd.com/film/its-not-just-you-murray/
safe,Safe,1995,Todd Haynes,119,tt0114323,32646,3.96,94508,7.1,19451,7,https://www.imdb.com/title/tt0114323/,https://letterboxd.com/film/safe/
petite-maman,Petite Maman,2021,Céline Sciamma,72,tt13204490,749004,4.1,160018,7.3,20991,7,https://www.imdb.com/title/tt13204490/,https://letterboxd.com/film/petite-maman/
my-life-as-a-dog,My Life as a Dog,1985,Lasse Hallström,102,tt0089606,8816,3.9,18639,7.6,22901,7,https://www.imdb.com/title/tt0089606/,https://letterboxd.com/film/my-life-as-a-dog/
naqoyqatsi,Naqoyqatsi,2002,Godfrey Reggio,89,tt0145937,21925,3.13,7744,6.4,6539,6,https://www.imdb.com/title/tt0145937/,https://letterboxd.com/film/naqoyqatsi/
equinox-flower,Equinox Flower,1958,Yasujirō Ozu,118,tt0051720,28272,4.04,12165,7.8,5449,6,https://www.imdb.com/title/tt0051720/,https://letterboxd.com/film/equinox-flower/
millers-crossing,Miller's Crossing,1990,Joel Coen,115,tt0100150,379,4,147968,7.7,148517,6,https://www.imdb.com/title/tt0100150/,https://letterboxd.com/film/millers-crossing/
a-married-couple,A Married Couple,1969,Allan King,97,tt0064640,86655,3.86,1643,7.5,675,6,https://www.imdb.com/title/tt0064640/,https://letterboxd.com/film/a-married-couple/
mystery-train,Mystery Train,1989,Jim Jarmusch,106,tt0097940,11305,3.97,79801,7.5,33146,6,https://www.imdb.com/title/tt0097940/,https://letterboxd.com/film/mystery-train/
crumb,Crumb,1994,Terry Zwigoff,121,tt0109508,26564,4.19,40993,8,23063,6,https://www.imdb.com/title/tt0109508/,https://letterboxd.com/film/crumb/
matewan,Matewan,1987,John Sayles,132,tt0093509,24276,4.15,16599,7.9,10502,6,https://www.imdb.com/title/tt0093509/,https://letterboxd.com/film/matewan/
the-blob,The Blob,1958,Irvin S. Yeaworth Jr.,82,tt0051418,8851,3.04,61283,6.3,32371,6,https://www.imdb.com/title/tt0051418/,https://letterboxd.com/film/the-blob/
high-and-low,High and Low,1963,Akira Kurosawa,142,tt0057565,12493,4.6,215472,8.4,72305,6,https://www.imdb.com/title/tt0057565/,https://letterboxd.com/film/high-and-low/
love-jones,Love Jones,1997,Theodore Witcher,109,tt0119572,27322,3.83,17569,7.3,6414,6,https://www.imdb.com/title/tt0119572/,https://letterboxd.com/film/love-jones/
streetwise,Streetwise,1984,Martin Bell,91,tt0088196,42098,4.41,21540,8.2,3762,6,https://www.imdb.com/title/tt0088196/,https://letterboxd.com/film/streetwise/
thief,Thief,1981,Michael Mann,123,tt0083190,11524,4.07,218454,7.4,50468,6,https://www.imdb.com/title/tt0083190/,https://letterboxd.com/film/thief/
police-story-2,Police Story 2,1988,Jackie Chan,105,tt0095403,10753,3.57,44455,7,25308,6,https://www.imdb.com/title/tt0095403/,https://letterboxd.com/film/police-story-2/
tokyo-twilight,Tokyo Twilight,1957,Yasujirō Ozu,141,tt0051093,55192,4.24,17783,8,5799,6,https://www.imdb.com/title/tt0051093/,https://letterboxd.com/film/tokyo-twilight/
election,Election,1999,Alexander Payne,103,tt0126886,9451,3.78,209938,7.2,111739,6,https://www.imdb.com/title/tt0126886/,https://letterboxd.com/film/election/
crash,Crash,1996,David Cronenberg,100,tt0115964,884,3.64,290692,6.4,72101,6,https://www.imdb.com/title/tt0115964/,https://letterboxd.com/film/crash/
odd-man-out,Odd Man Out,1947,Carol Reed,116,tt0039677,43461,3.93,18280,7.6,13158,6,https://www.imdb.com/title/tt0039677/,https://letterboxd.com/film/odd-man-out/
harlan-county-usa,Harlan County U.S.A.,1976,Barbara Kopple,105,tt0074605,33324,4.37,27998,8.2,7553,6,https://www.imdb.com/title/tt0074605/,https://letterboxd.com/film/harlan-county-usa/
traffic,Traffic,2000,Steven Soderbergh,147,tt0181865,1900,3.7,104332,7.5,230924,6,https://www.imdb.com/title/tt0181865/,https://letterboxd.com/film/traffic/
late-autumn,Late Autumn,1960,Yasujirō Ozu,128,tt0053579,21967,4.13,13476,7.9,6745,6,https://www.imdb.com/title/tt0053579/,https://letterboxd.com/film/late-autumn/
dont-look-now,Don't Look Now,1973,Nicolas Roeg,110,tt0069995,931,3.78,128654,7.1,68808,6,https://www.imdb.com/title/tt0069995/,https://letterboxd.com/film/dont-look-now/
the-spirit-of-the-beehive,The Spirit of the Beehive,1973,Víctor Erice,98,tt0070040,4495,4.17,58578,7.7,22791,6,https://www.imdb.com/title/tt0070040/,https://letterboxd.com/film/the-spirit-of-the-beehive/
bamboozled,Bamboozled,2000,Spike Lee,136,tt0215545,24664,3.88,27916,6.7,13101,6,https://www.imdb.com/title/tt0215545/,https://letterboxd.com/film/bamboozled/
bay-of-angels,Bay of Angels,1963,Jacques Demy,84,tt0056846,60773,3.77,21278,7.2,4912,6,https://www.imdb.com/title/tt0056846/,https://letterboxd.com/film/bay-of-angels/
children-of-paradise,Children of Paradise,1945,Marcel Carné,190,tt0037674,2457,4.3,27257,8.3,22574,6,https://www.imdb.com/title/tt0037674/,https://letterboxd.com/film/children-of-paradise/
rumble-fish,Rumble Fish,1983,Francis Ford Coppola,94,tt0086216,232,3.8,66643,7.1,41404,6,https://www.imdb.com/title/tt0086216/,https://letterboxd.com/film/rumble-fish/
stranger-than-paradise,Stranger Than Paradise,1984,Jim Jarmusch,90,tt0088184,469,3.88,81782,7.4,43419,6,https://www.imdb.com/title/tt0088184/,https://letterboxd.com/film/stranger-than-paradise/
mean-streets,Mean Streets,1973,Martin Scorsese,112,tt0070379,203,3.71,228342,7.2,128610,6,https://www.imdb.com/title/tt0070379/,https://letterboxd.com/film/mean-streets/
the-philadelphia-story,The Philadelphia Story,1940,George Cukor,113,tt0032904,981,3.99,104325,7.8,78729,6,https://www.imdb.com/title/tt0032904/,https://letterboxd.com/film/the-philadelphia-story/
a-special-day,A Special Day,1977,Ettore Scola,106,tt0076085,42229,4.35,48556,8.1,18726,6,https://www.imdb.com/title/tt0076085/,https://letterboxd.com/film/a-special-day/
color-adjustment,Color Adjustment,1992,Marlon Riggs,80,tt0103984,207558,3.86,2076,7.4,450,6,https://www.imdb.com/title/tt0103984/,https://letterboxd.com/film/color-adjustment/
local-hero,Local Hero,1983,Bill Forsyth,111,tt0085859,11235,3.88,39165,7.3,29940,6,https://www.imdb.com/title/tt0085859/,https://letterboxd.com/film/local-hero/
parasite-2019,Parasite,2019,Bong Joon Ho,133,tt6751668,496243,4.52,5524241,8.5,1173969,6,https://www.imdb.com/title/tt6751668/,https://letterboxd.com/film/parasite-2019/
shanghai-express,Shanghai Express,1932,Josef von Sternberg,82,tt0023458,875,3.72,26702,7.3,11829,6,https://www.imdb.com/title/tt0023458/,https://letterboxd.com/film/shanghai-express/
black-is-black-aint,Black Is… Black Ain’t,1994,Marlon Riggs,87,tt0109285,77341,4.3,4174,7.7,493,6,https://www.imdb.com/title/tt0109285/,https://letterboxd.com/film/black-is-black-aint/
largent-1983,L'Argent,1983,Robert Bresson,85,tt0085180,42112,4,43070,7.4,13235,6,https://www.imdb.com/title/tt0085180/,https://letterboxd.com/film/largent-1983/
arabian-nights-1974,Arabian Nights,1974,Pier Paolo Pasolini,131,tt0071502,47406,3.7,14740,6.6,9993,6,https://www.imdb.com/title/tt0071502/,https://letterboxd.com/film/arabian-nights-1974/
the-end-of-summer,The End of Summer,1961,Yasujirō Ozu,103,tt0055052,28273,3.98,9336,7.7,4955,6,https://www.imdb.com/title/tt0055052/,https://letterboxd.com/film/the-end-of-summer/
the-devil-is-a-woman,The Devil Is a Woman,1935,Josef von Sternberg,80,tt0026276,42943,3.62,6478,6.9,4314,6,https://www.imdb.com/title/tt0026276/,https://letterboxd.com/film/the-devil-is-a-woman/
berlin-alexanderplatz,Berlin Alexanderplatz,1980,Rainer Werner Fassbinder,907,tt0080196,,4.24,6732,8.3,5269,6,https://www.imdb.com/title/tt0080196/,https://letterboxd.com/film/berlin-alexanderplatz/
ikiru,Ikiru,1952,Akira Kurosawa,143,tt0044741,3782,4.51,198920,8.3,102814,6,https://www.imdb.com/title/tt0044741/,https://letterboxd.com/film/ikiru/
gimme-shelter-1970,Gimme Shelter,1970,"Albert Maysles, David Maysles, Charlotte Zwerin",92,tt0065780,132,4.04,28939,7.8,13803,6,https://www.imdb.com/title/tt0065780/,https://letterboxd.com/film/gimme-shelter-1970/
koyaanisqatsi,Koyaanisqatsi,1982,Godfrey Reggio,86,tt0085809,11314,4.33,92695,8.2,44804,6,https://www.imdb.com/title/tt0085809/,https://letterboxd.com/film/koyaanisqatsi/
police-story,Police Story,1985,Jackie Chan,99,tt0089374,9056,4.03,134805,7.5,46625,6,https://www.imdb.com/title/tt0089374/,https://letterboxd.com/film/police-story/
the-canterbury-tales,The Canterbury Tales,1972,Pier Paolo Pasolini,111,tt0067647,5691,3.51,14581,6.3,9136,6,https://www.imdb.com/title/tt0067647/,https://letterboxd.com/film/the-canterbury-tales/
the-decameron,The Decameron,1971,Pier Paolo Pasolini,111,tt0065622,33583,3.8,26521,7,13796,6,https://www.imdb.com/title/tt0065622/,https://letterboxd.com/film/the-decameron/
all-about-my-mother,All About My Mother,1999,Pedro Almodóvar,101,tt0185125,99,4.19,292710,7.8,110050,6,https://www.imdb.com/title/tt0185125/,https://letterboxd.com/film/all-about-my-mother/
white-material,White Material,2009,Claire Denis,106,tt1135952,46207,3.76,18602,6.9,9010,6,https://www.imdb.com/title/tt1135952/,https://letterboxd.com/film/white-material/
blonde-venus,Blonde Venus,1932,Josef von Sternberg,93,tt0022698,34474,3.62,11365,7.1,6347,6,https://www.imdb.com/title/tt0022698/,https://letterboxd.com/film/blonde-venus/
broadcast-news,Broadcast News,1987,James L. Brooks,133,tt0092699,12626,4.04,73392,7.3,36907,6,https://www.imdb.com/title/tt0092699/,https://letterboxd.com/film/broadcast-news/
powaqqatsi,Powaqqatsi,1988,Godfrey Reggio,100,tt0095895,24348,3.67,10999,7.2,9411,6,https://www.imdb.com/title/tt0095895/,https://letterboxd.com/film/powaqqatsi/
mishima-a-life-in-four-chapters,Mishima: A Life in Four Chapters,1985,Paul Schrader,121,tt0089603,27064,4.42,115507,7.9,16880,6,https://www.imdb.com/title/tt0089603/,https://letterboxd.com/film/mishima-a-life-in-four-chapters/
picnic-at-hanging-rock,Picnic at Hanging Rock,1975,Peter Weir,107,tt0073540,11020,3.82,130166,7.3,46059,6,https://www.imdb.com/title/tt0073540/,https://letterboxd.com/film/picnic-at-hanging-rock/
belle-de-jour,Belle de Jour,1967,Luis Buñuel,101,tt0061395,649,3.95,147718,7.6,53661,6,https://www.imdb.com/title/tt0061395/,https://letterboxd.com/film/belle-de-jour/
the-piano,The Piano,1993,Jane Campion,120,tt0107822,713,3.84,133792,7.5,101591,6,https://www.imdb.com/title/tt0107822/,https://letterboxd.com/film/the-piano/
memories-of-underdevelopment,Memories of Underdevelopment,1968,Tomás Gutiérrez Alea,99,tt0063291,47576,3.9,17849,7.6,5420,6,https://www.imdb.com/title/tt0063291/,https://letterboxd.com/film/memories-of-underdevelopment/
memory-for-max-claire-ida-and-company,"Memory for Max, Claire, Ida and Company",2005,Allan King,112,tt0478000,86752,3.71,240,7.6,190,6,https://www.imdb.com/title/tt0478000/,https://letterboxd.com/film/memory-for-max-claire-ida-and-company/
the-young-girls-of-rochefort,The Young Girls of Rochefort,1967,Jacques Demy,126,tt0062873,2433,4.32,121805,7.7,13845,6,https://www.imdb.com/title/tt0062873/,https://letterboxd.com/film/the-young-girls-of-rochefort/
day-for-night,Day for Night,1973,François Truffaut,116,tt0070460,1675,4.19,51757,8,26484,6,https://www.imdb.com/title/tt0070460/,https://letterboxd.com/film/day-for-night/
ghost-dog-the-way-of-the-samurai,Ghost Dog: The Way of the Samurai,1999,Jim Jarmusch,117,tt0165798,4816,4.06,155879,7.5,103059,6,https://www.imdb.com/title/tt0165798/,https://letterboxd.com/film/ghost-dog-the-way-of-the-samurai/
the-darjeeling-limited,The Darjeeling Limited,2007,Wes Anderson,92,tt0838221,4538,3.86,701879,7.2,236126,6,https://www.imdb.com/title/tt0838221/,https://letterboxd.com/film/the-darjeeling-limited/
the-grifters,The Grifters,1990,Stephen Frears,110,tt0099703,18129,3.42,27597,6.8,33510,6,https://www.imdb.com/title/tt0099703/,https://letterboxd.com/film/the-grifters/
the-ice-storm,The Ice Storm,1997,Ang Lee,113,tt0119349,68924,3.76,53745,7.3,63843,6,https://www.imdb.com/title/tt0119349/,https://letterboxd.com/film/the-ice-storm/
come-on-children,Come On Children,1973,Allan King,95,tt0269104,86755,3.51,587,6.7,289,6,https://www.imdb.com/title/tt0269104/,https://letterboxd.com/film/come-on-children/
the-doom-generation,The Doom Generation,1995,Gregg Araki,83,tt0112887,13552,3.79,119542,6.2,18810,6,https://www.imdb.com/title/tt0112887/,https://letterboxd.com/film/the-doom-generation/
ethnic-notions,Ethnic Notions,1986,Marlon Riggs,57,tt0091018,147322,3.99,3259,8,622,6,https://www.imdb.com/title/tt0091018/,https://letterboxd.com/film/ethnic-notions/
late-spring,Late Spring,1949,Yasujirō Ozu,108,tt0041154,20530,4.33,67320,8.2,21730,6,https://www.imdb.com/title/tt0041154/,https://letterboxd.com/film/late-spring/
the-color-of-pomegranates,The Color of Pomegranates,1969,Sergei Parajanov,80,tt0063555,26302,4.13,103172,7.5,16805,6,https://www.imdb.com/title/tt0063555/,https://letterboxd.com/film/the-color-of-pomegranates/
my-beautiful-laundrette,My Beautiful Laundrette,1985,Stephen Frears,98,tt0091578,11240,3.54,37994,6.8,18820,6,https://www.imdb.com/title/tt0091578/,https://letterboxd.com/film/my-beautiful-laundrette/
no-regret-1993,No Regret,1993,Marlon Riggs,38,tt0137129,281084,3.8,912,7.2,184,6,https://www.imdb.com/title/tt0137129/,https://letterboxd.com/film/no-regret-1993/
daisies,Daisies,1966,Věra Chytilová,76,tt0060959,46919,4,155908,7.2,17797,6,https://www.imdb.com/title/tt0060959/,https://letterboxd.com/film/daisies/
the-french-dispatch-of-the-liberty-kansas,"The French Dispatch of the Liberty, Kansas Evening Sun",2021,Wes Anderson,108,tt8847712,542178,3.66,1005521,7.1,168626,6,https://www.imdb.com/title/tt8847712/,https://letterboxd.com/film/the-french-dispatch-of-the-liberty-kansas/
dying-at-grace,Dying at Grace,2003,Allan King,148,tt0379269,86751,3.98,628,8.2,460,6,https://www.imdb.com/title/tt0379269/,https://letterboxd.com/film/dying-at-grace/
a-room-in-town-1982,A Room in Town,1982,Jacques Demy,94,tt0084843,4269,3.51,7275,6.7,1854,6,https://www.imdb.com/title/tt0084843/,https://letterboxd.com/film/a-room-in-town-1982/
my-darling-clementine,My Darling Clementine,1946,John Ford,97,tt0038762,3088,4.11,44347,7.7,28643,6,https://www.imdb.com/title/tt0038762/,https://letterboxd.com/film/my-darling-clementine/
the-exterminating-angel,The Exterminating Angel,1962,Luis Buñuel,93,tt0056732,29264,4.17,71421,7.9,38278,6,https://www.imdb.com/title/tt0056732/,https://letterboxd.com/film/the-exterminating-angel/
morocco,Morocco,1930,Josef von Sternberg,92,tt0021156,42641,3.57,16213,7,8446,6,https://www.imdb.com/title/tt0021156/,https://letterboxd.com/film/morocco/
isle-of-dogs-2018,Isle of Dogs,2018,Wes Anderson,101,tt5104604,399174,4.07,1227992,7.8,212413,6,https://www.imdb.com/title/tt5104604/,https://letterboxd.com/film/isle-of-dogs-2018/
lola,Lola,1961,Jacques Demy,89,tt0055093,40641,3.89,37390,7.4,8530,6,https://www.imdb.com/title/tt0055093/,https://letterboxd.com/film/lola/
donkey-skin,Donkey Skin,1970,Jacques Demy,90,tt0066207,5590,4,98939,7,7886,6,https://www.imdb.com/title/tt0066207/,https://letterboxd.com/film/donkey-skin/
the-cranes-are-flying,The Cranes Are Flying,1957,Mikhail Kalatozov,97,tt0050634,38360,4.46,67273,8.3,22731,6,https://www.imdb.com/title/tt0050634/,https://letterboxd.com/film/the-cranes-are-flying/
early-spring,Early Spring,1956,Yasujirō Ozu,145,tt0049784,20531,4.03,8443,7.7,4309,6,https://www.imdb.com/title/tt0049784/,https://letterboxd.com/film/early-spring/
rosemarys-baby,Rosemary's Baby,1968,Roman Polanski,138,tt0063522,805,4.21,588869,8,259050,6,https://www.imdb.com/title/tt0063522/,https://letterboxd.com/film/rosemarys-baby/
sullivans-travels,Sullivan's Travels,1941,Preston Sturges,91,tt0034240,16305,4,43873,7.9,30861,6,https://www.imdb.com/title/tt0034240/,https://letterboxd.com/film/sullivans-travels/
warrendale,Warrendale,1967,Allan King,101,tt0062474,86750,3.91,1229,7.5,636,6,https://www.imdb.com/title/tt0062474/,https://letterboxd.com/film/warrendale/
an-unmarried-woman,An Unmarried Woman,1978,Paul Mazursky,124,tt0078444,38731,3.92,11717,7.2,6828,6,https://www.imdb.com/title/tt0078444/,https://letterboxd.com/film/an-unmarried-woman/
tongues-untied,Tongues Untied,1989,Marlon Riggs,55,tt0103099,97049,4.27,15000,7.1,2160,6,https://www.imdb.com/title/tt0103099/,https://letterboxd.com/film/tongues-untied/
mccabe-mrs-miller,McCabe & Mrs. Miller,1971,Robert Altman,120,tt0067411,29005,4.14,65980,7.6,30509,6,https://www.imdb.com/title/tt0067411/,https://letterboxd.com/film/mccabe-mrs-miller/
dishonored,Dishonored,1931,Josef von Sternberg,91,tt0021800,73420,3.84,7961,7.2,3582,6,https://www.imdb.com/title/tt0021800/,https://letterboxd.com/film/dishonored/
tiny-furniture,Tiny Furniture,2010,Lena Dunham,99,tt1570989,47607,3.22,29231,6.2,15461,6,https://www.imdb.com/title/tt1570989/,https://letterboxd.com/film/tiny-furniture/
affirmations,Affirmations,1990,Marlon Riggs,10,tt0136697,433269,3.81,1405,6.9,248,6,https://www.imdb.com/title/tt0136697/,https://letterboxd.com/film/affirmations/
anthem-1992,Anthem,1992,Marlon Riggs,9,tt0136710,281178,3.71,1632,6.2,270,6,https://www.imdb.com/title/tt0136710/,https://letterboxd.com/film/anthem-1992/
an-angel-at-my-table,An Angel at My Table,1990,Jane Campion,158,tt0099040,2891,3.87,14478,7.4,9468,6,https://www.imdb.com/title/tt0099040/,https://letterboxd.com/film/an-angel-at-my-table/
black-girl-1966,Black Girl,1966,Ousmane Sembène,65,tt0060758,95597,4.09,64576,7.4,7417,6,https://www.imdb.com/title/tt0060758/,https://letterboxd.com/film/black-girl-1966/
stagecoach,Stagecoach,1939,John Ford,96,tt0031971,995,3.98,98577,7.8,59174,6,https://www.imdb.com/title/tt0031971/,https://letterboxd.com/film/stagecoach/
a-taste-of-honey,A Taste of Honey,1961,Tony Richardson,100,tt0055506,25062,3.74,12253,7.4,6990,5,https://www.imdb.com/title/tt0055506/,https://letterboxd.com/film/a-taste-of-honey/
germany-year-zero,"Germany, Year Zero",1948,Roberto Rossellini,74,tt0039417,8016,4.03,35439,7.8,15392,5,https://www.imdb.com/title/tt0039417/,https://letterboxd.com/film/germany-year-zero/
wings-of-desire,Wings of Desire,1987,Wim Wenders,128,tt0093191,144,4.31,193184,7.9,84245,5,https://www.imdb.com/title/tt0093191/,https://letterboxd.com/film/wings-of-desire/
burden-of-dreams,Burden of Dreams,1982,Les Blank,97,tt0083702,42124,4.1,25964,7.9,9194,5,https://www.imdb.com/title/tt0083702/,https://letterboxd.com/film/burden-of-dreams/
a-face-in-the-crowd,A Face in the Crowd,1957,Elia Kazan,125,tt0050371,21849,4.2,30999,8.1,19284,5,https://www.imdb.com/title/tt0050371/,https://letterboxd.com/film/a-face-in-the-crowd/
vive-le-tour,Vive Le Tour,1962,Louis Malle,18,tt0056662,63893,3.82,1679,7.4,1043,5,https://www.imdb.com/title/tt0056662/,https://letterboxd.com/film/vive-le-tour/
elevator-to-the-gallows,Elevator to the Gallows,1958,Louis Malle,92,tt0051378,1093,4.1,78403,7.9,31891,5,https://www.imdb.com/title/tt0051378/,https://letterboxd.com/film/elevator-to-the-gallows/
rome-open-city,"Rome, Open City",1945,Roberto Rossellini,104,tt0038890,307,4.18,77738,8,34166,5,https://www.imdb.com/title/tt0038890/,https://letterboxd.com/film/rome-open-city/
inland-empire,Inland Empire,2006,David Lynch,180,tt0460829,1730,3.9,193562,6.8,69328,5,https://www.imdb.com/title/tt0460829/,https://letterboxd.com/film/inland-empire/
dreams,Dreams,1990,Akira Kurosawa,119,tt0100998,12516,4.24,110452,7.7,32893,5,https://www.imdb.com/title/tt0100998/,https://letterboxd.com/film/dreams/
the-seventh-continent,The Seventh Continent,1989,Michael Haneke,107,tt0098327,32761,4.04,41645,7.6,19190,5,https://www.imdb.com/title/tt0098327/,https://letterboxd.com/film/the-seventh-continent/
fearless-hyena,Fearless Hyena,1979,Jackie Chan,97,tt0079315,19274,3.46,7360,6.6,6137,5,https://www.imdb.com/title/tt0079315/,https://letterboxd.com/film/fearless-hyena/
the-killing,The Killing,1956,Stanley Kubrick,85,tt0049406,247,3.99,156187,7.9,105981,5,https://www.imdb.com/title/tt0049406/,https://letterboxd.com/film/the-killing/
m,M,1931,Fritz Lang,110,tt0022100,832,4.29,219333,8.3,183261,5,https://www.imdb.com/title/tt0022100/,https://letterboxd.com/film/m/
menace-ii-society,Menace II Society,1993,"Allen Hughes, Albert Hughes",97,tt0107554,9516,3.91,100821,7.5,70454,5,https://www.imdb.com/title/tt0107554/,https://letterboxd.com/film/menace-ii-society/
my-lucky-stars,My Lucky Stars,1985,Sammo Hung Kam-Bo,96,tt0089177,10044,3.06,8608,6.3,6862,5,https://www.imdb.com/title/tt0089177/,https://letterboxd.com/film/my-lucky-stars/
a-human-condition,A Human Condition,1974,"Louis Malle, René Vautier",73,tt0071635,112451,3.33,958,6.4,525,5,https://www.imdb.com/title/tt0071635/,https://letterboxd.com/film/a-human-condition/
shadows-in-paradise,Shadows in Paradise,1986,Aki Kaurismäki,74,tt0092149,3,3.88,32387,7.4,8706,5,https://www.imdb.com/title/tt0092149/,https://letterboxd.com/film/shadows-in-paradise/
the-elephant-man,The Elephant Man,1980,David Lynch,124,tt0080678,1955,4.3,446802,8.2,282153,5,https://www.imdb.com/title/tt0080678/,https://letterboxd.com/film/the-elephant-man/
diabolique-1955,Diabolique,1955,Henri-Georges Clouzot,117,tt0046911,827,4.19,91242,8.1,73503,5,https://www.imdb.com/title/tt0046911/,https://letterboxd.com/film/diabolique-1955/
the-silence-of-the-lambs,The Silence of the Lambs,1991,Jonathan Demme,119,tt0102926,274,4.33,3145431,8.6,1730521,5,https://www.imdb.com/title/tt0102926/,https://letterboxd.com/film/the-silence-of-the-lambs/
the-match-factory-girl,The Match Factory Girl,1990,Aki Kaurismäki,69,tt0098532,7974,3.95,37795,7.5,13704,5,https://www.imdb.com/title/tt0098532/,https://letterboxd.com/film/the-match-factory-girl/
place-de-la-republique,Place de la République,1974,Louis Malle,94,tt0071999,112633,3.56,652,6.9,513,5,https://www.imdb.com/title/tt0071999/,https://letterboxd.com/film/place-de-la-republique/
saint-omer,Saint Omer,2022,Alice Diop,123,tt15376894,925943,3.76,35349,6.7,6399,5,https://www.imdb.com/title/tt15376894/,https://letterboxd.com/film/saint-omer/
the-golden-coach,The Golden Coach,1952,Jean Renoir,105,tt0044487,56167,3.71,4939,7,3777,5,https://www.imdb.com/title/tt0044487/,https://letterboxd.com/film/the-golden-coach/
god-respects-us-when-we-work-but-loves-us-when-we-dance,"God Respects Us When We Work, But Loves Us When We Dance",1968,"Les Blank, Skip Gerson",20,tt0063016,266697,3.45,1899,6.4,409,5,https://www.imdb.com/title/tt0063016/,https://letterboxd.com/film/god-respects-us-when-we-work-but-loves-us-when-we-dance/
two-lane-blacktop,Two-Lane Blacktop,1971,Monte Hellman,102,tt0067893,27236,3.84,23420,7.2,14467,5,https://www.imdb.com/title/tt0067893/,https://letterboxd.com/film/two-lane-blacktop/
au-hasard-balthazar,Au Hasard Balthazar,1966,Robert Bresson,96,tt0060138,20108,4.08,66531,7.7,24980,5,https://www.imdb.com/title/tt0060138/,https://letterboxd.com/film/au-hasard-balthazar/
71-fragments-of-a-chronology-of-chance,71 Fragments of a Chronology of Chance,1994,Michael Haneke,100,tt0109020,32764,3.77,19006,7.1,9674,5,https://www.imdb.com/title/tt0109020/,https://letterboxd.com/film/71-fragments-of-a-chronology-of-chance/
the-lady-vanishes,The Lady Vanishes,1938,Alfred Hitchcock,96,tt0030341,940,3.91,71122,7.7,61562,5,https://www.imdb.com/title/tt0030341/,https://letterboxd.com/film/the-lady-vanishes/
french-cancan,French Cancan,1955,Jean Renoir,102,tt0046998,45213,3.89,7215,7.3,4859,5,https://www.imdb.com/title/tt0046998/,https://letterboxd.com/film/french-cancan/
leclisse,L'Eclisse,1962,Michelangelo Antonioni,126,tt0056736,21135,3.98,60716,7.7,24502,5,https://www.imdb.com/title/tt0056736/,https://letterboxd.com/film/leclisse/
summertime,Summertime,1955,David Lean,100,tt0048673,50363,3.67,24785,7.1,11406,5,https://www.imdb.com/title/tt0048673/,https://letterboxd.com/film/summertime/
hot-pepper,Hot Pepper,1973,Les Blank,54,tt0070193,85633,3.71,1105,6.8,348,5,https://www.imdb.com/title/tt0070193/,https://letterboxd.com/film/hot-pepper/
eo,EO,2022,Jerzy Skolimowski,88,tt19652910,785398,3.57,93379,6.7,17159,5,https://www.imdb.com/title/tt19652910/,https://letterboxd.com/film/eo/
memories-of-murder,Memories of Murder,2003,Bong Joon Ho,131,tt0353969,11423,4.42,1022494,8.1,269721,5,https://www.imdb.com/title/tt0353969/,https://letterboxd.com/film/memories-of-murder/
spiritual-kung-fu,Spiritual Kung Fu,1978,Lo Wei,99,tt0078128,18760,3.11,3427,5.8,2849,5,https://www.imdb.com/title/tt0078128/,https://letterboxd.com/film/spiritual-kung-fu/
elena-and-her-men,Elena and Her Men,1956,Jean Renoir,95,tt0049177,53156,3.34,3085,6.2,2323,5,https://www.imdb.com/title/tt0049177/,https://letterboxd.com/film/elena-and-her-men/
onibaba,Onibaba,1964,Kaneto Shindō,105,tt0058430,3763,4.07,95578,7.8,25881,5,https://www.imdb.com/title/tt0058430/,https://letterboxd.com/film/onibaba/
the-awful-truth,The Awful Truth,1937,Leo McCarey,91,tt0028597,14675,3.89,30480,7.6,23375,5,https://www.imdb.com/title/tt0028597/,https://letterboxd.com/film/the-awful-truth/
frances-ha,Frances Ha,2012,Noah Baumbach,86,tt2347569,121986,4.03,654896,7.4,102780,5,https://www.imdb.com/title/tt2347569/,https://letterboxd.com/film/frances-ha/
the-graduate,The Graduate,1967,Mike Nichols,107,tt0061722,37247,4.1,509332,8,302505,5,https://www.imdb.com/title/tt0061722/,https://letterboxd.com/film/the-graduate/
cat-people,Cat People,1942,Jacques Tourneur,73,tt0034587,25508,3.67,88539,7.2,28746,5,https://www.imdb.com/title/tt0034587/,https://letterboxd.com/film/cat-people/
the-young-master,The Young Master,1980,Jackie Chan,107,tt0081499,11563,3.57,9440,7,9231,5,https://www.imdb.com/title/tt0081499/,https://letterboxd.com/film/the-young-master/
the-fisher-king,The Fisher King,1991,Terry Gilliam,138,tt0101889,177,3.9,79570,7.5,97036,5,https://www.imdb.com/title/tt0101889/,https://letterboxd.com/film/the-fisher-king/
rebecca,Rebecca,1940,Alfred Hitchcock,130,tt0032976,223,4.12,167611,8,161479,5,https://www.imdb.com/title/tt0032976/,https://letterboxd.com/film/rebecca/
dance-girl-dance,"Dance, Girl, Dance",1940,Dorothy Arzner,90,tt0032376,32196,3.54,11641,6.8,3558,5,https://www.imdb.com/title/tt0032376/,https://letterboxd.com/film/dance-girl-dance/
calcutta-1969,Calcutta,1969,Louis Malle,99,tt0062773,112630,3.56,966,7.1,818,5,https://www.imdb.com/title/tt0062773/,https://letterboxd.com/film/calcutta-1969/
throne-of-blood,Throne of Blood,1957,Akira Kurosawa,108,tt0050613,3777,4.27,121241,8,60434,5,https://www.imdb.com/title/tt0050613/,https://letterboxd.com/film/throne-of-blood/
the-parallax-view,The Parallax View,1974,Alan J. Pakula,102,tt0071970,17365,3.85,62466,7.1,24877,5,https://www.imdb.com/title/tt0071970/,https://letterboxd.com/film/the-parallax-view/
beyond-the-valley-of-the-dolls,Beyond the Valley of the Dolls,1970,Russ Meyer,109,tt0065466,5722,3.54,24867,6.1,13003,5,https://www.imdb.com/title/tt0065466/,https://letterboxd.com/film/beyond-the-valley-of-the-dolls/
the-daytrippers,The Daytrippers,1996,Greg Mottola,87,tt0116041,49806,3.89,62983,7.1,9008,5,https://www.imdb.com/title/tt0116041/,https://letterboxd.com/film/the-daytrippers/
dry-wood,Dry Wood,1973,"Les Blank, Maureen Gosling",37,tt0070005,208781,3.63,1015,6.7,307,5,https://www.imdb.com/title/tt0070005/,https://letterboxd.com/film/dry-wood/
man-bites-dog,Man Bites Dog,1992,"Rémy Belvaux, André Bonzel, Benoît Poelvoorde",96,tt0103905,10086,3.79,68386,7.4,45102,5,https://www.imdb.com/title/tt0103905/,https://letterboxd.com/film/man-bites-dog/
valley-of-the-dolls,Valley of the Dolls,1967,Mark Robson,123,tt0062430,3055,3.43,34723,6.1,10759,5,https://www.imdb.com/title/tt0062430/,https://letterboxd.com/film/valley-of-the-dolls/
garlic-is-as-good-as-ten-mothers,Garlic Is as Good as Ten Mothers,1980,Les Blank,51,tt0080776,85642,4,6614,7.3,976,5,https://www.imdb.com/title/tt0080776/,https://letterboxd.com/film/garlic-is-as-good-as-ten-mothers/
the-friends-of-eddie-coyle,The Friends of Eddie Coyle,1973,Peter Yates,102,tt0070077,25680,3.91,27877,7.4,13780,5,https://www.imdb.com/title/tt0070077/,https://letterboxd.com/film/the-friends-of-eddie-coyle/
the-blues-accordin-to-lightnin-hopkins,The Blues Accordin' to Lightnin' Hopkins,1968,"Les Blank, Skip Gerson",31,tt0064099,185181,4.05,3951,7.7,927,5,https://www.imdb.com/title/tt0064099/,https://letterboxd.com/film/the-blues-accordin-to-lightnin-hopkins/
paper-moon,Paper Moon,1973,Peter Bogdanovich,102,tt0070510,11293,4.39,115848,8.1,57782,5,https://www.imdb.com/title/tt0070510/,https://letterboxd.com/film/paper-moon/
my-dinner-with-andre,My Dinner with Andre,1981,Louis Malle,112,tt0082783,25468,4.1,102824,7.6,30800,5,https://www.imdb.com/title/tt0082783/,https://letterboxd.com/film/my-dinner-with-andre/
the-great-escape,The Great Escape,1963,John Sturges,173,tt0057115,5925,4.16,157575,8.2,278229,5,https://www.imdb.com/title/tt0057115/,https://letterboxd.com/film/the-great-escape/
after-hours,After Hours,1985,Martin Scorsese,97,tt0088680,10843,4.13,494015,7.6,98873,5,https://www.imdb.com/title/tt0088680/,https://letterboxd.com/film/after-hours/
the-devils-backbone,The Devil's Backbone,2001,Guillermo del Toro,108,tt0256009,1433,3.82,91797,7.3,75764,5,https://www.imdb.com/title/tt0256009/,https://letterboxd.com/film/the-devils-backbone/
the-lady-eve,The Lady Eve,1941,Preston Sturges,97,tt0033804,3086,3.96,46170,7.7,25513,5,https://www.imdb.com/title/tt0033804/,https://letterboxd.com/film/the-lady-eve/
purple-noon,Purple Noon,1960,René Clément,118,tt0054189,10363,4.03,76539,7.7,24099,5,https://www.imdb.com/title/tt0054189/,https://letterboxd.com/film/purple-noon/
monterey-pop,Monterey Pop,1968,D. A. Pennebaker,80,tt0064689,42632,4.12,13995,7.9,5459,5,https://www.imdb.com/title/tt0064689/,https://letterboxd.com/film/monterey-pop/
the-night-porter,The Night Porter,1974,Liliana Cavani,118,tt0071910,26648,3.39,28107,6.6,16550,5,https://www.imdb.com/title/tt0071910/,https://letterboxd.com/film/the-night-porter/
old-joy,Old Joy,2006,Kelly Reichardt,74,tt0468526,26518,3.79,42942,6.8,10022,5,https://www.imdb.com/title/tt0468526/,https://letterboxd.com/film/old-joy/
the-maestro-king-of-the-cowboy-artists,The Maestro: King of the Cowboy Artists,1995,Les Blank,54,tt0113734,85655,3.68,936,7.1,290,5,https://www.imdb.com/title/tt0113734/,https://letterboxd.com/film/the-maestro-king-of-the-cowboy-artists/
pickup-on-south-street,Pickup on South Street,1953,Samuel Fuller,80,tt0046187,25955,3.92,23403,7.6,17848,5,https://www.imdb.com/title/tt0046187/,https://letterboxd.com/film/pickup-on-south-street/
betty-blue,Betty Blue,1986,Jean-Jacques Beineix,120,tt0090563,11986,3.93,37310,7.3,24021,5,https://www.imdb.com/title/tt0090563/,https://letterboxd.com/film/betty-blue/
in-heaven-there-is-no-beer,In Heaven There Is No Beer?,1984,"Les Blank, Maureen Gosling",50,tt0087465,85643,3.68,1530,7,399,5,https://www.imdb.com/title/tt0087465/,https://letterboxd.com/film/in-heaven-there-is-no-beer/
original-cast-album-company,Original Cast Album: Company,1970,D. A. Pennebaker,53,tt0293475,100776,4.21,13911,8,1294,5,https://www.imdb.com/title/tt0293475/,https://letterboxd.com/film/original-cast-album-company/
jimi-plays-monterey,Jimi Plays Monterey,1986,"D. A. Pennebaker, Chris Hegedus",50,tt0093312,26028,4.15,4716,8.1,1586,5,https://www.imdb.com/title/tt0093312/,https://letterboxd.com/film/jimi-plays-monterey/
gods-country-1985,God's Country,1985,Louis Malle,95,tt0091125,79179,3.94,2505,7.5,988,5,https://www.imdb.com/title/tt0091125/,https://letterboxd.com/film/gods-country-1985/
the-tin-drum,The Tin Drum,1979,Volker Schlöndorff,162,tt0078875,659,3.72,21928,7.4,27985,5,https://www.imdb.com/title/tt0078875/,https://letterboxd.com/film/the-tin-drum/
yum-yum-yum-a-taste-of-the-cajun-and-creole,"Yum, Yum, Yum! A Taste of the Cajun and Creole Cooking of Louisiana",1990,"Les Blank, Maureen Gosling",31,tt0100997,199137,3.92,2080,7.3,344,5,https://www.imdb.com/title/tt0100997/,https://letterboxd.com/film/yum-yum-yum-a-taste-of-the-cajun-and-creole/
half-a-loaf-of-kung-fu,Half a Loaf of Kung Fu,1978,Chen Chi-Hwa,97,tt0080623,18867,2.86,3028,5.6,2392,5,https://www.imdb.com/title/tt0080623/,https://letterboxd.com/film/half-a-loaf-of-kung-fu/
nowhere,Nowhere,1997,Gregg Araki,83,tt0119809,1811,3.99,138516,6.6,12380,5,https://www.imdb.com/title/tt0119809/,https://letterboxd.com/film/nowhere/
bennys-video,Benny's Video,1992,Michael Haneke,110,tt0103793,1987,3.63,57679,7.1,20894,5,https://www.imdb.com/title/tt0103793/,https://letterboxd.com/film/bennys-video/
sprout-wings-and-fly,Sprout Wings and Fly,1983,"Les Blank, Cece Conway, Alice Gerrard",30,tt0086353,259189,3.73,908,7,305,5,https://www.imdb.com/title/tt0086353/,https://letterboxd.com/film/sprout-wings-and-fly/
the-last-days-of-disco,The Last Days of Disco,1998,Whit Stillman,113,tt0120728,16980,3.78,38165,6.7,15244,5,https://www.imdb.com/title/tt0120728/,https://letterboxd.com/film/the-last-days-of-disco/
spend-it-all,Spend It All,1972,Les Blank,41,tt0067782,163366,3.95,1478,7.3,428,5,https://www.imdb.com/title/tt0067782/,https://letterboxd.com/film/spend-it-all/
sworn-to-the-drum-a-tribute-to-francisco-aguabella,Sworn to the Drum: A Tribute to Francisco Aguabella,1995,Les Blank,35,tt0114595,256536,3.48,414,6.7,168,5,https://www.imdb.com/title/tt0114595/,https://letterboxd.com/film/sworn-to-the-drum-a-tribute-to-francisco-aguabella/
phantom-india,Phantom India,1969,Louis Malle,363,tt0063914,,3.92,770,8.1,535,5,https://www.imdb.com/title/tt0063914/,https://letterboxd.com/film/phantom-india/
metropolitan,Metropolitan,1990,Whit Stillman,99,tt0100142,15389,3.82,45602,7.2,13785,5,https://www.imdb.com/title/tt0100142/,https://letterboxd.com/film/metropolitan/
ariel,Ariel,1988,Aki Kaurismäki,73,tt0094675,2,3.91,22924,7.4,9844,5,https://www.imdb.com/title/tt0094675/,https://letterboxd.com/film/ariel/
vivre-sa-vie,Vivre Sa Vie,1962,Jean-Luc Godard,84,tt0056663,1626,4.01,153701,7.8,37823,5,https://www.imdb.com/title/tt0056663/,https://letterboxd.com/film/vivre-sa-vie/
citizen-kane,Citizen Kane,1941,Orson Welles,119,tt0033467,15,4.18,649529,8.2,493806,5,https://www.imdb.com/title/tt0033467/,https://letterboxd.com/film/citizen-kane/
and-the-pursuit-of-happiness,… And the Pursuit of Happiness,1986,Louis Malle,81,tt0092561,114033,3.73,1128,7.2,570,5,https://www.imdb.com/title/tt0092561/,https://letterboxd.com/film/and-the-pursuit-of-happiness/
a-well-spent-life,A Well Spent Life,1971,"Les Blank, Skip Gerson",44,tt0067968,124019,3.95,2187,7.4,608,5,https://www.imdb.com/title/tt0067968/,https://letterboxd.com/film/a-well-spent-life/
paisan,Paisan,1946,Roberto Rossellini,125,tt0038823,8429,3.92,23463,7.6,10759,5,https://www.imdb.com/title/tt0038823/,https://letterboxd.com/film/paisan/
i-married-a-witch,I Married a Witch,1942,René Clair,77,tt0034881,25970,3.58,37829,7.1,10881,5,https://www.imdb.com/title/tt0034881/,https://letterboxd.com/film/i-married-a-witch/
red-desert,Red Desert,1964,Michelangelo Antonioni,117,tt0058003,26638,4.03,47814,7.4,19362,5,https://www.imdb.com/title/tt0058003/,https://letterboxd.com/film/red-desert/
dr-strangelove-or-how-i-learned-to-stop-worrying-and-love-the-bomb,Dr. Strangelove or: How I Learned to Stop Worrying and Love the Bomb,1964,Stanley Kubrick,95,tt0057012,935,4.3,627767,8.3,551577,5,https://www.imdb.com/title/tt0057012/,https://letterboxd.com/film/dr-strangelove-or-how-i-learned-to-stop-worrying-and-love-the-bomb/
la-ceremonie,La Cérémonie,1995,Claude Chabrol,112,tt0112769,1802,4.08,49021,7.5,15306,5,https://www.imdb.com/title/tt0112769/,https://letterboxd.com/film/la-ceremonie/
hollywood-shuffle,Hollywood Shuffle,1987,Robert Townsend,81,tt0093200,34101,3.66,14455,6.9,7177,5,https://www.imdb.com/title/tt0093200/,https://letterboxd.com/film/hollywood-shuffle/
mouchette,Mouchette,1967,Robert Bresson,81,tt0061996,1561,4.06,31998,7.6,14198,5,https://www.imdb.com/title/tt0061996/,https://letterboxd.com/film/mouchette/
time-2020,Time,2020,Garrett Bradley,81,tt11416746,653729,3.78,27139,6.8,6572,5,https://www.imdb.com/title/tt11416746/,https://letterboxd.com/film/time-2020/
gap-toothed-women,Gap-Toothed Women,1987,Les Blank,31,tt0095199,154032,3.96,4626,7.2,521,5,https://www.imdb.com/title/tt0095199/,https://letterboxd.com/film/gap-toothed-women/
one-eyed-jacks,One-Eyed Jacks,1961,Marlon Brando,141,tt0055257,18647,3.68,15185,7.1,15201,5,https://www.imdb.com/title/tt0055257/,https://letterboxd.com/film/one-eyed-jacks/
salesman,Salesman,1969,"David Maysles, Charlotte Zwerin, Albert Maysles",90,tt0064921,27375,3.87,12433,7.6,6210,5,https://www.imdb.com/title/tt0064921/,https://letterboxd.com/film/salesman/
totally-fed-up,Totally F***ed Up,1993,Gregg Araki,79,tt0108366,33560,3.77,81837,6.5,5429,5,https://www.imdb.com/title/tt0108366/,https://letterboxd.com/film/totally-fed-up/
solaris,Solaris,1972,Andrei Tarkovsky,167,tt0069293,593,4.22,211705,7.9,104422,5,https://www.imdb.com/title/tt0069293/,https://letterboxd.com/film/solaris/
the-damned,The Damned,1969,Luchino Visconti,158,tt0064118,41876,3.82,13536,7.4,11005,5,https://www.imdb.com/title/tt0064118/,https://letterboxd.com/film/the-damned/
a-tale-of-winter,A Tale of Winter,1992,Éric Rohmer,114,tt0104008,10241,3.87,25035,7.2,7080,4,https://www.imdb.com/title/tt0104008/,https://letterboxd.com/film/a-tale-of-winter/
masculin-feminin,Masculin Féminin,1966,Jean-Luc Godard,105,tt0060675,4710,3.8,92360,7.3,19119,4,https://www.imdb.com/title/tt0060675/,https://letterboxd.com/film/masculin-feminin/
samurai-ii-duel-at-ichijoji-temple,Samurai II: Duel at Ichijoji Temple,1955,Hiroshi Inagaki,103,tt0048579,31374,3.68,11327,7.3,7568,4,https://www.imdb.com/title/tt0048579/,https://letterboxd.com/film/samurai-ii-duel-at-ichijoji-temple/
something-wild,Something Wild,1986,Jonathan Demme,114,tt0091983,11300,3.77,51111,6.9,24020,4,https://www.imdb.com/title/tt0091983/,https://letterboxd.com/film/something-wild/
the-kid,The Kid,1921,Charlie Chaplin,68,tt0012349,10098,4.21,137154,8.2,146080,4,https://www.imdb.com/title/tt0012349/,https://letterboxd.com/film/the-kid/
life-is-sweet,Life Is Sweet,1990,Mike Leigh,103,tt0100024,36843,3.91,23491,7.4,12198,4,https://www.imdb.com/title/tt0100024/,https://letterboxd.com/film/life-is-sweet/
chimes-at-midnight,Chimes at Midnight,1965,Orson Welles,115,tt0059012,986,4,20852,7.6,11227,4,https://www.imdb.com/title/tt0059012/,https://letterboxd.com/film/chimes-at-midnight/
touki-bouki,Touki Bouki,1973,Djibril Diop Mambéty,91,tt0070820,77771,3.81,31202,6.9,5034,4,https://www.imdb.com/title/tt0070820/,https://letterboxd.com/film/touki-bouki/
intentions-of-murder,Intentions of Murder,1964,Shōhei Imamura,150,tt0057829,49571,3.89,2859,7.6,2005,4,https://www.imdb.com/title/tt0057829/,https://letterboxd.com/film/intentions-of-murder/
umberto-d,Umberto D.,1952,Vittorio De Sica,91,tt0045274,833,4.26,50738,8.1,30695,4,https://www.imdb.com/title/tt0045274/,https://letterboxd.com/film/umberto-d/
as-long-as-youve-got-your-health,As Long as You've Got Your Health,1966,Pierre Étaix,68,tt0207145,143796,3.61,1464,7.1,1059,4,https://www.imdb.com/title/tt0207145/,https://letterboxd.com/film/as-long-as-youve-got-your-health/
a-tale-of-autumn,A Tale of Autumn,1998,Éric Rohmer,112,tt0137439,10239,3.89,18737,7.4,7000,4,https://www.imdb.com/title/tt0137439/,https://letterboxd.com/film/a-tale-of-autumn/
watership-down,Watership Down,1978,Martin Rosen,92,tt0078480,11837,3.89,81467,7.5,43558,4,https://www.imdb.com/title/tt0078480/,https://letterboxd.com/film/watership-down/
certified-copy,Certified Copy,2010,Abbas Kiarostami,106,tt1020773,48303,4.09,72595,7.2,29092,4,https://www.imdb.com/title/tt1020773/,https://letterboxd.com/film/certified-copy/
symbiopsychotaxiplasm-take-one,Symbiopsychotaxiplasm: Take One,1968,William Greaves,75,tt0296881,44783,3.96,18701,7.2,2923,4,https://www.imdb.com/title/tt0296881/,https://letterboxd.com/film/symbiopsychotaxiplasm-take-one/
kwaidan,Kwaidan,1964,Masaki Kobayashi,183,tt0058279,30959,4.24,62701,7.9,22973,4,https://www.imdb.com/title/tt0058279/,https://letterboxd.com/film/kwaidan/
the-game,The Game,1997,David Fincher,129,tt0119174,2649,3.82,643321,7.7,473344,4,https://www.imdb.com/title/tt0119174/,https://letterboxd.com/film/the-game/
o-seasons-o-castles,"O Seasons, O Castles",1958,Agnès Varda,21,tt0050788,278727,3.64,3981,6.9,550,4,https://www.imdb.com/title/tt0050788/,https://letterboxd.com/film/o-seasons-o-castles/
hobsons-choice,Hobson's Choice,1954,David Lean,108,tt0047094,16410,3.85,9203,7.7,10073,4,https://www.imdb.com/title/tt0047094/,https://letterboxd.com/film/hobsons-choice/
fiances-on-the-bridge,Fiancés on the Bridge,1962,Agnès Varda,5,tt1086289,54464,3.4,8729,6.7,1595,4,https://www.imdb.com/title/tt1086289/,https://letterboxd.com/film/fiances-on-the-bridge/
in-a-lonely-place,In a Lonely Place,1950,Nicholas Ray,93,tt0042593,17057,4.19,84598,7.9,39361,4,https://www.imdb.com/title/tt0042593/,https://letterboxd.com/film/in-a-lonely-place/
anatomy-of-a-fall,Anatomy of a Fall,2023,Justine Triet,151,tt17009710,915935,4.12,1504480,7.6,231817,4,https://www.imdb.com/title/tt17009710/,https://letterboxd.com/film/anatomy-of-a-fall/
the-vanishing-lion,The Vanishing Lion,2003,Agnès Varda,11,tt0403227,139426,3.44,3840,6.5,771,4,https://www.imdb.com/title/tt0403227/,https://letterboxd.com/film/the-vanishing-lion/
lone-star-1996,Lone Star,1996,John Sayles,135,tt0116905,26748,3.89,34628,7.4,35948,4,https://www.imdb.com/title/tt0116905/,https://letterboxd.com/film/lone-star-1996/
youve-got-beautiful-stairs-you-know,"You've Got Beautiful Stairs, You Know...",1986,Agnès Varda,3,tt0301915,264290,3.38,6629,6.4,897,4,https://www.imdb.com/title/tt0301915/,https://letterboxd.com/film/youve-got-beautiful-stairs-you-know/
the-mother-and-the-whore,The Mother and the Whore,1973,Jean Eustache,219,tt0070359,48693,4.18,23007,7.7,7743,4,https://www.imdb.com/title/tt0070359/,https://letterboxd.com/film/the-mother-and-the-whore/
walkabout,Walkabout,1971,Nicolas Roeg,95,tt0067959,36040,4.01,45761,7.6,29813,4,https://www.imdb.com/title/tt0067959/,https://letterboxd.com/film/walkabout/
seven-rooms-kitchen-bathroom-for-sale,"Seven Rooms, Kitchen, Bathroom, for Sale",1984,Agnès Varda,28,tt0159938,251004,3.58,2334,6.6,487,4,https://www.imdb.com/title/tt0159938/,https://letterboxd.com/film/seven-rooms-kitchen-bathroom-for-sale/
fearless-hyena-2,Fearless Hyena 2,1983,Chan Chuen,92,tt0085864,18741,2.52,2033,5,2160,4,https://www.imdb.com/title/tt0085864/,https://letterboxd.com/film/fearless-hyena-2/
les-3-boutons,Les 3 Boutons,2015,Agnès Varda,11,tt4998170,358341,3.11,3822,6.1,540,4,https://www.imdb.com/title/tt4998170/,https://letterboxd.com/film/les-3-boutons/
the-watermelon-woman,The Watermelon Woman,1996,Cheryl Dunye,85,tt0118125,44479,4.06,111295,7.1,5136,4,https://www.imdb.com/title/tt0118125/,https://letterboxd.com/film/the-watermelon-woman/
samurai-iii-duel-at-ganryu-island,Samurai III: Duel at Ganryu Island,1956,Hiroshi Inagaki,105,tt0049710,31378,3.77,9992,7.5,7277,4,https://www.imdb.com/title/tt0049710/,https://letterboxd.com/film/samurai-iii-duel-at-ganryu-island/
bringing-up-baby,Bringing Up Baby,1938,Howard Hawks,102,tt0029947,900,4,116056,7.8,69362,4,https://www.imdb.com/title/tt0029947/,https://letterboxd.com/film/bringing-up-baby/
floating-weeds,Floating Weeds,1959,Yasujirō Ozu,115,tt0053390,46918,4.11,19663,7.9,9818,4,https://www.imdb.com/title/tt0053390/,https://letterboxd.com/film/floating-weeds/
ugetsu,Ugetsu,1953,Kenji Mizoguchi,96,tt0046478,14696,4.26,64969,8.1,28366,4,https://www.imdb.com/title/tt0046478/,https://letterboxd.com/film/ugetsu/
modern-times,Modern Times,1936,Charlie Chaplin,87,tt0027977,3082,4.26,280173,8.5,285946,4,https://www.imdb.com/title/tt0027977/,https://letterboxd.com/film/modern-times/
samurai-i-musashi-miyamoto,Samurai I: Musashi Miyamoto,1954,Hiroshi Inagaki,94,tt0047444,31372,3.66,16959,7.4,10395,4,https://www.imdb.com/title/tt0047444/,https://letterboxd.com/film/samurai-i-musashi-miyamoto/
lost-highway,Lost Highway,1997,David Lynch,134,tt0116922,638,4.11,447984,7.6,171318,4,https://www.imdb.com/title/tt0116922/,https://letterboxd.com/film/lost-highway/
a-tale-of-springtime,A Tale of Springtime,1990,Éric Rohmer,107,tt0097106,28213,3.69,23923,7.1,6582,4,https://www.imdb.com/title/tt0097106/,https://letterboxd.com/film/a-tale-of-springtime/
diary-of-a-pregnant-woman,Diary of a Pregnant Woman,1958,Agnès Varda,16,tt0052031,95378,3.7,9786,6.7,1561,4,https://www.imdb.com/title/tt0052031/,https://letterboxd.com/film/diary-of-a-pregnant-woman/
the-marriage-of-maria-braun,The Marriage of Maria Braun,1979,Rainer Werner Fassbinder,120,tt0079095,661,4.06,27280,7.7,16299,4,https://www.imdb.com/title/tt0079095/,https://letterboxd.com/film/the-marriage-of-maria-braun/
ulysse,Ulysse,1983,Agnès Varda,22,tt0161034,257524,3.93,7054,7.3,1024,4,https://www.imdb.com/title/tt0161034/,https://letterboxd.com/film/ulysse/
paths-of-glory,Paths of Glory,1957,Stanley Kubrick,88,tt0050825,975,4.45,314627,8.4,239984,4,https://www.imdb.com/title/tt0050825/,https://letterboxd.com/film/paths-of-glory/
le-grand-amour,Le Grand Amour,1969,Pierre Étaix,87,tt0064390,138906,3.83,2235,7.5,1566,4,https://www.imdb.com/title/tt0064390/,https://letterboxd.com/film/le-grand-amour/
women-reply,Women Reply,1975,Agnès Varda,8,tt0073619,186365,3.64,15154,6.9,1713,4,https://www.imdb.com/title/tt0073619/,https://letterboxd.com/film/women-reply/
the-bitter-tears-of-petra-von-kant,The Bitter Tears of Petra von Kant,1972,Rainer Werner Fassbinder,124,tt0068278,10310,4.13,41496,7.5,12510,4,https://www.imdb.com/title/tt0068278/,https://letterboxd.com/film/the-bitter-tears-of-petra-von-kant/
the-pleasure-of-love-in-iran,The Pleasure of Love in Iran,1976,Agnès Varda,6,tt0196855,143499,3.46,7721,6.4,1293,4,https://www.imdb.com/title/tt0196855/,https://letterboxd.com/film/the-pleasure-of-love-in-iran/
bull-durham,Bull Durham,1988,Ron Shelton,108,tt0094812,287,3.52,63297,7,63069,4,https://www.imdb.com/title/tt0094812/,https://letterboxd.com/film/bull-durham/
band-of-outsiders,Band of Outsiders,1964,Jean-Luc Godard,97,tt0057869,8073,3.9,69406,7.6,29069,4,https://www.imdb.com/title/tt0057869/,https://letterboxd.com/film/band-of-outsiders/
drylongso,Drylongso,1998,Cauleen Smith,81,tt0181517,329587,3.88,5655,6.8,367,4,https://www.imdb.com/title/tt0181517/,https://letterboxd.com/film/drylongso/
portrait-of-a-lady-on-fire,Portrait of a Lady on Fire,2019,Céline Sciamma,121,tt8613070,531428,4.42,1128217,8,128475,4,https://www.imdb.com/title/tt8613070/,https://letterboxd.com/film/portrait-of-a-lady-on-fire/
the-men-who-tread-on-the-tigers-tail,The Men Who Tread on the Tiger's Tail,1945,Akira Kurosawa,59,tt0038182,36916,3.33,9161,6.7,4908,4,https://www.imdb.com/title/tt0038182/,https://letterboxd.com/film/the-men-who-tread-on-the-tigers-tail/
hoop-dreams,Hoop Dreams,1994,Steve James,174,tt0110057,14275,4.44,56326,8.3,29613,4,https://www.imdb.com/title/tt0110057/,https://letterboxd.com/film/hoop-dreams/
hello-cubans,Hello Cubans,1963,Agnès Varda,30,tt0057466,144599,4.05,18367,7.5,2081,4,https://www.imdb.com/title/tt0057466/,https://letterboxd.com/film/hello-cubans/
rififi,Rififi,1955,Jules Dassin,118,tt0048021,934,4.27,46478,8.1,39463,4,https://www.imdb.com/title/tt0048021/,https://letterboxd.com/film/rififi/
heart-of-a-dog-2015,Heart of a Dog,2015,Laurie Anderson,75,tt4935446,352197,3.63,6762,7,2743,4,https://www.imdb.com/title/tt4935446/,https://letterboxd.com/film/heart-of-a-dog-2015/
my-man-godfrey,My Man Godfrey,1936,Gregory La Cava,95,tt0028010,13562,3.94,34125,7.9,28739,4,https://www.imdb.com/title/tt0028010/,https://letterboxd.com/film/my-man-godfrey/
things-to-come,Things to Come,1936,William Cameron Menzies,100,tt0028358,3596,3.29,10016,6.6,10202,4,https://www.imdb.com/title/tt0028358/,https://letterboxd.com/film/things-to-come/
the-player,The Player,1992,Robert Altman,124,tt0105151,10403,4.01,137778,7.5,72396,4,https://www.imdb.com/title/tt0105151/,https://letterboxd.com/film/the-player/
le-havre,Le Havre,2011,Aki Kaurismäki,94,tt1508675,73532,3.87,34475,7.2,25434,4,https://www.imdb.com/title/tt1508675/,https://letterboxd.com/film/le-havre/
the-world-of-jacques-demy,The World of Jacques Demy,1995,Agnès Varda,90,tt0114794,200011,3.78,2210,7.3,657,4,https://www.imdb.com/title/tt0114794/,https://letterboxd.com/film/the-world-of-jacques-demy/
eyes-without-a-face,Eyes Without a Face,1960,Georges Franju,84,tt0053459,31417,3.92,173098,7.6,39325,4,https://www.imdb.com/title/tt0053459/,https://letterboxd.com/film/eyes-without-a-face/
slacker,Slacker,1990,Richard Linklater,97,tt0102943,14022,3.69,62670,7,25455,4,https://www.imdb.com/title/tt0102943/,https://letterboxd.com/film/slacker/
carnal-knowledge,Carnal Knowledge,1971,Mike Nichols,98,tt0066892,36492,3.63,26291,6.9,17020,4,https://www.imdb.com/title/tt0066892/,https://letterboxd.com/film/carnal-knowledge/
the-naked-kiss,The Naked Kiss,1964,Samuel Fuller,93,tt0058390,26031,3.83,18700,7.2,9694,4,https://www.imdb.com/title/tt0058390/,https://letterboxd.com/film/the-naked-kiss/
the-suitor,The Suitor,1962,Pierre Étaix,84,tt0056514,67556,3.74,1598,7.2,1257,4,https://www.imdb.com/title/tt0056514/,https://letterboxd.com/film/the-suitor/
the-young-girls-turn-25,The Young Girls Turn 25,1993,Agnès Varda,65,tt0106696,200381,3.81,3328,7,616,4,https://www.imdb.com/title/tt0106696/,https://letterboxd.com/film/the-young-girls-turn-25/
pina,Pina,2011,Wim Wenders,106,tt1440266,57276,3.98,22834,7.6,16734,4,https://www.imdb.com/title/tt1440266/,https://letterboxd.com/film/pina/
the-passion-of-joan-of-arc,The Passion of Joan of Arc,1928,Carl Theodor Dreyer,81,tt0019254,780,4.42,151712,8.1,68566,4,https://www.imdb.com/title/tt0019254/,https://letterboxd.com/film/the-passion-of-joan-of-arc/
elsa-the-rose,Elsa the Rose,1966,Agnès Varda,20,tt0781365,186361,3.69,3220,6.8,612,4,https://www.imdb.com/title/tt0781365/,https://letterboxd.com/film/elsa-the-rose/
the-unknown,The Unknown,1927,Tod Browning,68,tt0018528,27503,3.83,18594,7.7,10315,4,https://www.imdb.com/title/tt0018528/,https://letterboxd.com/film/the-unknown/
ydessa-the-bears-and-etc,"Ydessa, the Bears and etc.",2004,Agnès Varda,44,tt0423559,283514,3.62,1762,7.1,465,4,https://www.imdb.com/title/tt0423559/,https://letterboxd.com/film/ydessa-the-bears-and-etc/
heavens-gate,Heaven's Gate,1980,Michael Cimino,217,tt0080855,10935,3.79,25981,6.7,19161,4,https://www.imdb.com/title/tt0080855/,https://letterboxd.com/film/heavens-gate/
mona-lisa,Mona Lisa,1986,Neil Jordan,105,tt0091538,10002,3.81,24351,7.3,19422,4,https://www.imdb.com/title/tt0091538/,https://letterboxd.com/film/mona-lisa/
the-most-beautiful,The Most Beautiful,1944,Akira Kurosawa,85,tt0036947,17988,2.71,5976,5.6,2838,4,https://www.imdb.com/title/tt0036947/,https://letterboxd.com/film/the-most-beautiful/
ashes-and-diamonds,Ashes and Diamonds,1958,Andrzej Wajda,103,tt0052080,5055,4.06,34050,7.7,15079,4,https://www.imdb.com/title/tt0052080/,https://letterboxd.com/film/ashes-and-diamonds/
divorce-italian-style,Divorce Italian Style,1961,Pietro Germi,104,tt0055913,20271,3.97,26581,7.9,15772,4,https://www.imdb.com/title/tt0055913/,https://letterboxd.com/film/divorce-italian-style/
a-story-of-floating-weeds,A Story of Floating Weeds,1934,Yasujirō Ozu,86,tt0025929,44163,3.82,6066,7.6,3840,4,https://www.imdb.com/title/tt0025929/,https://letterboxd.com/film/a-story-of-floating-weeds/
freaks,Freaks,1932,Tod Browning,64,tt0022913,136,3.94,112812,7.8,54938,4,https://www.imdb.com/title/tt0022913/,https://letterboxd.com/film/freaks/
kagemusha,Kagemusha,1980,Akira Kurosawa,180,tt0080979,11953,4.23,49847,7.9,41095,4,https://www.imdb.com/title/tt0080979/,https://letterboxd.com/film/kagemusha/
nashville,Nashville,1975,Robert Altman,160,tt0073440,3121,4.17,78012,7.6,31578,4,https://www.imdb.com/title/tt0073440/,https://letterboxd.com/film/nashville/
heaven-can-wait,Heaven Can Wait,1943,Ernst Lubitsch,112,tt0035979,18727,3.68,15109,7.3,13439,4,https://www.imdb.com/title/tt0035979/,https://letterboxd.com/film/heaven-can-wait/
a-summers-tale,A Summer's Tale,1996,Éric Rohmer,114,tt0115940,37563,4.1,86677,7.6,12052,4,https://www.imdb.com/title/tt0115940/,https://letterboxd.com/film/a-summers-tale/
sanshiro-sugata,Sanshiro Sugata,1943,Akira Kurosawa,79,tt0036400,35022,3.36,13083,6.7,6298,4,https://www.imdb.com/title/tt0036400/,https://letterboxd.com/film/sanshiro-sugata/
jo-jo-dancer-your-life-is-calling,"Jo Jo Dancer, Your Life Is Calling",1986,Richard Pryor,97,tt0091295,63510,3.38,3929,6.3,2556,4,https://www.imdb.com/title/tt0091295/,https://letterboxd.com/film/jo-jo-dancer-your-life-is-calling/
to-be-or-not-to-be,To Be or Not to Be,1942,Ernst Lubitsch,99,tt0035446,198,4.34,71100,8.1,50010,4,https://www.imdb.com/title/tt0035446/,https://letterboxd.com/film/to-be-or-not-to-be/
the-double-life-of-veronique,The Double Life of Véronique,1991,Krzysztof Kieślowski,98,tt0101765,1600,4.1,134316,7.6,57217,4,https://www.imdb.com/title/tt0101765/,https://letterboxd.com/film/the-double-life-of-veronique/
a-master-builder,A Master Builder,2013,Jonathan Demme,130,tt2276069,268536,2.88,2652,5.9,1194,4,https://www.imdb.com/title/tt2276069/,https://letterboxd.com/film/a-master-builder/
twin-peaks-fire-walk-with-me,Twin Peaks: Fire Walk with Me,1992,David Lynch,135,tt0105665,1923,4.34,471220,7.3,118728,4,https://www.imdb.com/title/tt0105665/,https://letterboxd.com/film/twin-peaks-fire-walk-with-me/
pans-labyrinth,Pan's Labyrinth,2006,Guillermo del Toro,118,tt0457430,1417,4.15,1015343,8.2,748602,4,https://www.imdb.com/title/tt0457430/,https://letterboxd.com/film/pans-labyrinth/
carnival-of-souls,Carnival of Souls,1962,Herk Harvey,78,tt0055830,16093,3.77,97896,7,31318,4,https://www.imdb.com/title/tt0055830/,https://letterboxd.com/film/carnival-of-souls/
death-in-venice,Death in Venice,1971,Luchino Visconti,131,tt0067445,6619,3.7,39703,7.3,25020,4,https://www.imdb.com/title/tt0067445/,https://letterboxd.com/film/death-in-venice/
polyester,Polyester,1981,John Waters,86,tt0082926,14269,3.85,40049,7,10165,4,https://www.imdb.com/title/tt0082926/,https://letterboxd.com/film/polyester/
the-mystic,The Mystic,1925,Tod Browning,73,tt0016142,184448,3.38,2933,6.6,719,4,https://www.imdb.com/title/tt0016142/,https://letterboxd.com/film/the-mystic/
land-of-milk-and-honey,Land of Milk and Honey,1971,Pierre Étaix,80,tt0258013,148820,3.21,639,6,514,4,https://www.imdb.com/title/tt0258013/,https://letterboxd.com/film/land-of-milk-and-honey/
along-the-coast,Along the Coast,1958,Agnès Varda,26,tt0051561,238952,3.97,16913,7.4,2047,4,https://www.imdb.com/title/tt0051561/,https://letterboxd.com/film/along-the-coast/
smooth-talk,Smooth Talk,1985,Joyce Chopra,92,tt0090037,33766,3.59,18068,6.6,3876,4,https://www.imdb.com/title/tt0090037/,https://letterboxd.com/film/smooth-talk/
pigs-and-battleships,Pigs and Battleships,1961,Shōhei Imamura,108,tt0054709,31104,3.92,7157,7.4,2888,4,https://www.imdb.com/title/tt0054709/,https://letterboxd.com/film/pigs-and-battleships/
drugstore-cowboy,Drugstore Cowboy,1989,Gus Van Sant,102,tt0097240,476,3.69,78305,7.2,43057,4,https://www.imdb.com/title/tt0097240/,https://letterboxd.com/film/drugstore-cowboy/
a-hard-days-night,A Hard Day's Night,1964,Richard Lester,88,tt0058182,704,3.88,122520,7.5,50017,4,https://www.imdb.com/title/tt0058182/,https://letterboxd.com/film/a-hard-days-night/
yoyo,Yoyo,1965,Pierre Étaix,92,tt0059934,90228,3.98,3580,7.5,1939,4,https://www.imdb.com/title/tt0059934/,https://letterboxd.com/film/yoyo/
sanshiro-sugata-part-two,"Sanshiro Sugata, Part Two",1945,Akira Kurosawa,83,tt0038268,45965,2.88,5946,6,3140,4,https://www.imdb.com/title/tt0038268/,https://letterboxd.com/film/sanshiro-sugata-part-two/
the-squid-and-the-whale,The Squid and the Whale,2005,Noah Baumbach,81,tt0367089,10707,3.7,150624,7.3,94804,4,https://www.imdb.com/title/tt0367089/,https://letterboxd.com/film/the-squid-and-the-whale/
barcelona,Barcelona,1994,Whit Stillman,100,tt0109219,16771,3.72,11981,7,7051,4,https://www.imdb.com/title/tt0109219/,https://letterboxd.com/film/barcelona/
double-indemnity,Double Indemnity,1944,Billy Wilder,107,tt0036775,996,4.25,226995,8.3,182035,4,https://www.imdb.com/title/tt0036775/,https://letterboxd.com/film/double-indemnity/
breaking-the-waves,Breaking the Waves,1996,Lars von Trier,159,tt0115751,145,4.14,86044,7.8,76189,4,https://www.imdb.com/title/tt0115751/,https://letterboxd.com/film/breaking-the-waves/
the-executioner,The Executioner,1963,Luis García Berlanga,91,tt0057643,4498,3.97,18598,7.9,8204,4,https://www.imdb.com/title/tt0057643/,https://letterboxd.com/film/the-executioner/
werckmeister-harmonies,Werckmeister Harmonies,2000,Béla Tarr,139,tt0249241,23160,4.31,46879,7.9,18169,4,https://www.imdb.com/title/tt0249241/,https://letterboxd.com/film/werckmeister-harmonies/
night-on-earth,Night on Earth,1991,Jim Jarmusch,129,tt0102536,339,4,135292,7.6,71343,4,https://www.imdb.com/title/tt0102536/,https://letterboxd.com/film/night-on-earth/
hunger,Hunger,2008,Steve McQueen,96,tt0986233,10360,4.03,86426,7.5,76681,4,https://www.imdb.com/title/tt0986233/,https://letterboxd.com/film/hunger/
ivans-childhood,Ivan's Childhood,1962,Andrei Tarkovsky,95,tt0056111,31442,4.19,108359,8,43639,4,https://www.imdb.com/title/tt0056111/,https://letterboxd.com/film/ivans-childhood/
antichrist,Antichrist,2009,Lars von Trier,104,tt0870984,17609,3.39,254471,6.5,145358,4,https://www.imdb.com/title/tt0870984/,https://letterboxd.com/film/antichrist/
weekend-2011,Weekend,2011,Andrew Haigh,96,tt1714210,79120,3.93,50275,7.6,34728,4,https://www.imdb.com/title/tt1714210/,https://letterboxd.com/film/weekend-2011/
the-so-called-caryatids,The So-Called Caryatids,1984,Agnès Varda,12,tt0160210,46777,3.76,4989,7,918,4,https://www.imdb.com/title/tt0160210/,https://letterboxd.com/film/the-so-called-caryatids/
lost-in-america,Lost in America,1985,Albert Brooks,91,tt0089504,27223,3.69,29873,7,11522,4,https://www.imdb.com/title/tt0089504/,https://letterboxd.com/film/lost-in-america/
make-way-for-tomorrow,Make Way for Tomorrow,1937,Leo McCarey,92,tt0029192,41059,4.23,20808,8.1,10672,4,https://www.imdb.com/title/tt0029192/,https://letterboxd.com/film/make-way-for-tomorrow/
the-insect-woman,The Insect Woman,1963,Shōhei Imamura,123,tt0057363,42984,3.87,4677,7.4,2726,4,https://www.imdb.com/title/tt0057363/,https://letterboxd.com/film/the-insect-woman/
23rd-psalm-branch,23rd Psalm Branch,1967,Stan Brakhage,63,tt6391052,435421,3.75,826,7,125,3,https://www.imdb.com/title/tt6391052/,https://letterboxd.com/film/23rd-psalm-branch/
tess,Tess,1979,Roman Polanski,172,tt0080009,11121,3.85,18714,7.3,19961,3,https://www.imdb.com/title/tt0080009/,https://letterboxd.com/film/tess/
flow-2024,Flow,2024,Gints Zilbalodis,85,tt4772188,823219,4.09,1064935,7.9,148155,3,https://www.imdb.com/title/tt4772188/,https://letterboxd.com/film/flow-2024/
the-last-temptation-of-christ,The Last Temptation of Christ,1988,Martin Scorsese,164,tt0095497,11051,3.92,131583,7.5,68413,3,https://www.imdb.com/title/tt0095497/,https://letterboxd.com/film/the-last-temptation-of-christ/
me-and-you-and-everyone-we-know,Me and You and Everyone We Know,2005,Miranda July,91,tt0415978,1382,3.67,47676,7.2,38680,3,https://www.imdb.com/title/tt0415978/,https://letterboxd.com/film/me-and-you-and-everyone-we-know/
forty-guns,Forty Guns,1957,Samuel Fuller,80,tt0050407,14837,3.7,13411,6.9,7169,3,https://www.imdb.com/title/tt0050407/,https://letterboxd.com/film/forty-guns/
dheepan,Dheepan,2015,Jacques Audiard,115,tt4082068,314402,3.62,21904,7.2,18013,3,https://www.imdb.com/title/tt4082068/,https://letterboxd.com/film/dheepan/
emitai,Emitaï,1971,Ousmane Sembène,101,tt0067048,128395,3.9,2821,7.1,685,3,https://www.imdb.com/title/tt0067048/,https://letterboxd.com/film/emitai/
army-of-shadows,Army of Shadows,1969,Jean-Pierre Melville,145,tt0064040,15383,4.36,66937,8.1,29344,3,https://www.imdb.com/title/tt0064040/,https://letterboxd.com/film/army-of-shadows/
take-out-2004,Take Out,2004,"Sean Baker, Tsou Shih-ching",88,tt0391483,37736,3.81,28054,7.1,2979,3,https://www.imdb.com/title/tt0391483/,https://letterboxd.com/film/take-out-2004/
a-room-with-a-view,A Room with a View,1986,James Ivory,117,tt0091867,11257,3.71,81017,7.2,52633,3,https://www.imdb.com/title/tt0091867/,https://letterboxd.com/film/a-room-with-a-view/
sing-a-song-of-sex,Sing a Song of Sex,1967,Nagisa Ōshima,103,tt0062042,77124,3.64,2800,6.5,990,3,https://www.imdb.com/title/tt0062042/,https://letterboxd.com/film/sing-a-song-of-sex/
wedlock-house-an-intercourse,Wedlock House: An Intercourse,1959,Stan Brakhage,11,tt0278145,126128,3.45,1845,6.2,853,3,https://www.imdb.com/title/tt0278145/,https://letterboxd.com/film/wedlock-house-an-intercourse/
the-dante-quartet,The Dante Quartet,1987,Stan Brakhage,6,tt0092828,126194,3.88,5976,6.8,1321,3,https://www.imdb.com/title/tt0092828/,https://letterboxd.com/film/the-dante-quartet/
sex-lies-and-videotape,"sex, lies, and videotape",1989,Steven Soderbergh,101,tt0098724,1412,3.88,126882,7.2,64810,3,https://www.imdb.com/title/tt0098724/,https://letterboxd.com/film/sex-lies-and-videotape/
cold-water,Cold Water,1994,Olivier Assayas,95,tt0109702,64901,3.71,7923,6.9,2508,3,https://www.imdb.com/title/tt0109702/,https://letterboxd.com/film/cold-water/
the-hero-1966,The Hero,1966,Satyajit Ray,118,tt0060742,112999,4.13,12409,8.3,6144,3,https://www.imdb.com/title/tt0060742/,https://letterboxd.com/film/the-hero-1966/
now-voyager,"Now, Voyager",1942,Irving Rapper,117,tt0035140,32847,3.95,24836,7.8,20874,3,https://www.imdb.com/title/tt0035140/,https://letterboxd.com/film/now-voyager/
knife-in-the-water,Knife in the Water,1962,Roman Polanski,94,tt0056291,11502,3.78,29537,7.4,25214,3,https://www.imdb.com/title/tt0056291/,https://letterboxd.com/film/knife-in-the-water/
window-water-baby-moving,Window Water Baby Moving,1959,Stan Brakhage,13,tt0138941,97513,4.01,9024,7.5,2612,3,https://www.imdb.com/title/tt0138941/,https://letterboxd.com/film/window-water-baby-moving/
violence-at-noon,Violence at Noon,1966,Nagisa Ōshima,99,tt0060486,42720,3.72,2593,7,1320,3,https://www.imdb.com/title/tt0060486/,https://letterboxd.com/film/violence-at-noon/
the-wonder-ring,The Wonder Ring,1955,Stan Brakhage,6,tt0278151,147676,3.53,3911,6,784,3,https://www.imdb.com/title/tt0278151/,https://letterboxd.com/film/the-wonder-ring/
the-life-and-death-of-colonel-blimp,The Life and Death of Colonel Blimp,1943,"Emeric Pressburger, Michael Powell",163,tt0036112,25037,4.24,28397,8,18306,3,https://www.imdb.com/title/tt0036112/,https://letterboxd.com/film/the-life-and-death-of-colonel-blimp/
bigger-than-life,Bigger Than Life,1956,Nicholas Ray,95,tt0049010,26036,3.95,14956,7.4,8851,3,https://www.imdb.com/title/tt0049010/,https://letterboxd.com/film/bigger-than-life/
pandoras-box,Pandora's Box,1929,Georg Wilhelm Pabst,141,tt0018737,905,3.87,20829,7.7,12955,3,https://www.imdb.com/title/tt0018737/,https://letterboxd.com/film/pandoras-box/
the-mammals-of-victoria,The Mammals of Victoria,1994,Stan Brakhage,34,tt0280911,164604,3.69,708,5.8,233,3,https://www.imdb.com/title/tt0280911/,https://letterboxd.com/film/the-mammals-of-victoria/
pierrot-le-fou,Pierrot le Fou,1965,Jean-Luc Godard,110,tt0059592,2786,4.03,165052,7.4,40284,3,https://www.imdb.com/title/tt0059592/,https://letterboxd.com/film/pierrot-le-fou/
europa,Europa,1991,Lars von Trier,113,tt0101829,9065,3.91,29761,7.5,24714,3,https://www.imdb.com/title/tt0101829/,https://letterboxd.com/film/europa/
celine-and-julie-go-boating,Céline and Julie Go Boating,1974,Jacques Rivette,193,tt0071381,27019,4.19,26317,7.2,7127,3,https://www.imdb.com/title/tt0071381/,https://letterboxd.com/film/celine-and-julie-go-boating/
day-of-wrath,Day of Wrath,1943,Carl Theodor Dreyer,97,tt0036506,41391,4.2,19298,8,12078,3,https://www.imdb.com/title/tt0036506/,https://letterboxd.com/film/day-of-wrath/
the-new-world,The New World,2005,Terrence Malick,151,tt0402399,11400,3.8,70473,6.7,93891,3,https://www.imdb.com/title/tt0402399/,https://letterboxd.com/film/the-new-world/
dog-star-man-part-iv,Dog Star Man: Part IV,1964,Stan Brakhage,6,tt0058026,127323,3.62,1316,6.2,1230,3,https://www.imdb.com/title/tt0058026/,https://letterboxd.com/film/dog-star-man-part-iv/
sweetie,Sweetie,1989,Jane Campion,100,tt0098725,65015,3.48,19314,6.7,5902,3,https://www.imdb.com/title/tt0098725/,https://letterboxd.com/film/sweetie/
ceddo,Ceddo,1977,Ousmane Sembène,117,tt0077309,97029,3.63,2961,6.6,1331,3,https://www.imdb.com/title/tt0077309/,https://letterboxd.com/film/ceddo/
fail-safe,Fail Safe,1964,Sidney Lumet,112,tt0058083,502,4.29,37567,8,28046,3,https://www.imdb.com/title/tt0058083/,https://letterboxd.com/film/fail-safe/
yojimbo,Yojimbo,1961,Akira Kurosawa,110,tt0055630,11878,4.3,187263,8.2,143614,3,https://www.imdb.com/title/tt0055630/,https://letterboxd.com/film/yojimbo/
miracle-in-milan,Miracle in Milan,1951,Vittorio De Sica,97,tt0043809,43379,3.91,14995,7.6,9446,3,https://www.imdb.com/title/tt0043809/,https://letterboxd.com/film/miracle-in-milan/
bad-timing,Bad Timing,1980,Nicolas Roeg,123,tt0080408,33214,3.67,12706,6.9,10404,3,https://www.imdb.com/title/tt0080408/,https://letterboxd.com/film/bad-timing/
japanese-summer-double-suicide,Japanese Summer: Double Suicide,1967,Nagisa Ōshima,99,tt0062009,48515,3.6,1959,6.7,989,3,https://www.imdb.com/title/tt0062009/,https://letterboxd.com/film/japanese-summer-double-suicide/
island-of-lost-souls,Island of Lost Souls,1932,Erle C. Kenton,71,tt0024188,3031,3.68,21757,7.3,12322,3,https://www.imdb.com/title/tt0024188/,https://letterboxd.com/film/island-of-lost-souls/
two-creeley-mcclure,Two: Creeley/McClure,1965,Stan Brakhage,4,tt0281313,146810,3.3,707,5.3,362,3,https://www.imdb.com/title/tt0281313/,https://letterboxd.com/film/two-creeley-mcclure/
town-bloody-hall,Town Bloody Hall,1979,"Chris Hegedus, D. A. Pennebaker",88,tt0217853,274381,3.72,2301,7.2,483,3,https://www.imdb.com/title/tt0217853/,https://letterboxd.com/film/town-bloody-hall/
visions-in-meditation-3-platos-cave,Visions in Meditation #3: Plato's Cave,1990,Stan Brakhage,16,tt0281353,164599,3.53,639,5.8,248,3,https://www.imdb.com/title/tt0281353/,https://letterboxd.com/film/visions-in-meditation-3-platos-cave/
pariah,Pariah,2011,Dee Rees,86,tt1233334,73939,4.05,40468,7.2,8088,3,https://www.imdb.com/title/tt1233334/,https://letterboxd.com/film/pariah/
three-resurrected-drunkards,Three Resurrected Drunkards,1968,Nagisa Ōshima,80,tt0063169,108512,3.5,1701,6.4,771,3,https://www.imdb.com/title/tt0063169/,https://letterboxd.com/film/three-resurrected-drunkards/
revenge-1990,Revenge,1990,Yermek Shinarbayev,100,tt0102497,216046,3.74,2916,7.2,813,3,https://www.imdb.com/title/tt0102497/,https://letterboxd.com/film/revenge-1990/
the-tales-of-hoffmann,The Tales of Hoffmann,1951,"Michael Powell, Emeric Pressburger",127,tt0044103,44334,3.83,10426,7.1,4605,3,https://www.imdb.com/title/tt0044103/,https://letterboxd.com/film/the-tales-of-hoffmann/
gomorrah,Gomorrah,2008,Matteo Garrone,137,tt0929425,8882,3.73,43008,7,53292,3,https://www.imdb.com/title/tt0929425/,https://letterboxd.com/film/gomorrah/
diamonds-of-the-night,Diamonds of the Night,1964,Jan Němec,67,tt0058001,100589,3.93,9024,7.3,3232,3,https://www.imdb.com/title/tt0058001/,https://letterboxd.com/film/diamonds-of-the-night/
the-innocents,The Innocents,1961,Jack Clayton,100,tt0055018,16372,4.12,68059,7.7,36279,3,https://www.imdb.com/title/tt0055018/,https://letterboxd.com/film/the-innocents/
the-prince-of-tides,The Prince of Tides,1991,Barbra Streisand,132,tt0102713,10333,3.37,15022,6.8,21516,3,https://www.imdb.com/title/tt0102713/,https://letterboxd.com/film/the-prince-of-tides/
the-dead-1960,The Dead,1960,Stan Brakhage,11,tt0233534,145033,3.39,1087,5.4,481,3,https://www.imdb.com/title/tt0233534/,https://letterboxd.com/film/the-dead-1960/
bound,Bound,1996,"Lana Wachowski, Lilly Wachowski",105,tt0115736,9303,4.03,214565,7.3,67606,3,https://www.imdb.com/title/tt0115736/,https://letterboxd.com/film/bound/
cartesius,Cartesius,1974,Roberto Rossellini,165,tt0161382,,3.6,877,6.8,522,3,https://www.imdb.com/title/tt0161382/,https://letterboxd.com/film/cartesius/
king-lear-1987,King Lear,1987,Jean-Luc Godard,91,tt0093349,50012,3.54,4852,5.5,1757,3,https://www.imdb.com/title/tt0093349/,https://letterboxd.com/film/king-lear-1987/
cats-cradle-1959,Cat's Cradle,1959,Stan Brakhage,6,tt0277617,97509,3.43,3179,5.9,1056,3,https://www.imdb.com/title/tt0277617/,https://letterboxd.com/film/cats-cradle-1959/
mississippi-masala,Mississippi Masala,1991,Mira Nair,118,tt0102456,41791,3.91,39271,6.8,7513,3,https://www.imdb.com/title/tt0102456/,https://letterboxd.com/film/mississippi-masala/
my-winnipeg,My Winnipeg,2007,Guy Maddin,80,tt1093842,13241,3.97,16440,7.5,6047,3,https://www.imdb.com/title/tt1093842/,https://letterboxd.com/film/my-winnipeg/
the-fugitive-kind,The Fugitive Kind,1960,Sidney Lumet,119,tt0052832,47837,3.54,9346,7,8281,3,https://www.imdb.com/title/tt0052832/,https://letterboxd.com/film/the-fugitive-kind/
pixote,Pixote,1980,Héctor Babenco,127,tt0082912,42148,4.2,57499,7.9,10931,3,https://www.imdb.com/title/tt0082912/,https://letterboxd.com/film/pixote/
thelonious-monk-straight-no-chaser,"Thelonious Monk: Straight, No Chaser",1988,Charlotte Zwerin,90,tt0098465,41973,3.81,2239,7.5,1479,3,https://www.imdb.com/title/tt0098465/,https://letterboxd.com/film/thelonious-monk-straight-no-chaser/
duplicity-iii,Duplicity III,1980,Stan Brakhage,22,tt0279055,164591,3.37,384,5.6,224,3,https://www.imdb.com/title/tt0279055/,https://letterboxd.com/film/duplicity-iii/
this-sporting-life,This Sporting Life,1963,Lindsay Anderson,134,tt0057578,18774,3.78,6119,7.5,7681,3,https://www.imdb.com/title/tt0057578/,https://letterboxd.com/film/this-sporting-life/
tanner-88,Tanner '88,1988,Robert Altman,353,tt0094562,,3.74,1716,7.8,1044,3,https://www.imdb.com/title/tt0094562/,https://letterboxd.com/film/tanner-88/
targets,Targets,1968,Peter Bogdanovich,90,tt0063671,19383,3.96,44308,7.3,13795,3,https://www.imdb.com/title/tt0063671/,https://letterboxd.com/film/targets/
canoa-a-shameful-memory,Canoa: A Shameful Memory,1975,Felipe Cazals,116,tt0131335,116982,4.13,11136,7.8,2199,3,https://www.imdb.com/title/tt0131335/,https://letterboxd.com/film/canoa-a-shameful-memory/
blind-chance,Blind Chance,1987,Krzysztof Kieślowski,123,tt0084549,127,4,22848,7.7,12317,3,https://www.imdb.com/title/tt0084549/,https://letterboxd.com/film/blind-chance/
humanite,Humanité,1999,Bruno Dumont,149,tt0197569,65296,3.7,8349,6.8,5404,3,https://www.imdb.com/title/tt0197569/,https://letterboxd.com/film/humanite/
drive-my-car,Drive My Car,2021,Ryusuke Hamaguchi,179,tt14039582,758866,4.2,386712,7.5,77218,3,https://www.imdb.com/title/tt14039582/,https://letterboxd.com/film/drive-my-car/
poto-and-cabengo,Poto and Cabengo,1979,Jean-Pierre Gorin,77,tt0196866,83451,3.59,1171,7.1,459,3,https://www.imdb.com/title/tt0196866/,https://letterboxd.com/film/poto-and-cabengo/
symbiopsychotaxiplasm-take-2,Symbiopsychotaxiplasm: Take 2½,2005,William Greaves,99,tt0436811,44784,3.26,1347,6.4,460,3,https://www.imdb.com/title/tt0436811/,https://letterboxd.com/film/symbiopsychotaxiplasm-take-2/
dead-man,Dead Man,1995,Jim Jarmusch,122,tt0112817,922,3.92,126217,7.5,109384,3,https://www.imdb.com/title/tt0112817/,https://letterboxd.com/film/dead-man/
wrong-move,Wrong Move,1975,Wim Wenders,105,tt0071483,20017,3.44,8986,6.8,4570,3,https://www.imdb.com/title/tt0071483/,https://letterboxd.com/film/wrong-move/
i-take-these-truths,I Take These Truths,1995,Stan Brakhage,18,tt0113370,164606,3.57,455,6.3,203,3,https://www.imdb.com/title/tt0113370/,https://letterboxd.com/film/i-take-these-truths/
blaise-pascal,Blaise Pascal,1972,Roberto Rossellini,129,tt0066839,49634,3.88,1445,7,699,3,https://www.imdb.com/title/tt0066839/,https://letterboxd.com/film/blaise-pascal/
brute-force,Brute Force,1947,Jules Dassin,98,tt0039224,28297,3.84,15691,7.5,12785,3,https://www.imdb.com/title/tt0039224/,https://letterboxd.com/film/brute-force/
the-last-waltz,The Last Waltz,1978,Martin Scorsese,117,tt0077838,13963,4.27,50373,8.1,22217,3,https://www.imdb.com/title/tt0077838/,https://letterboxd.com/film/the-last-waltz/
spartacus,Spartacus,1960,Stanley Kubrick,197,tt0054331,967,3.87,131201,7.9,151464,3,https://www.imdb.com/title/tt0054331/,https://letterboxd.com/film/spartacus/
visions-in-meditation-2-mesa-verde,Visions in Meditation #2: Mesa Verde,1989,Stan Brakhage,16,tt0280186,164597,3.53,611,5.8,245,3,https://www.imdb.com/title/tt0280186/,https://letterboxd.com/film/visions-in-meditation-2-mesa-verde/
vanya-on-42nd-street,Vanya on 42nd Street,1994,Louis Malle,120,tt0111590,32636,3.85,7521,7.3,5675,3,https://www.imdb.com/title/tt0111590/,https://letterboxd.com/film/vanya-on-42nd-street/
i-am-cuba,I Am Cuba,1964,Mikhail Kalatozov,141,tt0058604,32015,4.46,50704,8.2,12426,3,https://www.imdb.com/title/tt0058604/,https://letterboxd.com/film/i-am-cuba/
perfect-days-2023,Perfect Days,2023,Wim Wenders,124,tt27503384,976893,4.31,848100,7.9,107626,3,https://www.imdb.com/title/tt27503384/,https://letterboxd.com/film/perfect-days-2023/
nothing-but-a-man,Nothing But a Man,1964,Michael Roemer,95,tt0058414,91721,4.09,6619,7.9,2487,3,https://www.imdb.com/title/tt0058414/,https://letterboxd.com/film/nothing-but-a-man/
the-breakfast-club,The Breakfast Club,1985,John Hughes,98,tt0088847,2108,3.76,2003937,7.8,474289,3,https://www.imdb.com/title/tt0088847/,https://letterboxd.com/film/the-breakfast-club/
study-in-color-and-black-and-white,Study in Color and Black and White,1993,Stan Brakhage,2,tt0281236,105717,2.99,1416,4.9,647,3,https://www.imdb.com/title/tt0281236/,https://letterboxd.com/film/study-in-color-and-black-and-white/
persian-series-3,Persian Series #3,1999,Stan Brakhage,2,tt0280022,385625,3.44,1088,5.6,426,3,https://www.imdb.com/title/tt0280022/,https://letterboxd.com/film/persian-series-3/
untitled-for-marilyn,Untitled (For Marilyn),1992,Stan Brakhage,11,tt0281325,126202,3.93,2161,6.4,599,3,https://www.imdb.com/title/tt0281325/,https://letterboxd.com/film/untitled-for-marilyn/
inside-llewyn-davis,Inside Llewyn Davis,2013,"Joel Coen, Ethan Coen",105,tt2042568,86829,4.02,386525,7.4,172420,3,https://www.imdb.com/title/tt2042568/,https://letterboxd.com/film/inside-llewyn-davis/
the-thin-red-line,The Thin Red Line,1998,Terrence Malick,171,tt0120863,8741,4.09,209632,7.6,212556,3,https://www.imdb.com/title/tt0120863/,https://letterboxd.com/film/the-thin-red-line/
all-that-heaven-allows,All That Heaven Allows,1955,Douglas Sirk,89,tt0047811,43316,4.07,60569,7.6,18671,3,https://www.imdb.com/title/tt0047811/,https://letterboxd.com/film/all-that-heaven-allows/
unconscious-london-strata,Unconscious London Strata,1981,Stan Brakhage,22,tt0279492,164602,3.52,681,5.2,238,3,https://www.imdb.com/title/tt0279492/,https://letterboxd.com/film/unconscious-london-strata/
daddy-longlegs,Daddy Longlegs,2009,"Benny Safdie, Josh Safdie",100,tt1426362,58251,3.78,22172,6.9,3473,3,https://www.imdb.com/title/tt1426362/,https://letterboxd.com/film/daddy-longlegs/
persian-series-2,Persian Series #2,1999,Stan Brakhage,2,tt0280021,385624,3.52,1087,5.8,424,3,https://www.imdb.com/title/tt0280021/,https://letterboxd.com/film/persian-series-2/
tout-va-bien,Tout Va Bien,1972,"Jean-Luc Godard, Jean-Pierre Gorin",95,tt0069398,8071,3.64,12358,6.5,4172,3,https://www.imdb.com/title/tt0069398/,https://letterboxd.com/film/tout-va-bien/
the-garden-of-earthly-delights-1981,The Garden of Earthly Delights,1981,Stan Brakhage,2,tt0082437,126189,3.63,3522,6.3,933,3,https://www.imdb.com/title/tt0082437/,https://letterboxd.com/film/the-garden-of-earthly-delights-1981/
dog-star-man-part-ii,Dog Star Man: Part II,1964,Stan Brakhage,7,tt0284060,127148,3.64,1330,6.3,1246,3,https://www.imdb.com/title/tt0284060/,https://letterboxd.com/film/dog-star-man-part-ii/
the-manchurian-candidate,The Manchurian Candidate,1962,John Frankenheimer,126,tt0056218,982,4,62381,7.9,84926,3,https://www.imdb.com/title/tt0056218/,https://letterboxd.com/film/the-manchurian-candidate/
gertrud,Gertrud,1964,Carl Theodor Dreyer,119,tt0058138,34181,3.94,11654,7.3,7379,3,https://www.imdb.com/title/tt0058138/,https://letterboxd.com/film/gertrud/
the-39-steps,The 39 Steps,1935,Alfred Hitchcock,86,tt0026029,260,3.77,86178,7.6,66388,3,https://www.imdb.com/title/tt0026029/,https://letterboxd.com/film/the-39-steps/
repulsion,Repulsion,1965,Roman Polanski,105,tt0059646,11481,3.91,104325,7.5,61474,3,https://www.imdb.com/title/tt0059646/,https://letterboxd.com/film/repulsion/
mothlight,Mothlight,1963,Stan Brakhage,4,tt0057324,97514,3.56,13285,6.2,3065,3,https://www.imdb.com/title/tt0057324/,https://letterboxd.com/film/mothlight/
after-the-curfew,After the Curfew,1954,Usmar Ismail,101,tt0045997,172597,3.71,3649,7.2,884,3,https://www.imdb.com/title/tt0045997/,https://letterboxd.com/film/after-the-curfew/
reel-5,&quot;...&quot; Reel 5,1998,Stan Brakhage,12,tt0225002,163360,3.09,877,5.4,257,3,https://www.imdb.com/title/tt0225002/,https://letterboxd.com/film/reel-5/
le-cercle-rouge,Le Cercle Rouge,1970,Jean-Pierre Melville,140,tt0065531,11657,4.21,68224,7.9,31852,3,https://www.imdb.com/title/tt0065531/,https://letterboxd.com/film/le-cercle-rouge/
the-human-condition-iii-a-soldiers-prayer,The Human Condition III: A Soldier's Prayer,1961,Masaki Kobayashi,190,tt0055233,34530,4.66,32100,8.8,8889,3,https://www.imdb.com/title/tt0055233/,https://letterboxd.com/film/the-human-condition-iii-a-soldiers-prayer/
crossing-delancey,Crossing Delancey,1988,Joan Micklin Silver,97,tt0094921,27397,3.76,19311,7,6154,3,https://www.imdb.com/title/tt0094921/,https://letterboxd.com/film/crossing-delancey/
the-girls,The Girls,1968,Mai Zetterling,100,tt0062981,135337,3.83,4942,6.7,1224,3,https://www.imdb.com/title/tt0062981/,https://letterboxd.com/film/the-girls/
winchester-73,Winchester '73,1950,Anthony Mann,92,tt0043137,14551,3.88,25105,7.6,23162,3,https://www.imdb.com/title/tt0043137/,https://letterboxd.com/film/winchester-73/
dog-star-man,Dog Star Man,1965,Stan Brakhage,78,tt5896468,420240,4,7947,6.2,1551,3,https://www.imdb.com/title/tt5896468/,https://letterboxd.com/film/dog-star-man/
the-domain-of-the-moment,The Domain of the Moment,1977,Stan Brakhage,15,tt0278417,164592,3.4,452,5.9,233,3,https://www.imdb.com/title/tt0278417/,https://letterboxd.com/film/the-domain-of-the-moment/
blow-out,Blow Out,1981,Brian De Palma,108,tt0082085,11644,4.09,295392,7.4,76784,3,https://www.imdb.com/title/tt0082085/,https://letterboxd.com/film/blow-out/
the-honeymoon-killers,The Honeymoon Killers,1970,Leonard Kastle,108,tt0064437,10237,3.62,10179,6.9,6464,3,https://www.imdb.com/title/tt0064437/,https://letterboxd.com/film/the-honeymoon-killers/
il-sorpasso,Il Sorpasso,1962,Dino Risi,105,tt0056512,24188,4.26,38905,8.2,14526,3,https://www.imdb.com/title/tt0056512/,https://letterboxd.com/film/il-sorpasso/
querelle,Querelle,1982,Rainer Werner Fassbinder,109,tt0084565,42135,3.68,28339,6.6,8640,3,https://www.imdb.com/title/tt0084565/,https://letterboxd.com/film/querelle/
crack-glass-eulogy,Crack Glass Eulogy,1991,Stan Brakhage,6,tt0280574,126213,3.24,1343,5.3,611,3,https://www.imdb.com/title/tt0280574/,https://letterboxd.com/film/crack-glass-eulogy/
mysterious-object-at-noon,Mysterious Object at Noon,2000,Apichatpong Weerasethakul,90,tt0269587,93553,3.69,8415,6.7,1935,3,https://www.imdb.com/title/tt0269587/,https://letterboxd.com/film/mysterious-object-at-noon/
the-act-of-seeing-with-ones-own-eyes,The Act of Seeing with One's Own Eyes,1972,Stan Brakhage,32,tt0140788,126132,3.91,6235,6.9,1805,3,https://www.imdb.com/title/tt0140788/,https://letterboxd.com/film/the-act-of-seeing-with-ones-own-eyes/
night-music,Night Music,1986,Stan Brakhage,,tt0091633,126197,3.54,5160,6,1019,3,https://www.imdb.com/title/tt0091633/,https://letterboxd.com/film/night-music/
i-am-curious-yellow,I Am Curious (Yellow),1967,Vilgot Sjöman,122,tt0061834,42695,3.37,4903,6,4539,3,https://www.imdb.com/title/tt0061834/,https://letterboxd.com/film/i-am-curious-yellow/
dressed-to-kill-1980,Dressed to Kill,1980,Brian De Palma,105,tt0080661,11033,3.63,125936,7,55659,3,https://www.imdb.com/title/tt0080661/,https://letterboxd.com/film/dressed-to-kill-1980/
kings-of-the-road,Kings of the Road,1976,Wim Wenders,177,tt0073152,10834,4.01,13087,7.6,7282,3,https://www.imdb.com/title/tt0073152/,https://letterboxd.com/film/kings-of-the-road/
dog-star-man-part-iii,Dog Star Man: Part III,1964,Stan Brakhage,11,tt0284061,127320,3.62,1277,6.2,1210,3,https://www.imdb.com/title/tt0284061/,https://letterboxd.com/film/dog-star-man-part-iii/
downpour-1972,Downpour,1972,Bahram Beyzai,130,tt0067649,134346,3.83,2815,7.2,1236,3,https://www.imdb.com/title/tt0067649/,https://letterboxd.com/film/downpour-1972/
cronos,Cronos,1992,Guillermo del Toro,94,tt0104029,11655,3.41,83795,6.7,36670,3,https://www.imdb.com/title/tt0104029/,https://letterboxd.com/film/cronos/
the-horses-mouth,The Horse's Mouth,1958,Ronald Neame,95,tt0051739,43139,3.49,2668,6.9,4159,3,https://www.imdb.com/title/tt0051739/,https://letterboxd.com/film/the-horses-mouth/
persian-series-1,Persian Series #1,1999,Stan Brakhage,2,tt0280017,385623,3.27,1090,5.3,443,3,https://www.imdb.com/title/tt0280017/,https://letterboxd.com/film/persian-series-1/
rage-net,Rage Net,1988,Stan Brakhage,,tt0095950,126200,3.37,2780,5.8,855,3,https://www.imdb.com/title/tt0095950/,https://letterboxd.com/film/rage-net/
macbeth-1971,Macbeth,1971,Roman Polanski,141,tt0067372,11316,3.72,24211,7.4,16120,3,https://www.imdb.com/title/tt0067372/,https://letterboxd.com/film/macbeth-1971/
harakiri,Harakiri,1962,Masaki Kobayashi,135,tt0056058,14537,4.68,240982,8.6,92129,3,https://www.imdb.com/title/tt0056058/,https://letterboxd.com/film/harakiri/
fishing-with-john,Fishing with John,1991,John Lurie,149,tt0139776,,4.16,5015,8,1906,3,https://www.imdb.com/title/tt0139776/,https://letterboxd.com/film/fishing-with-john/
this-is-spinal-tap,This Is Spinal Tap,1984,Rob Reiner,82,tt0088258,11031,3.9,241215,7.9,160735,3,https://www.imdb.com/title/tt0088258/,https://letterboxd.com/film/this-is-spinal-tap/
routine-pleasures,Routine Pleasures,1986,Jean-Pierre Gorin,81,tt0274069,84672,3.62,818,6.8,279,3,https://www.imdb.com/title/tt0274069/,https://letterboxd.com/film/routine-pleasures/
yggdrasill-whose-roots-are-stars-in-the-human-mind,Yggdrasill: Whose Roots Are Stars in the Human Mind,1997,Stan Brakhage,17,tt0282269,164609,3.65,706,5.7,266,3,https://www.imdb.com/title/tt0282269/,https://letterboxd.com/film/yggdrasill-whose-roots-are-stars-in-the-human-mind/
the-spy-who-came-in-from-the-cold,The Spy Who Came In from the Cold,1965,Martin Ritt,112,tt0059749,13580,3.91,20210,7.5,20766,3,https://www.imdb.com/title/tt0059749/,https://letterboxd.com/film/the-spy-who-came-in-from-the-cold/
scenes-from-under-childhood-section-one,"Scenes from Under Childhood, Section One",1968,Stan Brakhage,24,tt0278012,102389,3.57,826,5.8,379,3,https://www.imdb.com/title/tt0278012/,https://letterboxd.com/film/scenes-from-under-childhood-section-one/
lucia,Lucía,1968,Humberto Solás,161,tt0064609,88591,3.88,3106,7.1,1359,3,https://www.imdb.com/title/tt0064609/,https://letterboxd.com/film/lucia/
dogfight,Dogfight,1991,Nancy Savoca,94,tt0101748,14667,3.86,25643,7.3,11346,3,https://www.imdb.com/title/tt0101748/,https://letterboxd.com/film/dogfight/
the-age-of-the-medici,The Age of the Medici,1972,Roberto Rossellini,255,tt0069684,,3.84,982,7.1,386,3,https://www.imdb.com/title/tt0069684/,https://letterboxd.com/film/the-age-of-the-medici/
night-games,Night Games,1966,Mai Zetterling,105,tt0060740,49782,3.55,2117,6.3,960,3,https://www.imdb.com/title/tt0060740/,https://letterboxd.com/film/night-games/
its-a-mad-mad-mad-mad-world,"It's a Mad, Mad, Mad, Mad World",1963,Stanley Kramer,192,tt0057193,11576,3.71,45256,7.5,51319,3,https://www.imdb.com/title/tt0057193/,https://letterboxd.com/film/its-a-mad-mad-mad-mad-world/
totem-2023,Tótem,2023,Lila Avilés,95,tt26315142,958186,3.87,35444,7,4189,3,https://www.imdb.com/title/tt26315142/,https://letterboxd.com/film/totem-2023/
limite,Limite,1931,Mário Peixoto,114,tt0022080,8353,3.76,12997,7,3319,3,https://www.imdb.com/title/tt0022080/,https://letterboxd.com/film/limite/
kindering,Kindering,1987,Stan Brakhage,3,tt0277784,126192,3.2,1677,5.4,718,3,https://www.imdb.com/title/tt0277784/,https://letterboxd.com/film/kindering/
the-celebration,The Celebration,1998,Thomas Vinterberg,101,tt0154420,309,4.32,154741,8,100181,3,https://www.imdb.com/title/tt0154420/,https://letterboxd.com/film/the-celebration/
the-wold-shadow,The Wold-Shadow,1972,Stan Brakhage,3,tt0069507,97517,3.33,2141,5.5,842,3,https://www.imdb.com/title/tt0069507/,https://letterboxd.com/film/the-wold-shadow/
tiny-the-life-of-erin-blackwell,Tiny: The Life of Erin Blackwell,2016,Martin Bell,86,tt3505094,399464,3.34,1417,6.6,343,3,https://www.imdb.com/title/tt3505094/,https://letterboxd.com/film/tiny-the-life-of-erin-blackwell/
the-human-condition-i-no-greater-love,The Human Condition I: No Greater Love,1959,Masaki Kobayashi,204,tt0053114,31217,4.58,45024,8.5,11389,3,https://www.imdb.com/title/tt0053114/,https://letterboxd.com/film/the-human-condition-i-no-greater-love/
jubilee,Jubilee,1978,Derek Jarman,106,tt0076240,41426,3.42,11717,5.9,4055,3,https://www.imdb.com/title/tt0076240/,https://letterboxd.com/film/jubilee/
tokyo-olympiad,Tokyo Olympiad,1965,Kon Ichikawa,170,tt0059817,43618,4.19,5992,7.8,2465,3,https://www.imdb.com/title/tt0059817/,https://letterboxd.com/film/tokyo-olympiad/
george-washington,George Washington,2000,David Gordon Green,90,tt0262432,18292,3.81,14516,7.2,8966,3,https://www.imdb.com/title/tt0262432/,https://letterboxd.com/film/george-washington/
the-war-room,The War Room,1993,"D. A. Pennebaker, Chris Hegedus",96,tt0108515,26408,3.83,10096,7.4,4722,3,https://www.imdb.com/title/tt0108515/,https://letterboxd.com/film/the-war-room/
carl-th-dreyer-my-metier,Carl Th. Dreyer: My Metier,1995,Torben Skjødt Jensen,96,tt0112631,66133,3.34,492,6.7,541,3,https://www.imdb.com/title/tt0112631/,https://letterboxd.com/film/carl-th-dreyer-my-metier/
eating-raoul,Eating Raoul,1982,Paul Bartel,87,tt0083869,28940,3.48,21620,6.8,9970,3,https://www.imdb.com/title/tt0083869/,https://letterboxd.com/film/eating-raoul/
prelude-dog-star-man,Prelude: Dog Star Man,1962,Stan Brakhage,25,tt0234512,126692,3.58,2056,6.3,1560,3,https://www.imdb.com/title/tt0234512/,https://letterboxd.com/film/prelude-dog-star-man/
law-of-the-border,Law of the Border,1966,Lütfi Akad,71,tt0261739,197297,3.38,2475,6.7,1352,3,https://www.imdb.com/title/tt0261739/,https://letterboxd.com/film/law-of-the-border/
deep-cover,Deep Cover,1992,Bill Duke,108,tt0104073,20676,3.92,48818,7,16635,3,https://www.imdb.com/title/tt0104073/,https://letterboxd.com/film/deep-cover/
insiang,Insiang,1976,Lino Brocka,95,tt0077740,108949,4.06,14436,7.5,2411,3,https://www.imdb.com/title/tt0077740/,https://letterboxd.com/film/insiang/
i-dreaming,I... Dreaming,1988,Stan Brakhage,7,tt0180752,126193,3.52,1634,5.8,716,3,https://www.imdb.com/title/tt0180752/,https://letterboxd.com/film/i-dreaming/
310-to-yuma,3:10 to Yuma,1957,Delmer Daves,92,tt0050086,14168,3.93,25749,7.6,23931,3,https://www.imdb.com/title/tt0050086/,https://letterboxd.com/film/310-to-yuma/
alice-in-the-cities,Alice in the Cities,1974,Wim Wenders,110,tt0069687,2204,4.16,43291,7.8,15204,3,https://www.imdb.com/title/tt0069687/,https://letterboxd.com/film/alice-in-the-cities/
rosetta,Rosetta,1999,"Luc Dardenne, Jean-Pierre Dardenne",95,tt0200071,11489,3.92,37779,7.4,17225,3,https://www.imdb.com/title/tt0200071/,https://letterboxd.com/film/rosetta/
delicacies-of-molten-horror-synapse,Delicacies of Molten Horror Synapse,1991,Stan Brakhage,10,tt0101699,57657,3.71,1402,6,712,3,https://www.imdb.com/title/tt0101699/,https://letterboxd.com/film/delicacies-of-molten-horror-synapse/
burial-path,Burial Path,1978,Stan Brakhage,6,tt0278377,144992,3.56,1313,5.7,339,3,https://www.imdb.com/title/tt0278377/,https://letterboxd.com/film/burial-path/
two-monks,Two Monks,1934,Juan Bustillo Oro,85,tt0025062,170296,3.59,3801,7,919,3,https://www.imdb.com/title/tt0025062/,https://letterboxd.com/film/two-monks/
salvatore-giuliano,Salvatore Giuliano,1962,Francesco Rosi,119,tt0055399,27523,3.85,5598,7.3,5984,3,https://www.imdb.com/title/tt0055399/,https://letterboxd.com/film/salvatore-giuliano/
ordet,Ordet,1955,Carl Theodor Dreyer,125,tt0048452,48035,4.35,38230,8.2,19000,3,https://www.imdb.com/title/tt0048452/,https://letterboxd.com/film/ordet/
from-first-hymn-to-the-night-novalis,From: First Hymn to the Night – Novalis,1994,Stan Brakhage,3,tt0280676,146662,3.38,831,5.2,369,3,https://www.imdb.com/title/tt0280676/,https://letterboxd.com/film/from-first-hymn-to-the-night-novalis/
the-human-condition-ii-road-to-eternity,The Human Condition II: Road to Eternity,1959,Masaki Kobayashi,178,tt0053115,34528,4.49,31859,8.5,9125,3,https://www.imdb.com/title/tt0053115/,https://letterboxd.com/film/the-human-condition-ii-road-to-eternity/
pink-flamingos,Pink Flamingos,1972,John Waters,93,tt0069089,692,3.51,138700,6,31120,3,https://www.imdb.com/title/tt0069089/,https://letterboxd.com/film/pink-flamingos/
lovesong,Lovesong,2001,Stan Brakhage,11,tt0279202,126218,3.65,1418,6.2,604,3,https://www.imdb.com/title/tt0279202/,https://letterboxd.com/film/lovesong/
the-cat-of-the-worms-green-realm,The Cat of the Worm's Green Realm,1997,Stan Brakhage,14,tt0281701,164607,3.68,956,5.7,256,3,https://www.imdb.com/title/tt0281701/,https://letterboxd.com/film/the-cat-of-the-worms-green-realm/
visions-in-meditation-1,Visions in Meditation #1,1989,Stan Brakhage,16,tt0280185,164596,3.63,809,5.7,260,3,https://www.imdb.com/title/tt0280185/,https://letterboxd.com/film/visions-in-meditation-1/
haxan,Häxan,1922,Benjamin Christensen,105,tt0013257,57283,4.05,62961,7.6,19330,3,https://www.imdb.com/title/tt0013257/,https://letterboxd.com/film/haxan/
desistfilm,Desistfilm,1954,Stan Brakhage,7,tt0046904,126124,3.24,2686,5.7,1057,3,https://www.imdb.com/title/tt0046904/,https://letterboxd.com/film/desistfilm/
design-for-living,Design for Living,1933,Ernst Lubitsch,91,tt0023940,77210,3.93,26249,7.4,8629,3,https://www.imdb.com/title/tt0023940/,https://letterboxd.com/film/design-for-living/
wings-1966,Wings,1966,Larisa Shepitko,85,tt0061196,50013,3.9,7767,7.5,2597,3,https://www.imdb.com/title/tt0061196/,https://letterboxd.com/film/wings-1966/
star-garden,Star Garden,1974,Stan Brakhage,22,tt0278737,164585,3.71,1085,5.8,281,3,https://www.imdb.com/title/tt0278737/,https://letterboxd.com/film/star-garden/
the-machine-of-eden,The Machine of Eden,1970,Stan Brakhage,11,tt0213831,144943,3.48,917,5.9,364,3,https://www.imdb.com/title/tt0213831/,https://letterboxd.com/film/the-machine-of-eden/
shoah,Shoah,1985,Claude Lanzmann,566,tt0090015,42044,4.53,18250,8.7,11644,3,https://www.imdb.com/title/tt0090015/,https://letterboxd.com/film/shoah/
breaker-morant,Breaker Morant,1980,Bruce Beresford,107,tt0080310,13783,3.97,9908,7.8,15480,3,https://www.imdb.com/title/tt0080310/,https://letterboxd.com/film/breaker-morant/
you-can-count-on-me,You Can Count on Me,2000,Kenneth Lonergan,111,tt0203230,14295,3.93,31519,7.5,33507,3,https://www.imdb.com/title/tt0203230/,https://letterboxd.com/film/you-can-count-on-me/
soleil-o,Soleil O,1970,Med Hondo,104,tt0062285,195841,4.05,6637,7.3,1103,3,https://www.imdb.com/title/tt0062285/,https://letterboxd.com/film/soleil-o/
loving-couples,Loving Couples,1964,Mai Zetterling,118,tt0058780,180971,3.71,1875,6.7,938,3,https://www.imdb.com/title/tt0058780/,https://letterboxd.com/film/loving-couples/
brand-upon-the-brain,Brand Upon the Brain!,2006,Guy Maddin,98,tt0443455,27359,3.91,4816,7.3,3881,3,https://www.imdb.com/title/tt0443455/,https://letterboxd.com/film/brand-upon-the-brain/
mandabi,Mandabi,1968,Ousmane Sembène,92,tt0063268,99329,3.82,8736,7.3,1797,3,https://www.imdb.com/title/tt0063268/,https://letterboxd.com/film/mandabi/
medium-cool,Medium Cool,1969,Haskell Wexler,111,tt0064652,42612,3.81,11224,7.2,5215,3,https://www.imdb.com/title/tt0064652/,https://letterboxd.com/film/medium-cool/
boulder-blues-and-pearls-and,Boulder Blues and Pearls and...,1993,Stan Brakhage,22,tt0280499,164603,3.6,589,6,245,3,https://www.imdb.com/title/tt0280499/,https://letterboxd.com/film/boulder-blues-and-pearls-and/
my-crasy-life,My Crasy Life,1992,Jean-Pierre Gorin,95,tt0104953,84674,3.6,665,6.8,224,3,https://www.imdb.com/title/tt0104953/,https://letterboxd.com/film/my-crasy-life/
written-on-the-wind,Written on the Wind,1956,Douglas Sirk,99,tt0049966,69605,3.88,32022,7.3,15129,3,https://www.imdb.com/title/tt0049966/,https://letterboxd.com/film/written-on-the-wind/
glaze-of-cathexis,Glaze of Cathexis,1990,Stan Brakhage,3,tt0099668,104407,3.51,2240,5.8,801,3,https://www.imdb.com/title/tt0099668/,https://letterboxd.com/film/glaze-of-cathexis/
the-stars-are-beautiful,The Stars Are Beautiful,1974,Stan Brakhage,19,tt0278740,126187,3.31,1116,5.5,567,3,https://www.imdb.com/title/tt0278740/,https://letterboxd.com/film/the-stars-are-beautiful/
the-dark-tower-1999,The Dark Tower,1999,Stan Brakhage,3,tt0277657,126215,3.38,1823,5.7,766,3,https://www.imdb.com/title/tt0277657/,https://letterboxd.com/film/the-dark-tower-1999/
xala,Xala,1975,Ousmane Sembène,121,tt0073915,76636,3.52,6375,6.7,2198,3,https://www.imdb.com/title/tt0073915/,https://letterboxd.com/film/xala/
visions-in-meditation-4-dh-lawrence,Visions in Meditation #4: D.H. Lawrence,1990,Stan Brakhage,17,tt0281354,164601,3.53,557,5.5,241,3,https://www.imdb.com/title/tt0281354/,https://letterboxd.com/film/visions-in-meditation-4-dh-lawrence/
eye-myth,Eye Myth,1967,Stan Brakhage,,tt0068560,97516,3.35,5414,5.9,1202,3,https://www.imdb.com/title/tt0068560/,https://letterboxd.com/film/eye-myth/
the-power-of-the-dog,The Power of the Dog,2021,Jane Campion,127,tt10293406,600583,3.66,514175,6.8,241618,3,https://www.imdb.com/title/tt10293406/,https://letterboxd.com/film/the-power-of-the-dog/
dog-star-man-part-i,Dog Star Man: Part I,1963,Stan Brakhage,30,tt0058025,85110,3.54,1623,6,1628,3,https://www.imdb.com/title/tt0058025/,https://letterboxd.com/film/dog-star-man-part-i/
desert,Desert,1976,Stan Brakhage,11,tt0278411,164590,3.5,825,5.6,290,3,https://www.imdb.com/title/tt0278411/,https://letterboxd.com/film/desert/
something-wild-1961,Something Wild,1961,Jack Garfein,112,tt0055464,82944,3.38,2351,6.7,1971,3,https://www.imdb.com/title/tt0055464/,https://letterboxd.com/film/something-wild-1961/
comingled-containers,Comingled Containers,1996,Stan Brakhage,3,tt0281737,126216,3.82,4005,6.5,936,3,https://www.imdb.com/title/tt0281737/,https://letterboxd.com/film/comingled-containers/
the-truth-1960,The Truth,1960,Henri-Georges Clouzot,127,tt0054452,61711,4.02,13270,7.6,5539,3,https://www.imdb.com/title/tt0054452/,https://letterboxd.com/film/the-truth-1960/
veronika-voss,Veronika Voss,1982,Rainer Werner Fassbinder,105,tt0084654,2262,3.91,12617,7.6,8347,3,https://www.imdb.com/title/tt0084654/,https://letterboxd.com/film/veronika-voss/
taipei-story,Taipei Story,1985,Edward Yang,120,tt0089866,106380,4.04,43590,7.6,4892,3,https://www.imdb.com/title/tt0089866/,https://letterboxd.com/film/taipei-story/
the-process,The Process,1972,Stan Brakhage,8,tt0278649,155002,3.2,677,4.8,289,3,https://www.imdb.com/title/tt0278649/,https://letterboxd.com/film/the-process/
the-others,The Others,2001,Alejandro Amenábar,101,tt0230600,1933,3.79,588922,7.6,428149,3,https://www.imdb.com/title/tt0230600/,https://letterboxd.com/film/the-others/
real-life,Real Life,1979,Albert Brooks,99,tt0079781,33250,3.83,18920,7,4690,3,https://www.imdb.com/title/tt0079781/,https://letterboxd.com/film/real-life/
pleasures-of-the-flesh,Pleasures of the Flesh,1965,Nagisa Ōshima,91,tt0059159,72026,3.55,2369,6.8,1837,3,https://www.imdb.com/title/tt0059159/,https://letterboxd.com/film/pleasures-of-the-flesh/
multiple-maniacs,Multiple Maniacs,1970,John Waters,97,tt0067454,25625,3.62,31577,6.5,5238,3,https://www.imdb.com/title/tt0067454/,https://letterboxd.com/film/multiple-maniacs/
lola-1981,Lola,1981,Rainer Werner Fassbinder,113,tt0082671,2264,3.8,11690,7.4,7455,3,https://www.imdb.com/title/tt0082671/,https://letterboxd.com/film/lola-1981/
tie-me-up-tie-me-down,Tie Me Up! Tie Me Down!,1989,Pedro Almodóvar,102,tt0101026,2469,3.54,80249,7,33584,3,https://www.imdb.com/title/tt0101026/,https://letterboxd.com/film/tie-me-up-tie-me-down/
beauty-and-the-beast,Beauty and the Beast,1946,Jean Cocteau,96,tt0038348,648,4.08,59944,7.9,29901,3,https://www.imdb.com/title/tt0038348/,https://letterboxd.com/film/beauty-and-the-beast/
the-fiances,The Fiancés,1963,Ermanno Olmi,84,tt0055981,66180,3.9,4660,7.5,2619,3,https://www.imdb.com/title/tt0055981/,https://letterboxd.com/film/the-fiances/
murder-psalm,Murder Psalm,1980,Stan Brakhage,16,tt0141625,164593,3.55,783,6.2,338,3,https://www.imdb.com/title/tt0141625/,https://letterboxd.com/film/murder-psalm/
working-girls-1986,Working Girls,1986,Lizzie Borden,93,tt0092238,96349,3.87,25259,6.8,2621,3,https://www.imdb.com/title/tt0092238/,https://letterboxd.com/film/working-girls-1986/
chinese-series,Chinese Series,2003,Stan Brakhage,3,tt0380263,146693,3.43,1176,5,516,3,https://www.imdb.com/title/tt0380263/,https://letterboxd.com/film/chinese-series/
stellar,Stellar,1993,Stan Brakhage,2,tt0281228,126208,3.69,6151,6.4,1032,3,https://www.imdb.com/title/tt0281228/,https://letterboxd.com/film/stellar/
shock-corridor,Shock Corridor,1963,Samuel Fuller,102,tt0057495,25504,3.89,23538,7.3,14061,3,https://www.imdb.com/title/tt0057495/,https://letterboxd.com/film/shock-corridor/
black-ice-1994,Black Ice,1994,Stan Brakhage,3,tt0109283,126204,3.65,3978,6.4,1164,3,https://www.imdb.com/title/tt0109283/,https://letterboxd.com/film/black-ice-1994/
arabic-numeral-series-12,Arabic Numeral Series 12,1981,Stan Brakhage,18,tt0278930,322775,3.3,406,5.1,223,3,https://www.imdb.com/title/tt0278930/,https://letterboxd.com/film/arabic-numeral-series-12/
detour,Detour,1945,Edgar G. Ulmer,68,tt0037638,20367,3.81,48672,7.3,22198,2,https://www.imdb.com/title/tt0037638/,https://letterboxd.com/film/detour/
eyes-wide-shut,Eyes Wide Shut,1999,Stanley Kubrick,159,tt0120663,345,3.99,1414765,7.5,432153,2,https://www.imdb.com/title/tt0120663/,https://letterboxd.com/film/eyes-wide-shut/
prince-of-broadway,Prince of Broadway,2008,Sean Baker,102,tt1000769,87081,3.85,12417,7.2,1733,2,https://www.imdb.com/title/tt1000769/,https://letterboxd.com/film/prince-of-broadway/
the-x-from-outer-space,The X from Outer Space,1967,Kazui Nihonmatsu,89,tt0062411,42712,2.79,3333,4.8,1718,2,https://www.imdb.com/title/tt0062411/,https://letterboxd.com/film/the-x-from-outer-space/
beyond-the-hills,Beyond the Hills,2012,Cristian Mungiu,150,tt2258281,103740,3.9,10731,7.5,13929,2,https://www.imdb.com/title/tt2258281/,https://letterboxd.com/film/beyond-the-hills/
jigoku,Jigoku,1960,Nobuo Nakagawa,99,tt0154683,50173,3.62,18569,6.7,5075,2,https://www.imdb.com/title/tt0154683/,https://letterboxd.com/film/jigoku/
lola-montes,Lola Montès,1955,Max Ophüls,116,tt0048308,35987,3.94,12025,7.2,6675,2,https://www.imdb.com/title/tt0048308/,https://letterboxd.com/film/lola-montes/
putney-swope,Putney Swope,1969,Robert Downey Sr.,85,tt0064855,32575,3.67,15454,6.7,4786,2,https://www.imdb.com/title/tt0064855/,https://letterboxd.com/film/putney-swope/
the-asphalt-jungle,The Asphalt Jungle,1950,John Huston,113,tt0042208,16958,3.86,37808,7.8,33057,2,https://www.imdb.com/title/tt0042208/,https://letterboxd.com/film/the-asphalt-jungle/
code-unknown,Code Unknown,2000,Michael Haneke,118,tt0216625,30970,3.8,31003,7.1,16469,2,https://www.imdb.com/title/tt0216625/,https://letterboxd.com/film/code-unknown/
destry-rides-again,Destry Rides Again,1939,George Marshall,94,tt0031225,43828,3.81,12172,7.6,13550,2,https://www.imdb.com/title/tt0031225/,https://letterboxd.com/film/destry-rides-again/
made-in-usa,Made in U.S.A,1966,Jean-Luc Godard,85,tt0060647,29369,3.3,14468,6.2,4930,2,https://www.imdb.com/title/tt0060647/,https://letterboxd.com/film/made-in-usa/
the-long-good-friday,The Long Good Friday,1980,John Mackenzie,114,tt0081070,14807,3.94,45075,7.5,29808,2,https://www.imdb.com/title/tt0081070/,https://letterboxd.com/film/the-long-good-friday/
kiss-me-deadly,Kiss Me Deadly,1955,Robert Aldrich,106,tt0048261,18030,3.99,34404,7.5,23781,2,https://www.imdb.com/title/tt0048261/,https://letterboxd.com/film/kiss-me-deadly/
pee-wees-big-adventure,Pee-wee's Big Adventure,1985,Tim Burton,91,tt0089791,5683,3.52,123363,7.1,63660,2,https://www.imdb.com/title/tt0089791/,https://letterboxd.com/film/pee-wees-big-adventure/
the-inspection,The Inspection,2022,Elegance Bratton,95,tt13495458,837938,3.37,13936,6.7,6153,2,https://www.imdb.com/title/tt13495458/,https://letterboxd.com/film/the-inspection/
no-more-excuses,No More Excuses,1968,Robert Downey Sr.,46,tt0251300,110692,3.41,797,6.2,362,2,https://www.imdb.com/title/tt0251300/,https://letterboxd.com/film/no-more-excuses/
women-in-love,Women in Love,1969,Ken Russell,131,tt0066579,66027,3.77,10850,7.1,9785,2,https://www.imdb.com/title/tt0066579/,https://letterboxd.com/film/women-in-love/
one-night-in-miami,One Night in Miami...,2020,Regina King,114,tt10612922,661914,3.68,88369,7.1,36042,2,https://www.imdb.com/title/tt10612922/,https://letterboxd.com/film/one-night-in-miami/
genocide-1968,Genocide,1968,Kazui Nihonmatsu,84,tt0063195,124597,2.82,1680,4.7,834,2,https://www.imdb.com/title/tt0063195/,https://letterboxd.com/film/genocide-1968/
the-killers-1964,The Killers,1964,Don Siegel,93,tt0058262,24229,3.59,14501,7,10477,2,https://www.imdb.com/title/tt0058262/,https://letterboxd.com/film/the-killers-1964/
the-heiress,The Heiress,1949,William Wyler,115,tt0041452,28571,4.18,20523,8.1,19078,2,https://www.imdb.com/title/tt0041452/,https://letterboxd.com/film/the-heiress/
blood-for-dracula,Blood for Dracula,1974,Paul Morrissey,103,tt0071233,25944,3.21,14605,6.1,7611,2,https://www.imdb.com/title/tt0071233/,https://letterboxd.com/film/blood-for-dracula/
flesh-for-frankenstein,Flesh for Frankenstein,1973,Paul Morrissey,95,tt0071508,3043,3.24,15324,5.8,7847,2,https://www.imdb.com/title/tt0071508/,https://letterboxd.com/film/flesh-for-frankenstein/
if,if....,1968,Lindsay Anderson,112,tt0063850,14794,3.78,34205,7.4,26526,2,https://www.imdb.com/title/tt0063850/,https://letterboxd.com/film/if/
le-silence-de-la-mer,Le Silence de la mer,1949,Jean-Pierre Melville,87,tt0039822,40650,3.91,11795,7.6,6236,2,https://www.imdb.com/title/tt0039822/,https://letterboxd.com/film/le-silence-de-la-mer/
the-furies,The Furies,1950,Anthony Mann,109,tt0042490,28304,3.71,6606,7.2,4360,2,https://www.imdb.com/title/tt0042490/,https://letterboxd.com/film/the-furies/
hamlet,Hamlet,1948,Laurence Olivier,153,tt0040416,23383,3.74,21516,7.5,19995,2,https://www.imdb.com/title/tt0040416/,https://letterboxd.com/film/hamlet/
judex-1963,Judex,1963,Georges Franju,104,tt0057207,56800,3.62,5613,7,3192,2,https://www.imdb.com/title/tt0057207/,https://letterboxd.com/film/judex-1963/
graduation-2016,Graduation,2016,Cristian Mungiu,128,tt4936450,374458,3.74,14597,7.3,15600,2,https://www.imdb.com/title/tt4936450/,https://letterboxd.com/film/graduation-2016/
desert-hearts,Desert Hearts,1985,Donna Deitch,91,tt0089015,294,3.81,58509,7.1,8585,2,https://www.imdb.com/title/tt0089015/,https://letterboxd.com/film/desert-hearts/
downhill-racer,Downhill Racer,1969,Michael Ritchie,101,tt0064253,33166,3.36,9578,6.3,6530,2,https://www.imdb.com/title/tt0064253/,https://letterboxd.com/film/downhill-racer/
living-skeleton,Living Skeleton,1968,Hiroshi Matsuno,81,tt0203635,124423,3.3,2453,6.3,942,2,https://www.imdb.com/title/tt0203635/,https://letterboxd.com/film/living-skeleton/
latalante,L'Atalante,1934,Jean Vigo,88,tt0024844,43904,3.98,36071,7.7,18708,2,https://www.imdb.com/title/tt0024844/,https://letterboxd.com/film/latalante/
peeping-tom,Peeping Tom,1960,Michael Powell,101,tt0054167,11167,4.03,103513,7.6,43975,2,https://www.imdb.com/title/tt0054167/,https://letterboxd.com/film/peeping-tom/
the-proud-valley,The Proud Valley,1940,Pen Tennyson,76,tt0031828,87060,3.43,645,6.6,680,2,https://www.imdb.com/title/tt0031828/,https://letterboxd.com/film/the-proud-valley/
in-cold-blood,In Cold Blood,1967,Richard Brooks,134,tt0061809,18900,4.14,29565,7.9,31842,2,https://www.imdb.com/title/tt0061809/,https://letterboxd.com/film/in-cold-blood/
cooley-high,Cooley High,1975,Michael Schultz,107,tt0072820,35711,3.67,9190,7.1,6250,2,https://www.imdb.com/title/tt0072820/,https://letterboxd.com/film/cooley-high/
the-kid-with-a-bike,The Kid with a Bike,2011,"Luc Dardenne, Jean-Pierre Dardenne",87,tt1827512,63831,3.9,23425,7.4,29566,2,https://www.imdb.com/title/tt1827512/,https://letterboxd.com/film/the-kid-with-a-bike/
mangrove-2020,Mangrove,2020,Steve McQueen,127,tt10551100,712168,4.11,31345,8,6167,2,https://www.imdb.com/title/tt10551100/,https://letterboxd.com/film/mangrove-2020/
frownland,Frownland,2007,Ronald Bronstein,107,tt0970935,23516,3.68,6514,6.3,989,2,https://www.imdb.com/title/tt0970935/,https://letterboxd.com/film/frownland/
charade,Charade,1963,Stanley Donen,113,tt0056923,4808,4.04,208355,7.8,93850,2,https://www.imdb.com/title/tt0056923/,https://letterboxd.com/film/charade/
emperor-jones-1933,Emperor Jones,1933,Dudley Murphy,73,tt0023985,43594,3.36,1975,6.4,1431,2,https://www.imdb.com/title/tt0023985/,https://letterboxd.com/film/emperor-jones-1933/
white-dog,White Dog,1982,Samuel Fuller,90,tt0084899,47955,3.7,21901,7,11682,2,https://www.imdb.com/title/tt0084899/,https://letterboxd.com/film/white-dog/
great-expectations,Great Expectations,1946,David Lean,118,tt0038574,14320,3.8,19468,7.8,28423,2,https://www.imdb.com/title/tt0038574/,https://letterboxd.com/film/great-expectations/
baal-1970,Baal,1970,Volker Schlöndorff,84,tt0065440,252767,3.51,2553,6.3,1072,2,https://www.imdb.com/title/tt0065440/,https://letterboxd.com/film/baal-1970/
robinson-crusoe-on-mars,Robinson Crusoe on Mars,1964,Byron Haskin,110,tt0058530,7348,3.14,4759,6.4,7670,2,https://www.imdb.com/title/tt0058530/,https://letterboxd.com/film/robinson-crusoe-on-mars/
infernal-affairs,Infernal Affairs,2002,"Alan Mak Siu-Fai, Andrew Lau Wai-Keung",101,tt0338564,10775,4.05,114567,8,138579,2,https://www.imdb.com/title/tt0338564/,https://letterboxd.com/film/infernal-affairs/
pale-flower,Pale Flower,1964,Masahiro Shinoda,96,tt0056327,61475,4.03,17654,7.7,5285,2,https://www.imdb.com/title/tt0056327/,https://letterboxd.com/film/pale-flower/
the-shooting,The Shooting,1966,Monte Hellman,82,tt0062262,42701,3.54,16133,6.4,7451,2,https://www.imdb.com/title/tt0062262/,https://letterboxd.com/film/the-shooting/
sanders-of-the-river,Sanders of the River,1935,Zoltan Korda,88,tt0026966,86956,2.75,554,5.4,802,2,https://www.imdb.com/title/tt0026966/,https://letterboxd.com/film/sanders-of-the-river/
the-red-balloon,The Red Balloon,1956,Albert Lamorisse,34,tt0048980,15265,4.11,55865,8.1,21873,2,https://www.imdb.com/title/tt0048980/,https://letterboxd.com/film/the-red-balloon/
katzelmacher,Katzelmacher,1969,Rainer Werner Fassbinder,90,tt0064536,7736,3.45,4521,6.8,3325,2,https://www.imdb.com/title/tt0064536/,https://letterboxd.com/film/katzelmacher/
the-servant,The Servant,1963,Joseph Losey,116,tt0057490,42987,4.14,33704,7.7,15935,2,https://www.imdb.com/title/tt0057490/,https://letterboxd.com/film/the-servant/
they-live-by-night,They Live by Night,1948,Nicholas Ray,96,tt0040872,44190,3.91,20724,7.4,10406,2,https://www.imdb.com/title/tt0040872/,https://letterboxd.com/film/they-live-by-night/
risky-business,Risky Business,1983,Paul Brickman,98,tt0086200,9346,3.43,137798,6.8,108605,2,https://www.imdb.com/title/tt0086200/,https://letterboxd.com/film/risky-business/
journey-to-the-beginning-of-time,Journey to the Beginning of Time,1955,Karel Zeman,85,tt0047930,8779,3.58,6289,7.1,3013,2,https://www.imdb.com/title/tt0047930/,https://letterboxd.com/film/journey-to-the-beginning-of-time/
not-a-pretty-picture,Not a Pretty Picture,1976,Martha Coolidge,83,tt0073467,432907,4.04,2258,7.3,313,2,https://www.imdb.com/title/tt0073467/,https://letterboxd.com/film/not-a-pretty-picture/
a-raisin-in-the-sun,A Raisin in the Sun,1961,Daniel Petrie,128,tt0055353,29478,4.05,15639,8,10549,2,https://www.imdb.com/title/tt0055353/,https://letterboxd.com/film/a-raisin-in-the-sun/
two-tons-of-turquoise-to-taos-tonight,Two Tons of Turquoise to Taos Tonight,1975,Robert Downey Sr.,56,tt0427550,112446,3.27,617,5.5,267,2,https://www.imdb.com/title/tt0427550/,https://letterboxd.com/film/two-tons-of-turquoise-to-taos-tonight/
shaft,Shaft,1971,Gordon Parks,100,tt0067741,482,3.47,39310,6.6,23077,2,https://www.imdb.com/title/tt0067741/,https://letterboxd.com/film/shaft/
secret-sunshine,Secret Sunshine,2007,Lee Chang-dong,143,tt0817225,2015,4.1,30379,7.5,10808,2,https://www.imdb.com/title/tt0817225/,https://letterboxd.com/film/secret-sunshine/
red-beard,Red Beard,1965,Akira Kurosawa,185,tt0058888,3780,4.42,35910,8.3,23511,2,https://www.imdb.com/title/tt0058888/,https://letterboxd.com/film/red-beard/
kicking-and-screaming,Kicking and Screaming,1995,Noah Baumbach,96,tt0113537,28387,3.36,54343,6.6,16088,2,https://www.imdb.com/title/tt0113537/,https://letterboxd.com/film/kicking-and-screaming/
babo-73,Babo 73,1964,Robert Downey Sr.,57,tt0138311,112448,3.16,1010,5.3,453,2,https://www.imdb.com/title/tt0138311/,https://letterboxd.com/film/babo-73/
cameraperson,Cameraperson,2016,Kirsten Johnson,102,tt5375040,376534,4.14,19418,7.5,3659,2,https://www.imdb.com/title/tt5375040/,https://letterboxd.com/film/cameraperson/
under-the-volcano,Under the Volcano,1984,John Huston,112,tt0088322,41089,3.52,6602,6.8,6850,2,https://www.imdb.com/title/tt0088322/,https://letterboxd.com/film/under-the-volcano/
4-months-3-weeks-and-2-days,"4 Months, 3 Weeks and 2 Days",2007,Cristian Mungiu,114,tt1032846,2009,4.25,64264,7.9,66151,2,https://www.imdb.com/title/tt1032846/,https://letterboxd.com/film/4-months-3-weeks-and-2-days/
richard-iii,Richard III,1955,Laurence Olivier,155,tt0049674,43323,3.71,6385,7.3,5895,2,https://www.imdb.com/title/tt0049674/,https://letterboxd.com/film/richard-iii/
funny-girl,Funny Girl,1968,William Wyler,155,tt0062994,16085,3.98,68970,7.4,27503,2,https://www.imdb.com/title/tt0062994/,https://letterboxd.com/film/funny-girl/
the-rose,The Rose,1979,Mark Rydell,125,tt0079826,16323,3.6,4892,7,9863,2,https://www.imdb.com/title/tt0079826/,https://letterboxd.com/film/the-rose/
the-great-dictator,The Great Dictator,1940,Charlie Chaplin,125,tt0032553,914,4.33,195664,8.4,258841,2,https://www.imdb.com/title/tt0032553/,https://letterboxd.com/film/the-great-dictator/
still-walking,Still Walking,2008,Hirokazu Kore-eda,114,tt1087578,25050,4.34,67573,7.9,21113,2,https://www.imdb.com/title/tt1087578/,https://letterboxd.com/film/still-walking/
ingrid-bergman-in-her-own-words,Ingrid Bergman: In Her Own Words,2015,Stig Björkman,116,tt4621016,341106,3.89,3922,7.4,2670,2,https://www.imdb.com/title/tt4621016/,https://letterboxd.com/film/ingrid-bergman-in-her-own-words/
la-bamba,La Bamba,1987,Luis Valdez,108,tt0093378,16620,3.62,50817,7,38537,2,https://www.imdb.com/title/tt0093378/,https://letterboxd.com/film/la-bamba/
green-for-danger,Green for Danger,1946,Sidney Gilliat,91,tt0038577,29589,3.56,5919,7.3,6332,2,https://www.imdb.com/title/tt0038577/,https://letterboxd.com/film/green-for-danger/
mudbound,Mudbound,2017,Dee Rees,135,tt2396589,414425,3.76,58527,7.4,57728,2,https://www.imdb.com/title/tt2396589/,https://letterboxd.com/film/mudbound/
the-organizer,The Organizer,1963,Mario Monicelli,130,tt0056945,51092,4.09,6537,8,3811,2,https://www.imdb.com/title/tt0056945/,https://letterboxd.com/film/the-organizer/
chafed-elbows,Chafed Elbows,1967,Robert Downey Sr.,63,tt0138355,110689,3.48,1545,6.2,559,2,https://www.imdb.com/title/tt0138355/,https://letterboxd.com/film/chafed-elbows/
the-gunfighter,The Gunfighter,1950,Henry King,85,tt0042531,17409,4,15219,7.7,14453,2,https://www.imdb.com/title/tt0042531/,https://letterboxd.com/film/the-gunfighter/
branded-to-kill,Branded to Kill,1967,Seijun Suzuki,91,tt0061882,17905,3.87,34927,7.2,11191,2,https://www.imdb.com/title/tt0061882/,https://letterboxd.com/film/branded-to-kill/
the-fabulous-baron-munchausen,The Fabulous Baron Munchausen,1962,Karel Zeman,85,tt0054665,41213,4.07,14354,7.7,3615,2,https://www.imdb.com/title/tt0054665/,https://letterboxd.com/film/the-fabulous-baron-munchausen/
leningrad-cowboys-meet-moses,Leningrad Cowboys Meet Moses,1994,Aki Kaurismäki,94,tt0107384,30366,3.15,3105,5.6,2052,2,https://www.imdb.com/title/tt0107384/,https://letterboxd.com/film/leningrad-cowboys-meet-moses/
the-magnificent-ambersons,The Magnificent Ambersons,1942,Orson Welles,88,tt0035015,965,3.89,41288,7.6,28772,2,https://www.imdb.com/title/tt0035015/,https://letterboxd.com/film/the-magnificent-ambersons/
comradeship,Comradeship,1931,Georg Wilhelm Pabst,93,tt0022017,42836,3.83,2876,7.5,2076,2,https://www.imdb.com/title/tt0022017/,https://letterboxd.com/film/comradeship/
harold-and-maude,Harold and Maude,1971,Hal Ashby,92,tt0067185,343,4.11,151492,7.8,85242,2,https://www.imdb.com/title/tt0067185/,https://letterboxd.com/film/harold-and-maude/
david-lynch-the-art-life,David Lynch: The Art Life,2016,"Jon Nguyen, Rick Barnes, Olivia Neergaard-Holm",89,tt1691152,413765,3.83,36847,7.2,7768,2,https://www.imdb.com/title/tt1691152/,https://letterboxd.com/film/david-lynch-the-art-life/
the-earrings-of-madame-de,The Earrings of Madame de...,1953,Max Ophüls,105,tt0046022,27030,4.08,24437,7.8,12188,2,https://www.imdb.com/title/tt0046022/,https://letterboxd.com/film/the-earrings-of-madame-de/
taris,Taris,1931,Jean Vigo,9,tt0022462,49836,3.54,5234,6.7,2699,2,https://www.imdb.com/title/tt0022462/,https://letterboxd.com/film/taris/
total-balalaika-show,Total Balalaika Show,1994,Aki Kaurismäki,57,tt0111460,109485,3.57,1525,6.8,1062,2,https://www.imdb.com/title/tt0111460/,https://letterboxd.com/film/total-balalaika-show/
native-land,Native Land,1942,"Leo Hurwitz, Paul Strand",89,tt0035112,44787,3.37,473,6.3,411,2,https://www.imdb.com/title/tt0035112/,https://letterboxd.com/film/native-land/
zero-for-conduct-1933,Zero for Conduct,1933,Jean Vigo,48,tt0024803,44494,3.74,18346,7.2,10079,2,https://www.imdb.com/title/tt0024803/,https://letterboxd.com/film/zero-for-conduct-1933/
the-fabulous-world-of-jules-verne,The Fabulous World of Jules Verne,1958,Karel Zeman,83,tt0052374,19759,3.88,7391,7.5,3175,2,https://www.imdb.com/title/tt0052374/,https://letterboxd.com/film/the-fabulous-world-of-jules-verne/
holiday,Holiday,1938,George Cukor,97,tt0030241,16274,3.97,33702,7.7,20242,2,https://www.imdb.com/title/tt0030241/,https://letterboxd.com/film/holiday/
alex-wheatle,Alex Wheatle,2020,Steve McQueen,66,tt10551104,752358,3.47,14060,6.8,2670,2,https://www.imdb.com/title/tt10551104/,https://letterboxd.com/film/alex-wheatle/
anora,Anora,2024,Sean Baker,139,tt28607951,1064213,3.78,2481613,7.4,295383,2,https://www.imdb.com/title/tt28607951/,https://letterboxd.com/film/anora/
hopscotch,Hopscotch,1980,Ronald Neame,104,tt0080889,32030,3.55,9282,7.1,10086,2,https://www.imdb.com/title/tt0080889/,https://letterboxd.com/film/hopscotch/
a-touch-of-zen,A Touch of Zen,1970,King Hu,180,tt0064451,44154,4.12,19950,7.5,8278,2,https://www.imdb.com/title/tt0064451/,https://letterboxd.com/film/a-touch-of-zen/
swing-time,Swing Time,1936,George Stevens,103,tt0028333,20325,3.6,18928,7.4,15632,2,https://www.imdb.com/title/tt0028333/,https://letterboxd.com/film/swing-time/
sorcerer,Sorcerer,1977,William Friedkin,122,tt0076740,38985,4.27,158122,7.7,36804,2,https://www.imdb.com/title/tt0076740/,https://letterboxd.com/film/sorcerer/
samurai-spy,Samurai Spy,1965,Masahiro Shinoda,100,tt0059303,46916,3.61,2165,7,2020,2,https://www.imdb.com/title/tt0059303/,https://letterboxd.com/film/samurai-spy/
ryuichi-sakamoto-opus,Ryuichi Sakamoto | Opus,2023,Neo Sora,103,tt28490873,1156189,4.23,7584,8,1110,2,https://www.imdb.com/title/tt28490873/,https://letterboxd.com/film/ryuichi-sakamoto-opus/
i-am-curious-blue,I Am Curious (Blue),1968,Vilgot Sjöman,107,tt0063149,45690,3.35,2020,6,1778,2,https://www.imdb.com/title/tt0063149/,https://letterboxd.com/film/i-am-curious-blue/
gummo,Gummo,1997,Harmony Korine,89,tt0119237,18415,3.61,180901,6.6,42083,2,https://www.imdb.com/title/tt0119237/,https://letterboxd.com/film/gummo/
fox-and-his-friends,Fox and His Friends,1975,Rainer Werner Fassbinder,125,tt0072976,42254,4.03,19564,7.5,7623,2,https://www.imdb.com/title/tt0072976/,https://letterboxd.com/film/fox-and-his-friends/
merry-christmas-mr-lawrence,"Merry Christmas, Mr. Lawrence",1983,Nagisa Ōshima,124,tt0085933,11948,3.94,51887,7.2,22515,2,https://www.imdb.com/title/tt0085933/,https://letterboxd.com/film/merry-christmas-mr-lawrence/
one-false-move,One False Move,1991,Carl Franklin,105,tt0102592,21128,3.72,23274,7.1,16570,2,https://www.imdb.com/title/tt0102592/,https://letterboxd.com/film/one-false-move/
f-for-fake,F for Fake,1973,Orson Welles,89,tt0072962,43003,4.21,62467,7.7,19786,2,https://www.imdb.com/title/tt0072962/,https://letterboxd.com/film/f-for-fake/
rouge,Rouge,1987,Stanley Kwan Kam-Pang,96,tt0093258,68883,3.89,15022,7.3,4193,2,https://www.imdb.com/title/tt0093258/,https://letterboxd.com/film/rouge/
au-revoir-les-enfants,Au Revoir les Enfants,1987,Louis Malle,105,tt0092593,1786,4.21,58938,8,38650,2,https://www.imdb.com/title/tt0092593/,https://letterboxd.com/film/au-revoir-les-enfants/
merrily-we-go-to-hell,Merrily We Go to Hell,1932,Dorothy Arzner,83,tt0023213,81107,3.6,8837,6.9,2353,2,https://www.imdb.com/title/tt0023213/,https://letterboxd.com/film/merrily-we-go-to-hell/
an-actors-revenge,An Actor's Revenge,1963,Kon Ichikawa,114,tt0057710,27197,3.84,5524,7.3,3185,2,https://www.imdb.com/title/tt0057710/,https://letterboxd.com/film/an-actors-revenge/
night-and-fog,Night and Fog,1956,Alain Resnais,32,tt0048434,803,4.56,61393,8.6,23534,2,https://www.imdb.com/title/tt0048434/,https://letterboxd.com/film/night-and-fog/
vampyr,Vampyr,1932,Carl Theodor Dreyer,74,tt0023649,779,3.77,66698,7.4,22918,2,https://www.imdb.com/title/tt0023649/,https://letterboxd.com/film/vampyr/
weekend-1967,Weekend,1967,Jean-Luc Godard,104,tt0062480,8075,3.74,35575,6.9,16746,2,https://www.imdb.com/title/tt0062480/,https://letterboxd.com/film/weekend-1967/
the-hit-1984,The Hit,1984,Stephen Frears,98,tt0087414,19621,3.67,17608,7,11481,2,https://www.imdb.com/title/tt0087414/,https://letterboxd.com/film/the-hit-1984/
state-of-siege,State of Siege,1972,Costa-Gavras,122,tt0070959,91487,4.09,11668,7.7,6756,2,https://www.imdb.com/title/tt0070959/,https://letterboxd.com/film/state-of-siege/
the-moment-of-truth,The Moment of Truth,1965,Francesco Rosi,100,tt0059459,86785,3.8,2455,7.2,1129,2,https://www.imdb.com/title/tt0059459/,https://letterboxd.com/film/the-moment-of-truth/
zazie-dans-le-metro,Zazie dans le Métro,1960,Louis Malle,93,tt0054494,2546,3.73,15336,6.9,7303,2,https://www.imdb.com/title/tt0054494/,https://letterboxd.com/film/zazie-dans-le-metro/
jellyfish-eyes,Jellyfish Eyes,2013,Takashi Murakami,101,tt2006181,228426,2.59,2253,4.7,617,2,https://www.imdb.com/title/tt2006181/,https://letterboxd.com/film/jellyfish-eyes/
che-part-two,Che: Part Two,2008,Steven Soderbergh,135,tt0374569,8880,3.61,23749,6.8,36493,2,https://www.imdb.com/title/tt0374569/,https://letterboxd.com/film/che-part-two/
ali-fear-eats-the-soul,Ali: Fear Eats the Soul,1974,Rainer Werner Fassbinder,93,tt0071141,216,4.17,70065,8,26103,2,https://www.imdb.com/title/tt0071141/,https://letterboxd.com/film/ali-fear-eats-the-soul/
monsoon-wedding,Monsoon Wedding,2001,Mira Nair,114,tt0265343,480,3.82,23453,7.3,26666,2,https://www.imdb.com/title/tt0265343/,https://letterboxd.com/film/monsoon-wedding/
personal-shopper,Personal Shopper,2016,Olivier Assayas,106,tt4714782,340676,3.38,104657,6.1,45931,2,https://www.imdb.com/title/tt4714782/,https://letterboxd.com/film/personal-shopper/
corsage,Corsage,2022,Marie Kreutzer,114,tt11992694,888321,3.47,41121,6.5,11618,2,https://www.imdb.com/title/tt11992694/,https://letterboxd.com/film/corsage/
bim-the-little-donkey,"Bim, the Little Donkey",1951,Albert Lamorisse,45,tt0137387,273086,3.45,443,6.6,208,2,https://www.imdb.com/title/tt0137387/,https://letterboxd.com/film/bim-the-little-donkey/
bitter-rice,Bitter Rice,1949,Giuseppe De Santis,109,tt0040737,31058,3.86,10769,7.6,5626,2,https://www.imdb.com/title/tt0040737/,https://letterboxd.com/film/bitter-rice/
leave-her-to-heaven,Leave Her to Heaven,1945,John M. Stahl,110,tt0037865,17645,3.94,31647,7.6,16800,2,https://www.imdb.com/title/tt0037865/,https://letterboxd.com/film/leave-her-to-heaven/
war-and-peace-1965,War and Peace,1965,Sergey Bondarchuk,422,tt0063794,29266,4.4,19486,8.3,9727,2,https://www.imdb.com/title/tt0063794/,https://letterboxd.com/film/war-and-peace-1965/
faya-dayi,Faya Dayi,2021,Jessica Beshir,120,tt13648216,776551,3.74,4224,6.8,803,2,https://www.imdb.com/title/tt13648216/,https://letterboxd.com/film/faya-dayi/
people-on-sunday,People on Sunday,1930,"Robert Siodmak, Edgar G. Ulmer",74,tt0020163,347,3.62,6453,7.2,3977,2,https://www.imdb.com/title/tt0020163/,https://letterboxd.com/film/people-on-sunday/
once-upon-a-time-in-china-iii,Once Upon a Time in China III,1992,Tsui Hark,112,tt0108592,10619,3.37,5547,6.7,8273,2,https://www.imdb.com/title/tt0108592/,https://letterboxd.com/film/once-upon-a-time-in-china-iii/
beastie-boys-video-anthology,Beastie Boys: Video Anthology,2000,"Adam Bernstein, Spike Jonze, David Perez Shadi, Evan Bernard, Tamra Davis, Adam Yauch, Ari Marcopoulos",65,tt0273456,283462,4.2,1709,8.3,1188,2,https://www.imdb.com/title/tt0273456/,https://letterboxd.com/film/beastie-boys-video-anthology/
topsy-turvy,Topsy-Turvy,1999,Mike Leigh,160,tt0151568,46435,3.86,13022,7.3,14268,2,https://www.imdb.com/title/tt0151568/,https://letterboxd.com/film/topsy-turvy/
che-part-one,Che: Part One,2008,Steven Soderbergh,134,tt0892255,8881,3.81,34837,7.1,49865,2,https://www.imdb.com/title/tt0892255/,https://letterboxd.com/film/che-part-one/
valerie-and-her-week-of-wonders,Valerie and Her Week of Wonders,1970,Jaromil Jireš,73,tt0066516,46315,3.45,89390,7,13528,2,https://www.imdb.com/title/tt0066516/,https://letterboxd.com/film/valerie-and-her-week-of-wonders/
nineteen-eighty-four-1984,Nineteen Eighty-Four,1984,Michael Radford,113,tt0087803,9314,3.37,84372,7,88492,2,https://www.imdb.com/title/tt0087803/,https://letterboxd.com/film/nineteen-eighty-four-1984/
education-2020,Education,2020,Steve McQueen,63,tt10551106,768675,3.83,14673,7.5,2613,2,https://www.imdb.com/title/tt10551106/,https://letterboxd.com/film/education-2020/
once-upon-a-time-in-china-ii,Once Upon a Time in China II,1992,Tsui Hark,113,tt0105839,10618,3.78,8932,7.3,11438,2,https://www.imdb.com/title/tt0105839/,https://letterboxd.com/film/once-upon-a-time-in-china-ii/
i-was-born-but,"I Was Born, But...",1932,Yasujirō Ozu,91,tt0023634,28268,4,15810,7.8,6796,2,https://www.imdb.com/title/tt0023634/,https://letterboxd.com/film/i-was-born-but/
boyhood,Boyhood,2014,Richard Linklater,165,tt1065073,85350,3.83,643825,7.9,382444,2,https://www.imdb.com/title/tt1065073/,https://letterboxd.com/film/boyhood/
the-cremator,The Cremator,1969,Juraj Herz,101,tt0063633,18352,4.3,52711,8,12979,2,https://www.imdb.com/title/tt0063633/,https://letterboxd.com/film/the-cremator/
red-river,Red River,1948,Howard Hawks,133,tt0040724,3089,4.02,40084,7.7,38008,2,https://www.imdb.com/title/tt0040724/,https://letterboxd.com/film/red-river/
love-is-colder-than-death,Love Is Colder Than Death,1969,Rainer Werner Fassbinder,88,tt0064588,12482,3.31,7009,6.4,3820,2,https://www.imdb.com/title/tt0064588/,https://letterboxd.com/film/love-is-colder-than-death/
the-firemens-ball,The Firemen's Ball,1967,Miloš Forman,73,tt0061781,38442,3.72,24734,7.3,13390,2,https://www.imdb.com/title/tt0061781/,https://letterboxd.com/film/the-firemens-ball/
the-last-wave,The Last Wave,1977,Peter Weir,106,tt0076299,72277,3.57,20257,6.9,12475,2,https://www.imdb.com/title/tt0076299/,https://letterboxd.com/film/the-last-wave/
the-naked-city,The Naked City,1948,Jules Dassin,96,tt0040636,20482,3.81,22172,7.5,17066,2,https://www.imdb.com/title/tt0040636/,https://letterboxd.com/film/the-naked-city/
the-american-friend,The American Friend,1977,Wim Wenders,125,tt0075675,11222,4.03,59545,7.4,21336,2,https://www.imdb.com/title/tt0075675/,https://letterboxd.com/film/the-american-friend/
the-american-soldier,The American Soldier,1970,Rainer Werner Fassbinder,80,tt0065391,48267,3.33,2855,6.5,2069,2,https://www.imdb.com/title/tt0065391/,https://letterboxd.com/film/the-american-soldier/
infernal-affairs-iii,Infernal Affairs III,2003,"Alan Mak Siu-Fai, Andrew Lau Wai-Keung",118,tt0374339,14310,3.29,12308,6.8,15839,2,https://www.imdb.com/title/tt0374339/,https://letterboxd.com/film/infernal-affairs-iii/
el-sur,El Sur,1983,Víctor Erice,94,tt0084740,48139,4.16,22369,7.8,7416,2,https://www.imdb.com/title/tt0084740/,https://letterboxd.com/film/el-sur/
speedy,Speedy,1928,Ted Wilde,86,tt0019412,22595,3.81,7277,7.6,4815,2,https://www.imdb.com/title/tt0019412/,https://letterboxd.com/film/speedy/
godland,Godland,2022,Hlynur Pálmason,143,tt19623228,960206,3.87,41879,7.1,9753,2,https://www.imdb.com/title/tt19623228/,https://letterboxd.com/film/godland/
mr-klein,Mr. Klein,1976,Joseph Losey,123,tt0074916,58925,4.03,20614,7.5,10632,2,https://www.imdb.com/title/tt0074916/,https://letterboxd.com/film/mr-klein/
leningrad-cowboys-go-america,Leningrad Cowboys Go America,1989,Aki Kaurismäki,79,tt0097728,11475,3.77,18499,7,9490,2,https://www.imdb.com/title/tt0097728/,https://letterboxd.com/film/leningrad-cowboys-go-america/
lovers-rock-2020,Lovers Rock,2020,Steve McQueen,70,tt10551102,1016041,4.05,37470,7.5,5604,2,https://www.imdb.com/title/tt10551102/,https://letterboxd.com/film/lovers-rock-2020/
a-dry-white-season,A Dry White Season,1989,Euzhan Palcy,107,tt0097243,32075,3.61,4678,7,6893,2,https://www.imdb.com/title/tt0097243/,https://letterboxd.com/film/a-dry-white-season/
white-mane,White Mane,1953,Albert Lamorisse,41,tt0044518,15382,3.67,2819,7.2,2522,2,https://www.imdb.com/title/tt0044518/,https://letterboxd.com/film/white-mane/
the-adventures-of-baron-munchausen,The Adventures of Baron Munchausen,1988,Terry Gilliam,126,tt0096764,14506,3.73,51185,7.1,59996,2,https://www.imdb.com/title/tt0096764/,https://letterboxd.com/film/the-adventures-of-baron-munchausen/
the-children-are-watching-us,The Children Are Watching Us,1943,Vittorio De Sica,84,tt0034493,61461,3.87,4494,7.7,3380,2,https://www.imdb.com/title/tt0034493/,https://letterboxd.com/film/the-children-are-watching-us/
fists-in-the-pocket,Fists in the Pocket,1965,Marco Bellocchio,110,tt0059619,46591,3.87,12808,7.5,5700,2,https://www.imdb.com/title/tt0059619/,https://letterboxd.com/film/fists-in-the-pocket/
the-ballad-of-narayama-1958,The Ballad of Narayama,1958,Keisuke Kinoshita,98,tt0051980,116690,4.02,8350,7.8,4162,2,https://www.imdb.com/title/tt0051980/,https://letterboxd.com/film/the-ballad-of-narayama-1958/
once-upon-a-time-in-china-v,Once Upon a Time in China V,1994,Tsui Hark,101,tt0110073,42287,3.15,1549,5.9,1342,2,https://www.imdb.com/title/tt0110073/,https://letterboxd.com/film/once-upon-a-time-in-china-v/
circus-angel,Circus Angel,1965,Albert Lamorisse,75,tt0059177,198815,3.45,333,6.7,206,2,https://www.imdb.com/title/tt0059177/,https://letterboxd.com/film/circus-angel/
gilda,Gilda,1946,Charles Vidor,110,tt0038559,3767,3.76,62269,7.6,37486,2,https://www.imdb.com/title/tt0038559/,https://letterboxd.com/film/gilda/
stowaway-in-the-sky,Stowaway in the Sky,1960,Albert Lamorisse,85,tt0056667,204199,3.53,469,6.6,335,2,https://www.imdb.com/title/tt0056667/,https://letterboxd.com/film/stowaway-in-the-sky/
smithereens,Smithereens,1982,Susan Seidelman,94,tt0084698,94066,3.57,21178,6.7,3159,2,https://www.imdb.com/title/tt0084698/,https://letterboxd.com/film/smithereens/
dodeska-den,Dodes'ka-den,1970,Akira Kurosawa,140,tt0065649,33205,3.72,10303,7.3,8393,2,https://www.imdb.com/title/tt0065649/,https://letterboxd.com/film/dodeska-den/
red-white-and-blue-2020,"Red, White and Blue",2020,Steve McQueen,80,tt10551108,753972,3.83,19542,7.6,3527,2,https://www.imdb.com/title/tt10551108/,https://letterboxd.com/film/red-white-and-blue-2020/
time-bandits,Time Bandits,1981,Terry Gilliam,116,tt0081633,36819,3.54,80103,6.9,74459,2,https://www.imdb.com/title/tt0081633/,https://letterboxd.com/film/time-bandits/
borderline,Borderline,1930,Kenneth MacPherson,75,tt0020701,65874,3.46,1083,6.1,637,2,https://www.imdb.com/title/tt0020701/,https://letterboxd.com/film/borderline/
network,Network,1976,Sidney Lumet,122,tt0074958,10774,4.26,233684,8.1,186259,2,https://www.imdb.com/title/tt0074958/,https://letterboxd.com/film/network/
bergman-island-2021,Bergman Island,2021,Mia Hansen-Løve,113,tt6910282,477044,3.6,53194,6.6,11703,2,https://www.imdb.com/title/tt6910282/,https://letterboxd.com/film/bergman-island-2021/
the-flavor-of-green-tea-over-rice,The Flavor of Green Tea Over Rice,1952,Yasujirō Ozu,116,tt0044982,55197,4.03,12035,7.6,4428,2,https://www.imdb.com/title/tt0044982/,https://letterboxd.com/film/the-flavor-of-green-tea-over-rice/
infernal-affairs-ii,Infernal Affairs II,2003,"Andrew Lau Wai-Keung, Alan Mak Siu-Fai",119,tt0369060,11647,3.71,17774,7.2,21294,2,https://www.imdb.com/title/tt0369060/,https://letterboxd.com/film/infernal-affairs-ii/
othello-1951,Othello,1951,Orson Welles,93,tt0045251,47697,3.85,17980,7.5,10220,2,https://www.imdb.com/title/tt0045251/,https://letterboxd.com/film/othello-1951/
viridiana,Viridiana,1961,Luis Buñuel,90,tt0055601,4497,4.1,49994,8,28303,2,https://www.imdb.com/title/tt0055601/,https://letterboxd.com/film/viridiana/
guillermo-del-toros-pinocchio,Guillermo del Toro's Pinocchio,2022,"Mark Gustafson, Guillermo del Toro",117,tt1488589,555604,3.99,696031,7.6,163645,2,https://www.imdb.com/title/tt1488589/,https://letterboxd.com/film/guillermo-del-toros-pinocchio/
meantime,Meantime,1983,Mike Leigh,107,tt0082727,57978,3.81,17773,7.1,5537,2,https://www.imdb.com/title/tt0082727/,https://letterboxd.com/film/meantime/
the-life-of-oharu,The Life of Oharu,1952,Kenji Mizoguchi,136,tt0045112,43364,4.21,13793,8,8436,2,https://www.imdb.com/title/tt0045112/,https://letterboxd.com/film/the-life-of-oharu/
the-cousins-1959,The Cousins,1959,Claude Chabrol,112,tt0052708,2363,3.72,5202,7.2,3596,2,https://www.imdb.com/title/tt0052708/,https://letterboxd.com/film/the-cousins-1959/
the-tree-of-wooden-clogs,The Tree of Wooden Clogs,1978,Ermanno Olmi,187,tt0077138,31542,4.1,9075,7.8,9420,2,https://www.imdb.com/title/tt0077138/,https://letterboxd.com/film/the-tree-of-wooden-clogs/
jericho-1937,Jericho,1937,Thornton Freeland,77,tt0029064,113749,3.5,986,6.2,365,2,https://www.imdb.com/title/tt0029064/,https://letterboxd.com/film/jericho-1937/
afire,Afire,2023,Christian Petzold,103,tt26440619,900379,3.69,55148,7,11364,2,https://www.imdb.com/title/tt26440619/,https://letterboxd.com/film/afire/
blue-is-the-warmest-color,Blue Is the Warmest Color,2013,Abdellatif Kechiche,180,tt2278871,152584,3.19,372654,7.6,173836,2,https://www.imdb.com/title/tt2278871/,https://letterboxd.com/film/blue-is-the-warmest-color/
okja,Okja,2017,Bong Joon Ho,120,tt3967856,387426,3.71,499723,7.3,142337,2,https://www.imdb.com/title/tt3967856/,https://letterboxd.com/film/okja/
pat-garrett-billy-the-kid,Pat Garrett & Billy the Kid,1973,Sam Peckinpah,115,tt0070518,11577,3.88,31659,7.2,23329,2,https://www.imdb.com/title/tt0070518/,https://letterboxd.com/film/pat-garrett-billy-the-kid/
a-day-in-the-country,A Day in the Country,1946,Jean Renoir,41,tt0028445,43878,3.85,16310,7.5,7774,2,https://www.imdb.com/title/tt0028445/,https://letterboxd.com/film/a-day-in-the-country/
shoot-the-piano-player,Shoot the Piano Player,1960,François Truffaut,85,tt0054389,1818,3.77,41282,7.4,21937,2,https://www.imdb.com/title/tt0054389/,https://letterboxd.com/film/shoot-the-piano-player/
foreign-correspondent,Foreign Correspondent,1940,Alfred Hitchcock,120,tt0032484,25670,3.71,28993,7.4,26164,2,https://www.imdb.com/title/tt0032484/,https://letterboxd.com/film/foreign-correspondent/
following,Following,1998,Christopher Nolan,69,tt0154506,11660,3.49,159763,7.4,111113,2,https://www.imdb.com/title/tt0154506/,https://letterboxd.com/film/following/
shallow-grave,Shallow Grave,1994,Danny Boyle,93,tt0111149,9905,3.79,91921,7.2,71073,2,https://www.imdb.com/title/tt0111149/,https://letterboxd.com/film/shallow-grave/
the-life-of-jesus,The Life of Jesus,1997,Bruno Dumont,96,tt0120448,27067,3.64,7388,6.9,3776,2,https://www.imdb.com/title/tt0120448/,https://letterboxd.com/film/the-life-of-jesus/
once-upon-a-time-in-china-iv,Once Upon a Time in China IV,1993,Yuen Bun,101,tt0107162,52316,2.98,1527,5.9,1517,2,https://www.imdb.com/title/tt0107162/,https://letterboxd.com/film/once-upon-a-time-in-china-iv/
the-underground-railroad-2021,The Underground Railroad,2021,Barry Jenkins,585,tt6704972,,4.13,7929,7.4,9593,2,https://www.imdb.com/title/tt6704972/,https://letterboxd.com/film/the-underground-railroad-2021/
clean-shaven,"Clean, Shaven",1993,Lodge Kerrigan,79,tt0106579,1479,3.68,9740,7,6570,2,https://www.imdb.com/title/tt0106579/,https://letterboxd.com/film/clean-shaven/
master-of-the-house,Master of the House,1925,Carl Theodor Dreyer,107,tt0015768,55589,3.61,3831,7,2665,2,https://www.imdb.com/title/tt0015768/,https://letterboxd.com/film/master-of-the-house/
all-of-us-strangers,All of Us Strangers,2023,Andrew Haigh,105,tt21192142,994108,3.93,707895,7.6,79901,2,https://www.imdb.com/title/tt21192142/,https://letterboxd.com/film/all-of-us-strangers/
walker,Walker,1987,Alex Cox,95,tt0096409,28448,3.83,18387,6.7,4881,2,https://www.imdb.com/title/tt0096409/,https://letterboxd.com/film/walker/
2-or-3-things-i-know-about-her,2 or 3 Things I Know About Her,1967,Jean-Luc Godard,87,tt0060304,8074,3.49,29579,6.5,9400,2,https://www.imdb.com/title/tt0060304/,https://letterboxd.com/film/2-or-3-things-i-know-about-her/
black-god-white-devil,"Black God, White Devil",1964,Glauber Rocha,120,tt0058006,67612,3.77,35676,7.1,6359,2,https://www.imdb.com/title/tt0058006/,https://letterboxd.com/film/black-god-white-devil/
the-tree-of-life-2011,The Tree of Life,2011,Terrence Malick,139,tt0478304,8967,3.84,290588,6.8,192730,2,https://www.imdb.com/title/tt0478304/,https://letterboxd.com/film/the-tree-of-life-2011/
youth-of-the-beast,Youth of the Beast,1963,Seijun Suzuki,92,tt0057697,37939,3.78,10210,7.3,4266,2,https://www.imdb.com/title/tt0057697/,https://letterboxd.com/film/youth-of-the-beast/
gate-of-flesh,Gate of Flesh,1964,Seijun Suzuki,90,tt0058409,86666,3.8,7576,7.2,3723,2,https://www.imdb.com/title/tt0058409/,https://letterboxd.com/film/gate-of-flesh/
medicine-for-melancholy,Medicine for Melancholy,2008,Barry Jenkins,88,tt1133989,24885,3.33,9670,6.6,2997,2,https://www.imdb.com/title/tt1133989/,https://letterboxd.com/film/medicine-for-melancholy/
the-three-musketeers-1973,The Three Musketeers,1973,Richard Lester,107,tt0072281,2926,3.43,12651,7.1,20628,2,https://www.imdb.com/title/tt0072281/,https://letterboxd.com/film/the-three-musketeers-1973/
the-thin-blue-line,The Thin Blue Line,1988,Errol Morris,103,tt0096257,14285,4.07,47682,7.9,26248,2,https://www.imdb.com/title/tt0096257/,https://letterboxd.com/film/the-thin-blue-line/
a-propos-de-nice,À propos de Nice,1930,"Jean Vigo, Boris Kaufman",24,tt0021576,47831,3.74,10574,7.3,4998,2,https://www.imdb.com/title/tt0021576/,https://letterboxd.com/film/a-propos-de-nice/
rolling-thunder-revue-a-bob-dylan-story-by-martin-scorsese,Rolling Thunder Revue: A Bob Dylan Story by Martin Scorsese,2019,Martin Scorsese,142,tt9577852,574638,3.93,28100,7.5,8679,2,https://www.imdb.com/title/tt9577852/,https://letterboxd.com/film/rolling-thunder-revue-a-bob-dylan-story-by-martin-scorsese/
the-element-of-crime,The Element of Crime,1984,Lars von Trier,104,tt0087280,9063,3.42,17426,6.7,12286,2,https://www.imdb.com/title/tt0087280/,https://letterboxd.com/film/the-element-of-crime/
beware-of-a-holy-whore,Beware of a Holy Whore,1971,Rainer Werner Fassbinder,103,tt0067962,32319,3.57,6511,6.6,2804,2,https://www.imdb.com/title/tt0067962/,https://letterboxd.com/film/beware-of-a-holy-whore/
taste-of-cherry,Taste of Cherry,1997,Abbas Kiarostami,99,tt0120265,30020,4.32,213889,7.7,44412,2,https://www.imdb.com/title/tt0120265/,https://letterboxd.com/film/taste-of-cherry/
body-and-soul-1925,Body and Soul,1925,Oscar Micheaux,94,tt0015634,86955,3.37,3579,6.2,1341,2,https://www.imdb.com/title/tt0015634/,https://letterboxd.com/film/body-and-soul-1925/
gods-of-the-plague,Gods of the Plague,1970,Rainer Werner Fassbinder,91,tt0065808,10244,3.28,2538,6.4,1660,2,https://www.imdb.com/title/tt0065808/,https://letterboxd.com/film/gods-of-the-plague/
shake-otis-at-monterey,Shake! Otis at Monterey,1987,"D. A. Pennebaker, Chris Hegedus",19,tt0093951,61708,4.24,3744,7.9,947,2,https://www.imdb.com/title/tt0093951/,https://letterboxd.com/film/shake-otis-at-monterey/
killer-of-sheep,Killer of Sheep,1978,Charles Burnett,80,tt0076263,27432,3.98,32513,7.2,8668,2,https://www.imdb.com/title/tt0076263/,https://letterboxd.com/film/killer-of-sheep/
goke-body-snatcher-from-hell,"Goké, Body Snatcher from Hell",1968,Hajime Sato,84,tt0063206,42628,3.26,5058,6.1,2225,2,https://www.imdb.com/title/tt0063206/,https://letterboxd.com/film/goke-body-snatcher-from-hell/
mildred-pierce,Mildred Pierce,1945,Michael Curtiz,111,tt0037913,3309,4.08,48759,7.9,31532,2,https://www.imdb.com/title/tt0037913/,https://letterboxd.com/film/mildred-pierce/
my-brilliant-career,My Brilliant Career,1979,Gillian Armstrong,100,tt0079596,16659,3.73,9285,7.1,5335,2,https://www.imdb.com/title/tt0079596/,https://letterboxd.com/film/my-brilliant-career/
paul-robeson-tribute-to-an-artist,Paul Robeson: Tribute to an Artist,1979,Saul J. Turell,30,tt0079704,113745,3.72,1153,7.5,574,2,https://www.imdb.com/title/tt0079704/,https://letterboxd.com/film/paul-robeson-tribute-to-an-artist/
the-little-soldier-1963,The Little Soldier,1963,Jean-Luc Godard,87,tt0054177,50785,3.64,26431,7.1,8806,2,https://www.imdb.com/title/tt0054177/,https://letterboxd.com/film/the-little-soldier-1963/
cria,Cria!,1976,Carlos Saura,105,tt0074360,51857,4.22,31321,7.9,12414,2,https://www.imdb.com/title/tt0074360/,https://letterboxd.com/film/cria/
the-hidden-fortress,The Hidden Fortress,1958,Akira Kurosawa,139,tt0051808,1059,4.15,70621,8,45993,2,https://www.imdb.com/title/tt0051808/,https://letterboxd.com/film/the-hidden-fortress/
until-the-end-of-the-world,Until the End of the World,1991,Wim Wenders,179,tt0101458,10341,3.94,17260,6.8,12575,2,https://www.imdb.com/title/tt0101458/,https://letterboxd.com/film/until-the-end-of-the-world/
mala-noche,Mala Noche,1986,Gus Van Sant,75,tt0089537,383,3.25,9929,6.5,4693,2,https://www.imdb.com/title/tt0089537/,https://letterboxd.com/film/mala-noche/
japon,Japón,2002,Carlos Reygadas,134,tt0322824,36211,3.7,7602,6.8,4205,2,https://www.imdb.com/title/tt0322824/,https://letterboxd.com/film/japon/
fear-and-loathing-in-las-vegas,Fear and Loathing in Las Vegas,1998,Terry Gilliam,118,tt0120669,1878,3.76,437635,7.4,320067,2,https://www.imdb.com/title/tt0120669/,https://letterboxd.com/film/fear-and-loathing-in-las-vegas/
epidemic,Epidemic,1987,Lars von Trier,106,tt0092972,29445,3.04,8866,5.9,6692,2,https://www.imdb.com/title/tt0092972/,https://letterboxd.com/film/epidemic/
the-lodger-a-story-of-the-london-fog,The Lodger: A Story of the London Fog,1927,Alfred Hitchcock,91,tt0017075,2760,3.71,28459,7.3,15129,2,https://www.imdb.com/title/tt0017075/,https://letterboxd.com/film/the-lodger-a-story-of-the-london-fog/
exotica,Exotica,1994,Atom Egoyan,103,tt0109759,20156,3.96,36750,7,22605,2,https://www.imdb.com/title/tt0109759/,https://letterboxd.com/film/exotica/
once-upon-a-time-in-china,Once Upon a Time in China,1991,Tsui Hark,134,tt0103285,10617,3.73,21708,7.2,21474,2,https://www.imdb.com/title/tt0103285/,https://letterboxd.com/film/once-upon-a-time-in-china/
the-four-musketeers,The Four Musketeers,1974,Richard Lester,107,tt0073012,12310,3.41,6297,6.9,12771,2,https://www.imdb.com/title/tt0073012/,https://letterboxd.com/film/the-four-musketeers/
charulata,Charulata,1964,Satyajit Ray,117,tt0057935,35790,4.18,18317,8.1,8019,2,https://www.imdb.com/title/tt0057935/,https://letterboxd.com/film/charulata/
bang-the-drum-slowly-1956,Bang the Drum Slowly,1956,Daniel Petrie,57,tt0202808,365498,3.42,347,7.3,195,1,https://www.imdb.com/title/tt0202808/,https://letterboxd.com/film/bang-the-drum-slowly-1956/
happy-anniversary,Happy Anniversary,1962,"Pierre Étaix, Jean-Claude Carrière",12,tt0056066,139592,3.63,1714,7.2,968,1,https://www.imdb.com/title/tt0056066/,https://letterboxd.com/film/happy-anniversary/
the-taste-of-things,The Taste of Things,2023,Trần Anh Hùng,135,tt19760052,964960,3.96,96499,7.4,21208,1,https://www.imdb.com/title/tt19760052/,https://letterboxd.com/film/the-taste-of-things/
the-long-day-closes,The Long Day Closes,1992,Terence Davies,85,tt0104753,49956,3.97,18310,7.3,4506,1,https://www.imdb.com/title/tt0104753/,https://letterboxd.com/film/the-long-day-closes/
every-man-for-himself,Every Man for Himself,1980,Jean-Luc Godard,87,tt0079854,113479,3.53,9190,6.5,4321,1,https://www.imdb.com/title/tt0079854/,https://letterboxd.com/film/every-man-for-himself/
that-nights-wife,That Night's Wife,1930,Yasujirō Ozu,66,tt0021406,49308,3.53,2571,6.9,1110,1,https://www.imdb.com/title/tt0021406/,https://letterboxd.com/film/that-nights-wife/
maxwells-demon,Maxwell's Demon,1968,Hollis Frampton,4,tt0130854,154525,2.92,1335,4.8,440,1,https://www.imdb.com/title/tt0130854/,https://letterboxd.com/film/maxwells-demon/
pan-2,Pan 2,1974,Hollis Frampton,,tt2187013,154616,2.84,925,4.4,376,1,https://www.imdb.com/title/tt2187013/,https://letterboxd.com/film/pan-2/
the-ballad-of-gregorio-cortez,The Ballad of Gregorio Cortez,1982,Robert M. Young,106,tt0083613,218500,3.76,2546,7,1149,1,https://www.imdb.com/title/tt0083613/,https://letterboxd.com/film/the-ballad-of-gregorio-cortez/
ministry-of-fear,Ministry of Fear,1944,Fritz Lang,86,tt0037075,21451,3.57,14302,7.1,9709,1,https://www.imdb.com/title/tt0037075/,https://letterboxd.com/film/ministry-of-fear/
eyimofe-this-is-my-desire,Eyimofe (This Is My Desire),2020,"Chuko Esiri, Arie Esiri",116,tt10365870,665429,3.74,3193,7,714,1,https://www.imdb.com/title/tt10365870/,https://letterboxd.com/film/eyimofe-this-is-my-desire/
wildcat-2023,Wildcat,2023,Ethan Hawke,108,tt26442871,1076101,3.07,9782,5.8,1722,1,https://www.imdb.com/title/tt26442871/,https://letterboxd.com/film/wildcat-2023/
reprise,Reprise,2006,Joachim Trier,107,tt0827517,12197,3.84,65313,7.3,18179,1,https://www.imdb.com/title/tt0827517/,https://letterboxd.com/film/reprise/
the-french-lieutenants-woman,The French Lieutenant's Woman,1981,Karel Reisz,124,tt0082416,12537,3.47,15344,6.9,16870,1,https://www.imdb.com/title/tt0082416/,https://letterboxd.com/film/the-french-lieutenants-woman/
the-wave-1936,The Wave,1936,"Fred Zinnemann, Emilio Gómez Muriel",61,tt0028165,195522,3.59,3314,7,987,1,https://www.imdb.com/title/tt0028165/,https://letterboxd.com/film/the-wave-1936/
lady-snowblood-2-love-song-of-vengeance,Lady Snowblood 2: Love Song of Vengeance,1974,Toshiya Fujita,89,tt0072157,18818,3.32,13758,6.3,4832,1,https://www.imdb.com/title/tt0072157/,https://letterboxd.com/film/lady-snowblood-2-love-song-of-vengeance/
orpheus,Orpheus,1950,Jean Cocteau,95,tt0041719,4558,4.09,38426,7.8,14582,1,https://www.imdb.com/title/tt0041719/,https://letterboxd.com/film/orpheus/
terms-of-endearment,Terms of Endearment,1983,James L. Brooks,132,tt0086425,11050,3.82,57954,7.4,70876,1,https://www.imdb.com/title/tt0086425/,https://letterboxd.com/film/terms-of-endearment/
howards-end,Howards End,1992,James Ivory,142,tt0104454,8293,3.73,31008,7.3,38813,1,https://www.imdb.com/title/tt0104454/,https://letterboxd.com/film/howards-end/
the-traitor-2019,The Traitor,2019,Marco Bellocchio,151,tt7736478,575452,3.66,26398,7.1,14573,1,https://www.imdb.com/title/tt7736478/,https://letterboxd.com/film/the-traitor-2019/
zatoichi-on-the-road,Zatoichi on the Road,1963,Kimiyoshi Yasuda,87,tt0057714,18624,3.5,3417,7.1,2169,1,https://www.imdb.com/title/tt0057714/,https://letterboxd.com/film/zatoichi-on-the-road/
drive-2011,Drive,2011,Nicolas Winding Refn,100,tt0780504,64690,3.9,1962539,7.8,766644,1,https://www.imdb.com/title/tt0780504/,https://letterboxd.com/film/drive-2011/
the-wiz,The Wiz,1978,Sidney Lumet,134,tt0078504,24961,3.48,56149,5.7,19828,1,https://www.imdb.com/title/tt0078504/,https://letterboxd.com/film/the-wiz/
wise-blood,Wise Blood,1979,John Huston,106,tt0080140,42179,3.54,11390,6.9,7060,1,https://www.imdb.com/title/tt0080140/,https://letterboxd.com/film/wise-blood/
requiem-for-a-heavyweight-1956,Requiem for a Heavyweight,1956,Ralph Nelson,73,tt0049669,760499,3.64,426,8.3,360,1,https://www.imdb.com/title/tt0049669/,https://letterboxd.com/film/requiem-for-a-heavyweight-1956/
the-model-couple,The Model Couple,1977,William Klein,101,tt0191053,67429,3.41,777,6.3,503,1,https://www.imdb.com/title/tt0191053/,https://letterboxd.com/film/the-model-couple/
ravens-end,Raven's End,1963,Bo Widerberg,97,tt0057237,47206,3.78,1857,7.3,2002,1,https://www.imdb.com/title/tt0057237/,https://letterboxd.com/film/ravens-end/
corridors-of-blood,Corridors of Blood,1958,Robert Day,86,tt0051542,30637,3.18,2330,6.4,2559,1,https://www.imdb.com/title/tt0051542/,https://letterboxd.com/film/corridors-of-blood/
murmur-of-the-heart,Murmur of the Heart,1971,Louis Malle,118,tt0067778,42501,3.81,14103,7.5,11681,1,https://www.imdb.com/title/tt0067778/,https://letterboxd.com/film/murmur-of-the-heart/
insomnia,Insomnia,1997,Erik Skjoldbjærg,96,tt0119375,26610,3.63,22068,7.2,17476,1,https://www.imdb.com/title/tt0119375/,https://letterboxd.com/film/insomnia/
the-peoples-joker,The People's Joker,2022,Vera Drew,92,tt21651430,808482,3.76,34141,6.3,2249,1,https://www.imdb.com/title/tt21651430/,https://letterboxd.com/film/the-peoples-joker/
all-dirt-roads-taste-of-salt,All Dirt Roads Taste of Salt,2023,Raven Jackson,97,tt11534720,800227,3.39,8912,5.9,1483,1,https://www.imdb.com/title/tt11534720/,https://letterboxd.com/film/all-dirt-roads-taste-of-salt/
hapax-legomena-iii-critical-mass,Hapax Legomena III: Critical Mass,1971,Hollis Frampton,26,tt0130585,151002,3.49,808,5.6,326,1,https://www.imdb.com/title/tt0130585/,https://letterboxd.com/film/hapax-legomena-iii-critical-mass/
louder-than-bombs,Louder Than Bombs,2015,Joachim Trier,109,tt2217859,157827,3.46,25546,6.6,15401,1,https://www.imdb.com/title/tt2217859/,https://letterboxd.com/film/louder-than-bombs/
zatoichis-vengeance,Zatoichi's Vengeance,1966,Tokuzō Tanaka,83,tt0143012,21410,3.61,2061,7.2,1442,1,https://www.imdb.com/title/tt0143012/,https://letterboxd.com/film/zatoichis-vengeance/
visions-of-eight,Visions of Eight,1973,"Miloš Forman, Kon Ichikawa, Arthur Penn, John Schlesinger, Mai Zetterling, Claude Lelouch, Michael Pfleghar, Yuri Ozerov",110,tt0070884,73319,3.6,1710,6.8,860,1,https://www.imdb.com/title/tt0070884/,https://letterboxd.com/film/visions-of-eight/
the-importance-of-being-earnest,The Importance of Being Earnest,1952,Anthony Asquith,95,tt0044744,20324,3.66,6234,7.4,6917,1,https://www.imdb.com/title/tt0044744/,https://letterboxd.com/film/the-importance-of-being-earnest/
scott-pilgrim-vs-the-world,Scott Pilgrim vs. the World,2010,Edgar Wright,113,tt0446029,22538,3.88,2585305,7.5,498020,1,https://www.imdb.com/title/tt0446029/,https://letterboxd.com/film/scott-pilgrim-vs-the-world/
the-tramp-and-the-dictator,The Tramp and the Dictator,2002,"Kevin Brownlow, Michael Kloft",55,tt0311929,128890,3.51,766,7.7,729,1,https://www.imdb.com/title/tt0311929/,https://letterboxd.com/film/the-tramp-and-the-dictator/
the-immortal-story,The Immortal Story,1968,Orson Welles,58,tt0063127,84636,3.66,8082,6.9,3906,1,https://www.imdb.com/title/tt0063127/,https://letterboxd.com/film/the-immortal-story/
irreversible,Irreversible,2002,Gaspar Noé,93,tt0290673,979,3.63,336921,7.3,163858,1,https://www.imdb.com/title/tt0290673/,https://letterboxd.com/film/irreversible/
walpurgis-night,Walpurgis Night,1935,Gustaf Edgren,82,tt0027164,75988,3.01,545,6,532,1,https://www.imdb.com/title/tt0027164/,https://letterboxd.com/film/walpurgis-night/
lady-snowblood,Lady Snowblood,1973,Toshiya Fujita,97,tt0158714,2487,4.12,85505,7.6,19138,1,https://www.imdb.com/title/tt0158714/,https://letterboxd.com/film/lady-snowblood/
tangerine,Tangerine,2015,Sean Baker,87,tt3824458,308084,3.88,251266,7.1,43267,1,https://www.imdb.com/title/tt3824458/,https://letterboxd.com/film/tangerine/
crisis-behind-a-presidential-commitment,Crisis: Behind a Presidential Commitment,1963,"Robert Drew, Richard Leacock, D. A. Pennebaker, Hope Ryden, James Lipscomb",52,tt0263238,162494,3.84,2444,7.7,942,1,https://www.imdb.com/title/tt0263238/,https://letterboxd.com/film/crisis-behind-a-presidential-commitment/
ride-with-the-devil,Ride with the Devil,1999,Ang Lee,138,tt0134154,22267,3.36,8017,6.7,15293,1,https://www.imdb.com/title/tt0134154/,https://letterboxd.com/film/ride-with-the-devil/
the-smiling-lieutenant,The Smiling Lieutenant,1931,Ernst Lubitsch,89,tt0022074,31409,3.61,5354,7.1,4437,1,https://www.imdb.com/title/tt0022074/,https://letterboxd.com/film/the-smiling-lieutenant/
zatoichi-the-fugitive,Zatoichi the Fugitive,1963,Tokuzō Tanaka,86,tt0057715,18511,3.59,3927,7.2,2236,1,https://www.imdb.com/title/tt0057715/,https://letterboxd.com/film/zatoichi-the-fugitive/
the-comedian-1957,The Comedian,1957,John Frankenheimer,74,tt0050259,1091037,3.5,294,7.8,301,1,https://www.imdb.com/title/tt0050259/,https://letterboxd.com/film/the-comedian-1957/
when-a-woman-ascends-the-stairs,When a Woman Ascends the Stairs,1960,Mikio Naruse,111,tt0054144,36872,4.2,11796,8,5400,1,https://www.imdb.com/title/tt0054144/,https://letterboxd.com/film/when-a-woman-ascends-the-stairs/
the-substance,The Substance,2024,Coralie Fargeat,141,tt17526714,933260,3.72,3629158,7.2,446831,1,https://www.imdb.com/title/tt17526714/,https://letterboxd.com/film/the-substance/
night-train-to-munich,Night Train to Munich,1940,Carol Reed,96,tt0032842,41597,3.6,5886,7.2,6276,1,https://www.imdb.com/title/tt0032842/,https://letterboxd.com/film/night-train-to-munich/
diplomacy,Diplomacy,2014,Volker Schlöndorff,84,tt3129564,253239,3.51,3588,7.1,6224,1,https://www.imdb.com/title/tt3129564/,https://letterboxd.com/film/diplomacy/
wr-mysteries-of-the-organism,WR: Mysteries of the Organism,1971,Dušan Makavejev,85,tt0067958,42529,3.63,8511,6.6,5819,1,https://www.imdb.com/title/tt0067958/,https://letterboxd.com/film/wr-mysteries-of-the-organism/
bait-2019,Bait,2019,Mark Jenkin,89,tt9652782,576069,3.86,18088,7.1,5751,1,https://www.imdb.com/title/tt9652782/,https://letterboxd.com/film/bait-2019/
sapphire,Sapphire,1959,Basil Dearden,92,tt0053242,64291,3.54,3932,7.2,3009,1,https://www.imdb.com/title/tt0053242/,https://letterboxd.com/film/sapphire/
mr-freedom,Mr. Freedom,1968,William Klein,92,tt0064674,27146,3.43,3022,6.4,1362,1,https://www.imdb.com/title/tt0064674/,https://letterboxd.com/film/mr-freedom/
two-girls-on-the-street,Two Girls on the Street,1939,André de Toth,84,tt0031544,249619,3.23,707,6.4,243,1,https://www.imdb.com/title/tt0031544/,https://letterboxd.com/film/two-girls-on-the-street/
a-woman-is-a-woman,A Woman Is a Woman,1961,Jean-Luc Godard,83,tt0055572,31522,3.9,81797,7.3,20553,1,https://www.imdb.com/title/tt0055572/,https://letterboxd.com/film/a-woman-is-a-woman/
la-ronde,La Ronde,1950,Max Ophüls,95,tt0042906,50030,3.9,9770,7.4,6523,1,https://www.imdb.com/title/tt0042906/,https://letterboxd.com/film/la-ronde/
man-is-not-a-bird,Man Is Not a Bird,1965,Dušan Makavejev,72,tt0059063,71725,3.61,2378,7.1,1547,1,https://www.imdb.com/title/tt0059063/,https://letterboxd.com/film/man-is-not-a-bird/
black-river-1957,Black River,1957,Masaki Kobayashi,114,tt0134771,101929,3.62,3011,7.2,1371,1,https://www.imdb.com/title/tt0134771/,https://letterboxd.com/film/black-river-1957/
sambizanga,Sambizanga,1972,Sarah Maldoror,102,tt0069214,87392,3.85,7103,7,1059,1,https://www.imdb.com/title/tt0069214/,https://letterboxd.com/film/sambizanga/
sweet-dreams-2023,Sweet Dreams,2023,Ena Sendijarević,102,tt13110998,1086888,3.49,4788,6.5,1440,1,https://www.imdb.com/title/tt13110998/,https://letterboxd.com/film/sweet-dreams-2023/
marty-1953,Marty,1953,Delbert Mann,51,tt0245266,409952,3.38,815,7.8,383,1,https://www.imdb.com/title/tt0245266/,https://letterboxd.com/film/marty-1953/
the-confession-1970,The Confession,1970,Costa-Gavras,139,tt0065439,60859,4.02,7214,7.8,5380,1,https://www.imdb.com/title/tt0065439/,https://letterboxd.com/film/the-confession-1970/
innocence-unprotected,Innocence Unprotected,1968,Dušan Makavejev,75,tt0063342,62842,3.68,1242,7.1,981,1,https://www.imdb.com/title/tt0063342/,https://letterboxd.com/film/innocence-unprotected/
im-still-here-2024,I'm Still Here,2024,Walter Salles,138,tt14961016,1000837,4.34,788349,8.1,167657,1,https://www.imdb.com/title/tt14961016/,https://letterboxd.com/film/im-still-here-2024/
the-league-of-gentlemen,The League of Gentlemen,1960,Basil Dearden,116,tt0052997,46724,3.65,5136,7.2,5853,1,https://www.imdb.com/title/tt0052997/,https://letterboxd.com/film/the-league-of-gentlemen/
another-year,Another Year,2010,Mike Leigh,129,tt1431181,44009,4.03,22761,7.4,32258,1,https://www.imdb.com/title/tt1431181/,https://letterboxd.com/film/another-year/
hiroshima-mon-amour,Hiroshima Mon Amour,1959,Alain Resnais,92,tt0052893,5544,4.16,152560,7.8,39549,1,https://www.imdb.com/title/tt0052893/,https://letterboxd.com/film/hiroshima-mon-amour/
beau-is-afraid,Beau Is Afraid,2023,Ari Aster,179,tt13521006,798286,3.42,539850,6.6,79268,1,https://www.imdb.com/title/tt13521006/,https://letterboxd.com/film/beau-is-afraid/
the-other-side-of-hope,The Other Side of Hope,2017,Aki Kaurismäki,101,tt5222918,429199,3.78,20521,7.2,14863,1,https://www.imdb.com/title/tt5222918/,https://letterboxd.com/film/the-other-side-of-hope/
personal-velocity,Personal Velocity,2002,Rebecca Miller,86,tt0295238,32625,3.18,2828,6.4,4101,1,https://www.imdb.com/title/tt0295238/,https://letterboxd.com/film/personal-velocity/
casque-dor,Casque d'Or,1952,Jacques Becker,99,tt0043386,68822,3.83,7275,7.6,6674,1,https://www.imdb.com/title/tt0043386/,https://letterboxd.com/film/casque-dor/
zatoichi-and-the-doomed-man,Zatoichi and the Doomed Man,1965,Kazuo Mori,77,tt0202154,54274,3.34,2206,6.8,1518,1,https://www.imdb.com/title/tt0202154/,https://letterboxd.com/film/zatoichi-and-the-doomed-man/
lone-wolf-and-cub-baby-cart-at-the-river-styx,Lone Wolf and Cub: Baby Cart at the River Styx,1972,Kenji Misumi,81,tt0068816,17810,4.02,14901,7.9,7526,1,https://www.imdb.com/title/tt0068816/,https://letterboxd.com/film/lone-wolf-and-cub-baby-cart-at-the-river-styx/
heaven-knows-what,Heaven Knows What,2014,"Benny Safdie, Josh Safdie",97,tt3687186,285024,3.66,51032,6.8,10522,1,https://www.imdb.com/title/tt3687186/,https://letterboxd.com/film/heaven-knows-what/
fire-of-love-2022,Fire of Love,2022,Sara Dosa,94,tt16227014,913823,4.16,123924,7.6,16759,1,https://www.imdb.com/title/tt16227014/,https://letterboxd.com/film/fire-of-love-2022/
high-sierra,High Sierra,1941,Raoul Walsh,100,tt0033717,27725,3.72,20951,7.5,21083,1,https://www.imdb.com/title/tt0033717/,https://letterboxd.com/film/high-sierra/
birth-2004,Birth,2004,Jonathan Glazer,100,tt0337876,10740,3.71,95710,6.3,45002,1,https://www.imdb.com/title/tt0337876/,https://letterboxd.com/film/birth-2004/
i-saw-the-tv-glow,I Saw the TV Glow,2024,Jane Schoenbrun,100,tt15574270,858017,3.52,855988,5.8,46550,1,https://www.imdb.com/title/tt15574270/,https://letterboxd.com/film/i-saw-the-tv-glow/
halloween-1978,Halloween,1978,John Carpenter,91,tt0077651,948,3.75,1108514,7.7,340247,1,https://www.imdb.com/title/tt0077651/,https://letterboxd.com/film/halloween-1978/
three-outlaw-samurai,Three Outlaw Samurai,1964,Hideo Gosha,93,tt0058652,58878,3.92,8875,7.6,4457,1,https://www.imdb.com/title/tt0058652/,https://letterboxd.com/film/three-outlaw-samurai/
i-shot-andy-warhol,I Shot Andy Warhol,1996,Mary Harron,103,tt0116594,26890,3.48,8156,6.6,7455,1,https://www.imdb.com/title/tt0116594/,https://letterboxd.com/film/i-shot-andy-warhol/
american-gangster,American Gangster,2007,Ridley Scott,157,tt0765429,4982,3.94,373273,7.8,489104,1,https://www.imdb.com/title/tt0765429/,https://letterboxd.com/film/american-gangster/
the-housemaid,The Housemaid,1960,Kim Ki-young,112,tt0150980,42506,3.75,26736,7.2,6696,1,https://www.imdb.com/title/tt0150980/,https://letterboxd.com/film/the-housemaid/
girlfight,Girlfight,2000,Karyn Kusama,110,tt0210075,19348,3.43,8572,6.7,10724,1,https://www.imdb.com/title/tt0210075/,https://letterboxd.com/film/girlfight/
a-nos-amours,A Nos Amours,1983,Maurice Pialat,102,tt0086650,2282,3.86,27357,7.1,7806,1,https://www.imdb.com/title/tt0086650/,https://letterboxd.com/film/a-nos-amours/
lone-wolf-and-cub-baby-cart-to-hades,Lone Wolf and Cub: Baby Cart to Hades,1972,Kenji Misumi,89,tt0068817,41474,3.75,10834,7.5,6188,1,https://www.imdb.com/title/tt0068817/,https://letterboxd.com/film/lone-wolf-and-cub-baby-cart-to-hades/
bluebeard-1936,Bluebeard,1936,"Jean Painlevé, René Bertrand",13,tt0129775,148243,3.46,1167,6.4,419,1,https://www.imdb.com/title/tt0129775/,https://letterboxd.com/film/bluebeard-1936/
a-mans-head,A Man's Head,1933,Julien Duvivier,90,tt0024710,84248,3.6,1043,7.1,776,1,https://www.imdb.com/title/tt0024710/,https://letterboxd.com/film/a-mans-head/
how-to-have-sex,How to Have Sex,2023,Molly Manning Walker,91,tt22890246,1075175,3.58,222725,6.4,23261,1,https://www.imdb.com/title/tt22890246/,https://letterboxd.com/film/how-to-have-sex/
hot-fuzz,Hot Fuzz,2007,Edgar Wright,121,tt0425112,4638,4.08,987584,7.8,569205,1,https://www.imdb.com/title/tt0425112/,https://letterboxd.com/film/hot-fuzz/
irma-vep,Irma Vep,1996,Olivier Assayas,99,tt0116650,25355,3.9,71138,7,10766,1,https://www.imdb.com/title/tt0116650/,https://letterboxd.com/film/irma-vep/
pigeons-in-the-square,Pigeons in the Square,1982,Jean Painlevé,27,tt1446096,162784,3.49,609,6.3,305,1,https://www.imdb.com/title/tt1446096/,https://letterboxd.com/film/pigeons-in-the-square/
magnificent-obsession-1954,Magnificent Obsession,1954,Douglas Sirk,108,tt0047203,13457,3.63,15093,7,8634,1,https://www.imdb.com/title/tt0047203/,https://letterboxd.com/film/magnificent-obsession-1954/
the-uninvited,The Uninvited,1944,Lewis Allen,99,tt0037415,16373,3.51,17919,7.2,13609,1,https://www.imdb.com/title/tt0037415/,https://letterboxd.com/film/the-uninvited/
daphnia,Daphnia,1928,Jean Painlevé,8,tt0129860,147015,3.34,526,6.2,338,1,https://www.imdb.com/title/tt0129860/,https://letterboxd.com/film/daphnia/
tokyo-drifter,Tokyo Drifter,1966,Seijun Suzuki,83,tt0061101,45706,3.76,45601,7.1,10621,1,https://www.imdb.com/title/tt0061101/,https://letterboxd.com/film/tokyo-drifter/
coup-de-grace,Coup de Grâce,1976,Volker Schlöndorff,95,tt0074515,42226,3.6,1123,7,1581,1,https://www.imdb.com/title/tt0074515/,https://letterboxd.com/film/coup-de-grace/
zatoichi-challenged,Zatoichi Challenged,1967,Kenji Misumi,87,tt0063834,54279,3.62,2023,7.4,1681,1,https://www.imdb.com/title/tt0063834/,https://letterboxd.com/film/zatoichi-challenged/
zatoichi-meets-yojimbo,Zatoichi Meets Yojimbo,1970,Kihachi Okamoto,115,tt0066603,42601,3.44,2849,7,3141,1,https://www.imdb.com/title/tt0066603/,https://letterboxd.com/film/zatoichi-meets-yojimbo/
the-woman-king,The Woman King,2022,Gina Prince-Bythewood,135,tt8093700,724495,3.69,194162,6.9,83445,1,https://www.imdb.com/title/tt8093700/,https://letterboxd.com/film/the-woman-king/
brief-encounters,Brief Encounters,1967,Kira Muratova,96,tt0061883,83440,3.71,3402,7.2,1393,1,https://www.imdb.com/title/tt0061883/,https://letterboxd.com/film/brief-encounters/
experimental-treatment-of-a-hemorrhage-in-a-dog,Experimental Treatment of a Hemorrhage in a Dog,1930,Jean Painlevé,4,tt1446199,117591,3.21,817,4.8,351,1,https://www.imdb.com/title/tt1446199/,https://letterboxd.com/film/experimental-treatment-of-a-hemorrhage-in-a-dog/
pan-3,Pan 3,1974,Hollis Frampton,2,tt2187015,154518,2.87,1009,4.8,386,1,https://www.imdb.com/title/tt2187015/,https://letterboxd.com/film/pan-3/
malcolm-x,Malcolm X,1972,Arnold Perl,91,tt0068903,46898,3.74,711,7.6,592,1,https://www.imdb.com/title/tt0068903/,https://letterboxd.com/film/malcolm-x/
the-new-land,The New Land,1972,Jan Troell,202,tt0069035,42488,4.26,5681,8,5893,1,https://www.imdb.com/title/tt0069035/,https://letterboxd.com/film/the-new-land/
beyond-the-law-1968-1,Beyond the Law,1968,Norman Mailer,110,tt0169606,117426,,,4.3,214,1,https://www.imdb.com/title/tt0169606/,https://letterboxd.com/film/beyond-the-law-1968-1/
young-mr-lincoln,Young Mr. Lincoln,1939,John Ford,100,tt0032155,43838,3.89,16025,7.5,9975,1,https://www.imdb.com/title/tt0032155/,https://letterboxd.com/film/young-mr-lincoln/
street-without-end,Street Without End,1934,Mikio Naruse,87,tt0025338,126517,3.56,980,6.9,460,1,https://www.imdb.com/title/tt0025338/,https://letterboxd.com/film/street-without-end/
the-eight-mountains,The Eight Mountains,2022,"Felix van Groeningen, Charlotte Vandermeersch",147,tt14641542,803700,4.12,62000,7.7,19693,1,https://www.imdb.com/title/tt14641542/,https://letterboxd.com/film/the-eight-mountains/
stress-positions,Stress Positions,2024,Theda Hammel,95,tt30319533,1214474,3.34,10842,5,735,1,https://www.imdb.com/title/tt30319533/,https://letterboxd.com/film/stress-positions/
just-another-girl-on-the-irt,Just Another Girl on the I.R.T.,1992,Leslie Harris,92,tt0104575,124088,3.59,7849,6.4,1577,1,https://www.imdb.com/title/tt0104575/,https://letterboxd.com/film/just-another-girl-on-the-irt/
here-comes-mr-jordan,Here Comes Mr. Jordan,1941,Alexander Hall,94,tt0033712,38914,3.65,6039,7.5,8090,1,https://www.imdb.com/title/tt0033712/,https://letterboxd.com/film/here-comes-mr-jordan/
the-breaking-ice,The Breaking Ice,2023,Anthony Chen,100,tt17052842,923150,3.5,10208,6.5,1549,1,https://www.imdb.com/title/tt17052842/,https://letterboxd.com/film/the-breaking-ice/
the-docks-of-new-york,The Docks of New York,1928,Josef von Sternberg,76,tt0018839,885,3.83,7903,7.5,5529,1,https://www.imdb.com/title/tt0018839/,https://letterboxd.com/film/the-docks-of-new-york/
lisa-frankenstein,Lisa Frankenstein,2024,Zelda Williams,102,tt21188080,993784,3.5,448107,6.1,32709,1,https://www.imdb.com/title/tt21188080/,https://letterboxd.com/film/lisa-frankenstein/
all-quiet-on-the-western-front-2022,All Quiet on the Western Front,2022,Edward Berger,147,tt1016150,49046,4.08,1177302,7.8,338521,1,https://www.imdb.com/title/tt1016150/,https://letterboxd.com/film/all-quiet-on-the-western-front-2022/
la-promesse,La Promesse,1996,"Jean-Pierre Dardenne, Luc Dardenne",94,tt0117398,24183,4,12258,7.7,9026,1,https://www.imdb.com/title/tt0117398/,https://letterboxd.com/film/la-promesse/
all-that-money-can-buy,All That Money Can Buy,1941,William Dieterle,107,tt0033532,29451,3.75,7140,7.5,6559,1,https://www.imdb.com/title/tt0033532/,https://letterboxd.com/film/all-that-money-can-buy/
the-wind-will-carry-us,The Wind Will Carry Us,1999,Abbas Kiarostami,118,tt0209463,43423,4.08,36307,7.4,14133,1,https://www.imdb.com/title/tt0209463/,https://letterboxd.com/film/the-wind-will-carry-us/
samurai-rebellion,Samurai Rebellion,1967,Masaki Kobayashi,121,tt0061847,27031,4.31,23868,8.3,15712,1,https://www.imdb.com/title/tt0061847/,https://letterboxd.com/film/samurai-rebellion/
zatoichi-in-desperation,Zatoichi in Desperation,1972,Shintarō Katsu,92,tt0201922,54306,3.53,1597,6.8,1304,1,https://www.imdb.com/title/tt0201922/,https://letterboxd.com/film/zatoichi-in-desperation/
zatoichi-and-the-fugitives,Zatoichi and the Fugitives,1968,Kimiyoshi Yasuda,82,tt0063835,54280,3.64,1791,7.3,1446,1,https://www.imdb.com/title/tt0063835/,https://letterboxd.com/film/zatoichi-and-the-fugitives/
the-naked-prey,The Naked Prey,1965,Cornel Wilde,96,tt0060736,18513,3.53,4204,7.3,6308,1,https://www.imdb.com/title/tt0060736/,https://letterboxd.com/film/the-naked-prey/
zatoichis-revenge,Zatoichi's Revenge,1965,Akira Inoue,84,tt0123335,54273,3.6,2348,7.3,1682,1,https://www.imdb.com/title/tt0123335/,https://letterboxd.com/film/zatoichis-revenge/
the-warrior-2001,The Warrior,2001,Asif Kapadia,86,tt0295682,23305,3.42,1066,6.6,2909,1,https://www.imdb.com/title/tt0295682/,https://letterboxd.com/film/the-warrior-2001/
sea-ballerinas,Sea Ballerinas,1956,"Jean Painlevé, Geneviève Hamon",13,tt0129859,163223,3.45,395,6.5,262,1,https://www.imdb.com/title/tt0129859/,https://letterboxd.com/film/sea-ballerinas/
manual-of-arms,Manual of Arms,1966,Hollis Frampton,17,tt2186945,149047,3.24,737,5.2,293,1,https://www.imdb.com/title/tt2186945/,https://letterboxd.com/film/manual-of-arms/
hyas-and-stenorhynchus,Hyas and Stenorhynchus,1929,Jean Painlevé,10,tt0417767,117588,3.51,1007,6.8,464,1,https://www.imdb.com/title/tt0417767/,https://letterboxd.com/film/hyas-and-stenorhynchus/
letter-never-sent,Letter Never Sent,1960,Mikhail Kalatozov,97,tt0053106,83539,4.09,13997,7.8,4910,1,https://www.imdb.com/title/tt0053106/,https://letterboxd.com/film/letter-never-sent/
the-drum,The Drum,1938,Zoltan Korda,104,tt0030082,43852,3.15,487,6.3,1049,1,https://www.imdb.com/title/tt0030082/,https://letterboxd.com/film/the-drum/
choose-me,Choose Me,1984,Alan Rudolph,106,tt0087054,42086,3.69,6202,6.7,3535,1,https://www.imdb.com/title/tt0087054/,https://letterboxd.com/film/choose-me/
io-capitano,Io Capitano,2023,Matteo Garrone,121,tt14225838,937746,3.9,69627,7.6,17993,1,https://www.imdb.com/title/tt14225838/,https://letterboxd.com/film/io-capitano/
in-vandas-room,In Vanda's Room,2000,Pedro Costa,171,tt0139500,87063,4.04,5721,7,1908,1,https://www.imdb.com/title/tt0139500/,https://letterboxd.com/film/in-vandas-room/
one-wonderful-sunday,One Wonderful Sunday,1947,Akira Kurosawa,108,tt0039871,45967,3.78,8573,7.2,4183,1,https://www.imdb.com/title/tt0039871/,https://letterboxd.com/film/one-wonderful-sunday/
the-big-city,The Big City,1963,Satyajit Ray,136,tt0057277,60567,4.25,14698,8.3,5667,1,https://www.imdb.com/title/tt0057277/,https://letterboxd.com/film/the-big-city/
imitation-of-life,Imitation of Life,1934,John M. Stahl,111,tt0025301,47921,3.54,7335,7.5,6212,1,https://www.imdb.com/title/tt0025301/,https://letterboxd.com/film/imitation-of-life/
juror-2,Juror #2,2024,Clint Eastwood,114,tt27403986,1106739,3.38,648337,7,127809,1,https://www.imdb.com/title/tt27403986/,https://letterboxd.com/film/juror-2/
dick-johnson-is-dead,Dick Johnson Is Dead,2020,Kirsten Johnson,89,tt11394180,653574,3.93,38669,7.4,7680,1,https://www.imdb.com/title/tt11394180/,https://letterboxd.com/film/dick-johnson-is-dead/
insignificance,Insignificance,1985,Nicolas Roeg,109,tt0089343,42035,3.42,5044,6.4,4306,1,https://www.imdb.com/title/tt0089343/,https://letterboxd.com/film/insignificance/
el-norte,El Norte,1983,Gregory Nava,141,tt0085482,17435,3.9,8901,7.7,6051,1,https://www.imdb.com/title/tt0085482/,https://letterboxd.com/film/el-norte/
lone-wolf-and-cub-baby-cart-in-peril,Lone Wolf and Cub: Baby Cart in Peril,1972,Buichi Saitō,81,tt0143348,41477,3.77,9282,7.5,5472,1,https://www.imdb.com/title/tt0143348/,https://letterboxd.com/film/lone-wolf-and-cub-baby-cart-in-peril/
immaculate-2024,Immaculate,2024,Michael Mohan,89,tt23137390,1041613,2.88,591170,5.8,61624,1,https://www.imdb.com/title/tt23137390/,https://letterboxd.com/film/immaculate-2024/
big-deal-on-madonna-street,Big Deal on Madonna Street,1958,Mario Monicelli,106,tt0052216,24382,4.03,21132,7.9,12899,1,https://www.imdb.com/title/tt0052216/,https://letterboxd.com/film/big-deal-on-madonna-street/
scarface,Scarface,1932,Howard Hawks,93,tt0023427,877,3.83,55562,7.7,33511,1,https://www.imdb.com/title/tt0023427/,https://letterboxd.com/film/scarface/
only-god-forgives,Only God Forgives,2013,Nicolas Winding Refn,89,tt1602613,77987,2.99,171544,5.7,123272,1,https://www.imdb.com/title/tt1602613/,https://letterboxd.com/film/only-god-forgives/
quadrille,Quadrille,1938,Sacha Guitry,95,tt0030642,76703,3.44,671,6.7,469,1,https://www.imdb.com/title/tt0030642/,https://letterboxd.com/film/quadrille/
danton-1983,Danton,1983,Andrzej Wajda,136,tt0083789,4202,3.69,8640,7.4,8449,1,https://www.imdb.com/title/tt0083789/,https://letterboxd.com/film/danton-1983/
border-radio,Border Radio,1987,"Allison Anders, Dean Lent, Kurt Voss",84,tt0090766,37497,3.05,1333,5.3,805,1,https://www.imdb.com/title/tt0090766/,https://letterboxd.com/film/border-radio/
navalny,Navalny,2022,Daniel Roher,98,tt17041964,926676,3.9,43370,7.8,67224,1,https://www.imdb.com/title/tt17041964/,https://letterboxd.com/film/navalny/
babygirl-2024,Babygirl,2024,Halina Reijn,115,tt30057084,1097549,2.67,906648,5.7,82334,1,https://www.imdb.com/title/tt30057084/,https://letterboxd.com/film/babygirl-2024/
carmen-2022-1,Carmen,2022,Benjamin Millepied,117,tt6875952,763261,3.02,11512,5.7,1544,1,https://www.imdb.com/title/tt6875952/,https://letterboxd.com/film/carmen-2022-1/
25th-hour,25th Hour,2002,Spike Lee,135,tt0307901,1429,3.86,119648,7.6,190749,1,https://www.imdb.com/title/tt0307901/,https://letterboxd.com/film/25th-hour/
investigation-of-a-citizen-above-suspicion,Investigation of a Citizen Above Suspicion,1970,Elio Petri,111,tt0065889,26451,4.22,41909,8,15479,1,https://www.imdb.com/title/tt0065889/,https://letterboxd.com/film/investigation-of-a-citizen-above-suspicion/
when-we-were-kings,When We Were Kings,1996,Leon Gast,89,tt0118147,10548,4.13,22820,7.9,19132,1,https://www.imdb.com/title/tt0118147/,https://letterboxd.com/film/when-we-were-kings/
sisters,Sisters,1972,Brian De Palma,93,tt0070698,22307,3.6,63528,6.8,23596,1,https://www.imdb.com/title/tt0070698/,https://letterboxd.com/film/sisters/
only-angels-have-wings,Only Angels Have Wings,1939,Howard Hawks,121,tt0031762,43832,4.1,30887,7.6,17448,1,https://www.imdb.com/title/tt0031762/,https://letterboxd.com/film/only-angels-have-wings/
fanny,Fanny,1932,Marc Allégret,127,tt0022877,43146,3.95,3084,7.7,2150,1,https://www.imdb.com/title/tt0022877/,https://letterboxd.com/film/fanny/
no-blood-relation,No Blood Relation,1932,Mikio Naruse,79,tt0023261,87673,3.53,1028,6.8,524,1,https://www.imdb.com/title/tt0023261/,https://letterboxd.com/film/no-blood-relation/
every-night-dreams,Every-Night Dreams,1933,Mikio Naruse,65,tt0024793,126516,3.76,1792,7.1,728,1,https://www.imdb.com/title/tt0024793/,https://letterboxd.com/film/every-night-dreams/
no-time-for-sergeants-1955-1,No Time for Sergeants,1955,Alex Segal,50,tt0394965,406484,3.36,254,6.8,155,1,https://www.imdb.com/title/tt0394965/,https://letterboxd.com/film/no-time-for-sergeants-1955-1/
the-count-of-the-old-town,The Count of the Old Town,1935,"Edvin Adolphson, Sigurd Wallén",83,tt0026737,78018,3.22,414,6,438,1,https://www.imdb.com/title/tt0026737/,https://letterboxd.com/film/the-count-of-the-old-town/
transparent-musicale-finale,Transparent: Musicale Finale,2019,Joey Soloway,102,tt7291234,620629,3.12,1222,6.2,520,1,https://www.imdb.com/title/tt7291234/,https://letterboxd.com/film/transparent-musicale-finale/
the-unbearable-lightness-of-being,The Unbearable Lightness of Being,1988,Philip Kaufman,171,tt0096332,10644,3.67,25772,7.2,40833,1,https://www.imdb.com/title/tt0096332/,https://letterboxd.com/film/the-unbearable-lightness-of-being/
the-martha-mitchell-effect,The Martha Mitchell Effect,2022,"Debra McClutchy, Anne Alvergue",40,tt16379454,914268,3.22,11357,6.6,3145,1,https://www.imdb.com/title/tt16379454/,https://letterboxd.com/film/the-martha-mitchell-effect/
the-monk-and-the-gun,The Monk and the Gun,2023,Pawo Choyning Dorji,107,tt15560314,1109237,3.75,13073,7.1,4617,1,https://www.imdb.com/title/tt15560314/,https://letterboxd.com/film/the-monk-and-the-gun/
trouble-in-paradise,Trouble in Paradise,1932,Ernst Lubitsch,83,tt0023622,195,4.12,33335,7.9,17555,1,https://www.imdb.com/title/tt0023622/,https://letterboxd.com/film/trouble-in-paradise/
the-ballad-of-jack-and-rose,The Ballad of Jack and Rose,2005,Rebecca Miller,111,tt0357110,17113,2.93,7381,6.5,12704,1,https://www.imdb.com/title/tt0357110/,https://letterboxd.com/film/the-ballad-of-jack-and-rose/
first-man-into-space,First Man into Space,1959,Robert Day,77,tt0052805,28955,2.78,2862,5.4,2024,1,https://www.imdb.com/title/tt0052805/,https://letterboxd.com/film/first-man-into-space/
contempt,Contempt,1963,Jean-Luc Godard,103,tt0057345,266,3.8,117141,7.4,39338,1,https://www.imdb.com/title/tt0057345/,https://letterboxd.com/film/contempt/
death-of-a-cyclist,Death of a Cyclist,1955,Juan Antonio Bardem,88,tt0048394,72083,3.85,8547,7.7,4910,1,https://www.imdb.com/title/tt0048394/,https://letterboxd.com/film/death-of-a-cyclist/
how-to-blow-up-a-pipeline,How to Blow Up a Pipeline,2022,Daniel Goldhaber,104,tt21440780,1008048,3.75,94165,6.8,12558,1,https://www.imdb.com/title/tt21440780/,https://letterboxd.com/film/how-to-blow-up-a-pipeline/
cul-de-sac,Cul-de-sac,1966,Roman Polanski,112,tt0060268,4772,3.57,13594,7,15005,1,https://www.imdb.com/title/tt0060268/,https://letterboxd.com/film/cul-de-sac/
the-breaking-point,The Breaking Point,1950,Michael Curtiz,97,tt0042281,37954,3.91,8553,7.5,5242,1,https://www.imdb.com/title/tt0042281/,https://letterboxd.com/film/the-breaking-point/
life-of-brian,Life of Brian,1979,Terry Jones,94,tt0079470,583,3.99,404782,8,434501,1,https://www.imdb.com/title/tt0079470/,https://letterboxd.com/film/life-of-brian/
no-bears,No Bears,2022,Jafar Panahi,107,tt20205236,974521,3.87,22683,7.2,5466,1,https://www.imdb.com/title/tt20205236/,https://letterboxd.com/film/no-bears/
acera-or-the-witches-dance,"Acera, or the Witches' Dance",1972,"Geneviève Hamon, Jean Painlevé",13,tt1441234,117596,3.6,1089,6.5,426,1,https://www.imdb.com/title/tt1441234/,https://letterboxd.com/film/acera-or-the-witches-dance/
pan-4,Pan 4,1974,Hollis Frampton,,tt2187017,163227,2.86,811,4.8,340,1,https://www.imdb.com/title/tt2187017/,https://letterboxd.com/film/pan-4/
pan-698,Pan 698,1974,Hollis Frampton,,tt2187021,166708,2.79,740,4.3,290,1,https://www.imdb.com/title/tt2187021/,https://letterboxd.com/film/pan-698/
the-in-laws,The In-Laws,1979,Arthur Hiller,103,tt0079336,19827,3.7,14323,7.3,11113,1,https://www.imdb.com/title/tt0079336/,https://letterboxd.com/film/the-in-laws/
society-of-the-snow,Society of the Snow,2023,J. A. Bayona,143,tt16277242,906126,4.15,1170010,7.8,175239,1,https://www.imdb.com/title/tt16277242/,https://letterboxd.com/film/society-of-the-snow/
the-killers,The Killers,1946,Robert Siodmak,103,tt0038669,14638,3.84,33454,7.7,26232,1,https://www.imdb.com/title/tt0038669/,https://letterboxd.com/film/the-killers/
primary,Primary,1960,Robert Drew,53,tt0054205,133,3.54,5412,7.1,1676,1,https://www.imdb.com/title/tt0054205/,https://letterboxd.com/film/primary/
snowpiercer,Snowpiercer,2013,Bong Joon Ho,127,tt1706620,110415,3.67,887352,7.1,422353,1,https://www.imdb.com/title/tt1706620/,https://letterboxd.com/film/snowpiercer/
silence,Silence,2016,Martin Scorsese,161,tt0490215,68730,4.01,277178,7.2,134827,1,https://www.imdb.com/title/tt0490215/,https://letterboxd.com/film/silence/
the-tale-of-zatoichi-continues,The Tale of Zatoichi Continues,1962,Kazuo Mori,72,tt0200309,16693,3.59,5922,7.2,3075,1,https://www.imdb.com/title/tt0200309/,https://letterboxd.com/film/the-tale-of-zatoichi-continues/
muna-moto,Muna Moto,1975,Jean-Pierre Dikongué-Pipa,90,tt0073417,257803,3.83,1854,7.1,471,1,https://www.imdb.com/title/tt0073417/,https://letterboxd.com/film/muna-moto/
a-dancers-world,A Dancer's World,1957,Peter Glushanok,31,tt1116031,151381,3.61,467,6.5,259,1,https://www.imdb.com/title/tt1116031/,https://letterboxd.com/film/a-dancers-world/
the-learning-tree,The Learning Tree,1969,Gordon Parks,107,tt0064579,91737,3.62,2529,7.2,1914,1,https://www.imdb.com/title/tt0064579/,https://letterboxd.com/film/the-learning-tree/
poison-1951,Poison,1951,Sacha Guitry,85,tt0043927,65534,3.71,2904,7.4,1935,1,https://www.imdb.com/title/tt0043927/,https://letterboxd.com/film/poison-1951/
the-octopus-1928,The Octopus,1928,Jean Painlevé,13,tt0130186,117590,3.51,2016,6.6,569,1,https://www.imdb.com/title/tt0130186/,https://letterboxd.com/film/the-octopus-1928/
megalopolis-2024,Megalopolis,2024,Francis Ford Coppola,138,tt10128846,592831,2.28,292465,4.7,42479,1,https://www.imdb.com/title/tt10128846/,https://letterboxd.com/film/megalopolis-2024/
fools-paradise-2023,Fool's Paradise,2023,Charlie Day,98,tt9013340,553147,2.3,26548,4.7,7732,1,https://www.imdb.com/title/tt9013340/,https://letterboxd.com/film/fools-paradise-2023/
gate-of-hell,Gate of Hell,1953,Teinosuke Kinugasa,86,tt0045935,43349,3.68,8760,7.1,4848,1,https://www.imdb.com/title/tt0045935/,https://letterboxd.com/film/gate-of-hell/
the-brood,The Brood,1979,David Cronenberg,92,tt0078908,28942,3.59,108854,6.8,38184,1,https://www.imdb.com/title/tt0078908/,https://letterboxd.com/film/the-brood/
sea-urchins-1929,Sea Urchins,1929,Jean Painlevé,10,tt0130168,147211,3.38,855,6.4,412,1,https://www.imdb.com/title/tt0130168/,https://letterboxd.com/film/sea-urchins-1929/
closely-watched-trains,Closely Watched Trains,1966,Jiří Menzel,93,tt0060802,789,3.94,23264,7.6,15118,1,https://www.imdb.com/title/tt0060802/,https://letterboxd.com/film/closely-watched-trains/
eves-bayou,Eve's Bayou,1997,Kasi Lemmons,108,tt0119080,45153,3.83,32407,7.2,12964,1,https://www.imdb.com/title/tt0119080/,https://letterboxd.com/film/eves-bayou/
i-wanna-hold-your-hand,I Wanna Hold Your Hand,1978,Robert Zemeckis,99,tt0077714,55457,3.66,13098,6.9,6292,1,https://www.imdb.com/title/tt0077714/,https://letterboxd.com/film/i-wanna-hold-your-hand/
sea-urchins,Sea Urchins,1954,"Geneviève Hamon, Jean Painlevé",11,tt0130169,117593,3.5,459,6.7,348,1,https://www.imdb.com/title/tt0130169/,https://letterboxd.com/film/sea-urchins/
cesar,César,1936,Marcel Pagnol,141,tt0027489,43873,3.84,2785,7.6,1847,1,https://www.imdb.com/title/tt0027489/,https://letterboxd.com/film/cesar/
christ-stopped-at-eboli,Christ Stopped at Eboli,1979,Francesco Rosi,220,tt0079010,42169,4.02,3822,7.7,4934,1,https://www.imdb.com/title/tt0079010/,https://letterboxd.com/film/christ-stopped-at-eboli/
a-wind-from-the-south-1955,A Wind from the South,1955,Daniel Petrie,50,tt0320767,406480,,,6.5,138,1,https://www.imdb.com/title/tt0320767/,https://letterboxd.com/film/a-wind-from-the-south-1955/
underworld,Underworld,1927,Josef von Sternberg,87,tt0018526,42565,3.79,5639,7.5,3909,1,https://www.imdb.com/title/tt0018526/,https://letterboxd.com/film/underworld/
the-music-room,The Music Room,1958,Satyajit Ray,100,tt0051792,822,4.07,15005,7.8,7392,1,https://www.imdb.com/title/tt0051792/,https://letterboxd.com/film/the-music-room/
maria-2024,Maria,2024,Pablo Larraín,123,tt22893404,1038263,3.35,130103,6.4,25479,1,https://www.imdb.com/title/tt22893404/,https://letterboxd.com/film/maria-2024/
love-2015,Love,2015,Gaspar Noé,134,tt3774694,292431,3.17,172104,6.1,74271,1,https://www.imdb.com/title/tt3774694/,https://letterboxd.com/film/love-2015/
pan-699,Pan 699,1974,Hollis Frampton,,tt2187023,166709,2.19,981,3.7,289,1,https://www.imdb.com/title/tt2187023/,https://letterboxd.com/film/pan-699/
kalpana-1948,Kalpana,1948,Uday Shankar,154,tt0311384,177813,3.57,541,6.4,192,1,https://www.imdb.com/title/tt0311384/,https://letterboxd.com/film/kalpana-1948/
appropriate-behavior,Appropriate Behavior,2014,Desiree Akhavan,90,tt3077108,249916,3.39,13927,6.5,5133,1,https://www.imdb.com/title/tt3077108/,https://letterboxd.com/film/appropriate-behavior/
the-thick-walled-room,The Thick-Walled Room,1956,Masaki Kobayashi,110,tt0134756,159412,3.63,1526,7,747,1,https://www.imdb.com/title/tt0134756/,https://letterboxd.com/film/the-thick-walled-room/
kims-video,Kim's Video,2023,"David Redmon, Ashley Sabin",89,tt24132144,1058673,3.38,7680,6.9,1200,1,https://www.imdb.com/title/tt24132144/,https://letterboxd.com/film/kims-video/
prisoners-of-the-land,Prisoners of the Land,1939,Mario Soffici,87,tt0176049,335367,3.62,2208,7,413,1,https://www.imdb.com/title/tt0176049/,https://letterboxd.com/film/prisoners-of-the-land/
drunken-angel,Drunken Angel,1948,Akira Kurosawa,98,tt0040979,25858,3.91,32638,7.6,14903,1,https://www.imdb.com/title/tt0040979/,https://letterboxd.com/film/drunken-angel/
monte-carlo-1930,Monte Carlo,1930,Ernst Lubitsch,90,tt0021153,105067,3.33,2337,6.6,1667,1,https://www.imdb.com/title/tt0021153/,https://letterboxd.com/film/monte-carlo-1930/
bergman-island,Bergman Island,2006,Marie Nyreröd,84,tt0469772,106194,3.67,1546,7.6,1095,1,https://www.imdb.com/title/tt0469772/,https://letterboxd.com/film/bergman-island/
the-shrouds,The Shrouds,2024,David Cronenberg,120,tt20212786,970947,2.99,72004,5.7,9344,1,https://www.imdb.com/title/tt20212786/,https://letterboxd.com/film/the-shrouds/
le-deuxieme-souffle,Le Deuxième Souffle,1966,Jean-Pierre Melville,150,tt0060305,25047,3.98,8929,7.9,7456,1,https://www.imdb.com/title/tt0060305/,https://letterboxd.com/film/le-deuxieme-souffle/
night-journey,Night Journey,1960,Alexander Hammid,29,tt0422824,132375,3.47,359,6.2,202,1,https://www.imdb.com/title/tt0422824/,https://letterboxd.com/film/night-journey/
simon-of-the-desert,Simon of the Desert,1965,Luis Buñuel,45,tt0059719,36265,3.99,23005,7.8,11885,1,https://www.imdb.com/title/tt0059719/,https://letterboxd.com/film/simon-of-the-desert/
zatoichis-cane-sword,Zatoichi's Cane Sword,1967,Kimiyoshi Yasuda,93,tt0186725,54277,3.6,1914,7.4,1541,1,https://www.imdb.com/title/tt0186725/,https://letterboxd.com/film/zatoichis-cane-sword/
limelight,Limelight,1952,Charlie Chaplin,137,tt0044837,28971,4.15,25295,8,24055,1,https://www.imdb.com/title/tt0044837/,https://letterboxd.com/film/limelight/
living-2022,Living,2022,Oliver Hermanus,102,tt9051908,760099,3.59,71007,7.2,40015,1,https://www.imdb.com/title/tt9051908/,https://letterboxd.com/film/living-2022/
the-host,The Host,2006,Bong Joon Ho,120,tt0468492,1255,3.76,320591,7.1,143543,1,https://www.imdb.com/title/tt0468492/,https://letterboxd.com/film/the-host/
conclave,Conclave,2024,Edward Berger,120,tt20215234,974576,3.92,1948017,7.4,280813,1,https://www.imdb.com/title/tt20215234/,https://letterboxd.com/film/conclave/
the-last-command,The Last Command,1928,Josef von Sternberg,88,tt0019071,52679,3.98,5956,7.9,5097,1,https://www.imdb.com/title/tt0019071/,https://letterboxd.com/film/the-last-command/
the-naked-island,The Naked Island,1960,Kaneto Shindō,97,tt0056049,3764,4.17,10554,8,6838,1,https://www.imdb.com/title/tt0056049/,https://letterboxd.com/film/the-naked-island/
new-tale-of-zatoichi,New Tale of Zatoichi,1963,Tokuzō Tanaka,91,tt0057503,18510,3.64,4685,7.3,2628,1,https://www.imdb.com/title/tt0057503/,https://letterboxd.com/film/new-tale-of-zatoichi/
adventures-of-zatoichi,Adventures of Zatoichi,1964,Kimiyoshi Yasuda,86,tt0164984,54272,3.43,2492,7.1,1683,1,https://www.imdb.com/title/tt0164984/,https://letterboxd.com/film/adventures-of-zatoichi/
basquiat,Basquiat,1996,Julian Schnabel,107,tt0115632,549,3.42,35055,6.9,23918,1,https://www.imdb.com/title/tt0115632/,https://letterboxd.com/film/basquiat/
a-canterbury-tale,A Canterbury Tale,1944,"Michael Powell, Emeric Pressburger",125,tt0036695,15696,3.8,9684,7.3,7292,1,https://www.imdb.com/title/tt0036695/,https://letterboxd.com/film/a-canterbury-tale/
mambar-pierrette,Mambar Pierrette,2023,Rosine Mbakam,93,tt27819782,1114896,3.55,1070,6.6,160,1,https://www.imdb.com/title/tt27819782/,https://letterboxd.com/film/mambar-pierrette/
babettes-feast,Babette's Feast,1987,Gabriel Axel,104,tt0092603,11832,4.06,37175,7.7,24064,1,https://www.imdb.com/title/tt0092603/,https://letterboxd.com/film/babettes-feast/
intermezzo,Intermezzo,1936,Gustaf Molander,93,tt0027796,125891,3.29,1528,6.5,1522,1,https://www.imdb.com/title/tt0027796/,https://letterboxd.com/film/intermezzo/
the-sounds-of-science,The Sounds of Science,2001,Jean Painlevé,78,tt3228402,293917,3.73,493,7.2,36,1,https://www.imdb.com/title/tt3228402/,https://letterboxd.com/film/the-sounds-of-science/
enter-the-void,Enter the Void,2009,Gaspar Noé,161,tt1191111,34647,3.77,255635,7.2,94952,1,https://www.imdb.com/title/tt1191111/,https://letterboxd.com/film/enter-the-void/
the-babadook,The Babadook,2014,Jennifer Kent,94,tt2321549,242224,3.3,791990,6.8,270958,1,https://www.imdb.com/title/tt2321549/,https://letterboxd.com/film/the-babadook/
blackberry-2023,BlackBerry,2023,Matt Johnson,120,tt21867434,1016084,3.77,267312,7.3,71010,1,https://www.imdb.com/title/tt21867434/,https://letterboxd.com/film/blackberry-2023/
la-bete-humaine,La Bête Humaine,1938,Jean Renoir,98,tt0029957,29415,3.75,11957,7.5,9037,1,https://www.imdb.com/title/tt0029957/,https://letterboxd.com/film/la-bete-humaine/
we-grown-now,We Grown Now,2023,Minhal Baig,95,tt28639049,1163186,3.69,6569,6.8,1454,1,https://www.imdb.com/title/tt28639049/,https://letterboxd.com/film/we-grown-now/
janet-planet,Janet Planet,2023,Annie Baker,113,tt28366692,1037035,3.59,47226,6.1,4017,1,https://www.imdb.com/title/tt28366692/,https://letterboxd.com/film/janet-planet/
marriage-story-2019,Marriage Story,2019,Noah Baumbach,137,tt7653254,492188,4.01,1409845,7.9,372965,1,https://www.imdb.com/title/tt7653254/,https://letterboxd.com/film/marriage-story-2019/
revanche,Revanche,2008,Götz Spielmann,121,tt1173745,15451,3.98,16528,7.5,17259,1,https://www.imdb.com/title/tt1173745/,https://letterboxd.com/film/revanche/
dry-summer,Dry Summer,1963,Metin Erksan,90,tt0062322,58897,3.81,10567,7.8,6735,1,https://www.imdb.com/title/tt0062322/,https://letterboxd.com/film/dry-summer/
rupture,Rupture,1961,"Pierre Étaix, Jean-Claude Carrière",11,tt0411819,188191,3.58,1040,7,765,1,https://www.imdb.com/title/tt0411819/,https://letterboxd.com/film/rupture/
the-two-faces-of-a-bamileke-woman,The Two Faces of a Bamileke Woman,2018,Rosine Mbakam,77,tt9135014,475327,3.62,281,7.2,40,1,https://www.imdb.com/title/tt9135014/,https://letterboxd.com/film/the-two-faces-of-a-bamileke-woman/
shrimp-stories,Shrimp Stories,1964,"Geneviève Hamon, Jean Painlevé",10,tt1441288,163146,3.46,702,6.4,368,1,https://www.imdb.com/title/tt1441288/,https://letterboxd.com/film/shrimp-stories/
barbie,Barbie,2023,Greta Gerwig,114,tt1517268,346698,3.68,5787618,6.8,693485,1,https://www.imdb.com/title/tt1517268/,https://letterboxd.com/film/barbie/
a-murder-at-the-end-of-the-world,A Murder at the End of the World,2023,"Brit Marling, Zal Batmanglij",425,tt15227418,,3.56,18071,7,32841,1,https://www.imdb.com/title/tt15227418/,https://letterboxd.com/film/a-murder-at-the-end-of-the-world/
all-we-imagine-as-light,All We Imagine as Light,2024,Payal Kapadia,118,tt32086077,927547,3.87,104986,7,14054,1,https://www.imdb.com/title/tt32086077/,https://letterboxd.com/film/all-we-imagine-as-light/
riot-in-cell-block-11,Riot in Cell Block 11,1954,Don Siegel,80,tt0047417,28023,3.6,4726,7,2714,1,https://www.imdb.com/title/tt0047417/,https://letterboxd.com/film/riot-in-cell-block-11/
ida,Ida,2013,Paweł Pawlikowski,82,tt2718492,209274,4.05,97039,7.4,63321,1,https://www.imdb.com/title/tt2718492/,https://letterboxd.com/film/ida/
good-one,Good One,2024,India Donaldson,90,tt30319516,1122618,3.67,25563,6.7,4155,1,https://www.imdb.com/title/tt30319516/,https://letterboxd.com/film/good-one/
cairo-station,Cairo Station,1958,Youssef Chahine,77,tt0051390,47324,3.82,18588,7.5,6250,1,https://www.imdb.com/title/tt0051390/,https://letterboxd.com/film/cairo-station/
the-red-head,The Red Head,1932,Julien Duvivier,91,tt0023345,92413,3.76,819,7.5,830,1,https://www.imdb.com/title/tt0023345/,https://letterboxd.com/film/the-red-head/
devi,Devi,1960,Satyajit Ray,99,tt0053765,43031,4.07,14256,7.8,3445,1,https://www.imdb.com/title/tt0053765/,https://letterboxd.com/film/devi/
little-men-2016,Little Men,2016,Ira Sachs,85,tt4919484,373473,3.51,10376,6.7,8196,1,https://www.imdb.com/title/tt4919484/,https://letterboxd.com/film/little-men-2016/
blast-of-silence,Blast of Silence,1961,Allen Baron,77,tt0054687,32008,3.82,15573,7.4,6431,1,https://www.imdb.com/title/tt0054687/,https://letterboxd.com/film/blast-of-silence/
jungle-book,Jungle Book,1942,Zoltan Korda,106,tt0034928,23033,3.38,3203,6.7,5091,1,https://www.imdb.com/title/tt0034928/,https://letterboxd.com/film/jungle-book/
feeling-good,Feeling Good,1966,Pierre Étaix,12,tt1708524,207123,3.42,519,6.6,447,1,https://www.imdb.com/title/tt1708524/,https://letterboxd.com/film/feeling-good/
love-affair-or-the-case-of-the-missing-switchboard-operator,"Love Affair, or the Case of the Missing Switchboard Operator",1967,Dušan Makavejev,69,tt0061912,42696,3.7,3237,7.3,2162,1,https://www.imdb.com/title/tt0061912/,https://letterboxd.com/film/love-affair-or-the-case-of-the-missing-switchboard-operator/
the-funeral,The Funeral,1984,Jūzō Itami,125,tt0089746,42095,3.83,9292,7.2,2322,1,https://www.imdb.com/title/tt0089746/,https://letterboxd.com/film/the-funeral/
author-the-jt-leroy-story,Author: The JT LeRoy Story,2016,Jeff Feuerzeig,110,tt5278462,373348,3.58,2704,7.1,1326,1,https://www.imdb.com/title/tt5278462/,https://letterboxd.com/film/author-the-jt-leroy-story/
emilia-perez,Emilia Pérez,2024,Jacques Audiard,132,tt20221436,974950,2.02,613267,5.3,132367,1,https://www.imdb.com/title/tt20221436/,https://letterboxd.com/film/emilia-perez/
the-burmese-harp,The Burmese Harp,1956,Kon Ichikawa,117,tt0049012,33319,4.14,9793,8,7280,1,https://www.imdb.com/title/tt0049012/,https://letterboxd.com/film/the-burmese-harp/
godzilla-vs-biollante,Godzilla vs. Biollante,1989,Kazuki Ōmori,105,tt0097444,18289,3.51,33011,6.5,8455,1,https://www.imdb.com/title/tt0097444/,https://letterboxd.com/film/godzilla-vs-biollante/
amy-2015,Amy,2015,Asif Kapadia,128,tt2870648,331781,4.05,130658,7.8,57990,1,https://www.imdb.com/title/tt2870648/,https://letterboxd.com/film/amy-2015/
june-night,June Night,1940,Per Lindberg,90,tt0032655,64926,3.22,739,6,802,1,https://www.imdb.com/title/tt0032655/,https://letterboxd.com/film/june-night/
moonage-daydream,Moonage Daydream,2022,Brett Morgen,135,tt9883832,957457,4.04,90344,7.6,16514,1,https://www.imdb.com/title/tt9883832/,https://letterboxd.com/film/moonage-daydream/
the-right-stuff,The Right Stuff,1983,Philip Kaufman,193,tt0086197,9549,4.02,40486,7.8,68066,1,https://www.imdb.com/title/tt0086197/,https://letterboxd.com/film/the-right-stuff/
appalachian-spring-1959,Appalachian Spring,1959,Peter Glushanok,32,tt0478971,258233,3.54,425,6.4,249,1,https://www.imdb.com/title/tt0478971/,https://letterboxd.com/film/appalachian-spring-1959/
enys-men,Enys Men,2022,Mark Jenkin,90,tt11698800,740049,3.07,31268,5.6,4554,1,https://www.imdb.com/title/tt11698800/,https://letterboxd.com/film/enys-men/
alambrista,Alambrista!,1977,Robert M. Young,96,tt0075654,86975,3.81,1850,7.3,916,1,https://www.imdb.com/title/tt0075654/,https://letterboxd.com/film/alambrista/
grip-of-the-strangler,Grip of the Strangler,1958,Robert Day,78,tt0051706,86667,3.04,3005,6.2,2419,1,https://www.imdb.com/title/tt0051706/,https://letterboxd.com/film/grip-of-the-strangler/
first-time-female-director,First Time Female Director,2023,Chelsea Peretti,97,tt21285728,999887,2.63,1923,4.4,505,1,https://www.imdb.com/title/tt21285728/,https://letterboxd.com/film/first-time-female-director/
the-makioka-sisters,The Makioka Sisters,1983,Kon Ichikawa,140,tt0086242,42116,3.66,2212,7.2,1929,1,https://www.imdb.com/title/tt0086242/,https://letterboxd.com/film/the-makioka-sisters/
zatoichi-at-large,Zatoichi at Large,1972,Kazuo Mori,88,tt0202153,54284,3.25,1535,6.8,1249,1,https://www.imdb.com/title/tt0202153/,https://letterboxd.com/film/zatoichi-at-large/
the-black-stallion,The Black Stallion,1979,Carroll Ballard,118,tt0078872,17264,3.68,12845,7.4,15378,1,https://www.imdb.com/title/tt0078872/,https://letterboxd.com/film/the-black-stallion/
sasquatch-sunset,Sasquatch Sunset,2024,"David Zellner, Nathan Zellner",89,tt30180830,1015634,2.79,33052,5.4,6305,1,https://www.imdb.com/title/tt30180830/,https://letterboxd.com/film/sasquatch-sunset/
the-irishman-2019,The Irishman,2019,Martin Scorsese,209,tt1302006,398978,3.91,943112,7.8,474767,1,https://www.imdb.com/title/tt1302006/,https://letterboxd.com/film/the-irishman-2019/
the-brutalist,The Brutalist,2024,Brady Corbet,215,tt8999762,549509,3.89,777071,7.2,157806,1,https://www.imdb.com/title/tt8999762/,https://letterboxd.com/film/the-brutalist/
take-me-somewhere-nice,Take Me Somewhere Nice,2019,Ena Sendijarević,92,tt8567342,572979,3.33,5231,6.3,1817,1,https://www.imdb.com/title/tt8567342/,https://letterboxd.com/film/take-me-somewhere-nice/
the-matrix,The Matrix,1999,"Lana Wachowski, Lilly Wachowski",136,tt0133093,603,4.18,2892679,8.7,2256747,1,https://www.imdb.com/title/tt0133093/,https://letterboxd.com/film/the-matrix/
bad-things,Bad Things,2023,Stewart Thorndike,83,tt27542845,1114928,2.31,4757,3.7,1114,1,https://www.imdb.com/title/tt27542845/,https://letterboxd.com/film/bad-things/
i-live-in-fear,I Live in Fear,1955,Akira Kurosawa,103,tt0048198,21490,3.74,10224,7.3,6185,1,https://www.imdb.com/title/tt0048198/,https://letterboxd.com/film/i-live-in-fear/
mr-arkadin,Mr. Arkadin,1955,Orson Welles,107,tt0048393,44026,3.7,13310,7.1,10088,1,https://www.imdb.com/title/tt0048393/,https://letterboxd.com/film/mr-arkadin/
the-baron-of-arizona,The Baron of Arizona,1950,Samuel Fuller,97,tt0042229,37329,3.43,3752,6.9,2754,1,https://www.imdb.com/title/tt0042229/,https://letterboxd.com/film/the-baron-of-arizona/
senna,Senna,2010,Asif Kapadia,106,tt1424432,58496,4.26,101285,8.4,83818,1,https://www.imdb.com/title/tt1424432/,https://letterboxd.com/film/senna/
la-vie-de-boheme,La Vie de Bohème,1992,Aki Kaurismäki,103,tt0105750,28212,3.97,12611,7.5,7228,1,https://www.imdb.com/title/tt0105750/,https://letterboxd.com/film/la-vie-de-boheme/
the-atomic-submarine,The Atomic Submarine,1959,Spencer Gordon Bennet,72,tt0052587,37467,2.68,2172,5.1,2206,1,https://www.imdb.com/title/tt0052587/,https://letterboxd.com/film/the-atomic-submarine/
like-someone-in-love,Like Someone in Love,2012,Abbas Kiarostami,109,tt1843287,102001,3.82,33183,7,13841,1,https://www.imdb.com/title/tt1843287/,https://letterboxd.com/film/like-someone-in-love/
fingernails,Fingernails,2023,Christos Nikou,113,tt13968674,790459,2.95,43377,5.8,10678,1,https://www.imdb.com/title/tt13968674/,https://letterboxd.com/film/fingernails/
the-innocent-2022,The Innocent,2022,Louis Garrel,99,tt19841734,919573,3.58,29152,6.6,4836,1,https://www.imdb.com/title/tt19841734/,https://letterboxd.com/film/the-innocent-2022/
zatoichis-flashing-sword,Zatoichi's Flashing Sword,1964,Kazuo Ikehiro,82,tt0191664,54265,3.61,2828,7.2,1868,1,https://www.imdb.com/title/tt0191664/,https://letterboxd.com/film/zatoichis-flashing-sword/
how-to-get-ahead-in-advertising,How to Get Ahead in Advertising,1989,Bruce Robinson,95,tt0097531,14776,3.61,10693,6.8,7115,1,https://www.imdb.com/title/tt0097531/,https://letterboxd.com/film/how-to-get-ahead-in-advertising/
downsizing,Downsizing,2017,Alexander Payne,135,tt1389072,301337,2.39,215463,5.8,138050,1,https://www.imdb.com/title/tt1389072/,https://letterboxd.com/film/downsizing/
ghost-world,Ghost World,2001,Terry Zwigoff,111,tt0162346,1548,3.58,237854,7.3,131191,1,https://www.imdb.com/title/tt0162346/,https://letterboxd.com/film/ghost-world/
coco-2017,Coco,2017,Lee Unkrich,105,tt2380307,354912,4.13,3076833,8.4,713711,1,https://www.imdb.com/title/tt2380307/,https://letterboxd.com/film/coco-2017/
daliland,Dalíland,2022,Mary Harron,97,tt8399658,522925,2.73,4999,5.9,3161,1,https://www.imdb.com/title/tt8399658/,https://letterboxd.com/film/daliland/
surface-tension,Surface Tension,1968,Hollis Frampton,10,tt0131042,154656,3.36,1883,5.8,472,1,https://www.imdb.com/title/tt0131042/,https://letterboxd.com/film/surface-tension/
in-the-realm-of-the-senses,In the Realm of the Senses,1976,Nagisa Ōshima,105,tt0074102,5879,3.62,47532,6.6,25312,1,https://www.imdb.com/title/tt0074102/,https://letterboxd.com/film/in-the-realm-of-the-senses/
a-story-from-chikamatsu,A Story from Chikamatsu,1954,Kenji Mizoguchi,102,tt0046851,35861,4.16,9795,8,5473,1,https://www.imdb.com/title/tt0046851/,https://letterboxd.com/film/a-story-from-chikamatsu/
night-and-the-city,Night and the City,1950,Jules Dassin,95,tt0042788,19119,4.04,18466,7.8,16600,1,https://www.imdb.com/title/tt0042788/,https://letterboxd.com/film/night-and-the-city/
la-verite-1960,The Truth,1960,Henri-Georges Clouzot,127,tt0054452,61711,4.02,13271,7.6,5539,1,https://www.imdb.com/title/tt0054452/,https://letterboxd.com/film/la-verite-1960/
moonlight-2016,Moonlight,2016,Barry Jenkins,111,tt4975722,376867,4.2,1498926,7.4,353563,1,https://www.imdb.com/title/tt4975722/,https://letterboxd.com/film/moonlight-2016/
patterns-1955,Patterns,1955,Fielder Cook,53,tt0622424,979959,3.46,343,7.8,159,1,https://www.imdb.com/title/tt0622424/,https://letterboxd.com/film/patterns-1955/
liquid-crystals,Liquid Crystals,1978,Jean Painlevé,6,tt1441254,146815,3.71,1201,6.7,464,1,https://www.imdb.com/title/tt1441254/,https://letterboxd.com/film/liquid-crystals/
performance,Performance,1970,"Nicolas Roeg, Donald Cammell",106,tt0066214,26606,3.59,20751,6.7,12260,1,https://www.imdb.com/title/tt0066214/,https://letterboxd.com/film/performance/
gloria-1979,Gloria!,1979,Hollis Frampton,10,tt2186791,147168,3.29,725,4.9,316,1,https://www.imdb.com/title/tt2186791/,https://letterboxd.com/film/gloria-1979/
spaceman-2024,Spaceman,2024,Johan Renck,108,tt11097384,636706,3.02,151187,5.7,47944,1,https://www.imdb.com/title/tt11097384/,https://letterboxd.com/film/spaceman-2024/
control-2007,Control,2007,Anton Corbijn,122,tt0421082,5708,3.92,96236,7.6,71757,1,https://www.imdb.com/title/tt0421082/,https://letterboxd.com/film/control-2007/
how-some-jellyfish-are-born,How Some Jellyfish Are Born,1960,"Jean Painlevé, Geneviève Hamon",14,tt0129836,117594,3.45,693,6.5,359,1,https://www.imdb.com/title/tt0129836/,https://letterboxd.com/film/how-some-jellyfish-are-born/
toni,Toni,1935,Jean Renoir,84,tt0025898,51949,3.75,5240,7.2,2302,1,https://www.imdb.com/title/tt0025898/,https://letterboxd.com/film/toni/
asteroid-city,Asteroid City,2023,Wes Anderson,105,tt14230388,747188,3.47,1105012,6.4,145578,1,https://www.imdb.com/title/tt14230388/,https://letterboxd.com/film/asteroid-city/
demon-pond-1979,Demon Pond,1979,Masahiro Shinoda,124,tt0079041,117215,3.71,7936,7,1248,1,https://www.imdb.com/title/tt0079041/,https://letterboxd.com/film/demon-pond-1979/
american-fiction,American Fiction,2023,Cord Jefferson,117,tt23561236,1056360,3.74,547656,7.5,153588,1,https://www.imdb.com/title/tt23561236/,https://letterboxd.com/film/american-fiction/
colossal-youth,Colossal Youth,2006,Pedro Costa,155,tt0460480,82404,4.01,4518,6.8,1888,1,https://www.imdb.com/title/tt0460480/,https://letterboxd.com/film/colossal-youth/
plan-75-2022,Plan 75,2022,Chie Hayakawa,113,tt19719904,958487,3.53,12065,6.6,3076,1,https://www.imdb.com/title/tt19719904/,https://letterboxd.com/film/plan-75-2022/
joyce-at-34,Joyce at 34,1972,"Joyce Chopra, Claudia Weill",28,tt1503716,255734,3.78,1312,7.1,154,1,https://www.imdb.com/title/tt1503716/,https://letterboxd.com/film/joyce-at-34/
phantom-thread,Phantom Thread,2017,Paul Thomas Anderson,130,tt5776858,400617,4.17,657239,7.4,162822,1,https://www.imdb.com/title/tt5776858/,https://letterboxd.com/film/phantom-thread/
the-iron-claw-2023,The Iron Claw,2023,Sean Durkin,133,tt21064584,850165,4.11,1065911,7.5,120216,1,https://www.imdb.com/title/tt21064584/,https://letterboxd.com/film/the-iron-claw-2023/
we-the-animals,We the Animals,2018,Jeremiah Zagar,93,tt7681824,490000,3.8,12561,6.9,4808,1,https://www.imdb.com/title/tt7681824/,https://letterboxd.com/film/we-the-animals/
the-big-risk,The Big Risk,1960,Claude Sautet,110,tt0052698,34145,3.79,5409,7.5,5104,1,https://www.imdb.com/title/tt0052698/,https://letterboxd.com/film/the-big-risk/
missing,Missing,1982,Costa-Gavras,123,tt0084335,15600,3.94,23023,7.7,24471,1,https://www.imdb.com/title/tt0084335/,https://letterboxd.com/film/missing/
arsenic-and-old-lace,Arsenic and Old Lace,1944,Frank Capra,118,tt0036613,212,3.97,64405,7.9,77728,1,https://www.imdb.com/title/tt0036613/,https://letterboxd.com/film/arsenic-and-old-lace/
maitresse,Maîtresse,1976,Barbet Schroeder,112,tt0074883,46978,3.41,3836,6.5,2688,1,https://www.imdb.com/title/tt0074883/,https://letterboxd.com/film/maitresse/
deep-crimson,Deep Crimson,1996,Arturo Ripstein,111,tt0117394,47007,3.74,4759,7.1,2479,1,https://www.imdb.com/title/tt0117394/,https://letterboxd.com/film/deep-crimson/
the-times-of-harvey-milk,The Times of Harvey Milk,1984,Rob Epstein,90,tt0088275,33138,4.14,13033,8.2,7231,1,https://www.imdb.com/title/tt0088275/,https://letterboxd.com/film/the-times-of-harvey-milk/
killers-kiss,Killer's Kiss,1955,Stanley Kubrick,68,tt0048254,10056,3.15,47048,6.5,28356,1,https://www.imdb.com/title/tt0048254/,https://letterboxd.com/film/killers-kiss/
pictures-of-ghosts,Pictures of Ghosts,2023,Kleber Mendonça Filho,93,tt27502227,1112548,3.9,39834,7.6,2671,1,https://www.imdb.com/title/tt27502227/,https://letterboxd.com/film/pictures-of-ghosts/
ossos,Ossos,1997,Pedro Costa,97,tt0119844,55700,3.66,5960,6.8,1927,1,https://www.imdb.com/title/tt0119844/,https://letterboxd.com/film/ossos/
night-moves,Night Moves,1975,Arthur Penn,100,tt0073453,32042,3.77,51508,7.1,21378,1,https://www.imdb.com/title/tt0073453/,https://letterboxd.com/film/night-moves/
crazed-fruit,Crazed Fruit,1956,Kō Nakahira,86,tt0160440,86664,3.67,4573,7.2,2494,1,https://www.imdb.com/title/tt0160440/,https://letterboxd.com/film/crazed-fruit/
young-torless,Young Törless,1966,Volker Schlöndorff,87,tt0060574,45694,3.7,3493,7.2,2934,1,https://www.imdb.com/title/tt0060574/,https://letterboxd.com/film/young-torless/
the-river,The River,1951,Jean Renoir,99,tt0043972,45218,3.8,12977,7.4,7428,1,https://www.imdb.com/title/tt0043972/,https://letterboxd.com/film/the-river/
a-man-and-a-woman,A Man and a Woman,1966,Claude Lelouch,102,tt0061138,42726,4.07,29854,7.5,13660,1,https://www.imdb.com/title/tt0061138/,https://letterboxd.com/film/a-man-and-a-woman/
sanjuro,Sanjuro,1962,Akira Kurosawa,96,tt0056443,11712,4.15,69810,8,43370,1,https://www.imdb.com/title/tt0056443/,https://letterboxd.com/film/sanjuro/
monsieur-verdoux,Monsieur Verdoux,1947,Charlie Chaplin,124,tt0039631,30588,4,21314,7.8,20659,1,https://www.imdb.com/title/tt0039631/,https://letterboxd.com/film/monsieur-verdoux/
antonio-gaudi,Antonio Gaudí,1984,Hiroshi Teshigahara,72,tt0086907,37239,3.77,4553,7.2,1874,1,https://www.imdb.com/title/tt0086907/,https://letterboxd.com/film/antonio-gaudi/
the-bad-sleep-well,The Bad Sleep Well,1960,Akira Kurosawa,150,tt0054460,31589,4.12,27552,7.9,15607,1,https://www.imdb.com/title/tt0054460/,https://letterboxd.com/film/the-bad-sleep-well/
neptune-frost,Neptune Frost,2021,"Anisia Uzeyman, Saul Williams",110,tt11873472,671109,3.56,11408,6.5,1301,1,https://www.imdb.com/title/tt11873472/,https://letterboxd.com/film/neptune-frost/
the-circus,The Circus,1928,Charlie Chaplin,72,tt0018773,28978,4.07,48145,8.1,38677,1,https://www.imdb.com/title/tt0018773/,https://letterboxd.com/film/the-circus/
safety-last,Safety Last!,1923,"Fred C. Newmeyer, Sam Taylor",73,tt0014429,22596,4.12,50230,8.1,24934,1,https://www.imdb.com/title/tt0014429/,https://letterboxd.com/film/safety-last/
the-order-2024,The Order,2024,Justin Kurzel,116,tt26625693,1082195,3.48,146665,6.8,63237,1,https://www.imdb.com/title/tt26625693/,https://letterboxd.com/film/the-order-2024/
the-overnight,The Overnight,2015,Patrick Brice,79,tt3844362,308024,3.12,18443,6.1,18107,1,https://www.imdb.com/title/tt3844362/,https://letterboxd.com/film/the-overnight/
anora-2024,Anora,2024,Sean Baker,139,tt28607951,1064213,3.78,2481613,7.4,295383,1,https://www.imdb.com/title/tt28607951/,https://letterboxd.com/film/anora/
creep-2014,Creep,2014,Patrick Brice,82,tt2428170,250574,3.34,619386,6.3,85292,1,https://www.imdb.com/title/tt2428170/,https://letterboxd.com/film/creep-2014/
the-double-2013,The Double,2013,Richard Ayoade,93,tt1825157,146015,3.58,81197,6.4,55693,1,https://www.imdb.com/title/tt1825157/,https://letterboxd.com/film/the-double-2013/
bobi-wine-the-peoples-president,Bobi Wine: The People's President,2022,"Moses Bwayo, Christopher Sharp",113,tt21376900,1004683,3.56,8930,7.1,1995,1,https://www.imdb.com/title/tt21376900/,https://letterboxd.com/film/bobi-wine-the-peoples-president/
zodiac,Zodiac,2007,David Fincher,157,tt0443706,1949,4.02,1974616,7.7,677635,1,https://www.imdb.com/title/tt0443706/,https://letterboxd.com/film/zodiac/
equinox,Equinox,1970,"Jack Woods, Dennis Muren",82,tt0067055,28681,2.82,6000,5.2,3922,1,https://www.imdb.com/title/tt0067055/,https://letterboxd.com/film/equinox/
el,Él,1953,Luis Buñuel,92,tt0045361,43344,3.98,15503,7.9,7424,1,https://www.imdb.com/title/tt0045361/,https://letterboxd.com/film/el/
the-emigrants,The Emigrants,1971,Jan Troell,191,tt0067919,40732,4.22,8251,8,8313,1,https://www.imdb.com/title/tt0067919/,https://letterboxd.com/film/the-emigrants/
the-strange-one,The Strange One,1957,Jack Garfein,100,tt0051019,80264,3.47,1575,6.9,1479,1,https://www.imdb.com/title/tt0051019/,https://letterboxd.com/film/the-strange-one/
zorns-lemma,Zorns Lemma,1970,Hollis Frampton,60,tt0131149,88276,3.79,2928,6.4,915,1,https://www.imdb.com/title/tt0131149/,https://letterboxd.com/film/zorns-lemma/
carrots-peas,Carrots & Peas,1969,Hollis Frampton,6,tt0130537,166704,2.62,1388,4.2,398,1,https://www.imdb.com/title/tt0130537/,https://letterboxd.com/film/carrots-peas/
life-dances-on-1937,Life Dances On,1937,Julien Duvivier,130,tt0029706,92257,3.74,1067,7.4,1124,1,https://www.imdb.com/title/tt0029706/,https://letterboxd.com/film/life-dances-on-1937/
zatoichi-and-the-chest-of-gold,Zatoichi and the Chest of Gold,1964,Kazuo Ikehiro,83,tt0130377,40897,3.77,3461,7.3,2022,1,https://www.imdb.com/title/tt0130377/,https://letterboxd.com/film/zatoichi-and-the-chest-of-gold/
the-story-of-the-last-chrysanthemum,The Story of the Last Chrysanthemum,1939,Kenji Mizoguchi,144,tt0032156,46069,4.14,9600,7.7,4912,1,https://www.imdb.com/title/tt0032156/,https://letterboxd.com/film/the-story-of-the-last-chrysanthemum/
similarities-between-length-and-speed,Similarities Between Length and Speed,1937,Jean Painlevé,10,tt1446165,163368,3.35,355,6,245,1,https://www.imdb.com/title/tt1446165/,https://letterboxd.com/film/similarities-between-length-and-speed/
may-december,May December,2023,Todd Haynes,117,tt13651794,839369,3.64,630931,6.7,73370,1,https://www.imdb.com/title/tt13651794/,https://letterboxd.com/film/may-december/
carol-2015,Carol,2015,Todd Haynes,118,tt2402927,258480,4.02,665461,7.3,154254,1,https://www.imdb.com/title/tt2402927/,https://letterboxd.com/film/carol-2015/
about-dry-grasses,About Dry Grasses,2023,Nuri Bilge Ceylan,197,tt13231544,665733,4.03,59701,7.7,19738,1,https://www.imdb.com/title/tt13231544/,https://letterboxd.com/film/about-dry-grasses/
the-steel-helmet,The Steel Helmet,1951,Samuel Fuller,85,tt0044072,46872,3.81,7439,7.4,5220,1,https://www.imdb.com/title/tt0044072/,https://letterboxd.com/film/the-steel-helmet/
le-plaisir,Le Plaisir,1952,Max Ophüls,97,tt0045034,43360,3.93,8873,7.5,5841,1,https://www.imdb.com/title/tt0045034/,https://letterboxd.com/film/le-plaisir/
wild-90,Wild 90,1968,Norman Mailer,82,tt0062492,117428,2.86,225,3.3,166,1,https://www.imdb.com/title/tt0062492/,https://letterboxd.com/film/wild-90/
marius,Marius,1931,Alexander Korda,128,tt0022125,42818,3.95,4519,7.8,2881,1,https://www.imdb.com/title/tt0022125/,https://letterboxd.com/film/marius/
sweet-movie,Sweet Movie,1974,Dušan Makavejev,98,tt0072235,1559,3.18,10983,5.9,7004,1,https://www.imdb.com/title/tt0072235/,https://letterboxd.com/film/sweet-movie/
samaritan-zatoichi,Samaritan Zatoichi,1968,Kenji Misumi,84,tt0164983,54281,3.54,1778,7.2,1460,1,https://www.imdb.com/title/tt0164983/,https://letterboxd.com/film/samaritan-zatoichi/
squaring-the-circle-the-story-of-hipgnosis,Squaring the Circle (The Story of Hipgnosis),2022,Anton Corbijn,100,tt10850264,949808,3.79,7261,7.7,2185,1,https://www.imdb.com/title/tt10850264/,https://letterboxd.com/film/squaring-the-circle-the-story-of-hipgnosis/
the-wolfpack,The Wolfpack,2015,Crystal Moselle,89,tt2415458,307931,3.58,22260,7,13889,1,https://www.imdb.com/title/tt2415458/,https://letterboxd.com/film/the-wolfpack/
scanners,Scanners,1981,David Cronenberg,103,tt0081455,9538,3.47,157478,6.7,67904,1,https://www.imdb.com/title/tt0081455/,https://letterboxd.com/film/scanners/
wooden-crosses,Wooden Crosses,1932,Raymond Bernard,110,tt0022787,32859,3.92,2327,7.7,1951,1,https://www.imdb.com/title/tt0022787/,https://letterboxd.com/film/wooden-crosses/
jean-painleve-through-his-films,Jean Painlevé Through His Films,1989,Denis Derrien,169,tt14721980,521621,,,7.3,11,1,https://www.imdb.com/title/tt14721980/,https://letterboxd.com/film/jean-painleve-through-his-films/
the-struggle-for-survival,The Struggle for Survival,1937,Jean Painlevé,14,tt1446083,163358,3.22,276,5.7,237,1,https://www.imdb.com/title/tt1446083/,https://letterboxd.com/film/the-struggle-for-survival/
good-time,Good Time,2017,"Benny Safdie, Josh Safdie",102,tt4846232,429200,3.98,787466,7.3,157056,1,https://www.imdb.com/title/tt4846232/,https://letterboxd.com/film/good-time/
jubal,Jubal,1956,Delmer Daves,100,tt0048233,43260,3.67,3676,7.1,4974,1,https://www.imdb.com/title/tt0048233/,https://letterboxd.com/film/jubal/
descendant-2022,Descendant,2022,Margaret Brown,111,tt16376494,913822,3.78,4467,7.1,1588,1,https://www.imdb.com/title/tt16376494/,https://letterboxd.com/film/descendant-2022/
looking-the-movie,Looking: The Movie,2016,Andrew Haigh,85,tt4552118,371738,3.72,14534,7.5,11418,1,https://www.imdb.com/title/tt4552118/,https://letterboxd.com/film/looking-the-movie/
certain-women,Certain Women,2016,Kelly Reichardt,107,tt4468634,340487,3.77,57285,6.4,17369,1,https://www.imdb.com/title/tt4468634/,https://letterboxd.com/film/certain-women/
the-lobster,The Lobster,2015,Yorgos Lanthimos,119,tt3464902,254320,3.74,1171325,7.1,335403,1,https://www.imdb.com/title/tt3464902/,https://letterboxd.com/film/the-lobster/
the-flight-of-the-phoenix,The Flight of the Phoenix,1965,Robert Aldrich,142,tt0059183,10243,3.71,10660,7.5,24303,1,https://www.imdb.com/title/tt0059183/,https://letterboxd.com/film/the-flight-of-the-phoenix/
trances,Trances,1981,Ahmed El Maânouni,90,tt0406280,215407,3.75,3342,6.7,792,1,https://www.imdb.com/title/tt0406280/,https://letterboxd.com/film/trances/
lilies,Lilies,1996,John Greyson,96,tt0116882,47643,3.95,4967,7.3,3163,1,https://www.imdb.com/title/tt0116882/,https://letterboxd.com/film/lilies/
the-man-who-killed-don-quixote,The Man Who Killed Don Quixote,2018,Terry Gilliam,133,tt1318517,297725,3.23,38843,6.3,23930,1,https://www.imdb.com/title/tt1318517/,https://letterboxd.com/film/the-man-who-killed-don-quixote/
gasoline-rainbow,Gasoline Rainbow,2023,"Turner Ross, Bill Ross",108,tt28494031,1156110,3.37,14371,6.4,1645,1,https://www.imdb.com/title/tt28494031/,https://letterboxd.com/film/gasoline-rainbow/
monica,Monica,2022,Andrea Pallaoro,113,tt6337816,540549,3.58,6889,6.3,1781,1,https://www.imdb.com/title/tt6337816/,https://letterboxd.com/film/monica/
compensation-1999,Compensation,1999,Zeinabu irene Davis,93,tt0223027,365501,4.02,2958,7.1,394,1,https://www.imdb.com/title/tt0223027/,https://letterboxd.com/film/compensation-1999/
sound-of-metal,Sound of Metal,2019,Darius Marder,121,tt5363618,502033,4.21,874467,7.7,187093,1,https://www.imdb.com/title/tt5363618/,https://letterboxd.com/film/sound-of-metal/
la-llorona-2019,La Llorona,2019,Jayro Bustamante,97,tt10767168,617708,3.24,42568,6.6,9181,1,https://www.imdb.com/title/tt10767168/,https://letterboxd.com/film/la-llorona-2019/
who-are-you-polly-maggoo,"Who Are You, Polly Maggoo?",1966,William Klein,103,tt0060879,66953,3.74,3769,6.8,1379,1,https://www.imdb.com/title/tt0060879/,https://letterboxd.com/film/who-are-you-polly-maggoo/
flowers-of-shanghai,Flowers of Shanghai,1998,Hou Hsiao-hsien,113,tt0156587,45935,3.91,15960,7.3,4640,1,https://www.imdb.com/title/tt0156587/,https://letterboxd.com/film/flowers-of-shanghai/
bowling-for-columbine,Bowling for Columbine,2002,Michael Moore,120,tt0310793,1430,3.95,103280,7.9,152395,1,https://www.imdb.com/title/tt0310793/,https://letterboxd.com/film/bowling-for-columbine/
pan-697,Pan 697,1974,Hollis Frampton,,tt2187019,166707,2.53,777,4,280,1,https://www.imdb.com/title/tt2187019/,https://letterboxd.com/film/pan-697/
elephant-boy,Elephant Boy,1937,"Zoltan Korda, Robert Flaherty",82,tt0028827,43858,3.22,564,6.3,924,1,https://www.imdb.com/title/tt0028827/,https://letterboxd.com/film/elephant-boy/
maestro-2023,Maestro,2023,Bradley Cooper,129,tt5535276,523607,3.14,331152,6.5,69716,1,https://www.imdb.com/title/tt5535276/,https://letterboxd.com/film/maestro-2023/
voyage-to-the-sky,Voyage to the Sky,1937,Jean Painlevé,11,tt0130355,162686,3.45,892,6.6,437,1,https://www.imdb.com/title/tt0130355/,https://letterboxd.com/film/voyage-to-the-sky/
the-inheritance-1962,The Inheritance,1962,Masaki Kobayashi,108,tt0056135,159414,3.8,3452,7.4,1303,1,https://www.imdb.com/title/tt0056135/,https://letterboxd.com/film/the-inheritance-1962/
magellan-at-the-gates-of-death-part-i-the-red-gate-i-0,"Magellan: At the Gates of Death, Part I: The Red Gate I, 0",1976,Hollis Frampton,5,tt2186935,166712,3.23,503,5.3,252,1,https://www.imdb.com/title/tt2186935/,https://letterboxd.com/film/magellan-at-the-gates-of-death-part-i-the-red-gate-i-0/
i-will-buy-you,I Will Buy You,1956,Masaki Kobayashi,111,tt0134286,143946,3.58,1715,6.9,647,1,https://www.imdb.com/title/tt0134286/,https://letterboxd.com/film/i-will-buy-you/
the-runner,The Runner,1984,Amir Naderi,94,tt0088992,213938,4.13,5395,7.6,2911,1,https://www.imdb.com/title/tt0088992/,https://letterboxd.com/film/the-runner/
lemon-1969,Lemon,1969,Hollis Frampton,7,tt0130817,146827,3.15,3964,5.3,719,1,https://www.imdb.com/title/tt0130817/,https://letterboxd.com/film/lemon-1969/
thirty-two-short-films-about-glenn-gould,Thirty Two Short Films About Glenn Gould,1993,François Girard,93,tt0108328,20967,3.79,4692,7.3,4250,1,https://www.imdb.com/title/tt0108328/,https://letterboxd.com/film/thirty-two-short-films-about-glenn-gould/
this-time-tomorrow-2016,This Time Tomorrow,2016,Lina Rodríguez,85,tt5795752,406859,3.33,388,5.9,147,1,https://www.imdb.com/title/tt5795752/,https://letterboxd.com/film/this-time-tomorrow-2016/
david-golder,David Golder,1931,Julien Duvivier,86,tt0020814,153444,3.52,543,7,398,1,https://www.imdb.com/title/tt0020814/,https://letterboxd.com/film/david-golder/
dragnet-girl,Dragnet Girl,1933,Yasujirō Ozu,100,tt0024120,117472,3.53,3571,6.9,1291,1,https://www.imdb.com/title/tt0024120/,https://letterboxd.com/film/dragnet-girl/
the-return-2024,The Return,2024,Uberto Pasolini,116,tt19861162,975511,3.09,31285,6.3,14917,1,https://www.imdb.com/title/tt19861162/,https://letterboxd.com/film/the-return-2024/
the-vampire-1945,The Vampire,1945,Jean Painlevé,9,tt0130342,144694,3.49,2946,6.6,984,1,https://www.imdb.com/title/tt0130342/,https://letterboxd.com/film/the-vampire-1945/
the-velvet-underground-2021,The Velvet Underground,2021,Todd Haynes,121,tt7230750,543836,3.94,36856,7.3,6231,1,https://www.imdb.com/title/tt7230750/,https://letterboxd.com/film/the-velvet-underground-2021/
i-know-where-im-going,I Know Where I'm Going!,1945,"Michael Powell, Emeric Pressburger",91,tt0037800,56137,3.83,20454,7.4,11424,1,https://www.imdb.com/title/tt0037800/,https://letterboxd.com/film/i-know-where-im-going/
the-piano-lesson-2024,The Piano Lesson,2024,Malcolm Washington,127,tt15507512,804406,3.27,22843,6.2,5698,1,https://www.imdb.com/title/tt15507512/,https://letterboxd.com/film/the-piano-lesson-2024/
the-thief-of-bagdad-1940,The Thief of Bagdad,1940,"Ludwig Berger, Michael Powell, Tim Whelan",107,tt0033152,12232,3.7,15061,7.4,15955,1,https://www.imdb.com/title/tt0033152/,https://letterboxd.com/film/the-thief-of-bagdad-1940/
orlando-my-political-biography,"Orlando, My Political Biography",2023,Paul B. Preciado,99,tt26448981,1077683,3.66,11012,7,707,1,https://www.imdb.com/title/tt26448981/,https://letterboxd.com/film/orlando-my-political-biography/
gravity-2013,Gravity,2013,Alfonso Cuarón,91,tt1454468,49047,3.51,893196,7.7,902063,1,https://www.imdb.com/title/tt1454468/,https://letterboxd.com/film/gravity-2013/
the-roaring-twenties,The Roaring Twenties,1939,Raoul Walsh,104,tt0031867,37698,4.02,16752,7.9,17501,1,https://www.imdb.com/title/tt0031867/,https://letterboxd.com/film/the-roaring-twenties/
oliver-twist-1948,Oliver Twist,1948,David Lean,121,tt0040662,10949,3.76,12637,7.8,15031,1,https://www.imdb.com/title/tt0040662/,https://letterboxd.com/film/oliver-twist-1948/
the-incredible-shrinking-man,The Incredible Shrinking Man,1957,Jack Arnold,81,tt0050539,31682,3.87,32707,7.6,22158,1,https://www.imdb.com/title/tt0050539/,https://letterboxd.com/film/the-incredible-shrinking-man/
the-long-farewell-1971,The Long Farewell,1971,Kira Muratova,94,tt0092905,148822,3.85,3834,7.3,1378,1,https://www.imdb.com/title/tt0092905/,https://letterboxd.com/film/the-long-farewell-1971/
zatoichis-conspiracy,Zatoichi's Conspiracy,1973,Kimiyoshi Yasuda,88,tt0072439,54307,3.48,1480,7,1239,1,https://www.imdb.com/title/tt0072439/,https://letterboxd.com/film/zatoichis-conspiracy/
everything-everywhere-all-at-once,Everything Everywhere All at Once,2022,"Daniel Scheinert, Daniel Kwan",140,tt6710474,545611,4.24,3974149,7.7,652040,1,https://www.imdb.com/title/tt6710474/,https://letterboxd.com/film/everything-everywhere-all-at-once/
lone-wolf-and-cub-white-heaven-in-hell,Lone Wolf and Cub: White Heaven in Hell,1974,Yoshiyuki Kuroda,83,tt0071695,41486,3.66,7905,7.3,4773,1,https://www.imdb.com/title/tt0071695/,https://letterboxd.com/film/lone-wolf-and-cub-white-heaven-in-hell/
pan-0,Pan 0,1974,Hollis Frampton,,tt2187009,163225,2.63,1065,4.3,392,1,https://www.imdb.com/title/tt2187009/,https://letterboxd.com/film/pan-0/
zatoichi-meets-the-one-armed-swordsman,Zatoichi Meets the One-Armed Swordsman,1971,"Kimiyoshi Yasuda, Hsu Tseng-Hung",94,tt0066602,24444,3.59,2060,7.1,1917,1,https://www.imdb.com/title/tt0066602/,https://letterboxd.com/film/zatoichi-meets-the-one-armed-swordsman/
decision-to-leave,Decision to Leave,2022,Park Chan-wook,139,tt12477480,705996,3.98,411968,7.3,70076,1,https://www.imdb.com/title/tt12477480/,https://letterboxd.com/film/decision-to-leave/
a-poem-is-a-naked-person,A Poem Is a Naked Person,1974,Les Blank,96,tt0424359,126423,3.79,2338,7.1,615,1,https://www.imdb.com/title/tt0424359/,https://letterboxd.com/film/a-poem-is-a-naked-person/
the-gold-rush,The Gold Rush,1925,Charlie Chaplin,95,tt0015864,962,4.15,104132,8.1,128407,1,https://www.imdb.com/title/tt0015864/,https://letterboxd.com/film/the-gold-rush/
freshwater-assassins,Freshwater Assassins,1947,Jean Painlevé,24,tt0129762,163806,3.45,454,6.5,303,1,https://www.imdb.com/title/tt0129762/,https://letterboxd.com/film/freshwater-assassins/
manila-in-the-claws-of-light,Manila in the Claws of Light,1975,Lino Brocka,127,tt0073363,70580,4.23,23327,7.8,3260,1,https://www.imdb.com/title/tt0073363/,https://letterboxd.com/film/manila-in-the-claws-of-light/
overlord,Overlord,1975,Stuart Cooper,83,tt0073502,55343,3.6,4275,7.1,3767,1,https://www.imdb.com/title/tt0073502/,https://letterboxd.com/film/overlord/
armageddon,Armageddon,1998,Michael Bay,151,tt0120591,95,3.18,293233,6.7,480864,1,https://www.imdb.com/title/tt0120591/,https://letterboxd.com/film/armageddon/
the-love-life-of-an-octopus,The Love Life of an Octopus,1967,"Jean Painlevé, Geneviève Hamon",14,tt1441320,117595,3.73,2137,7.1,595,1,https://www.imdb.com/title/tt1441320/,https://letterboxd.com/film/the-love-life-of-an-octopus/
zatoichis-pilgrimage,Zatoichi's Pilgrimage,1966,Kazuo Ikehiro,82,tt0199905,54276,3.62,1978,7.2,1360,1,https://www.imdb.com/title/tt0199905/,https://letterboxd.com/film/zatoichis-pilgrimage/
the-sea-horse,The Sea Horse,1935,Jean Painlevé,15,tt0129994,117592,3.7,1863,7.2,745,1,https://www.imdb.com/title/tt0129994/,https://letterboxd.com/film/the-sea-horse/
a-couple-2022,A Couple,2022,Frederick Wiseman,63,tt21374862,1004657,2.91,1639,5.5,242,1,https://www.imdb.com/title/tt21374862/,https://letterboxd.com/film/a-couple-2022/
i-shot-jesse-james,I Shot Jesse James,1949,Samuel Fuller,81,tt0041497,41058,3.49,4992,6.8,2720,1,https://www.imdb.com/title/tt0041497/,https://letterboxd.com/film/i-shot-jesse-james/
flunky-work-hard,"Flunky, Work Hard!",1931,Mikio Naruse,29,tt0022036,126514,3.53,1335,6.7,587,1,https://www.imdb.com/title/tt0022036/,https://letterboxd.com/film/flunky-work-hard/
the-phantom-carriage,The Phantom Carriage,1921,Victor Sjöström,108,tt0012364,58129,4.09,36285,8,15843,1,https://www.imdb.com/title/tt0012364/,https://letterboxd.com/film/the-phantom-carriage/
lynch-oz,Lynch/Oz,2022,Alexandre O. Philippe,108,tt15399286,965400,3.45,14504,6.9,1845,1,https://www.imdb.com/title/tt15399286/,https://letterboxd.com/film/lynch-oz/
hustlers-2019,Hustlers,2019,Lorene Scafaria,110,tt5503686,540901,3.29,321692,6.3,113272,1,https://www.imdb.com/title/tt5503686/,https://letterboxd.com/film/hustlers-2019/
solo-con-tu-pareja,Sólo con tu pareja,1991,Alfonso Cuarón,94,tt0102958,49971,3.41,13289,6.8,4638,1,https://www.imdb.com/title/tt0102958/,https://letterboxd.com/film/solo-con-tu-pareja/
world-on-a-wire-1973,World on a Wire,1973,Rainer Werner Fassbinder,204,tt0070904,,4.13,17937,7.7,7417,1,https://www.imdb.com/title/tt0070904/,https://letterboxd.com/film/world-on-a-wire-1973/
aftersun,Aftersun,2022,Charlotte Wells,101,tt19770238,965150,4.21,1617532,7.6,130277,1,https://www.imdb.com/title/tt19770238/,https://letterboxd.com/film/aftersun/
la-cage-aux-folles,La Cage aux Folles,1978,Édouard Molinaro,92,tt0077288,4484,3.66,16837,7.2,13156,1,https://www.imdb.com/title/tt0077288/,https://letterboxd.com/film/la-cage-aux-folles/
chess-of-the-wind,Chess of the Wind,1976,Mohammad Reza Aslani,100,tt0318069,194088,4,11779,7.3,2419,1,https://www.imdb.com/title/tt0318069/,https://letterboxd.com/film/chess-of-the-wind/
scandal,Scandal,1950,Akira Kurosawa,104,tt0042958,32690,3.52,8289,7.2,5275,1,https://www.imdb.com/title/tt0042958/,https://letterboxd.com/film/scandal/
chronicle-of-a-summer,Chronicle of a Summer,1961,"Jean Rouch, Edgar Morin",91,tt0054745,84972,3.9,15955,7.4,4033,1,https://www.imdb.com/title/tt0054745/,https://letterboxd.com/film/chronicle-of-a-summer/
in-the-heat-of-the-night,In the Heat of the Night,1967,Norman Jewison,109,tt0061811,10633,4.04,95029,7.9,91633,1,https://www.imdb.com/title/tt0061811/,https://letterboxd.com/film/in-the-heat-of-the-night/
kanal-1957,Kanal,1957,Andrzej Wajda,96,tt0050585,29933,4.13,12029,7.9,8880,1,https://www.imdb.com/title/tt0050585/,https://letterboxd.com/film/kanal-1957/
it-happened-one-night,It Happened One Night,1934,Frank Capra,105,tt0025316,3078,4.18,141861,8.1,120001,1,https://www.imdb.com/title/tt0025316/,https://letterboxd.com/film/it-happened-one-night/
the-man-who-fell-to-earth,The Man Who Fell to Earth,1976,Nicolas Roeg,139,tt0074851,991,3.46,63234,6.6,31406,1,https://www.imdb.com/title/tt0074851/,https://letterboxd.com/film/the-man-who-fell-to-earth/
the-story-of-a-cheat,The Story of a Cheat,1936,Sacha Guitry,81,tt0028201,65642,3.87,4619,7.5,2784,1,https://www.imdb.com/title/tt0028201/,https://letterboxd.com/film/the-story-of-a-cheat/
the-baby-carriage-1963,The Baby Carriage,1963,Bo Widerberg,95,tt0056854,135380,3.58,1117,6.6,783,1,https://www.imdb.com/title/tt0056854/,https://letterboxd.com/film/the-baby-carriage-1963/
a-womans-face-1938,A Woman's Face,1938,Gustaf Molander,104,tt0030337,76848,3.44,1242,7,1297,1,https://www.imdb.com/title/tt0030337/,https://letterboxd.com/film/a-womans-face-1938/
faces-of-november,Faces of November,1964,Robert Drew,12,tt1727578,322400,3.68,851,7.2,351,1,https://www.imdb.com/title/tt1727578/,https://letterboxd.com/film/faces-of-november/
the-love-parade,The Love Parade,1929,Ernst Lubitsch,107,tt0020112,51759,3.44,3879,6.9,2936,1,https://www.imdb.com/title/tt0020112/,https://letterboxd.com/film/the-love-parade/
carlos,Carlos,2010,Olivier Assayas,339,tt1321865,43434,3.9,11688,7.6,15049,1,https://www.imdb.com/title/tt1321865/,https://letterboxd.com/film/carlos/
le-corbeau,Le Corbeau,1943,Henri-Georges Clouzot,92,tt0035753,29084,3.91,17272,7.8,11950,1,https://www.imdb.com/title/tt0035753/,https://letterboxd.com/film/le-corbeau/
dollar,Dollar,1938,Gustaf Molander,78,tt0030066,148824,3.13,444,5.8,522,1,https://www.imdb.com/title/tt0030066/,https://letterboxd.com/film/dollar/
all-night-long,All Night Long,1962,Basil Dearden,91,tt0054614,37038,3.68,3150,7.1,1899,1,https://www.imdb.com/title/tt0054614/,https://letterboxd.com/film/all-night-long/
is-that-black-enough-for-you,Is That Black Enough for You?!?,2022,Elvis Mitchell,135,tt21438352,1013572,3.83,6179,7.2,1752,1,https://www.imdb.com/title/tt21438352/,https://letterboxd.com/film/is-that-black-enough-for-you/
eight-hours-dont-make-a-day,Eight Hours Don’t Make a Day,1972,Rainer Werner Fassbinder,500,tt0068028,,4.31,2824,8.2,758,1,https://www.imdb.com/title/tt0068028/,https://letterboxd.com/film/eight-hours-dont-make-a-day/
oldboy,Oldboy,2003,Park Chan-wook,120,tt0364569,670,4.36,1593680,8.3,723138,1,https://www.imdb.com/title/tt0364569/,https://letterboxd.com/film/oldboy/
so-much-tenderness,So Much Tenderness,2022,Lina Rodríguez,118,tt16022080,1011680,3.17,293,5.8,59,1,https://www.imdb.com/title/tt16022080/,https://letterboxd.com/film/so-much-tenderness/
she-came-to-me,She Came to Me,2023,Rebecca Miller,102,tt6689014,503417,2.84,21458,6,10021,1,https://www.imdb.com/title/tt6689014/,https://letterboxd.com/film/she-came-to-me/
oslo-august-31st,"Oslo, August 31st",2011,Joachim Trier,95,tt1736633,75233,4.09,130346,7.6,34312,1,https://www.imdb.com/title/tt1736633/,https://letterboxd.com/film/oslo-august-31st/
apart-from-you,Apart from You,1933,Mikio Naruse,64,tt0024214,91150,3.72,1950,7.1,739,1,https://www.imdb.com/title/tt0024214/,https://letterboxd.com/film/apart-from-you/
let-the-sunshine-in,Let the Sunshine In,2017,Claire Denis,94,tt6423776,431017,3.25,20556,6,8391,1,https://www.imdb.com/title/tt6423776/,https://letterboxd.com/film/let-the-sunshine-in/
fair-play-2023,Fair Play,2023,Chloe Domont,113,tt16304446,910571,3.18,114109,6.4,47047,1,https://www.imdb.com/title/tt16304446/,https://letterboxd.com/film/fair-play-2023/
the-birth-of-magellan-cadenza-i,The Birth of Magellan: Cadenza I,1977,Hollis Frampton,6,tt2187107,154612,3.13,581,4.5,291,1,https://www.imdb.com/title/tt2187107/,https://letterboxd.com/film/the-birth-of-magellan-cadenza-i/
vengeance-is-mine,Vengeance Is Mine,1979,Shōhei Imamura,140,tt0079182,42170,3.94,13636,7.6,8107,1,https://www.imdb.com/title/tt0079182/,https://letterboxd.com/film/vengeance-is-mine/
submarine,Submarine,2010,Richard Ayoade,98,tt1440292,49020,3.88,373156,7.3,101306,1,https://www.imdb.com/title/tt1440292/,https://letterboxd.com/film/submarine/
homework-1989,Homework,1989,Abbas Kiarostami,78,tt0097843,145075,4.13,9602,7.7,2435,1,https://www.imdb.com/title/tt0097843/,https://letterboxd.com/film/homework-1989/
riddle-of-fire,Riddle of Fire,2023,Weston Razooli,114,tt7575046,1114873,3.84,17919,6.5,2189,1,https://www.imdb.com/title/tt7575046/,https://letterboxd.com/film/riddle-of-fire/
zatoichi-goes-to-the-fire-festival,Zatoichi Goes to the Fire Festival,1970,Kenji Misumi,96,tt0164982,54283,3.76,2222,7.3,1759,1,https://www.imdb.com/title/tt0164982/,https://letterboxd.com/film/zatoichi-goes-to-the-fire-festival/
phoenix-2014,Phoenix,2014,Christian Petzold,98,tt2764784,254578,4,50823,7.3,22173,1,https://www.imdb.com/title/tt2764784/,https://letterboxd.com/film/phoenix-2014/
a-river-called-titas,A River Called Titas,1973,Ritwik Ghatak,159,tt0070809,93164,3.74,3175,7.2,1563,1,https://www.imdb.com/title/tt0070809/,https://letterboxd.com/film/a-river-called-titas/
pan-700,Pan 700,1974,Hollis Frampton,,tt2187025,166710,3.12,784,5.2,278,1,https://www.imdb.com/title/tt2187025/,https://letterboxd.com/film/pan-700/
adventures-on-the-new-frontier,Adventures on the New Frontier,1961,"Kenneth Stilson, Albert Maysles, Richard Leacock, D. A. Pennebaker",52,tt0950780,379895,3.3,805,6.5,190,1,https://www.imdb.com/title/tt0950780/,https://letterboxd.com/film/adventures-on-the-new-frontier/
24-frames,24 Frames,2017,Abbas Kiarostami,114,tt6777170,377269,3.76,9292,6.8,2526,1,https://www.imdb.com/title/tt6777170/,https://letterboxd.com/film/24-frames/
days-of-wine-and-roses-1958,Days of Wine and Roses,1958,John Frankenheimer,80,tt0051523,365499,3.53,473,7.8,196,1,https://www.imdb.com/title/tt0051523/,https://letterboxd.com/film/days-of-wine-and-roses-1958/
marketa-lazarova,Marketa Lazarová,1967,František Vláčil,166,tt0063278,25904,4.2,15759,7.8,6716,1,https://www.imdb.com/title/tt0063278/,https://letterboxd.com/film/marketa-lazarova/
z,Z,1969,Costa-Gavras,122,tt0065234,2721,4.37,55970,8.1,34147,1,https://www.imdb.com/title/tt0065234/,https://letterboxd.com/film/z/
no-regrets-for-our-youth,No Regrets for Our Youth,1946,Akira Kurosawa,111,tt0039090,43487,3.59,8159,7.1,4503,1,https://www.imdb.com/title/tt0039090/,https://letterboxd.com/film/no-regrets-for-our-youth/
la-chienne,La Chienne,1931,Jean Renoir,96,tt0021739,26614,3.83,7843,7.5,5369,1,https://www.imdb.com/title/tt0021739/,https://letterboxd.com/film/la-chienne/
elvira-madigan,Elvira Madigan,1967,Bo Widerberg,91,tt0061620,42692,3.65,4361,7,3642,1,https://www.imdb.com/title/tt0061620/,https://letterboxd.com/film/elvira-madigan/
lord-of-the-flies,Lord of the Flies,1963,Peter Brook,92,tt0057261,9960,3.31,38167,6.8,22145,1,https://www.imdb.com/title/tt0057261/,https://letterboxd.com/film/lord-of-the-flies/
american-psycho,American Psycho,2000,Mary Harron,102,tt0144084,1359,3.76,3899131,7.6,844152,1,https://www.imdb.com/title/tt0144084/,https://letterboxd.com/film/american-psycho/
the-fourth-dimension-1936,The Fourth Dimension,1936,"Jean Painlevé, Achille-Pierre Dufour",10,tt0130025,147254,3.6,767,6.8,309,1,https://www.imdb.com/title/tt0130025/,https://letterboxd.com/film/the-fourth-dimension-1936/
fancy-dance-2023,Fancy Dance,2023,Erica Tremblay,91,tt21813994,1058617,3.57,16199,6.6,4353,1,https://www.imdb.com/title/tt21813994/,https://letterboxd.com/film/fancy-dance-2023/
minding-the-gap,Minding the Gap,2018,Bing Liu,93,tt7476236,489985,4.32,50136,8,11102,1,https://www.imdb.com/title/tt7476236/,https://letterboxd.com/film/minding-the-gap/
process-red,Process Red,1966,Hollis Frampton,4,tt2187045,163347,3.23,1720,5,462,1,https://www.imdb.com/title/tt2187045/,https://letterboxd.com/film/process-red/
hapax-legomena-i-nostalgia,Hapax Legomena I: (nostalgia),1971,Hollis Frampton,36,tt0130908,132161,3.85,2905,6.7,791,1,https://www.imdb.com/title/tt0130908/,https://letterboxd.com/film/hapax-legomena-i-nostalgia/
toy-story-3,Toy Story 3,2010,Lee Unkrich,102,tt0435761,10193,4.04,1760287,8.3,977902,1,https://www.imdb.com/title/tt0435761/,https://letterboxd.com/film/toy-story-3/
walk-cheerfully,Walk Cheerfully,1930,Yasujirō Ozu,95,tt0020980,162954,3.38,1747,6.5,832,1,https://www.imdb.com/title/tt0020980/,https://letterboxd.com/film/walk-cheerfully/
the-girl-cant-help-it,The Girl Can't Help It,1956,Frank Tashlin,98,tt0049263,42839,3.55,7955,6.8,4399,1,https://www.imdb.com/title/tt0049263/,https://letterboxd.com/film/the-girl-cant-help-it/
winter-solstice-1974,Winter Solstice,1974,Hollis Frampton,33,tt2187201,166714,3.34,524,5.5,224,1,https://www.imdb.com/title/tt2187201/,https://letterboxd.com/film/winter-solstice-1974/
lacombe-lucien,"Lacombe, Lucien",1974,Louis Malle,138,tt0071733,55368,3.81,8642,7.6,8449,1,https://www.imdb.com/title/tt0071733/,https://letterboxd.com/film/lacombe-lucien/
the-sticklebacks-eggs,The Stickleback's Eggs,1925,Jean Painlevé,26,tt0130152,163238,3.12,302,5.2,233,1,https://www.imdb.com/title/tt0130152/,https://letterboxd.com/film/the-sticklebacks-eggs/
boat-people,Boat People,1982,Ann Hui,109,tt0084807,72445,3.83,5930,7.6,1989,1,https://www.imdb.com/title/tt0084807/,https://letterboxd.com/film/boat-people/
unrest-2022,Unrest,2022,Cyril Schäublin,94,tt11409736,749136,3.53,8044,6.6,1423,1,https://www.imdb.com/title/tt11409736/,https://letterboxd.com/film/unrest-2022/
burroughs-the-movie,Burroughs: The Movie,1983,Howard Brookner,90,tt3581384,339790,3.65,3380,7,914,1,https://www.imdb.com/title/tt3581384/,https://letterboxd.com/film/burroughs-the-movie/
lone-wolf-and-cub-sword-of-vengeance,Lone Wolf and Cub: Sword of Vengeance,1972,Kenji Misumi,84,tt0068815,41471,3.8,21365,7.6,9867,1,https://www.imdb.com/title/tt0068815/,https://letterboxd.com/film/lone-wolf-and-cub-sword-of-vengeance/
sam-now,Sam Now,2022,Reed Harkness,87,tt11742162,956448,3.78,940,7.8,270,1,https://www.imdb.com/title/tt11742162/,https://letterboxd.com/film/sam-now/
blink-twice,Blink Twice,2024,Zoë Kravitz,103,tt14858658,840705,3.36,849009,6.5,131464,1,https://www.imdb.com/title/tt14858658/,https://letterboxd.com/film/blink-twice/
adalen-31,Adalen 31,1969,Bo Widerberg,114,tt0065261,87208,3.64,1612,7,2026,1,https://www.imdb.com/title/tt0065261/,https://letterboxd.com/film/adalen-31/
fury,Fury,1936,Fritz Lang,92,tt0027652,14615,3.98,13018,7.8,14798,1,https://www.imdb.com/title/tt0027652/,https://letterboxd.com/film/fury/
for-all-mankind,For All Mankind,1989,Al Reinert,80,tt0097372,20423,4.11,18892,8.1,7249,1,https://www.imdb.com/title/tt0097372/,https://letterboxd.com/film/for-all-mankind/
45-years,45 Years,2015,Andrew Haigh,95,tt3544082,311291,3.86,41126,7.1,36729,1,https://www.imdb.com/title/tt3544082/,https://letterboxd.com/film/45-years/
the-souvenir,The Souvenir,2019,Joanna Hogg,120,tt6920356,473019,3.48,63552,6.4,15730,1,https://www.imdb.com/title/tt6920356/,https://letterboxd.com/film/the-souvenir/
aristotle-and-dante-discover-the-secrets-of-the-universe,Aristotle and Dante Discover the Secrets of the Universe,2022,Aitch Alberto,97,tt9428746,500104,3.19,32612,7.2,3594,1,https://www.imdb.com/title/tt9428746/,https://letterboxd.com/film/aristotle-and-dante-discover-the-secrets-of-the-universe/
the-pearls-of-the-crown,The Pearls of the Crown,1937,Sacha Guitry,100,tt0029394,70090,3.54,589,6.9,680,1,https://www.imdb.com/title/tt0029394/,https://letterboxd.com/film/the-pearls-of-the-crown/
the-idiot,The Idiot,1951,Akira Kurosawa,166,tt0043614,24774,3.59,9517,7.1,6271,1,https://www.imdb.com/title/tt0043614/,https://letterboxd.com/film/the-idiot/
diatoms,Diatoms,1968,"Jean Painlevé, Geneviève Hamon",17,tt1441260,163236,3.42,364,6.3,247,1,https://www.imdb.com/title/tt1441260/,https://letterboxd.com/film/diatoms/
patriotism,Patriotism,1966,Yukio Mishima,28,tt0059936,71827,3.95,9265,7.4,2286,1,https://www.imdb.com/title/tt0059936/,https://letterboxd.com/film/patriotism/
marcello-mio,Marcello Mio,2024,Christophe Honoré,121,tt32086069,1145608,2.9,7898,5.8,1174,1,https://www.imdb.com/title/tt32086069/,https://letterboxd.com/film/marcello-mio/
chilly-scenes-of-winter,Chilly Scenes of Winter,1979,Joan Micklin Silver,95,tt0079278,42173,3.8,11680,7,2271,1,https://www.imdb.com/title/tt0079278/,https://letterboxd.com/film/chilly-scenes-of-winter/
victim,Victim,1961,Basil Dearden,101,tt0055597,43028,3.96,13114,7.7,8162,1,https://www.imdb.com/title/tt0055597/,https://letterboxd.com/film/victim/
nosferatu-2024,Nosferatu,2024,Robert Eggers,133,tt5040012,426063,3.66,2617129,7.1,269038,1,https://www.imdb.com/title/tt5040012/,https://letterboxd.com/film/nosferatu-2024/
fan-fan-the-tulip,Fan-Fan the Tulip,1952,Christian-Jaque,102,tt0044602,62547,3.53,2765,7.1,3796,1,https://www.imdb.com/title/tt0044602/,https://letterboxd.com/film/fan-fan-the-tulip/
twilight-2008,Twilight,2008,Catherine Hardwicke,122,tt1099212,8966,3.09,2295685,5.4,528939,1,https://www.imdb.com/title/tt1099212/,https://letterboxd.com/film/twilight-2008/
the-last-emperor,The Last Emperor,1987,Bernardo Bertolucci,163,tt0093389,746,3.94,95026,7.7,120083,1,https://www.imdb.com/title/tt0093389/,https://letterboxd.com/film/the-last-emperor/
sundays-and-cybele,Sundays and Cybele,1962,Serge Bourguignon,110,tt0055910,43001,3.87,2765,7.7,5115,1,https://www.imdb.com/title/tt0055910/,https://letterboxd.com/film/sundays-and-cybele/
summer-hours,Summer Hours,2008,Olivier Assayas,103,tt0836700,8282,3.76,11264,7.1,8705,1,https://www.imdb.com/title/tt0836700/,https://letterboxd.com/film/summer-hours/
matangi-maya-mia,Matangi / Maya / M.I.A.,2018,Stephen Loveridge,95,tt3041550,493106,3.94,7349,7.5,2325,1,https://www.imdb.com/title/tt3041550/,https://letterboxd.com/film/matangi-maya-mia/
the-fire-within,The Fire Within,1963,Louis Malle,108,tt0057058,2593,4.19,31448,7.8,11650,1,https://www.imdb.com/title/tt0057058/,https://letterboxd.com/film/the-fire-within/
the-kid-brother,The Kid Brother,1927,"Ted Wilde, Harold Lloyd",82,tt0018051,16661,3.76,6075,7.6,5285,1,https://www.imdb.com/title/tt0018051/,https://letterboxd.com/film/the-kid-brother/
fires-on-the-plain,Fires on the Plain,1959,Kon Ichikawa,105,tt0053121,31427,4.08,8275,7.9,5916,1,https://www.imdb.com/title/tt0053121/,https://letterboxd.com/film/fires-on-the-plain/
pan-1,Pan 1,1974,Hollis Frampton,,tt2187011,154614,2.54,1081,4.2,394,1,https://www.imdb.com/title/tt2187011/,https://letterboxd.com/film/pan-1/
strange-darling,Strange Darling,2023,JT Mollner,97,tt22375054,1029281,3.46,274562,7,70307,1,https://www.imdb.com/title/tt22375054/,https://letterboxd.com/film/strange-darling/
a-generation,A Generation,1955,Andrzej Wajda,87,tt0048500,43322,3.63,4745,7.1,3309,1,https://www.imdb.com/title/tt0048500/,https://letterboxd.com/film/a-generation/
fight-zatoichi-fight,"Fight, Zatoichi, Fight",1964,Kenji Misumi,88,tt0123334,54266,3.75,2881,7.4,2082,1,https://www.imdb.com/title/tt0123334/,https://letterboxd.com/film/fight-zatoichi-fight/
kill-1968,Kill!,1968,Kihachi Okamoto,114,tt0063186,39029,3.78,4382,7.4,3448,1,https://www.imdb.com/title/tt0063186/,https://letterboxd.com/film/kill-1968/
zatoichi-and-the-chess-expert,Zatoichi and the Chess Expert,1965,Kenji Misumi,87,tt0059942,54275,3.57,2272,7.3,1749,1,https://www.imdb.com/title/tt0059942/,https://letterboxd.com/film/zatoichi-and-the-chess-expert/
buena-vista-social-club,Buena Vista Social Club,1999,Wim Wenders,105,tt0186508,11779,3.97,38261,7.6,20989,1,https://www.imdb.com/title/tt0186508/,https://letterboxd.com/film/buena-vista-social-club/
the-tale-of-zatoichi,The Tale of Zatoichi,1962,Kenji Misumi,96,tt0056714,16692,3.87,12220,7.6,6537,1,https://www.imdb.com/title/tt0056714/,https://letterboxd.com/film/the-tale-of-zatoichi/
hapax-legomena-ii-poetic-justice,Hapax Legomena II: Poetic Justice,1972,Hollis Frampton,32,tt0130948,145497,3.52,797,5.7,335,1,https://www.imdb.com/title/tt0130948/,https://letterboxd.com/film/hapax-legomena-ii-poetic-justice/
kuroneko,Kuroneko,1968,Kaneto Shindō,100,tt0122136,40149,4.07,34071,7.7,9960,1,https://www.imdb.com/title/tt0122136/,https://letterboxd.com/film/kuroneko/
lone-wolf-and-cub-baby-cart-in-the-land-of-demons,Lone Wolf and Cub: Baby Cart in the Land of Demons,1973,Kenji Misumi,89,tt0143428,41482,3.73,8419,7.5,5083,1,https://www.imdb.com/title/tt0143428/,https://letterboxd.com/film/lone-wolf-and-cub-baby-cart-in-the-land-of-demons/
one-hour-with-you,One Hour with You,1932,Ernst Lubitsch,80,tt0023303,43145,3.52,4934,7,3263,1,https://www.imdb.com/title/tt0023303/,https://letterboxd.com/film/one-hour-with-you/
ingmar-bergman-makes-a-movie,Ingmar Bergman Makes a Movie,1963,Vilgot Sjöman,145,tt0407888,50950,3.7,715,7.7,523,1,https://www.imdb.com/title/tt0407888/,https://letterboxd.com/film/ingmar-bergman-makes-a-movie/
grays-anatomy,Gray's Anatomy,1996,Steven Soderbergh,80,tt0116447,32686,3.56,3540,6.8,2668,1,https://www.imdb.com/title/tt0116447/,https://letterboxd.com/film/grays-anatomy/
hells-angels,Hell's Angels,1930,Howard Hughes,131,tt0020960,22301,3.48,5237,7.2,6720,1,https://www.imdb.com/title/tt0020960/,https://letterboxd.com/film/hells-angels/
swan-song-2023,Swan Song,2023,Chelsea McMullan,103,tt28490634,1157092,3.65,559,7.1,195,1,https://www.imdb.com/title/tt28490634/,https://letterboxd.com/film/swan-song-2023/
stan-brakhage-exits-the-cinema-and-enters-the-light-of-day,Stan Brakhage Exits the Cinema and Enters the Light of Day,2002,Phil Solomon,4,,600966,3.6,571,,,1,,https://letterboxd.com/film/stan-brakhage-exits-the-cinema-and-enters-the-light-of-day/
le-notti-bianche,Le Notti Bianche,1957,Luchino Visconti,101,tt0050782,43231,4.02,22998,7.7,10342,1,https://www.imdb.com/title/tt0050782/,https://letterboxd.com/film/le-notti-bianche/
sword-of-the-beast,Sword of the Beast,1965,Hideo Gosha,85,tt0200768,46917,3.77,3803,7.5,3395,1,https://www.imdb.com/title/tt0200768/,https://letterboxd.com/film/sword-of-the-beast/
ingenivm-nobis-ipsa-pvella-fecit-part-i,Ingenivm Nobis Ipsa Pvella Fecit: Part I,1974,Hollis Frampton,5,tt2186827,166711,3.06,445,4.8,236,1,https://www.imdb.com/title/tt2186827/,https://letterboxd.com/film/ingenivm-nobis-ipsa-pvella-fecit-part-i/
the-big-heat,The Big Heat,1953,Fritz Lang,89,tt0045555,14580,4.11,51491,7.9,32782,1,https://www.imdb.com/title/tt0045555/,https://letterboxd.com/film/the-big-heat/
naked-childhood,Naked Childhood,1968,Maurice Pialat,83,tt0065695,31345,3.91,7991,7.4,2929,1,https://www.imdb.com/title/tt0065695/,https://letterboxd.com/film/naked-childhood/
zatoichi-the-outlaw,Zatoichi the Outlaw,1967,Satsuo Yamamoto,96,tt0062518,54278,3.58,1922,7,1519,1,https://www.imdb.com/title/tt0062518/,https://letterboxd.com/film/zatoichi-the-outlaw/
maidstone,Maidstone,1970,Norman Mailer,106,tt0064625,117424,3.02,553,4.6,313,1,https://www.imdb.com/title/tt0064625/,https://letterboxd.com/film/maidstone/
