guest,guest_slug,film_slug,film_title,film_year,pick_order
Udo Kier,udo-kiers-criterion-closet-picks,blood-for-dracula,Blood for Dracula,1974,1
Udo Kier,udo-kiers-criterion-closet-picks,flesh-for-frankenstein,Flesh for Frankenstein,1973,2
Udo Kier,udo-kiers-criterion-closet-picks,my-own-private-idaho,My Own Private Idaho,1991,3
Udo Kier,udo-kiers-criterion-closet-picks,breaking-the-waves,Breaking the Waves,1996,4
Bob Odenkirk,bob-odenkirks-criterion-closet-picks,police-story,Police Story,1985,1
Bob Odenkirk,bob-odenkirks-criterion-closet-picks,police-story-2,Police Story 2,1988,2
Bob Odenkirk,bob-odenkirks-criterion-closet-picks,half-a-loaf-of-kung-fu,Half a Loaf of Kung Fu,1978,3
Bob Odenkirk,bob-odenkirks-criterion-closet-picks,spiritual-kung-fu,Spiritual Kung Fu,1978,4
Bob Odenkirk,bob-odenkirks-criterion-closet-picks,fearless-hyena,Fearless Hyena,1979,5
Bob Odenkirk,bob-odenkirks-criterion-closet-picks,fearless-hyena-2,Fearless Hyena 2,1983,6
Bob Odenkirk,bob-odenkirks-criterion-closet-picks,the-young-master,The Young Master,1980,7
Bob Odenkirk,bob-odenkirks-criterion-closet-picks,my-lucky-stars,My Lucky Stars,1985,8
Bob Odenkirk,bob-odenkirks-criterion-closet-picks,the-big-boss,The Big Boss,1971,9
Bob Odenkirk,bob-odenkirks-criterion-closet-picks,fist-of-fury,Fist of Fury,1972,10
Bob Odenkirk,bob-odenkirks-criterion-closet-picks,the-way-of-the-dragon,The Way of the Dragon,1972,11
Bob Odenkirk,bob-odenkirks-criterion-closet-picks,enter-the-dragon,Enter the Dragon,1973,12
Bob Odenkirk,bob-odenkirks-criterion-closet-picks,game-of-death,Game of Death,1978,13
Bob Odenkirk,bob-odenkirks-criterion-closet-picks,scarface,Scarface,1932,14
Bob Odenkirk,bob-odenkirks-criterion-closet-picks,uncut-gems,Uncut Gems,2019,15
Bob Odenkirk,bob-odenkirks-criterion-closet-picks,the-big-heat,The Big Heat,1953,16
Bob Odenkirk,bob-odenkirks-criterion-closet-picks,a-man-escaped,A Man Escaped,1956,17
Bob Odenkirk,bob-odenkirks-criterion-closet-picks,quadrophenia,Quadrophenia,1979,18
Bob Odenkirk,bob-odenkirks-criterion-closet-picks,salo-or-the-120-days-of-sodom,"Salò, or the 120 Days of Sodom",1975,19
Bob Odenkirk,bob-odenkirks-criterion-closet-picks,the-red-shoes,The Red Shoes,1948,20
Bob Odenkirk,bob-odenkirks-criterion-closet-picks,my-life-as-a-dog,My Life as a Dog,1985,21
Bob Odenkirk,bob-odenkirks-criterion-closet-picks,in-a-lonely-place,In a Lonely Place,1950,22
Bob Odenkirk,bob-odenkirks-criterion-closet-picks,head,Head,1968,23
Bob Odenkirk,bob-odenkirks-criterion-closet-picks,easy-rider,Easy Rider,1969,24
Bob Odenkirk,bob-odenkirks-criterion-closet-picks,five-easy-pieces,Five Easy Pieces,1970,25
Bob Odenkirk,bob-odenkirks-criterion-closet-picks,drive-he-said,"Drive, He Said",1971,26
Bob Odenkirk,bob-odenkirks-criterion-closet-picks,a-safe-place,A Safe Place,1971,27
Bob Odenkirk,bob-odenkirks-criterion-closet-picks,the-last-picture-show,The Last Picture Show,1971,28
Bob Odenkirk,bob-odenkirks-criterion-closet-picks,the-king-of-marvin-gardens,The King of Marvin Gardens,1972,29
Gregg Araki,gregg-arakis-criterion-closet-picks,the-doom-generation,The Doom Generation,1995,1
Gregg Araki,gregg-arakis-criterion-closet-picks,bringing-up-baby,Bringing Up Baby,1938,2
Gregg Araki,gregg-arakis-criterion-closet-picks,something-wild,Something Wild,1986,3
Gregg Araki,gregg-arakis-criterion-closet-picks,twin-peaks-fire-walk-with-me,Twin Peaks: Fire Walk with Me,1992,4
Gregg Araki,gregg-arakis-criterion-closet-picks,masculin-feminin,Masculin Féminin,1966,5
Gregg Araki,gregg-arakis-criterion-closet-picks,pink-flamingos,Pink Flamingos,1972,6
Gregg Araki,gregg-arakis-criterion-closet-picks,stranger-than-paradise,Stranger Than Paradise,1984,7
Ryan Coogler,ryan-cooglers-criterion-closet-picks,malcolm-x-1992,Malcolm X,1992,1
Ryan Coogler,ryan-cooglers-criterion-closet-picks,do-the-right-thing,Do the Right Thing,1989,2
Ryan Coogler,ryan-cooglers-criterion-closet-picks,love-jones,Love Jones,1997,3
Ryan Coogler,ryan-cooglers-criterion-closet-picks,thief,Thief,1981,4
Ryan Coogler,ryan-cooglers-criterion-closet-picks,following,Following,1998,5
Ryan Coogler,ryan-cooglers-criterion-closet-picks,seven-samurai,Seven Samurai,1954,6
Ryan Coogler,ryan-cooglers-criterion-closet-picks,late-spring,Late Spring,1949,7
Ryan Coogler,ryan-cooglers-criterion-closet-picks,devil-in-a-blue-dress,Devil in a Blue Dress,1995,8
Ryan Coogler,ryan-cooglers-criterion-closet-picks,love-basketball,Love & Basketball,2000,9
Ira Sachs,ira-sachs-criterion-closet-picks,little-men-2016,Little Men,2016,1
Ira Sachs,ira-sachs-criterion-closet-picks,i-was-born-but,"I Was Born, But...",1932,2
Ira Sachs,ira-sachs-criterion-closet-picks,salvatore-giuliano,Salvatore Giuliano,1962,3
Ira Sachs,ira-sachs-criterion-closet-picks,imitation-of-life,Imitation of Life,1934,4
Ira Sachs,ira-sachs-criterion-closet-picks,charulata,Charulata,1964,5
Ira Sachs,ira-sachs-criterion-closet-picks,shoah,Shoah,1985,6
Ira Sachs,ira-sachs-criterion-closet-picks,the-magic-flute,The Magic Flute,1975,7
Ira Sachs,ira-sachs-criterion-closet-picks,good-morning,Good Morning,1959,8
Ira Sachs,ira-sachs-criterion-closet-picks,jour-de-fete,Jour de Fête,1949,9
Ira Sachs,ira-sachs-criterion-closet-picks,monsieur-hulots-holiday,Monsieur Hulot's Holiday,1953,10
Ira Sachs,ira-sachs-criterion-closet-picks,mon-oncle,Mon Oncle,1958,11
Ira Sachs,ira-sachs-criterion-closet-picks,playtime,PlayTime,1967,12
Ira Sachs,ira-sachs-criterion-closet-picks,trafic,Trafic,1971,13
Ira Sachs,ira-sachs-criterion-closet-picks,parade,Parade,1974,14
Ira Sachs,ira-sachs-criterion-closet-picks,shock-corridor,Shock Corridor,1963,15
Ira Sachs,ira-sachs-criterion-closet-picks,the-moment-of-truth,The Moment of Truth,1965,16
Paul B. Preciado,paul-b-preciados-criterion-closet-picks,orlando-my-political-biography,"Orlando, My Political Biography",2023,1
Paul B. Preciado,paul-b-preciados-criterion-closet-picks,women-on-the-verge-of-a-nervous-breakdown,Women on the Verge of a Nervous Breakdown,1988,2
Paul B. Preciado,paul-b-preciados-criterion-closet-picks,cria,Cria!,1976,3
Paul B. Preciado,paul-b-preciados-criterion-closet-picks,accattone,Accattone,1961,4
Paul B. Preciado,paul-b-preciados-criterion-closet-picks,mamma-roma,Mamma Roma,1962,5
Paul B. Preciado,paul-b-preciados-criterion-closet-picks,love-meetings,Love Meetings,1964,6
Paul B. Preciado,paul-b-preciados-criterion-closet-picks,the-gospel-according-to-st-matthew,The Gospel According to St. Matthew,1964,7
Paul B. Preciado,paul-b-preciados-criterion-closet-picks,the-hawks-and-the-sparrows,The Hawks and the Sparrows,1966,8
Paul B. Preciado,paul-b-preciados-criterion-closet-picks,oedipus-rex,Oedipus Rex,1967,9
Paul B. Preciado,paul-b-preciados-criterion-closet-picks,theorem,Theorem,1968,10
Paul B. Preciado,paul-b-preciados-criterion-closet-picks,pigsty,Pigsty,1969,11
Paul B. Preciado,paul-b-preciados-criterion-closet-picks,medea,Medea,1969,12
Paul B. Preciado,paul-b-preciados-criterion-closet-picks,salo-or-the-120-days-of-sodom,"Salò, or the 120 Days of Sodom",1975,13
Paul B. Preciado,paul-b-preciados-criterion-closet-picks,jour-de-fete,Jour de Fête,1949,14
Paul B. Preciado,paul-b-preciados-criterion-closet-picks,monsieur-hulots-holiday,Monsieur Hulot's Holiday,1953,15
Paul B. Preciado,paul-b-preciados-criterion-closet-picks,mon-oncle,Mon Oncle,1958,16
Paul B. Preciado,paul-b-preciados-criterion-closet-picks,playtime,PlayTime,1967,17
Paul B. Preciado,paul-b-preciados-criterion-closet-picks,trafic,Trafic,1971,18
Paul B. Preciado,paul-b-preciados-criterion-closet-picks,parade,Parade,1974,19
Paul B. Preciado,paul-b-preciados-criterion-closet-picks,red-desert,Red Desert,1964,20
Natasha Lyonne,natasha-lyonnes-criterion-closet-picks,naked,Naked,1993,1
Natasha Lyonne,natasha-lyonnes-criterion-closet-picks,hoop-dreams,Hoop Dreams,1994,2
Natasha Lyonne,natasha-lyonnes-criterion-closet-picks,heaven-can-wait,Heaven Can Wait,1943,3
Natasha Lyonne,natasha-lyonnes-criterion-closet-picks,la-strada,La Strada,1954,4
Natasha Lyonne,natasha-lyonnes-criterion-closet-picks,naked-lunch,Naked Lunch,1991,5
Natasha Lyonne,natasha-lyonnes-criterion-closet-picks,umberto-d,Umberto D.,1952,6
Natasha Lyonne,natasha-lyonnes-criterion-closet-picks,uncut-gems,Uncut Gems,2019,7
Natasha Lyonne,natasha-lyonnes-criterion-closet-picks,devil-in-a-blue-dress,Devil in a Blue Dress,1995,8
Natasha Lyonne,natasha-lyonnes-criterion-closet-picks,raging-bull,Raging Bull,1980,9
Natasha Lyonne,natasha-lyonnes-criterion-closet-picks,town-bloody-hall,Town Bloody Hall,1979,10
Natasha Lyonne,natasha-lyonnes-criterion-closet-picks,pickpocket,Pickpocket,1959,11
Natasha Lyonne,natasha-lyonnes-criterion-closet-picks,the-decameron,The Decameron,1971,12
Natasha Lyonne,natasha-lyonnes-criterion-closet-picks,the-canterbury-tales,The Canterbury Tales,1972,13
Natasha Lyonne,natasha-lyonnes-criterion-closet-picks,arabian-nights-1974,Arabian Nights,1974,14
Natasha Lyonne,natasha-lyonnes-criterion-closet-picks,sunday-bloody-sunday,Sunday Bloody Sunday,1971,15
Natasha Lyonne,natasha-lyonnes-criterion-closet-picks,stromboli,Stromboli,1950,16
Natasha Lyonne,natasha-lyonnes-criterion-closet-picks,europa-51,Europa '51,1952,17
Natasha Lyonne,natasha-lyonnes-criterion-closet-picks,journey-to-italy,Journey to Italy,1954,18
Natasha Lyonne,natasha-lyonnes-criterion-closet-picks,city-lights,City Lights,1931,19
Natasha Lyonne,natasha-lyonnes-criterion-closet-picks,pandoras-box,Pandora's Box,1929,20
Natasha Lyonne,natasha-lyonnes-criterion-closet-picks,the-bakery-girl-of-monceau,The Bakery Girl of Monceau,1963,21
Natasha Lyonne,natasha-lyonnes-criterion-closet-picks,suzannes-career,Suzanne’s Career,1963,22
Natasha Lyonne,natasha-lyonnes-criterion-closet-picks,my-night-at-mauds,My Night at Maud's,1969,23
Natasha Lyonne,natasha-lyonnes-criterion-closet-picks,la-collectionneuse,La Collectionneuse,1967,24
Natasha Lyonne,natasha-lyonnes-criterion-closet-picks,claires-knee,Claire's Knee,1970,25
Natasha Lyonne,natasha-lyonnes-criterion-closet-picks,love-in-the-afternoon-1972,Love in the Afternoon,1972,26
Natasha Lyonne,natasha-lyonnes-criterion-closet-picks,sweet-smell-of-success,Sweet Smell of Success,1957,27
Natasha Lyonne,natasha-lyonnes-criterion-closet-picks,jo-jo-dancer-your-life-is-calling,"Jo Jo Dancer, Your Life Is Calling",1986,28
Natasha Lyonne,natasha-lyonnes-criterion-closet-picks,all-that-jazz,All That Jazz,1979,29
Natasha Lyonne,natasha-lyonnes-criterion-closet-picks,fail-safe,Fail Safe,1964,30
Natasha Lyonne,natasha-lyonnes-criterion-closet-picks,short-cuts,Short Cuts,1993,31
Natasha Lyonne,natasha-lyonnes-criterion-closet-picks,tanner-88,Tanner '88,1988,32
Natasha Lyonne,natasha-lyonnes-criterion-closet-picks,double-indemnity,Double Indemnity,1944,33
Natasha Lyonne,natasha-lyonnes-criterion-closet-picks,drive-my-car,Drive My Car,2021,34
Jean-Pierre and Luc Dardenne,jean-pierre-and-luc-dardennes-criterion-closet,wanda,Wanda,1970,1
Jean-Pierre and Luc Dardenne,jean-pierre-and-luc-dardennes-criterion-closet,the-age-of-innocence,The Age of Innocence,1993,2
Jean-Pierre and Luc Dardenne,jean-pierre-and-luc-dardennes-criterion-closet,stromboli,Stromboli,1950,3
Jean-Pierre and Luc Dardenne,jean-pierre-and-luc-dardennes-criterion-closet,europa-51,Europa '51,1952,4
Jean-Pierre and Luc Dardenne,jean-pierre-and-luc-dardennes-criterion-closet,journey-to-italy,Journey to Italy,1954,5
Jean-Pierre and Luc Dardenne,jean-pierre-and-luc-dardennes-criterion-closet,an-angel-at-my-table,An Angel at My Table,1990,6
Jean-Pierre and Luc Dardenne,jean-pierre-and-luc-dardennes-criterion-closet,4-months-3-weeks-and-2-days,"4 Months, 3 Weeks and 2 Days",2007,7
Jean-Pierre and Luc Dardenne,jean-pierre-and-luc-dardennes-criterion-closet,dekalog,Dekalog,1989,8
Jean-Pierre and Luc Dardenne,jean-pierre-and-luc-dardennes-criterion-closet,death-of-a-cyclist,Death of a Cyclist,1955,9
Owen Kline,owen-klines-criterion-closet-picks,the-squid-and-the-whale,The Squid and the Whale,2005,1
Owen Kline,owen-klines-criterion-closet-picks,written-on-the-wind,Written on the Wind,1956,2
Owen Kline,owen-klines-criterion-closet-picks,the-shooting,The Shooting,1966,3
Owen Kline,owen-klines-criterion-closet-picks,the-horses-mouth,The Horse's Mouth,1958,4
Owen Kline,owen-klines-criterion-closet-picks,the-naked-kiss,The Naked Kiss,1964,5
Owen Kline,owen-klines-criterion-closet-picks,paths-of-glory,Paths of Glory,1957,6
Owen Kline,owen-klines-criterion-closet-picks,pickpocket,Pickpocket,1959,7
Owen Kline,owen-klines-criterion-closet-picks,crumb,Crumb,1994,8
Owen Kline,owen-klines-criterion-closet-picks,babo-73,Babo 73,1964,9
Owen Kline,owen-klines-criterion-closet-picks,chafed-elbows,Chafed Elbows,1967,10
Owen Kline,owen-klines-criterion-closet-picks,no-more-excuses,No More Excuses,1968,11
Owen Kline,owen-klines-criterion-closet-picks,putney-swope,Putney Swope,1969,12
Owen Kline,owen-klines-criterion-closet-picks,two-tons-of-turquoise-to-taos-tonight,Two Tons of Turquoise to Taos Tonight,1975,13
Owen Kline,owen-klines-criterion-closet-picks,days-of-wine-and-roses-1958,Days of Wine and Roses,1958,14
Owen Kline,owen-klines-criterion-closet-picks,the-comedian-1957,The Comedian,1957,15
Owen Kline,owen-klines-criterion-closet-picks,requiem-for-a-heavyweight-1956,Requiem for a Heavyweight,1956,16
Owen Kline,owen-klines-criterion-closet-picks,bang-the-drum-slowly-1956,Bang the Drum Slowly,1956,17
Owen Kline,owen-klines-criterion-closet-picks,a-wind-from-the-south-1955,A Wind from the South,1955,18
Owen Kline,owen-klines-criterion-closet-picks,no-time-for-sergeants-1955-1,No Time for Sergeants,1955,19
Owen Kline,owen-klines-criterion-closet-picks,patterns-1955,Patterns,1955,20
Owen Kline,owen-klines-criterion-closet-picks,marty-1953,Marty,1953,21
Joachim Trier,joachim-triers-criterion-closet-picks,reprise,Reprise,2006,1
Joachim Trier,joachim-triers-criterion-closet-picks,oslo-august-31st,"Oslo, August 31st",2011,2
Joachim Trier,joachim-triers-criterion-closet-picks,the-fire-within,The Fire Within,1963,3
Joachim Trier,joachim-triers-criterion-closet-picks,louder-than-bombs,Louder Than Bombs,2015,4
Joachim Trier,joachim-triers-criterion-closet-picks,mishima-a-life-in-four-chapters,Mishima: A Life in Four Chapters,1985,5
Joachim Trier,joachim-triers-criterion-closet-picks,all-that-jazz,All That Jazz,1979,6
Joachim Trier,joachim-triers-criterion-closet-picks,high-and-low,High and Low,1963,7
Joachim Trier,joachim-triers-criterion-closet-picks,the-emigrants,The Emigrants,1971,8
Joachim Trier,joachim-triers-criterion-closet-picks,the-new-land,The New Land,1972,9
Joachim Trier,joachim-triers-criterion-closet-picks,la-jetee,La Jetée,1962,10
Joachim Trier,joachim-triers-criterion-closet-picks,sans-soleil,Sans Soleil,1983,11
Joachim Trier,joachim-triers-criterion-closet-picks,the-phantom-carriage,The Phantom Carriage,1921,12
Joachim Trier,joachim-triers-criterion-closet-picks,lola,Lola,1961,13
Joachim Trier,joachim-triers-criterion-closet-picks,bay-of-angels,Bay of Angels,1963,14
Joachim Trier,joachim-triers-criterion-closet-picks,the-umbrellas-of-cherbourg,The Umbrellas of Cherbourg,1964,15
Joachim Trier,joachim-triers-criterion-closet-picks,the-young-girls-of-rochefort,The Young Girls of Rochefort,1967,16
Joachim Trier,joachim-triers-criterion-closet-picks,donkey-skin,Donkey Skin,1970,17
Joachim Trier,joachim-triers-criterion-closet-picks,a-room-in-town-1982,A Room in Town,1982,18
Joachim Trier,joachim-triers-criterion-closet-picks,house,House,1977,19
Joachim Trier,joachim-triers-criterion-closet-picks,la-pointe-courte,La Pointe Courte,1955,20
Joachim Trier,joachim-triers-criterion-closet-picks,cleo-from-5-to-7,Cléo from 5 to 7,1962,21
Joachim Trier,joachim-triers-criterion-closet-picks,happiness-1965,Le Bonheur,1965,22
Joachim Trier,joachim-triers-criterion-closet-picks,vagabond,Vagabond,1985,23
Joachim Trier,joachim-triers-criterion-closet-picks,white-material,White Material,2009,24
Joachim Trier,joachim-triers-criterion-closet-picks,solaris,Solaris,1972,25
Joachim Trier,joachim-triers-criterion-closet-picks,heavens-gate,Heaven's Gate,1980,26
Joachim Trier,joachim-triers-criterion-closet-picks,the-bakery-girl-of-monceau,The Bakery Girl of Monceau,1963,27
Joachim Trier,joachim-triers-criterion-closet-picks,suzannes-career,Suzanne’s Career,1963,28
Joachim Trier,joachim-triers-criterion-closet-picks,my-night-at-mauds,My Night at Maud's,1969,29
Joachim Trier,joachim-triers-criterion-closet-picks,la-collectionneuse,La Collectionneuse,1967,30
Joachim Trier,joachim-triers-criterion-closet-picks,claires-knee,Claire's Knee,1970,31
Joachim Trier,joachim-triers-criterion-closet-picks,love-in-the-afternoon-1972,Love in the Afternoon,1972,32
Coralie Fargeat,coralie-fargeats-criterion-closet-picks,the-substance,The Substance,2024,1
Coralie Fargeat,coralie-fargeats-criterion-closet-picks,funny-games,Funny Games,1997,2
Coralie Fargeat,coralie-fargeats-criterion-closet-picks,eraserhead,Eraserhead,1977,3
Coralie Fargeat,coralie-fargeats-criterion-closet-picks,night-of-the-living-dead,Night of the Living Dead,1968,4
Coralie Fargeat,coralie-fargeats-criterion-closet-picks,naked-lunch,Naked Lunch,1991,5
Lee Unkrich,lee-unkrichs-criterion-closet-picks,toy-story-3,Toy Story 3,2010,1
Lee Unkrich,lee-unkrichs-criterion-closet-picks,coco-2017,Coco,2017,2
Lee Unkrich,lee-unkrichs-criterion-closet-picks,three-colours-blue,Three Colours: Blue,1993,3
Lee Unkrich,lee-unkrichs-criterion-closet-picks,three-colours-white,Three Colours: White,1994,4
Lee Unkrich,lee-unkrichs-criterion-closet-picks,three-colours-red,Three Colours: Red,1994,5
Lee Unkrich,lee-unkrichs-criterion-closet-picks,bicycle-thieves,Bicycle Thieves,1948,6
Lee Unkrich,lee-unkrichs-criterion-closet-picks,loves-of-a-blonde,Loves of a Blonde,1965,7
Lee Unkrich,lee-unkrichs-criterion-closet-picks,the-graduate,The Graduate,1967,8
Lee Unkrich,lee-unkrichs-criterion-closet-picks,punch-drunk-love,Punch-Drunk Love,2002,9
Lee Unkrich,lee-unkrichs-criterion-closet-picks,an-angel-at-my-table,An Angel at My Table,1990,10
Lee Unkrich,lee-unkrichs-criterion-closet-picks,seconds,Seconds,1966,11
Lee Unkrich,lee-unkrichs-criterion-closet-picks,all-that-jazz,All That Jazz,1979,12
Rob Delaney,rob-delaneys-criterion-closet-picks,harlan-county-usa,Harlan County U.S.A.,1976,1
Rob Delaney,rob-delaneys-criterion-closet-picks,the-umbrellas-of-cherbourg,The Umbrellas of Cherbourg,1964,2
Rob Delaney,rob-delaneys-criterion-closet-picks,before-sunrise,Before Sunrise,1995,3
Rob Delaney,rob-delaneys-criterion-closet-picks,before-sunset,Before Sunset,2004,4
Rob Delaney,rob-delaneys-criterion-closet-picks,before-midnight,Before Midnight,2013,5
Rob Delaney,rob-delaneys-criterion-closet-picks,my-dinner-with-andre,My Dinner with Andre,1981,6
Rob Delaney,rob-delaneys-criterion-closet-picks,vanya-on-42nd-street,Vanya on 42nd Street,1994,7
Rob Delaney,rob-delaneys-criterion-closet-picks,a-master-builder,A Master Builder,2013,8
RZA,rzas-criterion-closet-picks,the-big-boss,The Big Boss,1971,1
RZA,rzas-criterion-closet-picks,fist-of-fury,Fist of Fury,1972,2
RZA,rzas-criterion-closet-picks,the-way-of-the-dragon,The Way of the Dragon,1972,3
RZA,rzas-criterion-closet-picks,enter-the-dragon,Enter the Dragon,1973,4
RZA,rzas-criterion-closet-picks,game-of-death,Game of Death,1978,5
RZA,rzas-criterion-closet-picks,once-upon-a-time-in-china,Once Upon a Time in China,1991,6
RZA,rzas-criterion-closet-picks,once-upon-a-time-in-china-ii,Once Upon a Time in China II,1992,7
RZA,rzas-criterion-closet-picks,once-upon-a-time-in-china-iii,Once Upon a Time in China III,1992,8
RZA,rzas-criterion-closet-picks,once-upon-a-time-in-china-iv,Once Upon a Time in China IV,1993,9
RZA,rzas-criterion-closet-picks,once-upon-a-time-in-china-v,Once Upon a Time in China V,1994,10
RZA,rzas-criterion-closet-picks,mikey-and-nicky,Mikey and Nicky,1976,11
RZA,rzas-criterion-closet-picks,shadows-1958,Shadows,1958,12
RZA,rzas-criterion-closet-picks,faces-1968,Faces,1968,13
RZA,rzas-criterion-closet-picks,a-woman-under-the-influence,A Woman Under the Influence,1974,14
RZA,rzas-criterion-closet-picks,the-killing-of-a-chinese-bookie,The Killing of a Chinese Bookie,1976,15
RZA,rzas-criterion-closet-picks,opening-night,Opening Night,1977,16
RZA,rzas-criterion-closet-picks,a-constant-forge,A Constant Forge,2000,17
RZA,rzas-criterion-closet-picks,down-by-law,Down by Law,1986,18
RZA,rzas-criterion-closet-picks,ghost-dog-the-way-of-the-samurai,Ghost Dog: The Way of the Samurai,1999,19
RZA,rzas-criterion-closet-picks,on-the-waterfront,On the Waterfront,1954,20
RZA,rzas-criterion-closet-picks,la-haine,La Haine,1995,21
RZA,rzas-criterion-closet-picks,the-story-of-a-three-day-pass,The Story of a Three-Day Pass,1967,22
RZA,rzas-criterion-closet-picks,watermelon-man,Watermelon Man,1970,23
RZA,rzas-criterion-closet-picks,sweet-sweetbacks-baadasssss-song,Sweet Sweetback's Baadasssss Song,1971,24
RZA,rzas-criterion-closet-picks,dont-play-us-cheap,Don't Play Us Cheap,1973,25
Mikey Madison,mikey-madisons-criterion-closet-picks,anora-2024,Anora,2024,1
Mikey Madison,mikey-madisons-criterion-closet-picks,five-easy-pieces,Five Easy Pieces,1970,2
Mikey Madison,mikey-madisons-criterion-closet-picks,the-piano-teacher,The Piano Teacher,2001,3
Mikey Madison,mikey-madisons-criterion-closet-picks,take-out-2004,Take Out,2004,4
Mikey Madison,mikey-madisons-criterion-closet-picks,easy-rider,Easy Rider,1969,5
Mikey Madison,mikey-madisons-criterion-closet-picks,gilda,Gilda,1946,6
Mikey Madison,mikey-madisons-criterion-closet-picks,eyes-without-a-face,Eyes Without a Face,1960,7
Mikey Madison,mikey-madisons-criterion-closet-picks,the-kid,The Kid,1921,8
Mikey Madison,mikey-madisons-criterion-closet-picks,heavens-gate,Heaven's Gate,1980,9
Jude Law,jude-laws-criterion-closet-picks,purple-noon,Purple Noon,1960,1
Jude Law,jude-laws-criterion-closet-picks,the-night-of-the-hunter,The Night of the Hunter,1955,2
Jude Law,jude-laws-criterion-closet-picks,mona-lisa,Mona Lisa,1986,3
Jude Law,jude-laws-criterion-closet-picks,stalker,Stalker,1979,4
Marie Kreutzer,marie-kreutzers-criterion-closet-picks,corsage,Corsage,2022,1
Marie Kreutzer,marie-kreutzers-criterion-closet-picks,mona-lisa,Mona Lisa,1986,2
Marie Kreutzer,marie-kreutzers-criterion-closet-picks,a-matter-of-life-and-death,A Matter of Life and Death,1946,3
John C. Reilly,john-c-reillys-criterion-closet-picks,down-by-law,Down by Law,1986,1
John C. Reilly,john-c-reillys-criterion-closet-picks,the-killing-of-a-chinese-bookie,The Killing of a Chinese Bookie,1976,2
John C. Reilly,john-c-reillys-criterion-closet-picks,the-brood,The Brood,1979,3
John C. Reilly,john-c-reillys-criterion-closet-picks,defending-your-life,Defending Your Life,1991,4
John C. Reilly,john-c-reillys-criterion-closet-picks,on-the-waterfront,On the Waterfront,1954,5
John C. Reilly,john-c-reillys-criterion-closet-picks,the-great-escape,The Great Escape,1963,6
Matt Wolf,matt-wolfs-criterion-closet-picks,streetwise,Streetwise,1984,1
Matt Wolf,matt-wolfs-criterion-closet-picks,cold-water,Cold Water,1994,2
Alicia Malone,alicia-malones-criterion-closet-picks,breaker-morant,Breaker Morant,1980,1
Alicia Malone,alicia-malones-criterion-closet-picks,eraserhead,Eraserhead,1977,2
Alicia Malone,alicia-malones-criterion-closet-picks,ikiru,Ikiru,1952,3
Alicia Malone,alicia-malones-criterion-closet-picks,lady-snowblood,Lady Snowblood,1973,4
Alicia Malone,alicia-malones-criterion-closet-picks,lady-snowblood-2-love-song-of-vengeance,Lady Snowblood 2: Love Song of Vengeance,1974,5
Alicia Malone,alicia-malones-criterion-closet-picks,weekend-1967,Weekend,1967,6
Alicia Malone,alicia-malones-criterion-closet-picks,gilda,Gilda,1946,7
Alicia Malone,alicia-malones-criterion-closet-picks,his-girl-friday,His Girl Friday,1940,8
Alicia Malone,alicia-malones-criterion-closet-picks,walkabout,Walkabout,1971,9
Lynne Sachs,lynne-sachs-criterion-closet-picks,paris-texas,"Paris, Texas",1984,1
Lynne Sachs,lynne-sachs-criterion-closet-picks,sans-soleil,Sans Soleil,1983,2
Lynne Sachs,lynne-sachs-criterion-closet-picks,girlfriends-1978,Girlfriends,1978,3
Peter Sarsgaard,peter-sarsgaards-criterion-closet-picks,la-strada,La Strada,1954,1
Peter Sarsgaard,peter-sarsgaards-criterion-closet-picks,the-night-porter,The Night Porter,1974,2
Peter Sarsgaard,peter-sarsgaards-criterion-closet-picks,wanda,Wanda,1970,3
Peter Sarsgaard,peter-sarsgaards-criterion-closet-picks,true-stories,True Stories,1986,4
Peter Sarsgaard,peter-sarsgaards-criterion-closet-picks,eating-raoul,Eating Raoul,1982,5
Peter Sarsgaard,peter-sarsgaards-criterion-closet-picks,safe,Safe,1995,6
Peter Sarsgaard,peter-sarsgaards-criterion-closet-picks,breaking-the-waves,Breaking the Waves,1996,7
Bob the Drag Queen,bob-the-drag-queens-criterion-closet-picks,hedwig-and-the-angry-inch,Hedwig and the Angry Inch,2001,1
Bob the Drag Queen,bob-the-drag-queens-criterion-closet-picks,jo-jo-dancer-your-life-is-calling,"Jo Jo Dancer, Your Life Is Calling",1986,2
Bob the Drag Queen,bob-the-drag-queens-criterion-closet-picks,pee-wees-big-adventure,Pee-wee's Big Adventure,1985,3
Bob the Drag Queen,bob-the-drag-queens-criterion-closet-picks,network,Network,1976,4
Bob the Drag Queen,bob-the-drag-queens-criterion-closet-picks,the-wiz,The Wiz,1978,5
Bob the Drag Queen,bob-the-drag-queens-criterion-closet-picks,paris-is-burning,Paris Is Burning,1990,6
Sofia Coppola and Marc Jacobs,sofia-coppola-and-marc-jacobs-criterion-closet,grey-gardens,Grey Gardens,1975,1
Sofia Coppola and Marc Jacobs,sofia-coppola-and-marc-jacobs-criterion-closet,loves-of-a-blonde,Loves of a Blonde,1965,2
Sofia Coppola and Marc Jacobs,sofia-coppola-and-marc-jacobs-criterion-closet,all-that-jazz,All That Jazz,1979,3
Sofia Coppola and Marc Jacobs,sofia-coppola-and-marc-jacobs-criterion-closet,the-bitter-tears-of-petra-von-kant,The Bitter Tears of Petra von Kant,1972,4
Sofia Coppola and Marc Jacobs,sofia-coppola-and-marc-jacobs-criterion-closet,paris-is-burning,Paris Is Burning,1990,5
Sofia Coppola and Marc Jacobs,sofia-coppola-and-marc-jacobs-criterion-closet,female-trouble,Female Trouble,1974,6
Sofia Coppola and Marc Jacobs,sofia-coppola-and-marc-jacobs-criterion-closet,klute,Klute,1971,7
Sofia Coppola and Marc Jacobs,sofia-coppola-and-marc-jacobs-criterion-closet,the-virgin-suicides,The Virgin Suicides,1999,8
Sofia Coppola and Marc Jacobs,sofia-coppola-and-marc-jacobs-criterion-closet,after-hours,After Hours,1985,9
Sofia Coppola and Marc Jacobs,sofia-coppola-and-marc-jacobs-criterion-closet,summer-with-monika,Summer with Monika,1953,10
Sofia Coppola and Marc Jacobs,sofia-coppola-and-marc-jacobs-criterion-closet,i-knew-her-well,I Knew Her Well,1965,11
Sofia Coppola and Marc Jacobs,sofia-coppola-and-marc-jacobs-criterion-closet,pather-panchali,Pather Panchali,1955,12
Sofia Coppola and Marc Jacobs,sofia-coppola-and-marc-jacobs-criterion-closet,aparajito,Aparajito,1956,13
Sofia Coppola and Marc Jacobs,sofia-coppola-and-marc-jacobs-criterion-closet,apur-sansar,Apur Sansar,1959,14
Sofia Coppola and Marc Jacobs,sofia-coppola-and-marc-jacobs-criterion-closet,belle-de-jour,Belle de Jour,1967,15
Sofia Coppola and Marc Jacobs,sofia-coppola-and-marc-jacobs-criterion-closet,flow-2024,Flow,2024,16
Sofia Coppola and Marc Jacobs,sofia-coppola-and-marc-jacobs-criterion-closet,ryuichi-sakamoto-opus,Ryuichi Sakamoto | Opus,2023,17
Sofia Coppola and Marc Jacobs,sofia-coppola-and-marc-jacobs-criterion-closet,totally-fed-up,Totally F***ed Up,1993,18
Sofia Coppola and Marc Jacobs,sofia-coppola-and-marc-jacobs-criterion-closet,the-doom-generation,The Doom Generation,1995,19
Sofia Coppola and Marc Jacobs,sofia-coppola-and-marc-jacobs-criterion-closet,nowhere,Nowhere,1997,20
Sofia Coppola and Marc Jacobs,sofia-coppola-and-marc-jacobs-criterion-closet,the-heiress,The Heiress,1949,21
Sofia Coppola and Marc Jacobs,sofia-coppola-and-marc-jacobs-criterion-closet,funny-games,Funny Games,1997,22
Sofia Coppola and Marc Jacobs,sofia-coppola-and-marc-jacobs-criterion-closet,fast-times-at-ridgemont-high,Fast Times at Ridgemont High,1982,23
Sofia Coppola and Marc Jacobs,sofia-coppola-and-marc-jacobs-criterion-closet,the-grifters,The Grifters,1990,24
Sofia Coppola and Marc Jacobs,sofia-coppola-and-marc-jacobs-criterion-closet,uncut-gems,Uncut Gems,2019,25
Benjamin Millepied,benjamin-millepieds-criterion-closet-picks,carmen-2022-1,Carmen,2022,1
Benjamin Millepied,benjamin-millepieds-criterion-closet-picks,on-the-waterfront,On the Waterfront,1954,2
Benjamin Millepied,benjamin-millepieds-criterion-closet-picks,the-tree-of-life-2011,The Tree of Life,2011,3
Benjamin Millepied,benjamin-millepieds-criterion-closet-picks,sanshiro-sugata,Sanshiro Sugata,1943,4
Benjamin Millepied,benjamin-millepieds-criterion-closet-picks,the-most-beautiful,The Most Beautiful,1944,5
Benjamin Millepied,benjamin-millepieds-criterion-closet-picks,sanshiro-sugata-part-two,"Sanshiro Sugata, Part Two",1945,6
Benjamin Millepied,benjamin-millepieds-criterion-closet-picks,the-men-who-tread-on-the-tigers-tail,The Men Who Tread on the Tiger's Tail,1945,7
Benjamin Millepied,benjamin-millepieds-criterion-closet-picks,all-that-jazz,All That Jazz,1979,8
Benjamin Millepied,benjamin-millepieds-criterion-closet-picks,lavventura,L'Avventura,1960,9
Benjamin Millepied,benjamin-millepieds-criterion-closet-picks,koyaanisqatsi,Koyaanisqatsi,1982,10
Benjamin Millepied,benjamin-millepieds-criterion-closet-picks,powaqqatsi,Powaqqatsi,1988,11
Benjamin Millepied,benjamin-millepieds-criterion-closet-picks,naqoyqatsi,Naqoyqatsi,2002,12
Cameron Crowe,cameron-crowes-criterion-closet-picks,monterey-pop,Monterey Pop,1968,1
Cameron Crowe,cameron-crowes-criterion-closet-picks,jimi-plays-monterey,Jimi Plays Monterey,1986,2
Cameron Crowe,cameron-crowes-criterion-closet-picks,fast-times-at-ridgemont-high,Fast Times at Ridgemont High,1982,3
Cameron Crowe,cameron-crowes-criterion-closet-picks,the-worst-person-in-the-world,The Worst Person in the World,2021,4
Cameron Crowe,cameron-crowes-criterion-closet-picks,yi-yi,Yi Yi,2000,5
Cameron Crowe,cameron-crowes-criterion-closet-picks,carnal-knowledge,Carnal Knowledge,1971,6
Cameron Crowe,cameron-crowes-criterion-closet-picks,bottle-rocket-1996,Bottle Rocket,1996,7
Cameron Crowe,cameron-crowes-criterion-closet-picks,rushmore,Rushmore,1998,8
Cameron Crowe,cameron-crowes-criterion-closet-picks,the-royal-tenenbaums,The Royal Tenenbaums,2001,9
Cameron Crowe,cameron-crowes-criterion-closet-picks,the-life-aquatic-with-steve-zissou,The Life Aquatic with Steve Zissou,2004,10
Cameron Crowe,cameron-crowes-criterion-closet-picks,the-darjeeling-limited,The Darjeeling Limited,2007,11
Cameron Crowe,cameron-crowes-criterion-closet-picks,fantastic-mr-fox,Fantastic Mr. Fox,2009,12
Cameron Crowe,cameron-crowes-criterion-closet-picks,moonrise-kingdom,Moonrise Kingdom,2012,13
Cameron Crowe,cameron-crowes-criterion-closet-picks,the-grand-budapest-hotel,The Grand Budapest Hotel,2014,14
Cameron Crowe,cameron-crowes-criterion-closet-picks,isle-of-dogs-2018,Isle of Dogs,2018,15
Cameron Crowe,cameron-crowes-criterion-closet-picks,the-french-dispatch-of-the-liberty-kansas,"The French Dispatch of the Liberty, Kansas Evening Sun",2021,16
Cameron Crowe,cameron-crowes-criterion-closet-picks,medium-cool,Medium Cool,1969,17
Griffin Dunne's Second,griffin-dunnes-second-criterion-closet-picks,the-awful-truth,The Awful Truth,1937,1
Griffin Dunne's Second,griffin-dunnes-second-criterion-closet-picks,come-and-see,Come and See,1985,2
Griffin Dunne's Second,griffin-dunnes-second-criterion-closet-picks,mccabe-mrs-miller,McCabe & Mrs. Miller,1971,3
Griffin Dunne's Second,griffin-dunnes-second-criterion-closet-picks,in-a-lonely-place,In a Lonely Place,1950,4
Griffin Dunne's Second,griffin-dunnes-second-criterion-closet-picks,taste-of-cherry,Taste of Cherry,1997,5
Griffin Dunne's Second,griffin-dunnes-second-criterion-closet-picks,la-notte,La Notte,1961,6
Alec Baldwin,alec-baldwins-criterion-closet-picks,310-to-yuma,3:10 to Yuma,1957,1
Alec Baldwin,alec-baldwins-criterion-closet-picks,the-decameron,The Decameron,1971,2
Alec Baldwin,alec-baldwins-criterion-closet-picks,the-canterbury-tales,The Canterbury Tales,1972,3
Alec Baldwin,alec-baldwins-criterion-closet-picks,arabian-nights-1974,Arabian Nights,1974,4
Alec Baldwin,alec-baldwins-criterion-closet-picks,the-magician-1958,The Magician,1958,5
Willem Dafoe,willem-dafoes-criterion-closet-picks,onibaba,Onibaba,1964,1
Willem Dafoe,willem-dafoes-criterion-closet-picks,the-piano-teacher,The Piano Teacher,2001,2
Willem Dafoe,willem-dafoes-criterion-closet-picks,gate-of-flesh,Gate of Flesh,1964,3
Willem Dafoe,willem-dafoes-criterion-closet-picks,the-leopard,The Leopard,1963,4
Willem Dafoe,willem-dafoes-criterion-closet-picks,ashes-and-diamonds,Ashes and Diamonds,1958,5
Willem Dafoe,willem-dafoes-criterion-closet-picks,pickpocket,Pickpocket,1959,6
Willem Dafoe,willem-dafoes-criterion-closet-picks,au-hasard-balthazar,Au Hasard Balthazar,1966,7
Willem Dafoe,willem-dafoes-criterion-closet-picks,stromboli,Stromboli,1950,8
Willem Dafoe,willem-dafoes-criterion-closet-picks,europa-51,Europa '51,1952,9
Willem Dafoe,willem-dafoes-criterion-closet-picks,journey-to-italy,Journey to Italy,1954,10
Willem Dafoe,willem-dafoes-criterion-closet-picks,the-devils-backbone,The Devil's Backbone,2001,11
Willem Dafoe,willem-dafoes-criterion-closet-picks,mirror,Mirror,1975,12
Willem Dafoe,willem-dafoes-criterion-closet-picks,8-half,8½,1963,13
Willem Dafoe,willem-dafoes-criterion-closet-picks,the-last-temptation-of-christ,The Last Temptation of Christ,1988,14
Willem Dafoe,willem-dafoes-criterion-closet-picks,the-life-aquatic-with-steve-zissou,The Life Aquatic with Steve Zissou,2004,15
Jason Bateman,jason-batemans-criterion-closet-picks,amores-perros,Amores Perros,2000,1
Jason Bateman,jason-batemans-criterion-closet-picks,moonstruck,Moonstruck,1987,2
Jason Bateman,jason-batemans-criterion-closet-picks,three-colours-blue,Three Colours: Blue,1993,3
Jason Bateman,jason-batemans-criterion-closet-picks,three-colours-red,Three Colours: Red,1994,4
Jason Bateman,jason-batemans-criterion-closet-picks,three-colours-white,Three Colours: White,1994,5
Jason Bateman,jason-batemans-criterion-closet-picks,klute,Klute,1971,6
Jason Bateman,jason-batemans-criterion-closet-picks,barry-lyndon,Barry Lyndon,1975,7
Jason Bateman,jason-batemans-criterion-closet-picks,funny-games,Funny Games,1997,8
Jason Bateman,jason-batemans-criterion-closet-picks,trainspotting,Trainspotting,1996,9
Jason Bateman,jason-batemans-criterion-closet-picks,being-there,Being There,1979,10
Jason Bateman,jason-batemans-criterion-closet-picks,shampoo,Shampoo,1975,11
Raven Jackson,raven-jacksons-criterion-closet-picks,all-dirt-roads-taste-of-salt,All Dirt Roads Taste of Salt,2023,1
Raven Jackson,raven-jacksons-criterion-closet-picks,the-piano-teacher,The Piano Teacher,2001,2
Raven Jackson,raven-jacksons-criterion-closet-picks,eves-bayou,Eve's Bayou,1997,3
Raven Jackson,raven-jacksons-criterion-closet-picks,ratcatcher,Ratcatcher,1999,4
Raven Jackson,raven-jacksons-criterion-closet-picks,amores-perros,Amores Perros,2000,5
Raven Jackson,raven-jacksons-criterion-closet-picks,medicine-for-melancholy,Medicine for Melancholy,2008,6
Raven Jackson,raven-jacksons-criterion-closet-picks,fat-girl,Fat Girl,2001,7
Raven Jackson,raven-jacksons-criterion-closet-picks,weekend-2011,Weekend,2011,8
Raven Jackson,raven-jacksons-criterion-closet-picks,faya-dayi,Faya Dayi,2021,9
Raven Jackson,raven-jacksons-criterion-closet-picks,la-cienaga,La Ciénaga,2001,10
Raven Jackson,raven-jacksons-criterion-closet-picks,the-devils-backbone,The Devil's Backbone,2001,11
Matthew Modine,matthew-modines-criterion-closet-picks,tanner-88,Tanner '88,1988,1
Matthew Modine,matthew-modines-criterion-closet-picks,night-of-the-living-dead,Night of the Living Dead,1968,2
Matthew Modine,matthew-modines-criterion-closet-picks,the-black-stallion,The Black Stallion,1979,3
Matthew Modine,matthew-modines-criterion-closet-picks,midnight-cowboy,Midnight Cowboy,1969,4
Matthew Modine,matthew-modines-criterion-closet-picks,dr-strangelove-or-how-i-learned-to-stop-worrying-and-love-the-bomb,Dr. Strangelove or: How I Learned to Stop Worrying and Love the Bomb,1964,5
Matthew Modine,matthew-modines-criterion-closet-picks,high-and-low,High and Low,1963,6
Renate Reinsve,renate-reinsves-criterion-closet-picks,the-worst-person-in-the-world,The Worst Person in the World,2021,1
Renate Reinsve,renate-reinsves-criterion-closet-picks,mirror,Mirror,1975,2
Renate Reinsve,renate-reinsves-criterion-closet-picks,mulholland-drive,Mulholland Drive,2001,3
Renate Reinsve,renate-reinsves-criterion-closet-picks,white-material,White Material,2009,4
Renate Reinsve,renate-reinsves-criterion-closet-picks,the-piano-teacher,The Piano Teacher,2001,5
Renate Reinsve,renate-reinsves-criterion-closet-picks,pickpocket,Pickpocket,1959,6
Renate Reinsve,renate-reinsves-criterion-closet-picks,certified-copy,Certified Copy,2010,7
Renate Reinsve,renate-reinsves-criterion-closet-picks,the-suitor,The Suitor,1962,8
Renate Reinsve,renate-reinsves-criterion-closet-picks,yoyo,Yoyo,1965,9
Renate Reinsve,renate-reinsves-criterion-closet-picks,as-long-as-youve-got-your-health,As Long as You've Got Your Health,1966,10
Renate Reinsve,renate-reinsves-criterion-closet-picks,le-grand-amour,Le Grand Amour,1969,11
Renate Reinsve,renate-reinsves-criterion-closet-picks,land-of-milk-and-honey,Land of Milk and Honey,1971,12
Renate Reinsve,renate-reinsves-criterion-closet-picks,through-a-glass-darkly,Through a Glass Darkly,1961,13
Renate Reinsve,renate-reinsves-criterion-closet-picks,winter-light,Winter Light,1963,14
Renate Reinsve,renate-reinsves-criterion-closet-picks,the-silence,The Silence,1963,15
Renate Reinsve,renate-reinsves-criterion-closet-picks,the-golden-coach,The Golden Coach,1952,16
Renate Reinsve,renate-reinsves-criterion-closet-picks,french-cancan,French Cancan,1955,17
Renate Reinsve,renate-reinsves-criterion-closet-picks,elena-and-her-men,Elena and Her Men,1956,18
Renate Reinsve,renate-reinsves-criterion-closet-picks,rupture,Rupture,1961,19
Renate Reinsve,renate-reinsves-criterion-closet-picks,happy-anniversary,Happy Anniversary,1962,20
Renate Reinsve,renate-reinsves-criterion-closet-picks,feeling-good,Feeling Good,1966,21
Halle Berry,halle-berrys-criterion-closet-picks,blue-is-the-warmest-color,Blue Is the Warmest Color,2013,1
Halle Berry,halle-berrys-criterion-closet-picks,fantastic-mr-fox,Fantastic Mr. Fox,2009,2
Halle Berry,halle-berrys-criterion-closet-picks,love-jones,Love Jones,1997,3
Halle Berry,halle-berrys-criterion-closet-picks,bringing-up-baby,Bringing Up Baby,1938,4
Halle Berry,halle-berrys-criterion-closet-picks,claudine,Claudine,1974,5
Halle Berry,halle-berrys-criterion-closet-picks,parasite-2019,Parasite,2019,6
Halle Berry,halle-berrys-criterion-closet-picks,malcolm-x-1992,Malcolm X,1992,7
Halle Berry,halle-berrys-criterion-closet-picks,love-basketball,Love & Basketball,2000,8
Halle Berry,halle-berrys-criterion-closet-picks,cure,Cure,1997,9
Halle Berry,halle-berrys-criterion-closet-picks,rebecca,Rebecca,1940,10
Jon Hamm,jon-hamms-criterion-closet-picks,the-daytrippers,The Daytrippers,1996,1
Jon Hamm,jon-hamms-criterion-closet-picks,walle,WALL·E,2008,2
Jon Hamm,jon-hamms-criterion-closet-picks,my-life-as-a-dog,My Life as a Dog,1985,3
Jon Hamm,jon-hamms-criterion-closet-picks,videodrome,Videodrome,1983,4
Jon Hamm,jon-hamms-criterion-closet-picks,how-to-get-ahead-in-advertising,How to Get Ahead in Advertising,1989,5
Jon Hamm,jon-hamms-criterion-closet-picks,the-vanishing,The Vanishing,1988,6
Jon Hamm,jon-hamms-criterion-closet-picks,man-bites-dog,Man Bites Dog,1992,7
Jon Hamm,jon-hamms-criterion-closet-picks,down-by-law,Down by Law,1986,8
Jon Hamm,jon-hamms-criterion-closet-picks,tootsie,Tootsie,1982,9
Jon Hamm,jon-hamms-criterion-closet-picks,bottle-rocket-1996,Bottle Rocket,1996,10
Yorgos Lanthimos' Second,yorgos-lanthimos-second-criterion-closet,inland-empire,Inland Empire,2006,1
Yorgos Lanthimos' Second,yorgos-lanthimos-second-criterion-closet,carnal-knowledge,Carnal Knowledge,1971,2
Yorgos Lanthimos' Second,yorgos-lanthimos-second-criterion-closet,mikey-and-nicky,Mikey and Nicky,1976,3
Yorgos Lanthimos' Second,yorgos-lanthimos-second-criterion-closet,black-god-white-devil,"Black God, White Devil",1964,4
Yorgos Lanthimos' Second,yorgos-lanthimos-second-criterion-closet,persona,Persona,1966,5
Yorgos Lanthimos' Second,yorgos-lanthimos-second-criterion-closet,the-discreet-charm-of-the-bourgeoisie,The Discreet Charm of the Bourgeoisie,1972,6
Yorgos Lanthimos' Second,yorgos-lanthimos-second-criterion-closet,the-phantom-of-liberty,The Phantom of Liberty,1974,7
Yorgos Lanthimos' Second,yorgos-lanthimos-second-criterion-closet,that-obscure-object-of-desire,That Obscure Object of Desire,1977,8
Christian Petzold,christian-petzolds-criterion-closet-picks,afire,Afire,2023,1
Christian Petzold,christian-petzolds-criterion-closet-picks,stromboli,Stromboli,1950,2
Christian Petzold,christian-petzolds-criterion-closet-picks,wanda,Wanda,1970,3
Christian Petzold,christian-petzolds-criterion-closet-picks,the-lady-eve,The Lady Eve,1941,4
Christian Petzold,christian-petzolds-criterion-closet-picks,traffic,Traffic,2000,5
Christian Petzold,christian-petzolds-criterion-closet-picks,people-on-sunday,People on Sunday,1930,6
Christian Petzold,christian-petzolds-criterion-closet-picks,my-night-at-mauds,My Night at Maud's,1969,7
Christian Petzold,christian-petzolds-criterion-closet-picks,the-bakery-girl-of-monceau,The Bakery Girl of Monceau,1963,8
Christian Petzold,christian-petzolds-criterion-closet-picks,suzannes-career,Suzanne’s Career,1963,9
Christian Petzold,christian-petzolds-criterion-closet-picks,la-collectionneuse,La Collectionneuse,1967,10
Christian Petzold,christian-petzolds-criterion-closet-picks,claires-knee,Claire's Knee,1970,11
Christian Petzold,christian-petzolds-criterion-closet-picks,love-in-the-afternoon-1972,Love in the Afternoon,1972,12
Christian Petzold,christian-petzolds-criterion-closet-picks,europa-51,Europa '51,1952,13
Christian Petzold,christian-petzolds-criterion-closet-picks,journey-to-italy,Journey to Italy,1954,14
Christian Petzold,christian-petzolds-criterion-closet-picks,a-matter-of-life-and-death,A Matter of Life and Death,1946,15
St. Vincent,st-vincents-criterion-closet-picks,female-trouble,Female Trouble,1974,1
St. Vincent,st-vincents-criterion-closet-picks,the-bitter-tears-of-petra-von-kant,The Bitter Tears of Petra von Kant,1972,2
St. Vincent,st-vincents-criterion-closet-picks,women-on-the-verge-of-a-nervous-breakdown,Women on the Verge of a Nervous Breakdown,1988,3
St. Vincent,st-vincents-criterion-closet-picks,to-die-for,To Die For,1995,4
St. Vincent,st-vincents-criterion-closet-picks,brand-upon-the-brain,Brand Upon the Brain!,2006,5
St. Vincent,st-vincents-criterion-closet-picks,saute-ma-ville,Saute ma ville,1968,6
St. Vincent,st-vincents-criterion-closet-picks,the-beloved-child-or-i-play-at-being-a-married-woman,"The Beloved Child, or I Play at Being a Married Woman",1971,7
St. Vincent,st-vincents-criterion-closet-picks,la-chambre-1972,La chambre,1972,8
St. Vincent,st-vincents-criterion-closet-picks,hotel-monterey,Hotel Monterey,1973,9
St. Vincent,st-vincents-criterion-closet-picks,le-15-8,Le 15/8,1973,10
St. Vincent,st-vincents-criterion-closet-picks,je-tu-il-elle,Je Tu Il Elle,1974,11
St. Vincent,st-vincents-criterion-closet-picks,jeanne-dielman-23-quai-du-commerce-1080-bruxelles,"Jeanne Dielman, 23, quai du Commerce, 1080 Bruxelles",1975,12
St. Vincent,st-vincents-criterion-closet-picks,news-from-home,News from Home,1976,13
St. Vincent,st-vincents-criterion-closet-picks,the-meetings-of-anna,The Meetings of Anna,1978,14
St. Vincent,st-vincents-criterion-closet-picks,trainspotting,Trainspotting,1996,15
St. Vincent,st-vincents-criterion-closet-picks,dazed-and-confused,Dazed and Confused,1993,16
St. Vincent,st-vincents-criterion-closet-picks,diamonds-of-the-night,Diamonds of the Night,1964,17
Claude Lelouch,claude-lelouchs-criterion-closet-picks,swing-time,Swing Time,1936,1
Claude Lelouch,claude-lelouchs-criterion-closet-picks,jour-de-fete,Jour de Fête,1949,2
Claude Lelouch,claude-lelouchs-criterion-closet-picks,monsieur-hulots-holiday,Monsieur Hulot's Holiday,1953,3
Claude Lelouch,claude-lelouchs-criterion-closet-picks,mon-oncle,Mon Oncle,1958,4
Claude Lelouch,claude-lelouchs-criterion-closet-picks,playtime,PlayTime,1967,5
Claude Lelouch,claude-lelouchs-criterion-closet-picks,trafic,Trafic,1971,6
Claude Lelouch,claude-lelouchs-criterion-closet-picks,parade,Parade,1974,7
Claude Lelouch,claude-lelouchs-criterion-closet-picks,modern-times,Modern Times,1936,8
Claude Lelouch,claude-lelouchs-criterion-closet-picks,city-lights,City Lights,1931,9
Claude Lelouch,claude-lelouchs-criterion-closet-picks,the-great-dictator,The Great Dictator,1940,10
Claude Lelouch,claude-lelouchs-criterion-closet-picks,the-circus,The Circus,1928,11
Claude Lelouch,claude-lelouchs-criterion-closet-picks,il-sorpasso,Il Sorpasso,1962,12
Claude Lelouch,claude-lelouchs-criterion-closet-picks,a-special-day,A Special Day,1977,13
Ena Sendijarević,ena-sendijarevics-criterion-closet-picks,take-me-somewhere-nice,Take Me Somewhere Nice,2019,1
Ena Sendijarević,ena-sendijarevics-criterion-closet-picks,sweet-dreams-2023,Sweet Dreams,2023,2
Ena Sendijarević,ena-sendijarevics-criterion-closet-picks,woman-in-the-dunes,Woman in the Dunes,1964,3
Ena Sendijarević,ena-sendijarevics-criterion-closet-picks,mouchette,Mouchette,1967,4
Ena Sendijarević,ena-sendijarevics-criterion-closet-picks,tie-me-up-tie-me-down,Tie Me Up! Tie Me Down!,1989,5
James L. Brooks,james-l-brookss-criterion-closet-picks,broadcast-news,Broadcast News,1987,1
James L. Brooks,james-l-brookss-criterion-closet-picks,terms-of-endearment,Terms of Endearment,1983,2
James L. Brooks,james-l-brookss-criterion-closet-picks,shampoo,Shampoo,1975,3
James L. Brooks,james-l-brookss-criterion-closet-picks,sullivans-travels,Sullivan's Travels,1941,4
James L. Brooks,james-l-brookss-criterion-closet-picks,the-lady-eve,The Lady Eve,1941,5
James L. Brooks,james-l-brookss-criterion-closet-picks,shadows-1958,Shadows,1958,6
James L. Brooks,james-l-brookss-criterion-closet-picks,faces-1968,Faces,1968,7
James L. Brooks,james-l-brookss-criterion-closet-picks,a-woman-under-the-influence,A Woman Under the Influence,1974,8
James L. Brooks,james-l-brookss-criterion-closet-picks,the-killing-of-a-chinese-bookie,The Killing of a Chinese Bookie,1976,9
James L. Brooks,james-l-brookss-criterion-closet-picks,opening-night,Opening Night,1977,10
James L. Brooks,james-l-brookss-criterion-closet-picks,a-constant-forge,A Constant Forge,2000,11
James L. Brooks,james-l-brookss-criterion-closet-picks,metropolitan,Metropolitan,1990,12
James L. Brooks,james-l-brookss-criterion-closet-picks,the-last-days-of-disco,The Last Days of Disco,1998,13
James L. Brooks,james-l-brookss-criterion-closet-picks,barcelona,Barcelona,1994,14
James L. Brooks,james-l-brookss-criterion-closet-picks,the-importance-of-being-earnest,The Importance of Being Earnest,1952,15
James L. Brooks,james-l-brookss-criterion-closet-picks,lost-in-america,Lost in America,1985,16
Gints Zilbalodis,gints-zilbalodis-criterion-closet-picks,punch-drunk-love,Punch-Drunk Love,2002,1
Gints Zilbalodis,gints-zilbalodis-criterion-closet-picks,y-tu-mama-tambien,Y Tu Mamá También,2001,2
Gints Zilbalodis,gints-zilbalodis-criterion-closet-picks,being-there,Being There,1979,3
Gints Zilbalodis,gints-zilbalodis-criterion-closet-picks,woman-in-the-dunes,Woman in the Dunes,1964,4
Gints Zilbalodis,gints-zilbalodis-criterion-closet-picks,after-hours,After Hours,1985,5
Gints Zilbalodis,gints-zilbalodis-criterion-closet-picks,fantastic-mr-fox,Fantastic Mr. Fox,2009,6
Gints Zilbalodis,gints-zilbalodis-criterion-closet-picks,koyaanisqatsi,Koyaanisqatsi,1982,7
Gints Zilbalodis,gints-zilbalodis-criterion-closet-picks,powaqqatsi,Powaqqatsi,1988,8
Gints Zilbalodis,gints-zilbalodis-criterion-closet-picks,naqoyqatsi,Naqoyqatsi,2002,9
Gints Zilbalodis,gints-zilbalodis-criterion-closet-picks,high-and-low,High and Low,1963,10
David and Nathan Zellner's Criterion Picks,david-and-nathan-zellners-criterion-picks,sasquatch-sunset,Sasquatch Sunset,2024,1
David and Nathan Zellner's Criterion Picks,david-and-nathan-zellners-criterion-picks,always-for-pleasure,Always for Pleasure,1978,2
David and Nathan Zellner's Criterion Picks,david-and-nathan-zellners-criterion-picks,the-tall-t,The Tall T,1957,3
David and Nathan Zellner's Criterion Picks,david-and-nathan-zellners-criterion-picks,decision-at-sundown,Decision at Sundown,1957,4
David and Nathan Zellner's Criterion Picks,david-and-nathan-zellners-criterion-picks,buchanan-rides-alone,Buchanan Rides Alone,1958,5
David and Nathan Zellner's Criterion Picks,david-and-nathan-zellners-criterion-picks,ride-lonesome,Ride Lonesome,1959,6
David and Nathan Zellner's Criterion Picks,david-and-nathan-zellners-criterion-picks,comanche-station,Comanche Station,1960,7
David and Nathan Zellner's Criterion Picks,david-and-nathan-zellners-criterion-picks,godzilla,Godzilla,1954,8
David and Nathan Zellner's Criterion Picks,david-and-nathan-zellners-criterion-picks,godzilla-raids-again,Godzilla Raids Again,1955,9
David and Nathan Zellner's Criterion Picks,david-and-nathan-zellners-criterion-picks,king-kong-vs-godzilla,King Kong vs. Godzilla,1962,10
David and Nathan Zellner's Criterion Picks,david-and-nathan-zellners-criterion-picks,king-kong-vs-godzilla-1963,King Kong vs. Godzilla,1963,11
David and Nathan Zellner's Criterion Picks,david-and-nathan-zellners-criterion-picks,mothra-vs-godzilla,Mothra vs. Godzilla,1964,12
David and Nathan Zellner's Criterion Picks,david-and-nathan-zellners-criterion-picks,ghidorah-the-three-headed-monster,"Ghidorah, the Three-Headed Monster",1964,13
David and Nathan Zellner's Criterion Picks,david-and-nathan-zellners-criterion-picks,invasion-of-astro-monster,Invasion of Astro-Monster,1965,14
David and Nathan Zellner's Criterion Picks,david-and-nathan-zellners-criterion-picks,ebirah-horror-of-the-deep,"Ebirah, Horror of the Deep",1966,15
David and Nathan Zellner's Criterion Picks,david-and-nathan-zellners-criterion-picks,son-of-godzilla,Son of Godzilla,1967,16
David and Nathan Zellner's Criterion Picks,david-and-nathan-zellners-criterion-picks,destroy-all-monsters,Destroy All Monsters,1968,17
David and Nathan Zellner's Criterion Picks,david-and-nathan-zellners-criterion-picks,all-monsters-attack,All Monsters Attack,1969,18
David and Nathan Zellner's Criterion Picks,david-and-nathan-zellners-criterion-picks,godzilla-vs-hedorah,Godzilla vs. Hedorah,1971,19
David and Nathan Zellner's Criterion Picks,david-and-nathan-zellners-criterion-picks,godzilla-vs-gigan,Godzilla vs. Gigan,1972,20
David and Nathan Zellner's Criterion Picks,david-and-nathan-zellners-criterion-picks,godzilla-vs-megalon,Godzilla vs. Megalon,1973,21
David and Nathan Zellner's Criterion Picks,david-and-nathan-zellners-criterion-picks,godzilla-vs-mechagodzilla,Godzilla vs. Mechagodzilla,1974,22
David and Nathan Zellner's Criterion Picks,david-and-nathan-zellners-criterion-picks,terror-of-mechagodzilla,Terror of Mechagodzilla,1975,23
David and Nathan Zellner's Criterion Picks,david-and-nathan-zellners-criterion-picks,journey-to-the-beginning-of-time,Journey to the Beginning of Time,1955,24
David and Nathan Zellner's Criterion Picks,david-and-nathan-zellners-criterion-picks,the-fabulous-world-of-jules-verne,The Fabulous World of Jules Verne,1958,25
David and Nathan Zellner's Criterion Picks,david-and-nathan-zellners-criterion-picks,the-fabulous-baron-munchausen,The Fabulous Baron Munchausen,1962,26
David and Nathan Zellner's Criterion Picks,david-and-nathan-zellners-criterion-picks,forty-guns,Forty Guns,1957,27
Diego Luna,diego-lunas-criterion-closet-picks,amarcord,Amarcord,1973,1
Diego Luna,diego-lunas-criterion-closet-picks,the-400-blows,The 400 Blows,1959,2
Diego Luna,diego-lunas-criterion-closet-picks,la-jetee,La Jetée,1962,3
Diego Luna,diego-lunas-criterion-closet-picks,sans-soleil,Sans Soleil,1983,4
Diego Luna,diego-lunas-criterion-closet-picks,y-tu-mama-tambien,Y Tu Mamá También,2001,5
Diego Luna,diego-lunas-criterion-closet-picks,carlos,Carlos,2010,6
Diego Luna,diego-lunas-criterion-closet-picks,three-colours-blue,Three Colours: Blue,1993,7
Diego Luna,diego-lunas-criterion-closet-picks,three-colours-white,Three Colours: White,1994,8
Diego Luna,diego-lunas-criterion-closet-picks,three-colours-red,Three Colours: Red,1994,9
Diego Luna,diego-lunas-criterion-closet-picks,totem-2023,Tótem,2023,10
Diego Luna,diego-lunas-criterion-closet-picks,parasite-2019,Parasite,2019,11
Elle Fanning,elle-fannings-criterion-closet-picks,the-red-shoes,The Red Shoes,1948,1
Elle Fanning,elle-fannings-criterion-closet-picks,the-virgin-suicides,The Virgin Suicides,1999,2
Elle Fanning,elle-fannings-criterion-closet-picks,daisies,Daisies,1966,3
Elle Fanning,elle-fannings-criterion-closet-picks,bringing-up-baby,Bringing Up Baby,1938,4
Elle Fanning,elle-fannings-criterion-closet-picks,to-die-for,To Die For,1995,5
Elle Fanning,elle-fannings-criterion-closet-picks,the-power-of-the-dog,The Power of the Dog,2021,6
Elle Fanning,elle-fannings-criterion-closet-picks,the-worst-person-in-the-world,The Worst Person in the World,2021,7
Elle Fanning,elle-fannings-criterion-closet-picks,parasite-2019,Parasite,2019,8
Elle Fanning,elle-fannings-criterion-closet-picks,the-princess-bride,The Princess Bride,1987,9
Elle Fanning,elle-fannings-criterion-closet-picks,i-knew-her-well,I Knew Her Well,1965,10
Roger and James Deakins,roger-and-james-deakins-criterion-closet,the-seventh-seal,The Seventh Seal,1957,1
Roger and James Deakins,roger-and-james-deakins-criterion-closet,comradeship,Comradeship,1931,2
Roger and James Deakins,roger-and-james-deakins-criterion-closet,come-and-see,Come and See,1985,3
Roger and James Deakins,roger-and-james-deakins-criterion-closet,tokyo-olympiad,Tokyo Olympiad,1965,4
Roger and James Deakins,roger-and-james-deakins-criterion-closet,fires-on-the-plain,Fires on the Plain,1959,5
Roger and James Deakins,roger-and-james-deakins-criterion-closet,the-burmese-harp,The Burmese Harp,1956,6
Roger and James Deakins,roger-and-james-deakins-criterion-closet,sid-and-nancy,Sid and Nancy,1986,7
Roger and James Deakins,roger-and-james-deakins-criterion-closet,le-cercle-rouge,Le Cercle Rouge,1970,8
Roger and James Deakins,roger-and-james-deakins-criterion-closet,le-silence-de-la-mer,Le Silence de la mer,1949,9
Roger and James Deakins,roger-and-james-deakins-criterion-closet,lavventura,L'Avventura,1960,10
Roger and James Deakins,roger-and-james-deakins-criterion-closet,mirror,Mirror,1975,11
Roger and James Deakins,roger-and-james-deakins-criterion-closet,solaris,Solaris,1972,12
Roger and James Deakins,roger-and-james-deakins-criterion-closet,in-cold-blood,In Cold Blood,1967,13
Bertrand Bonello,bertrand-bonellos-criterion-closet-picks,the-age-of-innocence,The Age of Innocence,1993,1
Bertrand Bonello,bertrand-bonellos-criterion-closet-picks,crash,Crash,1996,2
Bertrand Bonello,bertrand-bonellos-criterion-closet-picks,clean-shaven,"Clean, Shaven",1993,3
Bertrand Bonello,bertrand-bonellos-criterion-closet-picks,accattone,Accattone,1961,4
Bertrand Bonello,bertrand-bonellos-criterion-closet-picks,mamma-roma,Mamma Roma,1962,5
Bertrand Bonello,bertrand-bonellos-criterion-closet-picks,love-meetings,Love Meetings,1964,6
Bertrand Bonello,bertrand-bonellos-criterion-closet-picks,the-gospel-according-to-st-matthew,The Gospel According to St. Matthew,1964,7
Bertrand Bonello,bertrand-bonellos-criterion-closet-picks,the-hawks-and-the-sparrows,The Hawks and the Sparrows,1966,8
Bertrand Bonello,bertrand-bonellos-criterion-closet-picks,oedipus-rex,Oedipus Rex,1967,9
Bertrand Bonello,bertrand-bonellos-criterion-closet-picks,theorem,Theorem,1968,10
Bertrand Bonello,bertrand-bonellos-criterion-closet-picks,pigsty,Pigsty,1969,11
Bertrand Bonello,bertrand-bonellos-criterion-closet-picks,medea,Medea,1969,12
Bertrand Bonello,bertrand-bonellos-criterion-closet-picks,close-up,Close-Up,1990,13
Elijah Wood,elijah-woods-criterion-closet-picks,the-vanishing,The Vanishing,1988,1
Elijah Wood,elijah-woods-criterion-closet-picks,amores-perros,Amores Perros,2000,2
Elijah Wood,elijah-woods-criterion-closet-picks,the-game,The Game,1997,3
Elijah Wood,elijah-woods-criterion-closet-picks,blow-up,Blow-Up,1966,4
Elijah Wood,elijah-woods-criterion-closet-picks,thelonious-monk-straight-no-chaser,"Thelonious Monk: Straight, No Chaser",1988,5
Elijah Wood,elijah-woods-criterion-closet-picks,birth-2004,Birth,2004,6
Elijah Wood,elijah-woods-criterion-closet-picks,eyes-wide-shut,Eyes Wide Shut,1999,7
Elijah Wood,elijah-woods-criterion-closet-picks,happiness,Happiness,1998,8
Elijah Wood,elijah-woods-criterion-closet-picks,funny-games,Funny Games,1997,9
Elijah Wood,elijah-woods-criterion-closet-picks,bottle-rocket-1996,Bottle Rocket,1996,10
Elijah Wood,elijah-woods-criterion-closet-picks,rushmore,Rushmore,1998,11
Elijah Wood,elijah-woods-criterion-closet-picks,the-royal-tenenbaums,The Royal Tenenbaums,2001,12
Elijah Wood,elijah-woods-criterion-closet-picks,the-life-aquatic-with-steve-zissou,The Life Aquatic with Steve Zissou,2004,13
Elijah Wood,elijah-woods-criterion-closet-picks,the-darjeeling-limited,The Darjeeling Limited,2007,14
Elijah Wood,elijah-woods-criterion-closet-picks,fantastic-mr-fox,Fantastic Mr. Fox,2009,15
Elijah Wood,elijah-woods-criterion-closet-picks,moonrise-kingdom,Moonrise Kingdom,2012,16
Elijah Wood,elijah-woods-criterion-closet-picks,the-grand-budapest-hotel,The Grand Budapest Hotel,2014,17
Elijah Wood,elijah-woods-criterion-closet-picks,isle-of-dogs-2018,Isle of Dogs,2018,18
Elijah Wood,elijah-woods-criterion-closet-picks,the-french-dispatch-of-the-liberty-kansas,"The French Dispatch of the Liberty, Kansas Evening Sun",2021,19
Elijah Wood,elijah-woods-criterion-closet-picks,on-the-waterfront,On the Waterfront,1954,20
Isabelle Huppert's Second,isabelle-hupperts-second-criterion-closet,wanda,Wanda,1970,1
Isabelle Huppert's Second,isabelle-hupperts-second-criterion-closet,stromboli,Stromboli,1950,2
Isabelle Huppert's Second,isabelle-hupperts-second-criterion-closet,europa-51,Europa '51,1952,3
Isabelle Huppert's Second,isabelle-hupperts-second-criterion-closet,journey-to-italy,Journey to Italy,1954,4
Isabelle Huppert's Second,isabelle-hupperts-second-criterion-closet,i-knew-her-well,I Knew Her Well,1965,5
Isabelle Huppert's Second,isabelle-hupperts-second-criterion-closet,juliet-of-the-spirits,Juliet of the Spirits,1965,6
Isabelle Huppert's Second,isabelle-hupperts-second-criterion-closet,la-ceremonie,La Cérémonie,1995,7
Isabelle Huppert's Second,isabelle-hupperts-second-criterion-closet,2-or-3-things-i-know-about-her,2 or 3 Things I Know About Her,1967,8
Isabelle Huppert's Second,isabelle-hupperts-second-criterion-closet,early-spring,Early Spring,1956,9
Isabelle Huppert's Second,isabelle-hupperts-second-criterion-closet,tokyo-twilight,Tokyo Twilight,1957,10
Isabelle Huppert's Second,isabelle-hupperts-second-criterion-closet,equinox-flower,Equinox Flower,1958,11
Isabelle Huppert's Second,isabelle-hupperts-second-criterion-closet,late-autumn,Late Autumn,1960,12
Isabelle Huppert's Second,isabelle-hupperts-second-criterion-closet,the-end-of-summer,The End of Summer,1961,13
Isabelle Huppert's Second,isabelle-hupperts-second-criterion-closet,saint-omer,Saint Omer,2022,14
Isabelle Huppert's Second,isabelle-hupperts-second-criterion-closet,nothing-but-a-man,Nothing But a Man,1964,15
Michael K. Williams,michael-k-williams-criterion-closet-picks,gomorrah,Gomorrah,2008,1
Michael K. Williams,michael-k-williams-criterion-closet-picks,the-fugitive-kind,The Fugitive Kind,1960,2
Michael K. Williams,michael-k-williams-criterion-closet-picks,hunger,Hunger,2008,3
Michael K. Williams,michael-k-williams-criterion-closet-picks,the-night-of-the-hunter,The Night of the Hunter,1955,4
Michael K. Williams,michael-k-williams-criterion-closet-picks,dazed-and-confused,Dazed and Confused,1993,5
Michael K. Williams,michael-k-williams-criterion-closet-picks,modern-times,Modern Times,1936,6
Barry Levinson,barry-levinsons-criterion-closet-picks,jules-and-jim,Jules and Jim,1962,1
Barry Levinson,barry-levinsons-criterion-closet-picks,dont-look-back-1967,Dont Look Back,1967,2
Barry Levinson,barry-levinsons-criterion-closet-picks,spartacus,Spartacus,1960,3
Barry Levinson,barry-levinsons-criterion-closet-picks,one-eyed-jacks,One-Eyed Jacks,1961,4
Barry Levinson,barry-levinsons-criterion-closet-picks,shadows-1958,Shadows,1958,5
Barry Levinson,barry-levinsons-criterion-closet-picks,chimes-at-midnight,Chimes at Midnight,1965,6
Barry Levinson,barry-levinsons-criterion-closet-picks,faces-1968,Faces,1968,7
Barry Levinson,barry-levinsons-criterion-closet-picks,a-woman-under-the-influence,A Woman Under the Influence,1974,8
Barry Levinson,barry-levinsons-criterion-closet-picks,the-killing-of-a-chinese-bookie,The Killing of a Chinese Bookie,1976,9
Barry Levinson,barry-levinsons-criterion-closet-picks,opening-night,Opening Night,1977,10
Barry Levinson,barry-levinsons-criterion-closet-picks,a-constant-forge,A Constant Forge,2000,11
Gaspar Noé,gaspar-noes-criterion-closet-picks,enter-the-void,Enter the Void,2009,1
Gaspar Noé,gaspar-noes-criterion-closet-picks,irreversible,Irreversible,2002,2
Gaspar Noé,gaspar-noes-criterion-closet-picks,love-2015,Love,2015,3
Gaspar Noé,gaspar-noes-criterion-closet-picks,the-x-from-outer-space,The X from Outer Space,1967,4
Gaspar Noé,gaspar-noes-criterion-closet-picks,goke-body-snatcher-from-hell,"Goké, Body Snatcher from Hell",1968,5
Gaspar Noé,gaspar-noes-criterion-closet-picks,living-skeleton,Living Skeleton,1968,6
Gaspar Noé,gaspar-noes-criterion-closet-picks,genocide-1968,Genocide,1968,7
Gaspar Noé,gaspar-noes-criterion-closet-picks,seconds,Seconds,1966,8
Gaspar Noé,gaspar-noes-criterion-closet-picks,the-insect-woman,The Insect Woman,1963,9
Gaspar Noé,gaspar-noes-criterion-closet-picks,pigs-and-battleships,Pigs and Battleships,1961,10
Gaspar Noé,gaspar-noes-criterion-closet-picks,intentions-of-murder,Intentions of Murder,1964,11
Gaspar Noé,gaspar-noes-criterion-closet-picks,master-of-the-house,Master of the House,1925,12
Gaspar Noé,gaspar-noes-criterion-closet-picks,gate-of-hell,Gate of Hell,1953,13
Gaspar Noé,gaspar-noes-criterion-closet-picks,safe,Safe,1995,14
Gaspar Noé,gaspar-noes-criterion-closet-picks,state-of-siege,State of Siege,1972,15
Gaspar Noé,gaspar-noes-criterion-closet-picks,sundays-and-cybele,Sundays and Cybele,1962,16
Gaspar Noé,gaspar-noes-criterion-closet-picks,jigoku,Jigoku,1960,17
Gaspar Noé,gaspar-noes-criterion-closet-picks,island-of-lost-souls,Island of Lost Souls,1932,18
Gaspar Noé,gaspar-noes-criterion-closet-picks,the-naked-prey,The Naked Prey,1965,19
Gaspar Noé,gaspar-noes-criterion-closet-picks,salo-or-the-120-days-of-sodom,"Salò, or the 120 Days of Sodom",1975,20
Gaspar Noé,gaspar-noes-criterion-closet-picks,patriotism,Patriotism,1966,21
Gaspar Noé,gaspar-noes-criterion-closet-picks,mishima-a-life-in-four-chapters,Mishima: A Life in Four Chapters,1985,22
Volker Schlondorff,volker-schlondorffs-criterion-closet-picks,the-tin-drum,The Tin Drum,1979,1
Volker Schlondorff,volker-schlondorffs-criterion-closet-picks,diplomacy,Diplomacy,2014,2
Volker Schlondorff,volker-schlondorffs-criterion-closet-picks,leclisse,L'Eclisse,1962,3
Volker Schlondorff,volker-schlondorffs-criterion-closet-picks,young-torless,Young Törless,1966,4
Volker Schlondorff,volker-schlondorffs-criterion-closet-picks,coup-de-grace,Coup de Grâce,1976,5
Volker Schlondorff,volker-schlondorffs-criterion-closet-picks,all-that-jazz,All That Jazz,1979,6
Volker Schlondorff,volker-schlondorffs-criterion-closet-picks,la-bete-humaine,La Bête Humaine,1938,7
Volker Schlondorff,volker-schlondorffs-criterion-closet-picks,ace-in-the-hole,Ace in the Hole,1951,8
Volker Schlondorff,volker-schlondorffs-criterion-closet-picks,le-havre,Le Havre,2011,9
Agnès B.,agnes-bs-criterion-closet-picks,the-asphalt-jungle,The Asphalt Jungle,1950,1
Agnès B.,agnes-bs-criterion-closet-picks,lost-highway,Lost Highway,1997,2
Agnès B.,agnes-bs-criterion-closet-picks,theorem,Theorem,1968,3
Agnès B.,agnes-bs-criterion-closet-picks,cul-de-sac,Cul-de-sac,1966,4
Agnès B.,agnes-bs-criterion-closet-picks,the-night-of-the-hunter,The Night of the Hunter,1955,5
Agnès B.,agnes-bs-criterion-closet-picks,all-about-my-mother,All About My Mother,1999,6
Agnès B.,agnes-bs-criterion-closet-picks,varda-by-agnes,Varda by Agnès,2019,7
Agnès B.,agnes-bs-criterion-closet-picks,les-3-boutons,Les 3 Boutons,2015,8
Agnès B.,agnes-bs-criterion-closet-picks,la-pointe-courte,La Pointe Courte,1955,9
Agnès B.,agnes-bs-criterion-closet-picks,o-seasons-o-castles,"O Seasons, O Castles",1958,10
Agnès B.,agnes-bs-criterion-closet-picks,along-the-coast,Along the Coast,1958,11
Agnès B.,agnes-bs-criterion-closet-picks,cleo-from-5-to-7,Cléo from 5 to 7,1962,12
Agnès B.,agnes-bs-criterion-closet-picks,fiances-on-the-bridge,Fiancés on the Bridge,1962,13
Agnès B.,agnes-bs-criterion-closet-picks,diary-of-a-pregnant-woman,Diary of a Pregnant Woman,1958,14
Agnès B.,agnes-bs-criterion-closet-picks,the-so-called-caryatids,The So-Called Caryatids,1984,15
Agnès B.,agnes-bs-criterion-closet-picks,youve-got-beautiful-stairs-you-know,"You've Got Beautiful Stairs, You Know...",1986,16
Agnès B.,agnes-bs-criterion-closet-picks,daguerreotypes,Daguerréotypes,1975,17
Agnès B.,agnes-bs-criterion-closet-picks,the-vanishing-lion,The Vanishing Lion,2003,18
Agnès B.,agnes-bs-criterion-closet-picks,happiness-1965,Le Bonheur,1965,19
Agnès B.,agnes-bs-criterion-closet-picks,the-creatures,The Creatures,1966,20
Agnès B.,agnes-bs-criterion-closet-picks,elsa-the-rose,Elsa the Rose,1966,21
Agnès B.,agnes-bs-criterion-closet-picks,uncle-yanco,Uncle Yanco,1967,22
Agnès B.,agnes-bs-criterion-closet-picks,black-panthers,Black Panthers,1968,23
Agnès B.,agnes-bs-criterion-closet-picks,lions-love,Lions Love,1969,24
Agnès B.,agnes-bs-criterion-closet-picks,mur-murs,Mur Murs,1981,25
Agnès B.,agnes-bs-criterion-closet-picks,documenteur,Documenteur,1981,26
Agnès B.,agnes-bs-criterion-closet-picks,one-sings-the-other-doesnt,"One Sings, the Other Doesn't",1977,27
Agnès B.,agnes-bs-criterion-closet-picks,women-reply,Women Reply,1975,28
Agnès B.,agnes-bs-criterion-closet-picks,the-pleasure-of-love-in-iran,The Pleasure of Love in Iran,1976,29
Agnès B.,agnes-bs-criterion-closet-picks,vagabond,Vagabond,1985,30
Agnès B.,agnes-bs-criterion-closet-picks,seven-rooms-kitchen-bathroom-for-sale,"Seven Rooms, Kitchen, Bathroom, for Sale",1984,31
Agnès B.,agnes-bs-criterion-closet-picks,jane-b-by-agnes-v,Jane B. by Agnès V.,1988,32
Agnès B.,agnes-bs-criterion-closet-picks,kung-fu-master,Kung-Fu Master!,1988,33
Agnès B.,agnes-bs-criterion-closet-picks,jacquot-de-nantes,Jacquot de Nantes,1991,34
Agnès B.,agnes-bs-criterion-closet-picks,the-young-girls-turn-25,The Young Girls Turn 25,1993,35
Agnès B.,agnes-bs-criterion-closet-picks,the-world-of-jacques-demy,The World of Jacques Demy,1995,36
Agnès B.,agnes-bs-criterion-closet-picks,one-hundred-and-one-nights,One Hundred and One Nights,1995,37
Agnès B.,agnes-bs-criterion-closet-picks,the-gleaners-and-i,The Gleaners and I,2000,38
Agnès B.,agnes-bs-criterion-closet-picks,the-gleaners-and-i-two-years-later,The Gleaners and I: Two Years Later,2002,39
Agnès B.,agnes-bs-criterion-closet-picks,faces-places,Faces Places,2017,40
Agnès B.,agnes-bs-criterion-closet-picks,hello-cubans,Hello Cubans,1963,41
Agnès B.,agnes-bs-criterion-closet-picks,ulysse,Ulysse,1983,42
Agnès B.,agnes-bs-criterion-closet-picks,ydessa-the-bears-and-etc,"Ydessa, the Bears and etc.",2004,43
Agnès B.,agnes-bs-criterion-closet-picks,agnes-varda-from-here-to-there,Agnès Varda: From Here to There,2011,44
Agnès B.,agnes-bs-criterion-closet-picks,the-beaches-of-agnes,The Beaches of Agnès,2008,45
Edgar Wright,edgar-wrights-criterion-closet-picks,hot-fuzz,Hot Fuzz,2007,1
Edgar Wright,edgar-wrights-criterion-closet-picks,scott-pilgrim-vs-the-world,Scott Pilgrim vs. the World,2010,2
Edgar Wright,edgar-wrights-criterion-closet-picks,eyes-without-a-face,Eyes Without a Face,1960,3
Edgar Wright,edgar-wrights-criterion-closet-picks,walker,Walker,1987,4
Edgar Wright,edgar-wrights-criterion-closet-picks,throne-of-blood,Throne of Blood,1957,5
Edgar Wright,edgar-wrights-criterion-closet-picks,dont-look-now,Don't Look Now,1973,6
Phil Rosenthal,phil-rosenthals-criterion-closet-picks,babettes-feast,Babette's Feast,1987,1
Phil Rosenthal,phil-rosenthals-criterion-closet-picks,stagecoach,Stagecoach,1939,2
Phil Rosenthal,phil-rosenthals-criterion-closet-picks,foreign-correspondent,Foreign Correspondent,1940,3
Phil Rosenthal,phil-rosenthals-criterion-closet-picks,dr-strangelove-or-how-i-learned-to-stop-worrying-and-love-the-bomb,Dr. Strangelove or: How I Learned to Stop Worrying and Love the Bomb,1964,4
Phil Rosenthal,phil-rosenthals-criterion-closet-picks,overlord,Overlord,1975,5
Phil Rosenthal,phil-rosenthals-criterion-closet-picks,make-way-for-tomorrow,Make Way for Tomorrow,1937,6
Phil Rosenthal,phil-rosenthals-criterion-closet-picks,sullivans-travels,Sullivan's Travels,1941,7
Phil Rosenthal,phil-rosenthals-criterion-closet-picks,the-innocents,The Innocents,1961,8
Phil Rosenthal,phil-rosenthals-criterion-closet-picks,on-the-waterfront,On the Waterfront,1954,9
Phil Rosenthal,phil-rosenthals-criterion-closet-picks,malcolm-x-1992,Malcolm X,1992,10
Phil Rosenthal,phil-rosenthals-criterion-closet-picks,round-midnight,'Round Midnight,1986,11
Phil Rosenthal,phil-rosenthals-criterion-closet-picks,loving-couples,Loving Couples,1964,12
Phil Rosenthal,phil-rosenthals-criterion-closet-picks,night-games,Night Games,1966,13
Phil Rosenthal,phil-rosenthals-criterion-closet-picks,the-girls,The Girls,1968,14
Zawe Ashton,zawe-ashtons-criterion-closet-picks,some-like-it-hot,Some Like It Hot,1959,1
Zawe Ashton,zawe-ashtons-criterion-closet-picks,8-half,8½,1963,2
Zawe Ashton,zawe-ashtons-criterion-closet-picks,la-notte,La Notte,1961,3
Seth Rogen and Evan Goldberg,seth-rogen-and-evan-goldbergs-criterion-closet,defending-your-life,Defending Your Life,1991,1
Seth Rogen and Evan Goldberg,seth-rogen-and-evan-goldbergs-criterion-closet,the-daytrippers,The Daytrippers,1996,2
Seth Rogen and Evan Goldberg,seth-rogen-and-evan-goldbergs-criterion-closet,half-a-loaf-of-kung-fu,Half a Loaf of Kung Fu,1978,3
Seth Rogen and Evan Goldberg,seth-rogen-and-evan-goldbergs-criterion-closet,spiritual-kung-fu,Spiritual Kung Fu,1978,4
Seth Rogen and Evan Goldberg,seth-rogen-and-evan-goldbergs-criterion-closet,fearless-hyena,Fearless Hyena,1979,5
Seth Rogen and Evan Goldberg,seth-rogen-and-evan-goldbergs-criterion-closet,fearless-hyena-2,Fearless Hyena 2,1983,6
Seth Rogen and Evan Goldberg,seth-rogen-and-evan-goldbergs-criterion-closet,the-young-master,The Young Master,1980,7
Seth Rogen and Evan Goldberg,seth-rogen-and-evan-goldbergs-criterion-closet,my-lucky-stars,My Lucky Stars,1985,8
Seth Rogen and Evan Goldberg,seth-rogen-and-evan-goldbergs-criterion-closet,samurai-spy,Samurai Spy,1965,9
Seth Rogen and Evan Goldberg,seth-rogen-and-evan-goldbergs-criterion-closet,police-story,Police Story,1985,10
Seth Rogen and Evan Goldberg,seth-rogen-and-evan-goldbergs-criterion-closet,police-story-2,Police Story 2,1988,11
Seth Rogen and Evan Goldberg,seth-rogen-and-evan-goldbergs-criterion-closet,breathless,Breathless,1960,12
Seth Rogen and Evan Goldberg,seth-rogen-and-evan-goldbergs-criterion-closet,the-cameraman,The Cameraman,1928,13
Seth Rogen and Evan Goldberg,seth-rogen-and-evan-goldbergs-criterion-closet,its-a-mad-mad-mad-mad-world,"It's a Mad, Mad, Mad, Mad World",1963,14
Seth Rogen and Evan Goldberg,seth-rogen-and-evan-goldbergs-criterion-closet,jour-de-fete,Jour de Fête,1949,15
Seth Rogen and Evan Goldberg,seth-rogen-and-evan-goldbergs-criterion-closet,monsieur-hulots-holiday,Monsieur Hulot's Holiday,1953,16
Seth Rogen and Evan Goldberg,seth-rogen-and-evan-goldbergs-criterion-closet,mon-oncle,Mon Oncle,1958,17
Seth Rogen and Evan Goldberg,seth-rogen-and-evan-goldbergs-criterion-closet,playtime,PlayTime,1967,18
Seth Rogen and Evan Goldberg,seth-rogen-and-evan-goldbergs-criterion-closet,trafic,Trafic,1971,19
Seth Rogen and Evan Goldberg,seth-rogen-and-evan-goldbergs-criterion-closet,parade,Parade,1974,20
Seth Rogen and Evan Goldberg,seth-rogen-and-evan-goldbergs-criterion-closet,funny-games,Funny Games,1997,21
Seth Rogen and Evan Goldberg,seth-rogen-and-evan-goldbergs-criterion-closet,naked-lunch,Naked Lunch,1991,22
Seth Rogen and Evan Goldberg,seth-rogen-and-evan-goldbergs-criterion-closet,hedwig-and-the-angry-inch,Hedwig and the Angry Inch,2001,23
Seth Rogen and Evan Goldberg,seth-rogen-and-evan-goldbergs-criterion-closet,badlands,Badlands,1973,24
Seth Rogen and Evan Goldberg,seth-rogen-and-evan-goldbergs-criterion-closet,the-cranes-are-flying,The Cranes Are Flying,1957,25
Seth Rogen and Evan Goldberg,seth-rogen-and-evan-goldbergs-criterion-closet,the-killing,The Killing,1956,26
Seth Rogen and Evan Goldberg,seth-rogen-and-evan-goldbergs-criterion-closet,the-ice-storm,The Ice Storm,1997,27
Seth Rogen and Evan Goldberg,seth-rogen-and-evan-goldbergs-criterion-closet,infernal-affairs,Infernal Affairs,2002,28
Seth Rogen and Evan Goldberg,seth-rogen-and-evan-goldbergs-criterion-closet,infernal-affairs-ii,Infernal Affairs II,2003,29
Seth Rogen and Evan Goldberg,seth-rogen-and-evan-goldbergs-criterion-closet,infernal-affairs-iii,Infernal Affairs III,2003,30
Seth Rogen and Evan Goldberg,seth-rogen-and-evan-goldbergs-criterion-closet,shampoo,Shampoo,1975,31
Edward Berger,edward-bergers-criterion-closet-picks,all-quiet-on-the-western-front-2022,All Quiet on the Western Front,2022,1
Edward Berger,edward-bergers-criterion-closet-picks,conclave,Conclave,2024,2
Edward Berger,edward-bergers-criterion-closet-picks,downhill-racer,Downhill Racer,1969,3
Edward Berger,edward-bergers-criterion-closet-picks,cold-war-2018,Cold War,2018,4
Edward Berger,edward-bergers-criterion-closet-picks,do-the-right-thing,Do the Right Thing,1989,5
Edward Berger,edward-bergers-criterion-closet-picks,stromboli,Stromboli,1950,6
Edward Berger,edward-bergers-criterion-closet-picks,europa-51,Europa '51,1952,7
Edward Berger,edward-bergers-criterion-closet-picks,journey-to-italy,Journey to Italy,1954,8
Edward Berger,edward-bergers-criterion-closet-picks,rome-open-city,"Rome, Open City",1945,9
Edward Berger,edward-bergers-criterion-closet-picks,paisan,Paisan,1946,10
Edward Berger,edward-bergers-criterion-closet-picks,germany-year-zero,"Germany, Year Zero",1948,11
Edward Berger,edward-bergers-criterion-closet-picks,the-exterminating-angel,The Exterminating Angel,1962,12
Edward Berger,edward-bergers-criterion-closet-picks,fanny-and-alexander,Fanny and Alexander,1982,13
Edward Berger,edward-bergers-criterion-closet-picks,fanny-and-alexander-1984,Fanny and Alexander,1984,14
Edward Berger,edward-bergers-criterion-closet-picks,the-making-of-fanny-and-alexander,The Making of Fanny and Alexander,1984,15
Hideo Kojima,hideo-kojimas-criterion-closet-picks,tokyo-twilight,Tokyo Twilight,1957,1
Hideo Kojima,hideo-kojimas-criterion-closet-picks,jigoku,Jigoku,1960,2
Hideo Kojima,hideo-kojimas-criterion-closet-picks,high-and-low,High and Low,1963,3
Hideo Kojima,hideo-kojimas-criterion-closet-picks,late-spring,Late Spring,1949,4
Hideo Kojima,hideo-kojimas-criterion-closet-picks,early-spring,Early Spring,1956,5
Hideo Kojima,hideo-kojimas-criterion-closet-picks,equinox-flower,Equinox Flower,1958,6
Hideo Kojima,hideo-kojimas-criterion-closet-picks,late-autumn,Late Autumn,1960,7
Hideo Kojima,hideo-kojimas-criterion-closet-picks,the-end-of-summer,The End of Summer,1961,8
Hideo Kojima,hideo-kojimas-criterion-closet-picks,ugetsu,Ugetsu,1953,9
Hideo Kojima,hideo-kojimas-criterion-closet-picks,kwaidan,Kwaidan,1964,10
Hideo Kojima,hideo-kojimas-criterion-closet-picks,harakiri,Harakiri,1962,11
Hideo Kojima,hideo-kojimas-criterion-closet-picks,onibaba,Onibaba,1964,12
Hideo Kojima,hideo-kojimas-criterion-closet-picks,woman-in-the-dunes,Woman in the Dunes,1964,13
Barry Sonnenfeld,barry-sonnenfelds-criterion-closet-picks,dr-strangelove-or-how-i-learned-to-stop-worrying-and-love-the-bomb,Dr. Strangelove or: How I Learned to Stop Worrying and Love the Bomb,1964,1
Barry Sonnenfeld,barry-sonnenfelds-criterion-closet-picks,fail-safe,Fail Safe,1964,2
Barry Sonnenfeld,barry-sonnenfelds-criterion-closet-picks,millers-crossing,Miller's Crossing,1990,3
Barry Sonnenfeld,barry-sonnenfelds-criterion-closet-picks,blood-simple,Blood Simple,1984,4
Barry Sonnenfeld,barry-sonnenfelds-criterion-closet-picks,the-thin-blue-line,The Thin Blue Line,1988,5
Jack Garfein,jack-garfeins-criterion-closet-picks,the-strange-one,The Strange One,1957,1
Jack Garfein,jack-garfeins-criterion-closet-picks,something-wild-1961,Something Wild,1961,2
Jack Garfein,jack-garfeins-criterion-closet-picks,day-of-wrath,Day of Wrath,1943,3
Jack Garfein,jack-garfeins-criterion-closet-picks,ordet,Ordet,1955,4
Jack Garfein,jack-garfeins-criterion-closet-picks,gertrud,Gertrud,1964,5
Jack Garfein,jack-garfeins-criterion-closet-picks,carl-th-dreyer-my-metier,Carl Th. Dreyer: My Metier,1995,6
Jack Garfein,jack-garfeins-criterion-closet-picks,brief-encounter,Brief Encounter,1945,7
Jack Garfein,jack-garfeins-criterion-closet-picks,in-which-we-serve,In Which We Serve,1942,8
Jack Garfein,jack-garfeins-criterion-closet-picks,this-happy-breed,This Happy Breed,1944,9
Jack Garfein,jack-garfeins-criterion-closet-picks,blithe-spirit,Blithe Spirit,1945,10
Jack Garfein,jack-garfeins-criterion-closet-picks,the-golden-coach,The Golden Coach,1952,11
Jack Garfein,jack-garfeins-criterion-closet-picks,french-cancan,French Cancan,1955,12
Jack Garfein,jack-garfeins-criterion-closet-picks,elena-and-her-men,Elena and Her Men,1956,13
Jack Garfein,jack-garfeins-criterion-closet-picks,shadows-1958,Shadows,1958,14
Jack Garfein,jack-garfeins-criterion-closet-picks,faces-1968,Faces,1968,15
Jack Garfein,jack-garfeins-criterion-closet-picks,a-woman-under-the-influence,A Woman Under the Influence,1974,16
Jack Garfein,jack-garfeins-criterion-closet-picks,the-killing-of-a-chinese-bookie,The Killing of a Chinese Bookie,1976,17
Jack Garfein,jack-garfeins-criterion-closet-picks,opening-night,Opening Night,1977,18
Trace Lysette,trace-lysettes-criterion-closet-picks,monica,Monica,2022,1
Trace Lysette,trace-lysettes-criterion-closet-picks,transparent-musicale-finale,Transparent: Musicale Finale,2019,2
Trace Lysette,trace-lysettes-criterion-closet-picks,hustlers-2019,Hustlers,2019,3
Trace Lysette,trace-lysettes-criterion-closet-picks,paris-is-burning,Paris Is Burning,1990,4
Trace Lysette,trace-lysettes-criterion-closet-picks,thelma-louise,Thelma & Louise,1991,5
Trace Lysette,trace-lysettes-criterion-closet-picks,love-jones,Love Jones,1997,6
Trace Lysette,trace-lysettes-criterion-closet-picks,an-unmarried-woman,An Unmarried Woman,1978,7
Trace Lysette,trace-lysettes-criterion-closet-picks,the-story-of-a-three-day-pass,The Story of a Three-Day Pass,1967,8
Trace Lysette,trace-lysettes-criterion-closet-picks,watermelon-man,Watermelon Man,1970,9
Trace Lysette,trace-lysettes-criterion-closet-picks,sweet-sweetbacks-baadasssss-song,Sweet Sweetback's Baadasssss Song,1971,10
Trace Lysette,trace-lysettes-criterion-closet-picks,dont-play-us-cheap,Don't Play Us Cheap,1973,11
Trace Lysette,trace-lysettes-criterion-closet-picks,moonstruck,Moonstruck,1987,12
Trace Lysette,trace-lysettes-criterion-closet-picks,satyricon-1969,Satyricon,1969,13
Trace Lysette,trace-lysettes-criterion-closet-picks,women-on-the-verge-of-a-nervous-breakdown,Women on the Verge of a Nervous Breakdown,1988,14
Trace Lysette,trace-lysettes-criterion-closet-picks,all-about-my-mother,All About My Mother,1999,15
Karina Longworth,karina-longworths-criterion-closet-picks,border-radio,Border Radio,1987,1
Karina Longworth,karina-longworths-criterion-closet-picks,loves-of-a-blonde,Loves of a Blonde,1965,2
Karina Longworth,karina-longworths-criterion-closet-picks,i-am-curious-yellow,I Am Curious (Yellow),1967,3
Karina Longworth,karina-longworths-criterion-closet-picks,i-am-curious-blue,I Am Curious (Blue),1968,4
Karina Longworth,karina-longworths-criterion-closet-picks,mamma-roma,Mamma Roma,1962,5
Karina Longworth,karina-longworths-criterion-closet-picks,desert-hearts,Desert Hearts,1985,6
Karina Longworth,karina-longworths-criterion-closet-picks,the-scarlet-empress,The Scarlet Empress,1934,7
Karina Longworth,karina-longworths-criterion-closet-picks,people-on-sunday,People on Sunday,1930,8
Karina Longworth,karina-longworths-criterion-closet-picks,personal-shopper,Personal Shopper,2016,9
Karina Longworth,karina-longworths-criterion-closet-picks,chronicle-of-a-summer,Chronicle of a Summer,1961,10
Karina Longworth,karina-longworths-criterion-closet-picks,marius,Marius,1931,11
Karina Longworth,karina-longworths-criterion-closet-picks,fanny,Fanny,1932,12
Karina Longworth,karina-longworths-criterion-closet-picks,cesar,César,1936,13
Rosanna Arquette,rosanna-arquettes-criterion-closet-picks,wanda,Wanda,1970,1
Rosanna Arquette,rosanna-arquettes-criterion-closet-picks,varda-by-agnes,Varda by Agnès,2019,2
Rosanna Arquette,rosanna-arquettes-criterion-closet-picks,la-pointe-courte,La Pointe Courte,1955,3
Rosanna Arquette,rosanna-arquettes-criterion-closet-picks,cleo-from-5-to-7,Cléo from 5 to 7,1962,4
Rosanna Arquette,rosanna-arquettes-criterion-closet-picks,daguerreotypes,Daguerréotypes,1975,5
Rosanna Arquette,rosanna-arquettes-criterion-closet-picks,happiness-1965,Le Bonheur,1965,6
Rosanna Arquette,rosanna-arquettes-criterion-closet-picks,the-creatures,The Creatures,1966,7
Rosanna Arquette,rosanna-arquettes-criterion-closet-picks,uncle-yanco,Uncle Yanco,1967,8
Rosanna Arquette,rosanna-arquettes-criterion-closet-picks,black-panthers,Black Panthers,1968,9
Rosanna Arquette,rosanna-arquettes-criterion-closet-picks,lions-love,Lions Love,1969,10
Rosanna Arquette,rosanna-arquettes-criterion-closet-picks,mur-murs,Mur Murs,1981,11
Rosanna Arquette,rosanna-arquettes-criterion-closet-picks,documenteur,Documenteur,1981,12
Rosanna Arquette,rosanna-arquettes-criterion-closet-picks,one-sings-the-other-doesnt,"One Sings, the Other Doesn't",1977,13
Rosanna Arquette,rosanna-arquettes-criterion-closet-picks,vagabond,Vagabond,1985,14
Rosanna Arquette,rosanna-arquettes-criterion-closet-picks,jane-b-by-agnes-v,Jane B. by Agnès V.,1988,15
Rosanna Arquette,rosanna-arquettes-criterion-closet-picks,kung-fu-master,Kung-Fu Master!,1988,16
Rosanna Arquette,rosanna-arquettes-criterion-closet-picks,jacquot-de-nantes,Jacquot de Nantes,1991,17
Rosanna Arquette,rosanna-arquettes-criterion-closet-picks,one-hundred-and-one-nights,One Hundred and One Nights,1995,18
Rosanna Arquette,rosanna-arquettes-criterion-closet-picks,the-gleaners-and-i,The Gleaners and I,2000,19
Rosanna Arquette,rosanna-arquettes-criterion-closet-picks,the-gleaners-and-i-two-years-later,The Gleaners and I: Two Years Later,2002,20
Rosanna Arquette,rosanna-arquettes-criterion-closet-picks,faces-places,Faces Places,2017,21
Rosanna Arquette,rosanna-arquettes-criterion-closet-picks,agnes-varda-from-here-to-there,Agnès Varda: From Here to There,2011,22
Rosanna Arquette,rosanna-arquettes-criterion-closet-picks,the-beaches-of-agnes,The Beaches of Agnès,2008,23
Rosanna Arquette,rosanna-arquettes-criterion-closet-picks,working-girls-1986,Working Girls,1986,24
Rosanna Arquette,rosanna-arquettes-criterion-closet-picks,crash,Crash,1996,25
Rosanna Arquette,rosanna-arquettes-criterion-closet-picks,summertime,Summertime,1955,26
Rosanna Arquette,rosanna-arquettes-criterion-closet-picks,shampoo,Shampoo,1975,27
Rosanna Arquette,rosanna-arquettes-criterion-closet-picks,the-red-shoes,The Red Shoes,1948,28
Rosanna Arquette,rosanna-arquettes-criterion-closet-picks,klute,Klute,1971,29
Rosanna Arquette,rosanna-arquettes-criterion-closet-picks,mississippi-masala,Mississippi Masala,1991,30
John Greyson,john-greysons-criterion-closet-picks,lilies,Lilies,1996,1
John Greyson,john-greysons-criterion-closet-picks,jubilee,Jubilee,1978,2
John Greyson,john-greysons-criterion-closet-picks,ethnic-notions,Ethnic Notions,1986,3
John Greyson,john-greysons-criterion-closet-picks,tongues-untied,Tongues Untied,1989,4
John Greyson,john-greysons-criterion-closet-picks,affirmations,Affirmations,1990,5
John Greyson,john-greysons-criterion-closet-picks,anthem-1992,Anthem,1992,6
John Greyson,john-greysons-criterion-closet-picks,color-adjustment,Color Adjustment,1992,7
John Greyson,john-greysons-criterion-closet-picks,no-regret-1993,No Regret,1993,8
John Greyson,john-greysons-criterion-closet-picks,black-is-black-aint,Black Is… Black Ain’t,1994,9
Pamela Anderson,pamela-andersons-criterion-closet-picks,the-swimming-pool,The Swimming Pool,1969,1
Pamela Anderson,pamela-andersons-criterion-closet-picks,blue-velvet,Blue Velvet,1986,2
Pamela Anderson,pamela-andersons-criterion-closet-picks,the-truth-1960,The Truth,1960,3
Pamela Anderson,pamela-andersons-criterion-closet-picks,breathless,Breathless,1960,4
Pamela Anderson,pamela-andersons-criterion-closet-picks,la-strada,La Strada,1954,5
Pamela Anderson,pamela-andersons-criterion-closet-picks,paris-texas,"Paris, Texas",1984,6
Pamela Anderson,pamela-andersons-criterion-closet-picks,elevator-to-the-gallows,Elevator to the Gallows,1958,7
Pamela Anderson,pamela-andersons-criterion-closet-picks,wanda,Wanda,1970,8
Pamela Anderson,pamela-andersons-criterion-closet-picks,where-is-the-friends-house,Where Is the Friend's House?,1987,9
Pamela Anderson,pamela-andersons-criterion-closet-picks,life-and-nothing-more,"Life, and Nothing More…",1992,10
Pamela Anderson,pamela-andersons-criterion-closet-picks,through-the-olive-trees,Through the Olive Trees,1994,11
Pamela Anderson,pamela-andersons-criterion-closet-picks,summertime,Summertime,1955,12
Pamela Anderson,pamela-andersons-criterion-closet-picks,crisis,Crisis,1946,13
Pamela Anderson,pamela-andersons-criterion-closet-picks,a-ship-to-india,A Ship to India,1947,14
Pamela Anderson,pamela-andersons-criterion-closet-picks,port-of-call,Port of Call,1948,15
Pamela Anderson,pamela-andersons-criterion-closet-picks,thirst,Thirst,1949,16
Pamela Anderson,pamela-andersons-criterion-closet-picks,to-joy,To Joy,1950,17
Pamela Anderson,pamela-andersons-criterion-closet-picks,summer-interlude,Summer Interlude,1951,18
Pamela Anderson,pamela-andersons-criterion-closet-picks,waiting-women,Waiting Women,1952,19
Pamela Anderson,pamela-andersons-criterion-closet-picks,summer-with-monika,Summer with Monika,1953,20
Pamela Anderson,pamela-andersons-criterion-closet-picks,sawdust-and-tinsel,Sawdust and Tinsel,1953,21
Pamela Anderson,pamela-andersons-criterion-closet-picks,a-lesson-in-love,A Lesson in Love,1954,22
Pamela Anderson,pamela-andersons-criterion-closet-picks,dreams-1955,Dreams,1955,23
Pamela Anderson,pamela-andersons-criterion-closet-picks,smiles-of-a-summer-night,Smiles of a Summer Night,1955,24
Pamela Anderson,pamela-andersons-criterion-closet-picks,the-seventh-seal,The Seventh Seal,1957,25
Pamela Anderson,pamela-andersons-criterion-closet-picks,wild-strawberries,Wild Strawberries,1957,26
Pamela Anderson,pamela-andersons-criterion-closet-picks,brink-of-life,Brink of Life,1958,27
Pamela Anderson,pamela-andersons-criterion-closet-picks,the-magician-1958,The Magician,1958,28
Pamela Anderson,pamela-andersons-criterion-closet-picks,the-virgin-spring,The Virgin Spring,1960,29
Pamela Anderson,pamela-andersons-criterion-closet-picks,the-devils-eye,The Devil's Eye,1960,30
Pamela Anderson,pamela-andersons-criterion-closet-picks,through-a-glass-darkly,Through a Glass Darkly,1961,31
Pamela Anderson,pamela-andersons-criterion-closet-picks,winter-light,Winter Light,1963,32
Pamela Anderson,pamela-andersons-criterion-closet-picks,the-silence,The Silence,1963,33
Pamela Anderson,pamela-andersons-criterion-closet-picks,all-these-women,All These Women,1964,34
Pamela Anderson,pamela-andersons-criterion-closet-picks,persona,Persona,1966,35
Pamela Anderson,pamela-andersons-criterion-closet-picks,hour-of-the-wolf,Hour of the Wolf,1968,36
Pamela Anderson,pamela-andersons-criterion-closet-picks,shame,Shame,1968,37
Pamela Anderson,pamela-andersons-criterion-closet-picks,the-rite,The Rite,1969,38
Pamela Anderson,pamela-andersons-criterion-closet-picks,the-passion-of-anna,The Passion of Anna,1969,39
Pamela Anderson,pamela-andersons-criterion-closet-picks,faro-document,Fårö Document,1970,40
Pamela Anderson,pamela-andersons-criterion-closet-picks,the-touch-1971,The Touch,1971,41
Pamela Anderson,pamela-andersons-criterion-closet-picks,cries-and-whispers,Cries and Whispers,1972,42
Pamela Anderson,pamela-andersons-criterion-closet-picks,scenes-from-a-marriage,Scenes from a Marriage,1974,43
Pamela Anderson,pamela-andersons-criterion-closet-picks,scenes-from-a-marriage-1973-1,Scenes from a Marriage,1973,44
Pamela Anderson,pamela-andersons-criterion-closet-picks,the-magic-flute,The Magic Flute,1975,45
Pamela Anderson,pamela-andersons-criterion-closet-picks,the-serpents-egg,The Serpent's Egg,1977,46
Pamela Anderson,pamela-andersons-criterion-closet-picks,autumn-sonata,Autumn Sonata,1978,47
Pamela Anderson,pamela-andersons-criterion-closet-picks,faro-document-1979,Fårö Document 1979,1979,48
Pamela Anderson,pamela-andersons-criterion-closet-picks,from-the-life-of-the-marionettes,From the Life of the Marionettes,1980,49
Pamela Anderson,pamela-andersons-criterion-closet-picks,fanny-and-alexander,Fanny and Alexander,1982,50
Pamela Anderson,pamela-andersons-criterion-closet-picks,fanny-and-alexander-1984,Fanny and Alexander,1984,51
Pamela Anderson,pamela-andersons-criterion-closet-picks,after-the-rehearsal,After the Rehearsal,1984,52
Pamela Anderson,pamela-andersons-criterion-closet-picks,saraband,Saraband,2003,53
Pamela Anderson,pamela-andersons-criterion-closet-picks,the-making-of-fanny-and-alexander,The Making of Fanny and Alexander,1984,54
Pamela Anderson,pamela-andersons-criterion-closet-picks,fists-in-the-pocket,Fists in the Pocket,1965,55
Pamela Anderson,pamela-andersons-criterion-closet-picks,love-streams,Love Streams,1984,56
Pamela Anderson,pamela-andersons-criterion-closet-picks,stromboli,Stromboli,1950,57
Pamela Anderson,pamela-andersons-criterion-closet-picks,europa-51,Europa '51,1952,58
Pamela Anderson,pamela-andersons-criterion-closet-picks,journey-to-italy,Journey to Italy,1954,59
Charlotte Gainsbourg,charlotte-gainsbourgs-criterion-closet-picks,the-night-of-the-hunter,The Night of the Hunter,1955,1
Charlotte Gainsbourg,charlotte-gainsbourgs-criterion-closet-picks,belle-de-jour,Belle de Jour,1967,2
Charlotte Gainsbourg,charlotte-gainsbourgs-criterion-closet-picks,being-john-malkovich,Being John Malkovich,1999,3
Charlotte Gainsbourg,charlotte-gainsbourgs-criterion-closet-picks,green-for-danger,Green for Danger,1946,4
Charlotte Gainsbourg,charlotte-gainsbourgs-criterion-closet-picks,antichrist,Antichrist,2009,5
Charlotte Gainsbourg,charlotte-gainsbourgs-criterion-closet-picks,varda-by-agnes,Varda by Agnès,2019,6
Charlotte Gainsbourg,charlotte-gainsbourgs-criterion-closet-picks,la-pointe-courte,La Pointe Courte,1955,7
Charlotte Gainsbourg,charlotte-gainsbourgs-criterion-closet-picks,cleo-from-5-to-7,Cléo from 5 to 7,1962,8
Charlotte Gainsbourg,charlotte-gainsbourgs-criterion-closet-picks,daguerreotypes,Daguerréotypes,1975,9
Charlotte Gainsbourg,charlotte-gainsbourgs-criterion-closet-picks,happiness-1965,Le Bonheur,1965,10
Charlotte Gainsbourg,charlotte-gainsbourgs-criterion-closet-picks,the-creatures,The Creatures,1966,11
Charlotte Gainsbourg,charlotte-gainsbourgs-criterion-closet-picks,uncle-yanco,Uncle Yanco,1967,12
Charlotte Gainsbourg,charlotte-gainsbourgs-criterion-closet-picks,black-panthers,Black Panthers,1968,13
Charlotte Gainsbourg,charlotte-gainsbourgs-criterion-closet-picks,lions-love,Lions Love,1969,14
Charlotte Gainsbourg,charlotte-gainsbourgs-criterion-closet-picks,mur-murs,Mur Murs,1981,15
Charlotte Gainsbourg,charlotte-gainsbourgs-criterion-closet-picks,documenteur,Documenteur,1981,16
Charlotte Gainsbourg,charlotte-gainsbourgs-criterion-closet-picks,one-sings-the-other-doesnt,"One Sings, the Other Doesn't",1977,17
Charlotte Gainsbourg,charlotte-gainsbourgs-criterion-closet-picks,vagabond,Vagabond,1985,18
Charlotte Gainsbourg,charlotte-gainsbourgs-criterion-closet-picks,jane-b-by-agnes-v,Jane B. by Agnès V.,1988,19
Charlotte Gainsbourg,charlotte-gainsbourgs-criterion-closet-picks,kung-fu-master,Kung-Fu Master!,1988,20
Charlotte Gainsbourg,charlotte-gainsbourgs-criterion-closet-picks,jacquot-de-nantes,Jacquot de Nantes,1991,21
Charlotte Gainsbourg,charlotte-gainsbourgs-criterion-closet-picks,one-hundred-and-one-nights,One Hundred and One Nights,1995,22
Charlotte Gainsbourg,charlotte-gainsbourgs-criterion-closet-picks,the-gleaners-and-i,The Gleaners and I,2000,23
Charlotte Gainsbourg,charlotte-gainsbourgs-criterion-closet-picks,the-gleaners-and-i-two-years-later,The Gleaners and I: Two Years Later,2002,24
Charlotte Gainsbourg,charlotte-gainsbourgs-criterion-closet-picks,faces-places,Faces Places,2017,25
Charlotte Gainsbourg,charlotte-gainsbourgs-criterion-closet-picks,agnes-varda-from-here-to-there,Agnès Varda: From Here to There,2011,26
Charlotte Gainsbourg,charlotte-gainsbourgs-criterion-closet-picks,the-beaches-of-agnes,The Beaches of Agnès,2008,27
Todd Haynes,todd-haynes-criterion-closet-picks,safe,Safe,1995,1
Todd Haynes,todd-haynes-criterion-closet-picks,carol-2015,Carol,2015,2
Todd Haynes,todd-haynes-criterion-closet-picks,may-december,May December,2023,3
Todd Haynes,todd-haynes-criterion-closet-picks,brief-encounter,Brief Encounter,1945,4
Todd Haynes,todd-haynes-criterion-closet-picks,beau-travail,Beau Travail,1999,5
Todd Haynes,todd-haynes-criterion-closet-picks,my-own-private-idaho,My Own Private Idaho,1991,6
Todd Haynes,todd-haynes-criterion-closet-picks,written-on-the-wind,Written on the Wind,1956,7
Todd Haynes,todd-haynes-criterion-closet-picks,all-that-heaven-allows,All That Heaven Allows,1955,8
Todd Haynes,todd-haynes-criterion-closet-picks,the-marriage-of-maria-braun,The Marriage of Maria Braun,1979,9
Todd Haynes,todd-haynes-criterion-closet-picks,veronika-voss,Veronika Voss,1982,10
Todd Haynes,todd-haynes-criterion-closet-picks,lola-1981,Lola,1981,11
Todd Haynes,todd-haynes-criterion-closet-picks,masculin-feminin,Masculin Féminin,1966,12
Todd Haynes,todd-haynes-criterion-closet-picks,sunday-bloody-sunday,Sunday Bloody Sunday,1971,13
Todd Haynes,todd-haynes-criterion-closet-picks,the-night-of-the-hunter,The Night of the Hunter,1955,14
Todd Haynes,todd-haynes-criterion-closet-picks,foreign-correspondent,Foreign Correspondent,1940,15
Todd Haynes,todd-haynes-criterion-closet-picks,the-long-day-closes,The Long Day Closes,1992,16
Todd Haynes,todd-haynes-criterion-closet-picks,all-about-eve,All About Eve,1950,17
Todd Haynes,todd-haynes-criterion-closet-picks,now-voyager,"Now, Voyager",1942,18
Todd Haynes,todd-haynes-criterion-closet-picks,old-joy,Old Joy,2006,19
Todd Haynes,todd-haynes-criterion-closet-picks,the-servant,The Servant,1963,20
Todd Haynes,todd-haynes-criterion-closet-picks,beyond-the-valley-of-the-dolls,Beyond the Valley of the Dolls,1970,21
Todd Haynes,todd-haynes-criterion-closet-picks,in-a-lonely-place,In a Lonely Place,1950,22
Todd Haynes,todd-haynes-criterion-closet-picks,the-last-picture-show,The Last Picture Show,1971,23
Todd Haynes,todd-haynes-criterion-closet-picks,leclisse,L'Eclisse,1962,24
Dick Cavett,dick-cavetts-criterion-closet-picks,the-philadelphia-story,The Philadelphia Story,1940,1
Dick Cavett,dick-cavetts-criterion-closet-picks,every-man-for-himself,Every Man for Himself,1980,2
Dick Cavett,dick-cavetts-criterion-closet-picks,only-angels-have-wings,Only Angels Have Wings,1939,3
Dick Cavett,dick-cavetts-criterion-closet-picks,stagecoach,Stagecoach,1939,4
Dick Cavett,dick-cavetts-criterion-closet-picks,brief-encounter,Brief Encounter,1945,5
Dick Cavett,dick-cavetts-criterion-closet-picks,in-which-we-serve,In Which We Serve,1942,6
Dick Cavett,dick-cavetts-criterion-closet-picks,this-happy-breed,This Happy Breed,1944,7
Dick Cavett,dick-cavetts-criterion-closet-picks,blithe-spirit,Blithe Spirit,1945,8
Dick Cavett,dick-cavetts-criterion-closet-picks,odd-man-out,Odd Man Out,1947,9
Dick Cavett,dick-cavetts-criterion-closet-picks,husbands,Husbands,1970,10
Mark Bridges,mark-bridges-criterion-closet-picks,phantom-thread,Phantom Thread,2017,1
Mark Bridges,mark-bridges-criterion-closet-picks,maestro-2023,Maestro,2023,2
Mark Bridges,mark-bridges-criterion-closet-picks,the-naked-city,The Naked City,1948,3
Mark Bridges,mark-bridges-criterion-closet-picks,heavens-gate,Heaven's Gate,1980,4
Mark Bridges,mark-bridges-criterion-closet-picks,the-damned,The Damned,1969,5
Mark Bridges,mark-bridges-criterion-closet-picks,barry-lyndon,Barry Lyndon,1975,6
Mark Bridges,mark-bridges-criterion-closet-picks,the-leopard,The Leopard,1963,7
Mark Bridges,mark-bridges-criterion-closet-picks,beauty-and-the-beast,Beauty and the Beast,1946,8
Mark Bridges,mark-bridges-criterion-closet-picks,sunday-bloody-sunday,Sunday Bloody Sunday,1971,9
Mark Bridges,mark-bridges-criterion-closet-picks,my-beautiful-laundrette,My Beautiful Laundrette,1985,10
Mark Bridges,mark-bridges-criterion-closet-picks,marriage-story-2019,Marriage Story,2019,11
Mark Bridges,mark-bridges-criterion-closet-picks,punch-drunk-love,Punch-Drunk Love,2002,12
Mark Bridges,mark-bridges-criterion-closet-picks,miracle-in-milan,Miracle in Milan,1951,13
Masahiro Shinoda,masahiro-shinodas-criterion-closet-picks,crazed-fruit,Crazed Fruit,1956,1
Masahiro Shinoda,masahiro-shinodas-criterion-closet-picks,brute-force,Brute Force,1947,2
Masahiro Shinoda,masahiro-shinodas-criterion-closet-picks,warrendale,Warrendale,1967,3
Masahiro Shinoda,masahiro-shinodas-criterion-closet-picks,a-married-couple,A Married Couple,1969,4
Masahiro Shinoda,masahiro-shinodas-criterion-closet-picks,come-on-children,Come On Children,1973,5
Masahiro Shinoda,masahiro-shinodas-criterion-closet-picks,dying-at-grace,Dying at Grace,2003,6
Masahiro Shinoda,masahiro-shinodas-criterion-closet-picks,memory-for-max-claire-ida-and-company,"Memory for Max, Claire, Ida and Company",2005,7
Masahiro Shinoda,masahiro-shinodas-criterion-closet-picks,naked,Naked,1993,8
Zoë Kravitz and Channing Tatum,zoe-kravitz-and-channing-tatums-criterion,blink-twice,Blink Twice,2024,1
Zoë Kravitz and Channing Tatum,zoe-kravitz-and-channing-tatums-criterion,paris-is-burning,Paris Is Burning,1990,2
Zoë Kravitz and Channing Tatum,zoe-kravitz-and-channing-tatums-criterion,harlan-county-usa,Harlan County U.S.A.,1976,3
Zoë Kravitz and Channing Tatum,zoe-kravitz-and-channing-tatums-criterion,the-fisher-king,The Fisher King,1991,4
Zoë Kravitz and Channing Tatum,zoe-kravitz-and-channing-tatums-criterion,moonstruck,Moonstruck,1987,5
Zoë Kravitz and Channing Tatum,zoe-kravitz-and-channing-tatums-criterion,the-rose,The Rose,1979,6
Zoë Kravitz and Channing Tatum,zoe-kravitz-and-channing-tatums-criterion,a-woman-under-the-influence,A Woman Under the Influence,1974,7
Zoë Kravitz and Channing Tatum,zoe-kravitz-and-channing-tatums-criterion,lord-of-the-flies,Lord of the Flies,1963,8
Zoë Kravitz and Channing Tatum,zoe-kravitz-and-channing-tatums-criterion,the-vanishing,The Vanishing,1988,9
Zoë Kravitz and Channing Tatum,zoe-kravitz-and-channing-tatums-criterion,seven-samurai,Seven Samurai,1954,10
Zoë Kravitz and Channing Tatum,zoe-kravitz-and-channing-tatums-criterion,rashomon,Rashomon,1950,11
Zoë Kravitz and Channing Tatum,zoe-kravitz-and-channing-tatums-criterion,the-killing,The Killing,1956,12
Zoë Kravitz and Channing Tatum,zoe-kravitz-and-channing-tatums-criterion,midnight-cowboy,Midnight Cowboy,1969,13
Zoë Kravitz and Channing Tatum,zoe-kravitz-and-channing-tatums-criterion,where-is-the-friends-house,Where Is the Friend's House?,1987,14
Zoë Kravitz and Channing Tatum,zoe-kravitz-and-channing-tatums-criterion,life-and-nothing-more,"Life, and Nothing More…",1992,15
Zoë Kravitz and Channing Tatum,zoe-kravitz-and-channing-tatums-criterion,through-the-olive-trees,Through the Olive Trees,1994,16
Zoë Kravitz and Channing Tatum,zoe-kravitz-and-channing-tatums-criterion,thelma-louise,Thelma & Louise,1991,17
Danny Boyle,danny-boyles-criterion-closet-picks,all-that-jazz,All That Jazz,1979,1
Danny Boyle,danny-boyles-criterion-closet-picks,anora,Anora,2024,2
Danny Boyle,danny-boyles-criterion-closet-picks,prince-of-broadway,Prince of Broadway,2008,3
Danny Boyle,danny-boyles-criterion-closet-picks,the-grifters,The Grifters,1990,4
Danny Boyle,danny-boyles-criterion-closet-picks,fish-tank,Fish Tank,2009,5
Danny Boyle,danny-boyles-criterion-closet-picks,blood-simple,Blood Simple,1984,6
Danny Boyle,danny-boyles-criterion-closet-picks,i-am-cuba,I Am Cuba,1964,7
Danny Boyle,danny-boyles-criterion-closet-picks,memories-of-underdevelopment,Memories of Underdevelopment,1968,8
Danny Boyle,danny-boyles-criterion-closet-picks,shallow-grave,Shallow Grave,1994,9
Mark Rylance,mark-rylances-criterion-closet-picks,the-hidden-fortress,The Hidden Fortress,1958,1
Mark Rylance,mark-rylances-criterion-closet-picks,ikiru,Ikiru,1952,2
Mark Rylance,mark-rylances-criterion-closet-picks,miracle-in-milan,Miracle in Milan,1951,3
Mark Rylance,mark-rylances-criterion-closet-picks,the-tree-of-wooden-clogs,The Tree of Wooden Clogs,1978,4
Mark Rylance,mark-rylances-criterion-closet-picks,mangrove-2020,Mangrove,2020,5
Mark Rylance,mark-rylances-criterion-closet-picks,lovers-rock-2020,Lovers Rock,2020,6
Mark Rylance,mark-rylances-criterion-closet-picks,red-white-and-blue-2020,"Red, White and Blue",2020,7
Mark Rylance,mark-rylances-criterion-closet-picks,alex-wheatle,Alex Wheatle,2020,8
Mark Rylance,mark-rylances-criterion-closet-picks,education-2020,Education,2020,9
Mark Rylance,mark-rylances-criterion-closet-picks,high-sierra,High Sierra,1941,10
Mark Rylance,mark-rylances-criterion-closet-picks,dodeska-den,Dodes'ka-den,1970,11
Mark Rylance,mark-rylances-criterion-closet-picks,the-friends-of-eddie-coyle,The Friends of Eddie Coyle,1973,12
Mark Rylance,mark-rylances-criterion-closet-picks,woman-in-the-dunes,Woman in the Dunes,1964,13
Mark Rylance,mark-rylances-criterion-closet-picks,after-life,After Life,1998,14
Rosamund Pike,rosamund-pikes-criterion-closet-picks,i-am-curious-yellow,I Am Curious (Yellow),1967,1
Rosamund Pike,rosamund-pikes-criterion-closet-picks,i-am-curious-blue,I Am Curious (Blue),1968,2
Rosamund Pike,rosamund-pikes-criterion-closet-picks,leclisse,L'Eclisse,1962,3
Rosamund Pike,rosamund-pikes-criterion-closet-picks,a-taste-of-honey,A Taste of Honey,1961,4
Rosamund Pike,rosamund-pikes-criterion-closet-picks,daisies,Daisies,1966,5
Rosamund Pike,rosamund-pikes-criterion-closet-picks,loves-of-a-blonde,Loves of a Blonde,1965,6
Rosamund Pike,rosamund-pikes-criterion-closet-picks,mean-streets,Mean Streets,1973,7
Rosamund Pike,rosamund-pikes-criterion-closet-picks,italianamerican,Italianamerican,1974,8
Rosamund Pike,rosamund-pikes-criterion-closet-picks,american-boy-a-profile-of-steven-prince,American Boy: A Profile of Steven Prince,1978,9
Rosamund Pike,rosamund-pikes-criterion-closet-picks,the-big-shave,The Big Shave,1967,10
Rosamund Pike,rosamund-pikes-criterion-closet-picks,its-not-just-you-murray,"It's Not Just You, Murray!",1964,11
Rosamund Pike,rosamund-pikes-criterion-closet-picks,whats-a-nice-girl-like-you-doing-in-a-place-like-this,What's a Nice Girl Like You Doing in a Place Like This?,1963,12
Rosamund Pike,rosamund-pikes-criterion-closet-picks,varda-by-agnes,Varda by Agnès,2019,13
Rosamund Pike,rosamund-pikes-criterion-closet-picks,la-pointe-courte,La Pointe Courte,1955,14
Rosamund Pike,rosamund-pikes-criterion-closet-picks,cleo-from-5-to-7,Cléo from 5 to 7,1962,15
Rosamund Pike,rosamund-pikes-criterion-closet-picks,daguerreotypes,Daguerréotypes,1975,16
Rosamund Pike,rosamund-pikes-criterion-closet-picks,happiness-1965,Le Bonheur,1965,17
Rosamund Pike,rosamund-pikes-criterion-closet-picks,the-creatures,The Creatures,1966,18
Rosamund Pike,rosamund-pikes-criterion-closet-picks,uncle-yanco,Uncle Yanco,1967,19
Rosamund Pike,rosamund-pikes-criterion-closet-picks,black-panthers,Black Panthers,1968,20
Rosamund Pike,rosamund-pikes-criterion-closet-picks,lions-love,Lions Love,1969,21
Rosamund Pike,rosamund-pikes-criterion-closet-picks,mur-murs,Mur Murs,1981,22
Rosamund Pike,rosamund-pikes-criterion-closet-picks,documenteur,Documenteur,1981,23
Rosamund Pike,rosamund-pikes-criterion-closet-picks,one-sings-the-other-doesnt,"One Sings, the Other Doesn't",1977,24
Rosamund Pike,rosamund-pikes-criterion-closet-picks,vagabond,Vagabond,1985,25
Rosamund Pike,rosamund-pikes-criterion-closet-picks,jane-b-by-agnes-v,Jane B. by Agnès V.,1988,26
Rosamund Pike,rosamund-pikes-criterion-closet-picks,kung-fu-master,Kung-Fu Master!,1988,27
Rosamund Pike,rosamund-pikes-criterion-closet-picks,jacquot-de-nantes,Jacquot de Nantes,1991,28
Rosamund Pike,rosamund-pikes-criterion-closet-picks,one-hundred-and-one-nights,One Hundred and One Nights,1995,29
Rosamund Pike,rosamund-pikes-criterion-closet-picks,the-gleaners-and-i,The Gleaners and I,2000,30
Rosamund Pike,rosamund-pikes-criterion-closet-picks,the-gleaners-and-i-two-years-later,The Gleaners and I: Two Years Later,2002,31
Rosamund Pike,rosamund-pikes-criterion-closet-picks,faces-places,Faces Places,2017,32
Rosamund Pike,rosamund-pikes-criterion-closet-picks,agnes-varda-from-here-to-there,Agnès Varda: From Here to There,2011,33
Rosamund Pike,rosamund-pikes-criterion-closet-picks,the-beaches-of-agnes,The Beaches of Agnès,2008,34
Aimee Lou Wood,aimee-lou-woods-criterion-closet-picks,broadcast-news,Broadcast News,1987,1
Aimee Lou Wood,aimee-lou-woods-criterion-closet-picks,cold-war-2018,Cold War,2018,2
Aimee Lou Wood,aimee-lou-woods-criterion-closet-picks,thelma-louise,Thelma & Louise,1991,3
Aimee Lou Wood,aimee-lou-woods-criterion-closet-picks,petite-maman,Petite Maman,2021,4
Aimee Lou Wood,aimee-lou-woods-criterion-closet-picks,the-big-chill,The Big Chill,1983,5
Aimee Lou Wood,aimee-lou-woods-criterion-closet-picks,moonstruck,Moonstruck,1987,6
Aimee Lou Wood,aimee-lou-woods-criterion-closet-picks,punch-drunk-love,Punch-Drunk Love,2002,7
Aimee Lou Wood,aimee-lou-woods-criterion-closet-picks,before-sunrise,Before Sunrise,1995,8
Aimee Lou Wood,aimee-lou-woods-criterion-closet-picks,before-sunset,Before Sunset,2004,9
Aimee Lou Wood,aimee-lou-woods-criterion-closet-picks,before-midnight,Before Midnight,2013,10
Aimee Lou Wood,aimee-lou-woods-criterion-closet-picks,funny-girl,Funny Girl,1968,11
Steve Zahn,steve-zahns-criterion-closet-picks,slacker,Slacker,1990,1
Steve Zahn,steve-zahns-criterion-closet-picks,mystery-train,Mystery Train,1989,2
Steve Zahn,steve-zahns-criterion-closet-picks,paris-texas,"Paris, Texas",1984,3
Steve Zahn,steve-zahns-criterion-closet-picks,millers-crossing,Miller's Crossing,1990,4
Steve Zahn,steve-zahns-criterion-closet-picks,some-like-it-hot,Some Like It Hot,1959,5
Steve Zahn,steve-zahns-criterion-closet-picks,being-there,Being There,1979,6
Steve Zahn,steve-zahns-criterion-closet-picks,night-of-the-living-dead,Night of the Living Dead,1968,7
James Duval,james-duvals-criterion-closet-picks,totally-fed-up,Totally F***ed Up,1993,1
James Duval,james-duvals-criterion-closet-picks,the-doom-generation,The Doom Generation,1995,2
James Duval,james-duvals-criterion-closet-picks,nowhere,Nowhere,1997,3
Alfonso Cuaron and Pawel Pawlikowski,alfonso-cuaron-and-pawel-pawlikowskis-criterion,gravity-2013,Gravity,2013,1
Alfonso Cuaron and Pawel Pawlikowski,alfonso-cuaron-and-pawel-pawlikowskis-criterion,ida,Ida,2013,2
Alfonso Cuaron and Pawel Pawlikowski,alfonso-cuaron-and-pawel-pawlikowskis-criterion,vivre-sa-vie,Vivre Sa Vie,1962,3
Alfonso Cuaron and Pawel Pawlikowski,alfonso-cuaron-and-pawel-pawlikowskis-criterion,two-lane-blacktop,Two-Lane Blacktop,1971,4
Alfonso Cuaron and Pawel Pawlikowski,alfonso-cuaron-and-pawel-pawlikowskis-criterion,naked,Naked,1993,5
Alfonso Cuaron and Pawel Pawlikowski,alfonso-cuaron-and-pawel-pawlikowskis-criterion,lola-montes,Lola Montès,1955,6
Alfonso Cuaron and Pawel Pawlikowski,alfonso-cuaron-and-pawel-pawlikowskis-criterion,to-be-or-not-to-be,To Be or Not to Be,1942,7
Alfonso Cuaron and Pawel Pawlikowski,alfonso-cuaron-and-pawel-pawlikowskis-criterion,this-sporting-life,This Sporting Life,1963,8
Alfonso Cuaron and Pawel Pawlikowski,alfonso-cuaron-and-pawel-pawlikowskis-criterion,the-virgin-spring,The Virgin Spring,1960,9
Alfonso Cuaron and Pawel Pawlikowski,alfonso-cuaron-and-pawel-pawlikowskis-criterion,the-firemens-ball,The Firemen's Ball,1967,10
Alfonso Cuaron and Pawel Pawlikowski,alfonso-cuaron-and-pawel-pawlikowskis-criterion,the-ascent,The Ascent,1977,11
Alfonso Cuaron and Pawel Pawlikowski,alfonso-cuaron-and-pawel-pawlikowskis-criterion,wings-1966,Wings,1966,12
Alfonso Cuaron and Pawel Pawlikowski,alfonso-cuaron-and-pawel-pawlikowskis-criterion,masculin-feminin,Masculin Féminin,1966,13
Alfonso Cuaron and Pawel Pawlikowski,alfonso-cuaron-and-pawel-pawlikowskis-criterion,a-man-escaped,A Man Escaped,1956,14
Alfonso Cuaron and Pawel Pawlikowski,alfonso-cuaron-and-pawel-pawlikowskis-criterion,a-propos-de-nice,À propos de Nice,1930,15
Alfonso Cuaron and Pawel Pawlikowski,alfonso-cuaron-and-pawel-pawlikowskis-criterion,zero-for-conduct-1933,Zero for Conduct,1933,16
Alfonso Cuaron and Pawel Pawlikowski,alfonso-cuaron-and-pawel-pawlikowskis-criterion,latalante,L'Atalante,1934,17
Alfonso Cuaron and Pawel Pawlikowski,alfonso-cuaron-and-pawel-pawlikowskis-criterion,taris,Taris,1931,18
Tatsuya Fuji,tatsuya-fujis-criterion-closet-picks,on-the-waterfront,On the Waterfront,1954,1
Tatsuya Fuji,tatsuya-fujis-criterion-closet-picks,midnight-cowboy,Midnight Cowboy,1969,2
Jeremy Pope,jeremy-popes-criterion-closet-picks,tongues-untied,Tongues Untied,1989,1
Jeremy Pope,jeremy-popes-criterion-closet-picks,one-night-in-miami,One Night in Miami...,2020,2
Jeremy Pope,jeremy-popes-criterion-closet-picks,devil-in-a-blue-dress,Devil in a Blue Dress,1995,3
Jeremy Pope,jeremy-popes-criterion-closet-picks,paris-is-burning,Paris Is Burning,1990,4
Jeremy Pope,jeremy-popes-criterion-closet-picks,do-the-right-thing,Do the Right Thing,1989,5
Jeremy Pope,jeremy-popes-criterion-closet-picks,ethnic-notions,Ethnic Notions,1986,6
Jeremy Pope,jeremy-popes-criterion-closet-picks,affirmations,Affirmations,1990,7
Jeremy Pope,jeremy-popes-criterion-closet-picks,anthem-1992,Anthem,1992,8
Jeremy Pope,jeremy-popes-criterion-closet-picks,color-adjustment,Color Adjustment,1992,9
Jeremy Pope,jeremy-popes-criterion-closet-picks,no-regret-1993,No Regret,1993,10
Jeremy Pope,jeremy-popes-criterion-closet-picks,black-is-black-aint,Black Is… Black Ain’t,1994,11
Jeremy Pope,jeremy-popes-criterion-closet-picks,the-philadelphia-story,The Philadelphia Story,1940,12
Jeremy Pope,jeremy-popes-criterion-closet-picks,hedwig-and-the-angry-inch,Hedwig and the Angry Inch,2001,13
Jodie Foster,jodie-fosters-criterion-closet-picks,portrait-of-a-lady-on-fire,Portrait of a Lady on Fire,2019,1
Jodie Foster,jodie-fosters-criterion-closet-picks,petite-maman,Petite Maman,2021,2
Jodie Foster,jodie-fosters-criterion-closet-picks,the-piano,The Piano,1993,3
Jodie Foster,jodie-fosters-criterion-closet-picks,visions-of-eight,Visions of Eight,1973,4
Jodie Foster,jodie-fosters-criterion-closet-picks,loving-couples,Loving Couples,1964,5
Jodie Foster,jodie-fosters-criterion-closet-picks,night-games,Night Games,1966,6
Jodie Foster,jodie-fosters-criterion-closet-picks,the-girls,The Girls,1968,7
Jodie Foster,jodie-fosters-criterion-closet-picks,parasite-2019,Parasite,2019,8
Jodie Foster,jodie-fosters-criterion-closet-picks,okja,Okja,2017,9
Jodie Foster,jodie-fosters-criterion-closet-picks,la-haine,La Haine,1995,10
Jodie Foster,jodie-fosters-criterion-closet-picks,la-strada,La Strada,1954,11
Jodie Foster,jodie-fosters-criterion-closet-picks,variety-lights,Variety Lights,1950,12
Jodie Foster,jodie-fosters-criterion-closet-picks,the-white-sheik,The White Sheik,1952,13
Jodie Foster,jodie-fosters-criterion-closet-picks,i-vitelloni,I Vitelloni,1953,14
Jodie Foster,jodie-fosters-criterion-closet-picks,the-swindle-1955,The Swindle,1955,15
Jodie Foster,jodie-fosters-criterion-closet-picks,nights-of-cabiria,Nights of Cabiria,1957,16
Jodie Foster,jodie-fosters-criterion-closet-picks,la-dolce-vita,La Dolce Vita,1960,17
Jodie Foster,jodie-fosters-criterion-closet-picks,8-half,8½,1963,18
Jodie Foster,jodie-fosters-criterion-closet-picks,juliet-of-the-spirits,Juliet of the Spirits,1965,19
Jodie Foster,jodie-fosters-criterion-closet-picks,satyricon-1969,Satyricon,1969,20
Jodie Foster,jodie-fosters-criterion-closet-picks,roma,Roma,1972,21
Jodie Foster,jodie-fosters-criterion-closet-picks,amarcord,Amarcord,1973,22
Jodie Foster,jodie-fosters-criterion-closet-picks,and-the-ship-sails-on,And the Ship Sails On,1983,23
Jodie Foster,jodie-fosters-criterion-closet-picks,intervista,Intervista,1987,24
Jodie Foster,jodie-fosters-criterion-closet-picks,woman-in-the-dunes,Woman in the Dunes,1964,25
Jodie Foster,jodie-fosters-criterion-closet-picks,wings-of-desire,Wings of Desire,1987,26
Jodie Foster,jodie-fosters-criterion-closet-picks,berlin-alexanderplatz,Berlin Alexanderplatz,1980,27
Jodie Foster,jodie-fosters-criterion-closet-picks,shadows-1958,Shadows,1958,28
Jodie Foster,jodie-fosters-criterion-closet-picks,faces-1968,Faces,1968,29
Jodie Foster,jodie-fosters-criterion-closet-picks,a-woman-under-the-influence,A Woman Under the Influence,1974,30
Jodie Foster,jodie-fosters-criterion-closet-picks,the-killing-of-a-chinese-bookie,The Killing of a Chinese Bookie,1976,31
Jodie Foster,jodie-fosters-criterion-closet-picks,opening-night,Opening Night,1977,32
Jodie Foster,jodie-fosters-criterion-closet-picks,a-constant-forge,A Constant Forge,2000,33
Jamie Demetriou,jamie-demetrious-criterion-closet-picks,secrets-lies,Secrets & Lies,1996,1
Jamie Demetriou,jamie-demetrious-criterion-closet-picks,the-celebration,The Celebration,1998,2
Jamie Demetriou,jamie-demetrious-criterion-closet-picks,the-squid-and-the-whale,The Squid and the Whale,2005,3
Jamie Demetriou,jamie-demetrious-criterion-closet-picks,anatomy-of-a-fall,Anatomy of a Fall,2023,4
Jamie Demetriou,jamie-demetrious-criterion-closet-picks,punch-drunk-love,Punch-Drunk Love,2002,5
Jamie Demetriou,jamie-demetrious-criterion-closet-picks,the-worst-person-in-the-world,The Worst Person in the World,2021,6
Jamie Demetriou,jamie-demetrious-criterion-closet-picks,being-john-malkovich,Being John Malkovich,1999,7
Maura Tierney,maura-tierneys-criterion-closet-picks,hedwig-and-the-angry-inch,Hedwig and the Angry Inch,2001,1
Maura Tierney,maura-tierneys-criterion-closet-picks,town-bloody-hall,Town Bloody Hall,1979,2
Maura Tierney,maura-tierneys-criterion-closet-picks,shampoo,Shampoo,1975,3
Maura Tierney,maura-tierneys-criterion-closet-picks,paper-moon,Paper Moon,1973,4
Maura Tierney,maura-tierneys-criterion-closet-picks,hoop-dreams,Hoop Dreams,1994,5
Maura Tierney,maura-tierneys-criterion-closet-picks,do-the-right-thing,Do the Right Thing,1989,6
Maura Tierney,maura-tierneys-criterion-closet-picks,the-ice-storm,The Ice Storm,1997,7
Charli xcx,charli-xcxs-criterion-closet-picks,celine-and-julie-go-boating,Céline and Julie Go Boating,1974,1
Charli xcx,charli-xcxs-criterion-closet-picks,the-shrouds,The Shrouds,2024,2
Charli xcx,charli-xcxs-criterion-closet-picks,la-notte,La Notte,1961,3
Charli xcx,charli-xcxs-criterion-closet-picks,autumn-sonata,Autumn Sonata,1978,4
Alan Palomo,alan-palomos-criterion-closet-picks,maitresse,Maîtresse,1976,1
Alan Palomo,alan-palomos-criterion-closet-picks,true-stories,True Stories,1986,2
Alan Palomo,alan-palomos-criterion-closet-picks,sid-and-nancy,Sid and Nancy,1986,3
Alan Palomo,alan-palomos-criterion-closet-picks,fear-and-loathing-in-las-vegas,Fear and Loathing in Las Vegas,1998,4
Alan Palomo,alan-palomos-criterion-closet-picks,medium-cool,Medium Cool,1969,5
Alan Palomo,alan-palomos-criterion-closet-picks,mystery-train,Mystery Train,1989,6
Alan Palomo,alan-palomos-criterion-closet-picks,canoa-a-shameful-memory,Canoa: A Shameful Memory,1975,7
Alan Palomo,alan-palomos-criterion-closet-picks,wings-of-desire,Wings of Desire,1987,8
Vera Drew,vera-drews-criterion-closet-picks,the-peoples-joker,The People's Joker,2022,1
Vera Drew,vera-drews-criterion-closet-picks,the-elephant-man,The Elephant Man,1980,2
Vera Drew,vera-drews-criterion-closet-picks,freaks,Freaks,1932,3
Vera Drew,vera-drews-criterion-closet-picks,the-unknown,The Unknown,1927,4
Vera Drew,vera-drews-criterion-closet-picks,the-mystic,The Mystic,1925,5
Vera Drew,vera-drews-criterion-closet-picks,valley-of-the-dolls,Valley of the Dolls,1967,6
J. A. Bayona,j-a-bayonas-criterion-closet-picks,society-of-the-snow,Society of the Snow,2023,1
J. A. Bayona,j-a-bayonas-criterion-closet-picks,trainspotting,Trainspotting,1996,2
J. A. Bayona,j-a-bayonas-criterion-closet-picks,beyond-the-hills,Beyond the Hills,2012,3
J. A. Bayona,j-a-bayonas-criterion-closet-picks,the-executioner,The Executioner,1963,4
Lucrecia Martel,lucrecia-martels-criterion-closet-picks,time-bandits,Time Bandits,1981,1
Lucrecia Martel,lucrecia-martels-criterion-closet-picks,cat-people,Cat People,1942,2
Lucrecia Martel,lucrecia-martels-criterion-closet-picks,love-streams,Love Streams,1984,3
Lucrecia Martel,lucrecia-martels-criterion-closet-picks,eyes-without-a-face,Eyes Without a Face,1960,4
Lucrecia Martel,lucrecia-martels-criterion-closet-picks,naked-lunch,Naked Lunch,1991,5
Lucrecia Martel,lucrecia-martels-criterion-closet-picks,carnival-of-souls,Carnival of Souls,1962,6
Lucrecia Martel,lucrecia-martels-criterion-closet-picks,the-red-shoes,The Red Shoes,1948,7
Lucrecia Martel,lucrecia-martels-criterion-closet-picks,the-lady-vanishes,The Lady Vanishes,1938,8
Lucrecia Martel,lucrecia-martels-criterion-closet-picks,seven-samurai,Seven Samurai,1954,9
Lucrecia Martel,lucrecia-martels-criterion-closet-picks,amarcord,Amarcord,1973,10
Lucrecia Martel,lucrecia-martels-criterion-closet-picks,beauty-and-the-beast,Beauty and the Beast,1946,11
Vince Staples,vince-staples-criterion-closet-picks,hollywood-shuffle,Hollywood Shuffle,1987,1
Vince Staples,vince-staples-criterion-closet-picks,videodrome,Videodrome,1983,2
Vince Staples,vince-staples-criterion-closet-picks,the-others,The Others,2001,3
Vince Staples,vince-staples-criterion-closet-picks,walle,WALL·E,2008,4
Vince Staples,vince-staples-criterion-closet-picks,poto-and-cabengo,Poto and Cabengo,1979,5
Vince Staples,vince-staples-criterion-closet-picks,routine-pleasures,Routine Pleasures,1986,6
Vince Staples,vince-staples-criterion-closet-picks,my-crasy-life,My Crasy Life,1992,7
Vince Staples,vince-staples-criterion-closet-picks,jo-jo-dancer-your-life-is-calling,"Jo Jo Dancer, Your Life Is Calling",1986,8
Vince Staples,vince-staples-criterion-closet-picks,lynch-oz,Lynch/Oz,2022,9
Vince Staples,vince-staples-criterion-closet-picks,the-story-of-a-three-day-pass,The Story of a Three-Day Pass,1967,10
Vince Staples,vince-staples-criterion-closet-picks,watermelon-man,Watermelon Man,1970,11
Vince Staples,vince-staples-criterion-closet-picks,sweet-sweetbacks-baadasssss-song,Sweet Sweetback's Baadasssss Song,1971,12
Vince Staples,vince-staples-criterion-closet-picks,dont-play-us-cheap,Don't Play Us Cheap,1973,13
Roger Corman,roger-cormans-criterion-closet-picks,targets,Targets,1968,1
Roger Corman,roger-cormans-criterion-closet-picks,amarcord,Amarcord,1973,2
Roger Corman,roger-cormans-criterion-closet-picks,the-gunfighter,The Gunfighter,1950,3
Roger Corman,roger-cormans-criterion-closet-picks,war-and-peace-1965,War and Peace,1965,4
Roger Corman,roger-cormans-criterion-closet-picks,raging-bull,Raging Bull,1980,5
Roger Corman,roger-cormans-criterion-closet-picks,the-seventh-seal,The Seventh Seal,1957,6
Nicholas Hoult,nicholas-hoults-criterion-closet-picks,nosferatu-2024,Nosferatu,2024,1
Nicholas Hoult,nicholas-hoults-criterion-closet-picks,juror-2,Juror #2,2024,2
Nicholas Hoult,nicholas-hoults-criterion-closet-picks,the-order-2024,The Order,2024,3
Nicholas Hoult,nicholas-hoults-criterion-closet-picks,shallow-grave,Shallow Grave,1994,4
Nicholas Hoult,nicholas-hoults-criterion-closet-picks,being-there,Being There,1979,5
Nicholas Hoult,nicholas-hoults-criterion-closet-picks,in-the-mood-for-love,In the Mood for Love,2000,6
Nicholas Hoult,nicholas-hoults-criterion-closet-picks,the-big-boss,The Big Boss,1971,7
Nicholas Hoult,nicholas-hoults-criterion-closet-picks,fist-of-fury,Fist of Fury,1972,8
Nicholas Hoult,nicholas-hoults-criterion-closet-picks,the-way-of-the-dragon,The Way of the Dragon,1972,9
Nicholas Hoult,nicholas-hoults-criterion-closet-picks,enter-the-dragon,Enter the Dragon,1973,10
Nicholas Hoult,nicholas-hoults-criterion-closet-picks,game-of-death,Game of Death,1978,11
Nicholas Hoult,nicholas-hoults-criterion-closet-picks,fantastic-mr-fox,Fantastic Mr. Fox,2009,12
Nicholas Hoult,nicholas-hoults-criterion-closet-picks,citizen-kane,Citizen Kane,1941,13
Nicholas Hoult,nicholas-hoults-criterion-closet-picks,no-country-for-old-men,No Country for Old Men,2007,14
Nicholas Hoult,nicholas-hoults-criterion-closet-picks,12-angry-men,12 Angry Men,1957,15
Patton Oswalt,patton-oswalts-criterion-closet-picks,detour,Detour,1945,1
Patton Oswalt,patton-oswalts-criterion-closet-picks,forty-guns,Forty Guns,1957,2
Patton Oswalt,patton-oswalts-criterion-closet-picks,female-trouble,Female Trouble,1974,3
Patton Oswalt,patton-oswalts-criterion-closet-picks,the-flavor-of-green-tea-over-rice,The Flavor of Green Tea Over Rice,1952,4
Patton Oswalt,patton-oswalts-criterion-closet-picks,le-samourai,Le Samouraï,1967,5
Patton Oswalt,patton-oswalts-criterion-closet-picks,frownland,Frownland,2007,6
Patton Oswalt,patton-oswalts-criterion-closet-picks,pale-flower,Pale Flower,1964,7
Patton Oswalt,patton-oswalts-criterion-closet-picks,dekalog,Dekalog,1989,8
Patton Oswalt,patton-oswalts-criterion-closet-picks,one-false-move,One False Move,1991,9
The Wolfpack,the-wolfpacks-criterion-closet-picks,the-wolfpack,The Wolfpack,2015,1
The Wolfpack,the-wolfpacks-criterion-closet-picks,salo-or-the-120-days-of-sodom,"Salò, or the 120 Days of Sodom",1975,2
The Wolfpack,the-wolfpacks-criterion-closet-picks,jeanne-dielman-23-quai-du-commerce-1080-bruxelles,"Jeanne Dielman, 23, quai du Commerce, 1080 Bruxelles",1975,3
The Wolfpack,the-wolfpacks-criterion-closet-picks,blow-out,Blow Out,1981,4
The Wolfpack,the-wolfpacks-criterion-closet-picks,the-war-room,The War Room,1993,5
The Wolfpack,the-wolfpacks-criterion-closet-picks,following,Following,1998,6
The Wolfpack,the-wolfpacks-criterion-closet-picks,rushmore,Rushmore,1998,7
The Wolfpack,the-wolfpacks-criterion-closet-picks,m,M,1931,8
The Wolfpack,the-wolfpacks-criterion-closet-picks,hamlet,Hamlet,1948,9
The Wolfpack,the-wolfpacks-criterion-closet-picks,close-up,Close-Up,1990,10
The Wolfpack,the-wolfpacks-criterion-closet-picks,the-rules-of-the-game,The Rules of the Game,1939,11
The Wolfpack,the-wolfpacks-criterion-closet-picks,rosemarys-baby,Rosemary's Baby,1968,12
The Wolfpack,the-wolfpacks-criterion-closet-picks,the-killing,The Killing,1956,13
The Wolfpack,the-wolfpacks-criterion-closet-picks,the-human-condition-i-no-greater-love,The Human Condition I: No Greater Love,1959,14
The Wolfpack,the-wolfpacks-criterion-closet-picks,the-human-condition-ii-road-to-eternity,The Human Condition II: Road to Eternity,1959,15
The Wolfpack,the-wolfpacks-criterion-closet-picks,the-human-condition-iii-a-soldiers-prayer,The Human Condition III: A Soldier's Prayer,1961,16
The Wolfpack,the-wolfpacks-criterion-closet-picks,burden-of-dreams,Burden of Dreams,1982,17
The Wolfpack,the-wolfpacks-criterion-closet-picks,eraserhead,Eraserhead,1977,18
The Wolfpack,the-wolfpacks-criterion-closet-picks,days-of-heaven,Days of Heaven,1978,19
The Wolfpack,the-wolfpacks-criterion-closet-picks,tokyo-story,Tokyo Story,1953,20
The Wolfpack,the-wolfpacks-criterion-closet-picks,repo-man,Repo Man,1984,21
The Wolfpack,the-wolfpacks-criterion-closet-picks,stagecoach,Stagecoach,1939,22
The Wolfpack,the-wolfpacks-criterion-closet-picks,repulsion,Repulsion,1965,23
The Wolfpack,the-wolfpacks-criterion-closet-picks,videodrome,Videodrome,1983,24
The Wolfpack,the-wolfpacks-criterion-closet-picks,traffic,Traffic,2000,25
The Wolfpack,the-wolfpacks-criterion-closet-picks,the-battle-of-algiers,The Battle of Algiers,1966,26
The Wolfpack,the-wolfpacks-criterion-closet-picks,shadows-1958,Shadows,1958,27
The Wolfpack,the-wolfpacks-criterion-closet-picks,faces-1968,Faces,1968,28
The Wolfpack,the-wolfpacks-criterion-closet-picks,a-woman-under-the-influence,A Woman Under the Influence,1974,29
The Wolfpack,the-wolfpacks-criterion-closet-picks,the-killing-of-a-chinese-bookie,The Killing of a Chinese Bookie,1976,30
The Wolfpack,the-wolfpacks-criterion-closet-picks,opening-night,Opening Night,1977,31
The Wolfpack,the-wolfpacks-criterion-closet-picks,a-constant-forge,A Constant Forge,2000,32
The Wolfpack,the-wolfpacks-criterion-closet-picks,la-jetee,La Jetée,1962,33
The Wolfpack,the-wolfpacks-criterion-closet-picks,sans-soleil,Sans Soleil,1983,34
The Wolfpack,the-wolfpacks-criterion-closet-picks,gimme-shelter-1970,Gimme Shelter,1970,35
The Wolfpack,the-wolfpacks-criterion-closet-picks,do-the-right-thing,Do the Right Thing,1989,36
The Wolfpack,the-wolfpacks-criterion-closet-picks,solaris,Solaris,1972,37
The Wolfpack,the-wolfpacks-criterion-closet-picks,killers-kiss,Killer's Kiss,1955,38
Bill Hader's Second,bill-haders-second-criterion-closet-picks,salo-or-the-120-days-of-sodom,"Salò, or the 120 Days of Sodom",1975,1
Bill Hader's Second,bill-haders-second-criterion-closet-picks,yi-yi,Yi Yi,2000,2
Bill Hader's Second,bill-haders-second-criterion-closet-picks,ikiru,Ikiru,1952,3
Bill Hader's Second,bill-haders-second-criterion-closet-picks,barry-lyndon,Barry Lyndon,1975,4
Bill Hader's Second,bill-haders-second-criterion-closet-picks,roma-2018,Roma,2018,5
Bill Hader's Second,bill-haders-second-criterion-closet-picks,real-life,Real Life,1979,6
Bill Hader's Second,bill-haders-second-criterion-closet-picks,my-darling-clementine,My Darling Clementine,1946,7
Bill Hader's Second,bill-haders-second-criterion-closet-picks,variety-lights,Variety Lights,1950,8
Bill Hader's Second,bill-haders-second-criterion-closet-picks,the-white-sheik,The White Sheik,1952,9
Bill Hader's Second,bill-haders-second-criterion-closet-picks,i-vitelloni,I Vitelloni,1953,10
Bill Hader's Second,bill-haders-second-criterion-closet-picks,la-strada,La Strada,1954,11
Bill Hader's Second,bill-haders-second-criterion-closet-picks,the-swindle-1955,The Swindle,1955,12
Bill Hader's Second,bill-haders-second-criterion-closet-picks,nights-of-cabiria,Nights of Cabiria,1957,13
Bill Hader's Second,bill-haders-second-criterion-closet-picks,la-dolce-vita,La Dolce Vita,1960,14
Bill Hader's Second,bill-haders-second-criterion-closet-picks,8-half,8½,1963,15
Bill Hader's Second,bill-haders-second-criterion-closet-picks,juliet-of-the-spirits,Juliet of the Spirits,1965,16
Bill Hader's Second,bill-haders-second-criterion-closet-picks,satyricon-1969,Satyricon,1969,17
Bill Hader's Second,bill-haders-second-criterion-closet-picks,roma,Roma,1972,18
Bill Hader's Second,bill-haders-second-criterion-closet-picks,amarcord,Amarcord,1973,19
Bill Hader's Second,bill-haders-second-criterion-closet-picks,and-the-ship-sails-on,And the Ship Sails On,1983,20
Bill Hader's Second,bill-haders-second-criterion-closet-picks,intervista,Intervista,1987,21
Bill Hader's Second,bill-haders-second-criterion-closet-picks,cold-war-2018,Cold War,2018,22
Bill Hader's Second,bill-haders-second-criterion-closet-picks,salvatore-giuliano,Salvatore Giuliano,1962,23
Bill Hader's Second,bill-haders-second-criterion-closet-picks,a-man-escaped,A Man Escaped,1956,24
Bill Hader's Second,bill-haders-second-criterion-closet-picks,petite-maman,Petite Maman,2021,25
Bill Hader's Second,bill-haders-second-criterion-closet-picks,warrendale,Warrendale,1967,26
Bill Hader's Second,bill-haders-second-criterion-closet-picks,a-married-couple,A Married Couple,1969,27
Bill Hader's Second,bill-haders-second-criterion-closet-picks,come-on-children,Come On Children,1973,28
Bill Hader's Second,bill-haders-second-criterion-closet-picks,dying-at-grace,Dying at Grace,2003,29
Bill Hader's Second,bill-haders-second-criterion-closet-picks,memory-for-max-claire-ida-and-company,"Memory for Max, Claire, Ida and Company",2005,30
Bill Hader's Second,bill-haders-second-criterion-closet-picks,the-asphalt-jungle,The Asphalt Jungle,1950,31
Bill Hader's Second,bill-haders-second-criterion-closet-picks,cat-people,Cat People,1942,32
Bill Hader's Second,bill-haders-second-criterion-closet-picks,secrets-lies,Secrets & Lies,1996,33
Bill Hader's Second,bill-haders-second-criterion-closet-picks,perfect-days-2023,Perfect Days,2023,34
Bill Hader's Second,bill-haders-second-criterion-closet-picks,la-ceremonie,La Cérémonie,1995,35
Claire Denis,claire-deniss-criterion-closet-picks,beau-travail,Beau Travail,1999,1
Claire Denis,claire-deniss-criterion-closet-picks,let-the-sunshine-in,Let the Sunshine In,2017,2
Claire Denis,claire-deniss-criterion-closet-picks,day-of-wrath,Day of Wrath,1943,3
Claire Denis,claire-deniss-criterion-closet-picks,ordet,Ordet,1955,4
Claire Denis,claire-deniss-criterion-closet-picks,gertrud,Gertrud,1964,5
Claire Denis,claire-deniss-criterion-closet-picks,carl-th-dreyer-my-metier,Carl Th. Dreyer: My Metier,1995,6
Claire Denis,claire-deniss-criterion-closet-picks,gate-of-flesh,Gate of Flesh,1964,7
Claire Denis,claire-deniss-criterion-closet-picks,tout-va-bien,Tout Va Bien,1972,8
Claire Denis,claire-deniss-criterion-closet-picks,summer-with-monika,Summer with Monika,1953,9
Claire Denis,claire-deniss-criterion-closet-picks,his-girl-friday,His Girl Friday,1940,10
Kim Morgan,kim-morgans-criterion-closet-picks,merrily-we-go-to-hell,Merrily We Go to Hell,1932,1
Kim Morgan,kim-morgans-criterion-closet-picks,something-wild-1961,Something Wild,1961,2
Kim Morgan,kim-morgans-criterion-closet-picks,leave-her-to-heaven,Leave Her to Heaven,1945,3
Kim Morgan,kim-morgans-criterion-closet-picks,thirty-two-short-films-about-glenn-gould,Thirty Two Short Films About Glenn Gould,1993,4
Kim Morgan,kim-morgans-criterion-closet-picks,punch-drunk-love,Punch-Drunk Love,2002,5
Kim Morgan,kim-morgans-criterion-closet-picks,kiss-me-deadly,Kiss Me Deadly,1955,6
Kim Morgan,kim-morgans-criterion-closet-picks,the-killing,The Killing,1956,7
Kim Morgan,kim-morgans-criterion-closet-picks,barry-lyndon,Barry Lyndon,1975,8
Kim Morgan,kim-morgans-criterion-closet-picks,eyes-wide-shut,Eyes Wide Shut,1999,9
Kim Morgan,kim-morgans-criterion-closet-picks,flesh-for-frankenstein,Flesh for Frankenstein,1973,10
Kim Morgan,kim-morgans-criterion-closet-picks,blood-for-dracula,Blood for Dracula,1974,11
Jim Jarmusch,jim-jarmuschs-criterion-closet-picks,accattone,Accattone,1961,1
Jim Jarmusch,jim-jarmuschs-criterion-closet-picks,mamma-roma,Mamma Roma,1962,2
Jim Jarmusch,jim-jarmuschs-criterion-closet-picks,love-meetings,Love Meetings,1964,3
Jim Jarmusch,jim-jarmuschs-criterion-closet-picks,the-gospel-according-to-st-matthew,The Gospel According to St. Matthew,1964,4
Jim Jarmusch,jim-jarmuschs-criterion-closet-picks,the-hawks-and-the-sparrows,The Hawks and the Sparrows,1966,5
Jim Jarmusch,jim-jarmuschs-criterion-closet-picks,oedipus-rex,Oedipus Rex,1967,6
Jim Jarmusch,jim-jarmuschs-criterion-closet-picks,theorem,Theorem,1968,7
Jim Jarmusch,jim-jarmuschs-criterion-closet-picks,pigsty,Pigsty,1969,8
Jim Jarmusch,jim-jarmuschs-criterion-closet-picks,medea,Medea,1969,9
Jim Jarmusch,jim-jarmuschs-criterion-closet-picks,werckmeister-harmonies,Werckmeister Harmonies,2000,10
Jim Jarmusch,jim-jarmuschs-criterion-closet-picks,mirror,Mirror,1975,11
Jim Jarmusch,jim-jarmuschs-criterion-closet-picks,black-girl-1966,Black Girl,1966,12
Jim Jarmusch,jim-jarmuschs-criterion-closet-picks,love-streams,Love Streams,1984,13
Jim Jarmusch,jim-jarmuschs-criterion-closet-picks,il-sorpasso,Il Sorpasso,1962,14
Jim Jarmusch,jim-jarmuschs-criterion-closet-picks,i-knew-her-well,I Knew Her Well,1965,15
Jim Jarmusch,jim-jarmuschs-criterion-closet-picks,pickup-on-south-street,Pickup on South Street,1953,16
André Bonzel,andre-bonzels-criterion-closet-picks,man-bites-dog,Man Bites Dog,1992,1
André Bonzel,andre-bonzels-criterion-closet-picks,the-400-blows,The 400 Blows,1959,2
André Bonzel,andre-bonzels-criterion-closet-picks,stranger-than-paradise,Stranger Than Paradise,1984,3
André Bonzel,andre-bonzels-criterion-closet-picks,the-scarlet-empress,The Scarlet Empress,1934,4
André Bonzel,andre-bonzels-criterion-closet-picks,pandoras-box,Pandora's Box,1929,5
André Bonzel,andre-bonzels-criterion-closet-picks,brazil,Brazil,1985,6
André Bonzel,andre-bonzels-criterion-closet-picks,house,House,1977,7
Philip Kaufman,philip-kaufmans-criterion-closet-picks,the-unbearable-lightness-of-being,The Unbearable Lightness of Being,1988,1
Philip Kaufman,philip-kaufmans-criterion-closet-picks,the-right-stuff,The Right Stuff,1983,2
Philip Kaufman,philip-kaufmans-criterion-closet-picks,amarcord,Amarcord,1973,3
Philip Kaufman,philip-kaufmans-criterion-closet-picks,the-wages-of-fear,The Wages of Fear,1953,4
Philip Kaufman,philip-kaufmans-criterion-closet-picks,crumb,Crumb,1994,5
Philip Kaufman,philip-kaufmans-criterion-closet-picks,fanny-and-alexander,Fanny and Alexander,1982,6
Philip Kaufman,philip-kaufmans-criterion-closet-picks,fanny-and-alexander-1984,Fanny and Alexander,1984,7
Philip Kaufman,philip-kaufmans-criterion-closet-picks,the-battle-of-algiers,The Battle of Algiers,1966,8
Philip Kaufman,philip-kaufmans-criterion-closet-picks,the-golden-coach,The Golden Coach,1952,9
Philip Kaufman,philip-kaufmans-criterion-closet-picks,french-cancan,French Cancan,1955,10
Philip Kaufman,philip-kaufmans-criterion-closet-picks,elena-and-her-men,Elena and Her Men,1956,11
Barbie Ferreira,barbie-ferreiras-criterion-closet-picks,videodrome,Videodrome,1983,1
Barbie Ferreira,barbie-ferreiras-criterion-closet-picks,the-vanishing,The Vanishing,1988,2
Barbie Ferreira,barbie-ferreiras-criterion-closet-picks,my-own-private-idaho,My Own Private Idaho,1991,3
Barbie Ferreira,barbie-ferreiras-criterion-closet-picks,drugstore-cowboy,Drugstore Cowboy,1989,4
Barbie Ferreira,barbie-ferreiras-criterion-closet-picks,mildred-pierce,Mildred Pierce,1945,5
Barbie Ferreira,barbie-ferreiras-criterion-closet-picks,betty-blue,Betty Blue,1986,6
Barbie Ferreira,barbie-ferreiras-criterion-closet-picks,shadows-1958,Shadows,1958,7
Barbie Ferreira,barbie-ferreiras-criterion-closet-picks,faces-1968,Faces,1968,8
Barbie Ferreira,barbie-ferreiras-criterion-closet-picks,a-woman-under-the-influence,A Woman Under the Influence,1974,9
Barbie Ferreira,barbie-ferreiras-criterion-closet-picks,the-killing-of-a-chinese-bookie,The Killing of a Chinese Bookie,1976,10
Barbie Ferreira,barbie-ferreiras-criterion-closet-picks,opening-night,Opening Night,1977,11
Barbie Ferreira,barbie-ferreiras-criterion-closet-picks,a-constant-forge,A Constant Forge,2000,12
Barbie Ferreira,barbie-ferreiras-criterion-closet-picks,polyester,Polyester,1981,13
Barbie Ferreira,barbie-ferreiras-criterion-closet-picks,totally-fed-up,Totally F***ed Up,1993,14
Barbie Ferreira,barbie-ferreiras-criterion-closet-picks,the-doom-generation,The Doom Generation,1995,15
Barbie Ferreira,barbie-ferreiras-criterion-closet-picks,nowhere,Nowhere,1997,16
Barbie Ferreira,barbie-ferreiras-criterion-closet-picks,red-desert,Red Desert,1964,17
Barbie Ferreira,barbie-ferreiras-criterion-closet-picks,safe,Safe,1995,18
Adrian Utley,adrian-utleys-criterion-closet-picks,antichrist,Antichrist,2009,1
Adrian Utley,adrian-utleys-criterion-closet-picks,ratcatcher,Ratcatcher,1999,2
Adrian Utley,adrian-utleys-criterion-closet-picks,the-passion-of-joan-of-arc,The Passion of Joan of Arc,1928,3
Adrian Utley,adrian-utleys-criterion-closet-picks,merry-christmas-mr-lawrence,"Merry Christmas, Mr. Lawrence",1983,4
Adrian Utley,adrian-utleys-criterion-closet-picks,the-39-steps,The 39 Steps,1935,5
Paul Dano,paul-danos-criterion-closet-picks,one-eyed-jacks,One-Eyed Jacks,1961,1
Paul Dano,paul-danos-criterion-closet-picks,lola,Lola,1961,2
Paul Dano,paul-danos-criterion-closet-picks,bay-of-angels,Bay of Angels,1963,3
Paul Dano,paul-danos-criterion-closet-picks,the-umbrellas-of-cherbourg,The Umbrellas of Cherbourg,1964,4
Paul Dano,paul-danos-criterion-closet-picks,the-young-girls-of-rochefort,The Young Girls of Rochefort,1967,5
Paul Dano,paul-danos-criterion-closet-picks,donkey-skin,Donkey Skin,1970,6
Paul Dano,paul-danos-criterion-closet-picks,a-room-in-town-1982,A Room in Town,1982,7
Paul Dano,paul-danos-criterion-closet-picks,good-morning,Good Morning,1959,8
Paul Dano,paul-danos-criterion-closet-picks,make-way-for-tomorrow,Make Way for Tomorrow,1937,9
Paul Dano,paul-danos-criterion-closet-picks,this-sporting-life,This Sporting Life,1963,10
Paul Dano,paul-danos-criterion-closet-picks,yi-yi,Yi Yi,2000,11
Paul Dano,paul-danos-criterion-closet-picks,my-own-private-idaho,My Own Private Idaho,1991,12
Colin Quinn,colin-quinns-criterion-closet-picks,mona-lisa,Mona Lisa,1986,1
Colin Quinn,colin-quinns-criterion-closet-picks,rififi,Rififi,1955,2
Colin Quinn,colin-quinns-criterion-closet-picks,my-life-as-a-dog,My Life as a Dog,1985,3
Colin Quinn,colin-quinns-criterion-closet-picks,the-little-soldier-1963,The Little Soldier,1963,4
Colin Quinn,colin-quinns-criterion-closet-picks,roma,Roma,1972,5
Colin Quinn,colin-quinns-criterion-closet-picks,something-wild-1961,Something Wild,1961,6
Colin Quinn,colin-quinns-criterion-closet-picks,naked,Naked,1993,7
Colin Quinn,colin-quinns-criterion-closet-picks,smithereens,Smithereens,1982,8
Colin Quinn,colin-quinns-criterion-closet-picks,claudine,Claudine,1974,9
Asif Kapadia,asif-kapadias-criterion-closet-picks,the-warrior-2001,The Warrior,2001,1
Asif Kapadia,asif-kapadias-criterion-closet-picks,senna,Senna,2010,2
Asif Kapadia,asif-kapadias-criterion-closet-picks,amy-2015,Amy,2015,3
Asif Kapadia,asif-kapadias-criterion-closet-picks,simon-of-the-desert,Simon of the Desert,1965,4
Asif Kapadia,asif-kapadias-criterion-closet-picks,yi-yi,Yi Yi,2000,5
Asif Kapadia,asif-kapadias-criterion-closet-picks,blind-chance,Blind Chance,1987,6
Asif Kapadia,asif-kapadias-criterion-closet-picks,in-the-mood-for-love,In the Mood for Love,2000,7
Asif Kapadia,asif-kapadias-criterion-closet-picks,salo-or-the-120-days-of-sodom,"Salò, or the 120 Days of Sodom",1975,8
Asif Kapadia,asif-kapadias-criterion-closet-picks,dont-look-now,Don't Look Now,1973,9
Asif Kapadia,asif-kapadias-criterion-closet-picks,a-story-of-floating-weeds,A Story of Floating Weeds,1934,10
Asif Kapadia,asif-kapadias-criterion-closet-picks,floating-weeds,Floating Weeds,1959,11
Asif Kapadia,asif-kapadias-criterion-closet-picks,the-vanishing,The Vanishing,1988,12
Asif Kapadia,asif-kapadias-criterion-closet-picks,do-the-right-thing,Do the Right Thing,1989,13
Asif Kapadia,asif-kapadias-criterion-closet-picks,investigation-of-a-citizen-above-suspicion,Investigation of a Citizen Above Suspicion,1970,14
Asif Kapadia,asif-kapadias-criterion-closet-picks,code-unknown,Code Unknown,2000,15
Asif Kapadia,asif-kapadias-criterion-closet-picks,three-outlaw-samurai,Three Outlaw Samurai,1964,16
Asif Kapadia,asif-kapadias-criterion-closet-picks,samurai-i-musashi-miyamoto,Samurai I: Musashi Miyamoto,1954,17
Asif Kapadia,asif-kapadias-criterion-closet-picks,samurai-ii-duel-at-ichijoji-temple,Samurai II: Duel at Ichijoji Temple,1955,18
Asif Kapadia,asif-kapadias-criterion-closet-picks,samurai-iii-duel-at-ganryu-island,Samurai III: Duel at Ganryu Island,1956,19
Asif Kapadia,asif-kapadias-criterion-closet-picks,kes,Kes,1969,20
Asif Kapadia,asif-kapadias-criterion-closet-picks,gomorrah,Gomorrah,2008,21
Kahlil Joseph,kahlil-josephs-closet-picks,days-of-heaven,Days of Heaven,1978,1
Kahlil Joseph,kahlil-josephs-closet-picks,the-color-of-pomegranates,The Color of Pomegranates,1969,2
Kahlil Joseph,kahlil-josephs-closet-picks,yi-yi,Yi Yi,2000,3
Kahlil Joseph,kahlil-josephs-closet-picks,tampopo,Tampopo,1985,4
Kahlil Joseph,kahlil-josephs-closet-picks,tokyo-olympiad,Tokyo Olympiad,1965,5
André Holland,andre-hollands-criterion-closet-picks,pariah,Pariah,2011,1
André Holland,andre-hollands-criterion-closet-picks,the-story-of-a-three-day-pass,The Story of a Three-Day Pass,1967,2
André Holland,andre-hollands-criterion-closet-picks,watermelon-man,Watermelon Man,1970,3
André Holland,andre-hollands-criterion-closet-picks,sweet-sweetbacks-baadasssss-song,Sweet Sweetback's Baadasssss Song,1971,4
André Holland,andre-hollands-criterion-closet-picks,dont-play-us-cheap,Don't Play Us Cheap,1973,5
André Holland,andre-hollands-criterion-closet-picks,to-sleep-with-anger,To Sleep with Anger,1990,6
André Holland,andre-hollands-criterion-closet-picks,medicine-for-melancholy,Medicine for Melancholy,2008,7
André Holland,andre-hollands-criterion-closet-picks,claudine,Claudine,1974,8
André Holland,andre-hollands-criterion-closet-picks,matewan,Matewan,1987,9
André Holland,andre-hollands-criterion-closet-picks,a-raisin-in-the-sun,A Raisin in the Sun,1961,10
Guy Nattiv,guy-nattivs-criterion-closet-picks,come-and-see,Come and See,1985,1
Guy Nattiv,guy-nattivs-criterion-closet-picks,amores-perros,Amores Perros,2000,2
Margaret Qualley,margaret-qualleys-criterion-closet-picks,beau-travail,Beau Travail,1999,1
Margaret Qualley,margaret-qualleys-criterion-closet-picks,to-die-for,To Die For,1995,2
Margaret Qualley,margaret-qualleys-criterion-closet-picks,punch-drunk-love,Punch-Drunk Love,2002,3
Margaret Qualley,margaret-qualleys-criterion-closet-picks,all-about-eve,All About Eve,1950,4
Margaret Qualley,margaret-qualleys-criterion-closet-picks,all-that-jazz,All That Jazz,1979,5
Margaret Qualley,margaret-qualleys-criterion-closet-picks,thelma-louise,Thelma & Louise,1991,6
Nuri Bilge Ceylan,nuri-bilge-ceylans-criterion-closet-picks,about-dry-grasses,About Dry Grasses,2023,1
Nuri Bilge Ceylan,nuri-bilge-ceylans-criterion-closet-picks,the-silence,The Silence,1963,2
Nuri Bilge Ceylan,nuri-bilge-ceylans-criterion-closet-picks,stranger-than-paradise,Stranger Than Paradise,1984,3
Nuri Bilge Ceylan,nuri-bilge-ceylans-criterion-closet-picks,crisis,Crisis,1946,4
Nuri Bilge Ceylan,nuri-bilge-ceylans-criterion-closet-picks,a-ship-to-india,A Ship to India,1947,5
Nuri Bilge Ceylan,nuri-bilge-ceylans-criterion-closet-picks,port-of-call,Port of Call,1948,6
Nuri Bilge Ceylan,nuri-bilge-ceylans-criterion-closet-picks,thirst,Thirst,1949,7
Nuri Bilge Ceylan,nuri-bilge-ceylans-criterion-closet-picks,to-joy,To Joy,1950,8
Nuri Bilge Ceylan,nuri-bilge-ceylans-criterion-closet-picks,summer-interlude,Summer Interlude,1951,9
Nuri Bilge Ceylan,nuri-bilge-ceylans-criterion-closet-picks,waiting-women,Waiting Women,1952,10
Nuri Bilge Ceylan,nuri-bilge-ceylans-criterion-closet-picks,summer-with-monika,Summer with Monika,1953,11
Nuri Bilge Ceylan,nuri-bilge-ceylans-criterion-closet-picks,sawdust-and-tinsel,Sawdust and Tinsel,1953,12
Nuri Bilge Ceylan,nuri-bilge-ceylans-criterion-closet-picks,a-lesson-in-love,A Lesson in Love,1954,13
Nuri Bilge Ceylan,nuri-bilge-ceylans-criterion-closet-picks,dreams-1955,Dreams,1955,14
Nuri Bilge Ceylan,nuri-bilge-ceylans-criterion-closet-picks,smiles-of-a-summer-night,Smiles of a Summer Night,1955,15
Nuri Bilge Ceylan,nuri-bilge-ceylans-criterion-closet-picks,the-seventh-seal,The Seventh Seal,1957,16
Nuri Bilge Ceylan,nuri-bilge-ceylans-criterion-closet-picks,wild-strawberries,Wild Strawberries,1957,17
Nuri Bilge Ceylan,nuri-bilge-ceylans-criterion-closet-picks,brink-of-life,Brink of Life,1958,18
Nuri Bilge Ceylan,nuri-bilge-ceylans-criterion-closet-picks,the-magician-1958,The Magician,1958,19
Nuri Bilge Ceylan,nuri-bilge-ceylans-criterion-closet-picks,the-virgin-spring,The Virgin Spring,1960,20
Nuri Bilge Ceylan,nuri-bilge-ceylans-criterion-closet-picks,the-devils-eye,The Devil's Eye,1960,21
Nuri Bilge Ceylan,nuri-bilge-ceylans-criterion-closet-picks,through-a-glass-darkly,Through a Glass Darkly,1961,22
Nuri Bilge Ceylan,nuri-bilge-ceylans-criterion-closet-picks,winter-light,Winter Light,1963,23
Nuri Bilge Ceylan,nuri-bilge-ceylans-criterion-closet-picks,all-these-women,All These Women,1964,24
Nuri Bilge Ceylan,nuri-bilge-ceylans-criterion-closet-picks,persona,Persona,1966,25
Nuri Bilge Ceylan,nuri-bilge-ceylans-criterion-closet-picks,hour-of-the-wolf,Hour of the Wolf,1968,26
Nuri Bilge Ceylan,nuri-bilge-ceylans-criterion-closet-picks,shame,Shame,1968,27
Nuri Bilge Ceylan,nuri-bilge-ceylans-criterion-closet-picks,the-rite,The Rite,1969,28
Nuri Bilge Ceylan,nuri-bilge-ceylans-criterion-closet-picks,the-passion-of-anna,The Passion of Anna,1969,29
Nuri Bilge Ceylan,nuri-bilge-ceylans-criterion-closet-picks,faro-document,Fårö Document,1970,30
Nuri Bilge Ceylan,nuri-bilge-ceylans-criterion-closet-picks,the-touch-1971,The Touch,1971,31
Nuri Bilge Ceylan,nuri-bilge-ceylans-criterion-closet-picks,cries-and-whispers,Cries and Whispers,1972,32
Nuri Bilge Ceylan,nuri-bilge-ceylans-criterion-closet-picks,scenes-from-a-marriage,Scenes from a Marriage,1974,33
Nuri Bilge Ceylan,nuri-bilge-ceylans-criterion-closet-picks,the-magic-flute,The Magic Flute,1975,34
Nuri Bilge Ceylan,nuri-bilge-ceylans-criterion-closet-picks,the-serpents-egg,The Serpent's Egg,1977,35
Nuri Bilge Ceylan,nuri-bilge-ceylans-criterion-closet-picks,autumn-sonata,Autumn Sonata,1978,36
Nuri Bilge Ceylan,nuri-bilge-ceylans-criterion-closet-picks,faro-document-1979,Fårö Document 1979,1979,37
Nuri Bilge Ceylan,nuri-bilge-ceylans-criterion-closet-picks,from-the-life-of-the-marionettes,From the Life of the Marionettes,1980,38
Nuri Bilge Ceylan,nuri-bilge-ceylans-criterion-closet-picks,fanny-and-alexander,Fanny and Alexander,1982,39
Nuri Bilge Ceylan,nuri-bilge-ceylans-criterion-closet-picks,fanny-and-alexander-1984,Fanny and Alexander,1984,40
Nuri Bilge Ceylan,nuri-bilge-ceylans-criterion-closet-picks,after-the-rehearsal,After the Rehearsal,1984,41
Nuri Bilge Ceylan,nuri-bilge-ceylans-criterion-closet-picks,saraband,Saraband,2003,42
Nuri Bilge Ceylan,nuri-bilge-ceylans-criterion-closet-picks,the-bakery-girl-of-monceau,The Bakery Girl of Monceau,1963,43
Nuri Bilge Ceylan,nuri-bilge-ceylans-criterion-closet-picks,suzannes-career,Suzanne’s Career,1963,44
Nuri Bilge Ceylan,nuri-bilge-ceylans-criterion-closet-picks,my-night-at-mauds,My Night at Maud's,1969,45
Nuri Bilge Ceylan,nuri-bilge-ceylans-criterion-closet-picks,la-collectionneuse,La Collectionneuse,1967,46
Nuri Bilge Ceylan,nuri-bilge-ceylans-criterion-closet-picks,claires-knee,Claire's Knee,1970,47
Nuri Bilge Ceylan,nuri-bilge-ceylans-criterion-closet-picks,love-in-the-afternoon-1972,Love in the Afternoon,1972,48
Nuri Bilge Ceylan,nuri-bilge-ceylans-criterion-closet-picks,andrei-rublev,Andrei Rublev,1966,49
Nuri Bilge Ceylan,nuri-bilge-ceylans-criterion-closet-picks,pather-panchali,Pather Panchali,1955,50
Nuri Bilge Ceylan,nuri-bilge-ceylans-criterion-closet-picks,aparajito,Aparajito,1956,51
Nuri Bilge Ceylan,nuri-bilge-ceylans-criterion-closet-picks,apur-sansar,Apur Sansar,1959,52
Nuri Bilge Ceylan,nuri-bilge-ceylans-criterion-closet-picks,knife-in-the-water,Knife in the Water,1962,53
Nuri Bilge Ceylan,nuri-bilge-ceylans-criterion-closet-picks,where-is-the-friends-house,Where Is the Friend's House?,1987,54
Nuri Bilge Ceylan,nuri-bilge-ceylans-criterion-closet-picks,life-and-nothing-more,"Life, and Nothing More…",1992,55
Nuri Bilge Ceylan,nuri-bilge-ceylans-criterion-closet-picks,through-the-olive-trees,Through the Olive Trees,1994,56
Rebecca Miller,rebecca-millers-criterion-closet-picks,personal-velocity,Personal Velocity,2002,1
Rebecca Miller,rebecca-millers-criterion-closet-picks,the-ballad-of-jack-and-rose,The Ballad of Jack and Rose,2005,2
Rebecca Miller,rebecca-millers-criterion-closet-picks,she-came-to-me,She Came to Me,2023,3
Rebecca Miller,rebecca-millers-criterion-closet-picks,devi,Devi,1960,4
Rebecca Miller,rebecca-millers-criterion-closet-picks,the-color-of-pomegranates,The Color of Pomegranates,1969,5
Rebecca Miller,rebecca-millers-criterion-closet-picks,dekalog,Dekalog,1989,6
Rebecca Miller,rebecca-millers-criterion-closet-picks,loves-of-a-blonde,Loves of a Blonde,1965,7
Rebecca Miller,rebecca-millers-criterion-closet-picks,children-of-paradise,Children of Paradise,1945,8
Nathan Lane,nathan-lanes-criterion-closet-picks,the-kid,The Kid,1921,1
Nathan Lane,nathan-lanes-criterion-closet-picks,rififi,Rififi,1955,2
Nathan Lane,nathan-lanes-criterion-closet-picks,bitter-rice,Bitter Rice,1949,3
Nathan Lane,nathan-lanes-criterion-closet-picks,i-am-curious-yellow,I Am Curious (Yellow),1967,4
Nathan Lane,nathan-lanes-criterion-closet-picks,the-night-of-the-hunter,The Night of the Hunter,1955,5
Nathan Lane,nathan-lanes-criterion-closet-picks,sweet-smell-of-success,Sweet Smell of Success,1957,6
Nathan Lane,nathan-lanes-criterion-closet-picks,valley-of-the-dolls,Valley of the Dolls,1967,7
Nathan Lane,nathan-lanes-criterion-closet-picks,odd-man-out,Odd Man Out,1947,8
Nathan Lane,nathan-lanes-criterion-closet-picks,mikey-and-nicky,Mikey and Nicky,1976,9
Nathan Lane,nathan-lanes-criterion-closet-picks,the-in-laws,The In-Laws,1979,10
Nathan Lane,nathan-lanes-criterion-closet-picks,heaven-can-wait,Heaven Can Wait,1943,11
Nathan Lane,nathan-lanes-criterion-closet-picks,here-comes-mr-jordan,Here Comes Mr. Jordan,1941,12
Nathan Lane,nathan-lanes-criterion-closet-picks,being-there,Being There,1979,13
Ken Burns,ken-burns-criterion-closet-picks,hunger,Hunger,2008,1
Ken Burns,ken-burns-criterion-closet-picks,pina,Pina,2011,2
Ken Burns,ken-burns-criterion-closet-picks,odd-man-out,Odd Man Out,1947,3
Ken Burns,ken-burns-criterion-closet-picks,seven-samurai,Seven Samurai,1954,4
Ken Burns,ken-burns-criterion-closet-picks,to-be-or-not-to-be,To Be or Not to Be,1942,5
Ken Burns,ken-burns-criterion-closet-picks,rebecca,Rebecca,1940,6
Ken Burns,ken-burns-criterion-closet-picks,variety-lights,Variety Lights,1950,7
Ken Burns,ken-burns-criterion-closet-picks,the-white-sheik,The White Sheik,1952,8
Ken Burns,ken-burns-criterion-closet-picks,i-vitelloni,I Vitelloni,1953,9
Ken Burns,ken-burns-criterion-closet-picks,la-strada,La Strada,1954,10
Ken Burns,ken-burns-criterion-closet-picks,the-swindle-1955,The Swindle,1955,11
Ken Burns,ken-burns-criterion-closet-picks,nights-of-cabiria,Nights of Cabiria,1957,12
Ken Burns,ken-burns-criterion-closet-picks,la-dolce-vita,La Dolce Vita,1960,13
Ken Burns,ken-burns-criterion-closet-picks,8-half,8½,1963,14
Ken Burns,ken-burns-criterion-closet-picks,juliet-of-the-spirits,Juliet of the Spirits,1965,15
Ken Burns,ken-burns-criterion-closet-picks,satyricon-1969,Satyricon,1969,16
Ken Burns,ken-burns-criterion-closet-picks,roma,Roma,1972,17
Ken Burns,ken-burns-criterion-closet-picks,amarcord,Amarcord,1973,18
Ken Burns,ken-burns-criterion-closet-picks,and-the-ship-sails-on,And the Ship Sails On,1983,19
Ken Burns,ken-burns-criterion-closet-picks,intervista,Intervista,1987,20
Theodore Witcher,theodore-witchers-criterion-closet-picks,love-jones,Love Jones,1997,1
Theodore Witcher,theodore-witchers-criterion-closet-picks,jules-and-jim,Jules and Jim,1962,2
Theodore Witcher,theodore-witchers-criterion-closet-picks,blind-chance,Blind Chance,1987,3
Theodore Witcher,theodore-witchers-criterion-closet-picks,the-rules-of-the-game,The Rules of the Game,1939,4
Theodore Witcher,theodore-witchers-criterion-closet-picks,notorious,Notorious,1946,5
Theodore Witcher,theodore-witchers-criterion-closet-picks,deep-cover,Deep Cover,1992,6
Theodore Witcher,theodore-witchers-criterion-closet-picks,tokyo-story,Tokyo Story,1953,7
Theodore Witcher,theodore-witchers-criterion-closet-picks,through-a-glass-darkly,Through a Glass Darkly,1961,8
Theodore Witcher,theodore-witchers-criterion-closet-picks,winter-light,Winter Light,1963,9
Theodore Witcher,theodore-witchers-criterion-closet-picks,the-silence,The Silence,1963,10
Theodore Witcher,theodore-witchers-criterion-closet-picks,stromboli,Stromboli,1950,11
Theodore Witcher,theodore-witchers-criterion-closet-picks,europa-51,Europa '51,1952,12
Theodore Witcher,theodore-witchers-criterion-closet-picks,journey-to-italy,Journey to Italy,1954,13
Theodore Witcher,theodore-witchers-criterion-closet-picks,late-spring,Late Spring,1949,14
Dan Levy,dan-levys-criterion-closet-picks,moonstruck,Moonstruck,1987,1
Dan Levy,dan-levys-criterion-closet-picks,the-virgin-suicides,The Virgin Suicides,1999,2
Dan Levy,dan-levys-criterion-closet-picks,tokyo-story,Tokyo Story,1953,3
Dan Levy,dan-levys-criterion-closet-picks,the-piano-teacher,The Piano Teacher,2001,4
Dan Levy,dan-levys-criterion-closet-picks,election,Election,1999,5
Dan Levy,dan-levys-criterion-closet-picks,love-basketball,Love & Basketball,2000,6
Dan Levy,dan-levys-criterion-closet-picks,weekend-2011,Weekend,2011,7
Dan Levy,dan-levys-criterion-closet-picks,the-daytrippers,The Daytrippers,1996,8
Dan Levy,dan-levys-criterion-closet-picks,kagemusha,Kagemusha,1980,9
Dan Levy,dan-levys-criterion-closet-picks,after-life,After Life,1998,10
Anne Alvergue and Debra McClutchy,anne-alvergue-and-debra-mcclutchys-criterion,the-martha-mitchell-effect,The Martha Mitchell Effect,2022,1
Anne Alvergue and Debra McClutchy,anne-alvergue-and-debra-mcclutchys-criterion,wanda,Wanda,1970,2
Anne Alvergue and Debra McClutchy,anne-alvergue-and-debra-mcclutchys-criterion,beau-travail,Beau Travail,1999,3
Anne Alvergue and Debra McClutchy,anne-alvergue-and-debra-mcclutchys-criterion,la-cienaga,La Ciénaga,2001,4
Anne Alvergue and Debra McClutchy,anne-alvergue-and-debra-mcclutchys-criterion,streetwise,Streetwise,1984,5
Anne Alvergue and Debra McClutchy,anne-alvergue-and-debra-mcclutchys-criterion,tiny-the-life-of-erin-blackwell,Tiny: The Life of Erin Blackwell,2016,6
Anne Alvergue and Debra McClutchy,anne-alvergue-and-debra-mcclutchys-criterion,loving-couples,Loving Couples,1964,7
Anne Alvergue and Debra McClutchy,anne-alvergue-and-debra-mcclutchys-criterion,night-games,Night Games,1966,8
Anne Alvergue and Debra McClutchy,anne-alvergue-and-debra-mcclutchys-criterion,the-girls,The Girls,1968,9
Anne Alvergue and Debra McClutchy,anne-alvergue-and-debra-mcclutchys-criterion,jeanne-dielman-23-quai-du-commerce-1080-bruxelles,"Jeanne Dielman, 23, quai du Commerce, 1080 Bruxelles",1975,10
Anne Alvergue and Debra McClutchy,anne-alvergue-and-debra-mcclutchys-criterion,dance-girl-dance,"Dance, Girl, Dance",1940,11
Jennifer Kent,jennifer-kents-criterion-closet-picks,the-babadook,The Babadook,2014,1
Jennifer Kent,jennifer-kents-criterion-closet-picks,the-last-wave,The Last Wave,1977,2
Jennifer Kent,jennifer-kents-criterion-closet-picks,mulholland-drive,Mulholland Drive,2001,3
Jennifer Kent,jennifer-kents-criterion-closet-picks,kuroneko,Kuroneko,1968,4
Jennifer Kent,jennifer-kents-criterion-closet-picks,onibaba,Onibaba,1964,5
Jennifer Kent,jennifer-kents-criterion-closet-picks,haxan,Häxan,1922,6
Jennifer Kent,jennifer-kents-criterion-closet-picks,a-man-escaped,A Man Escaped,1956,7
Jennifer Kent,jennifer-kents-criterion-closet-picks,tokyo-story,Tokyo Story,1953,8
Jennifer Kent,jennifer-kents-criterion-closet-picks,diabolique-1955,Diabolique,1955,9
Jennifer Kent,jennifer-kents-criterion-closet-picks,memories-of-murder,Memories of Murder,2003,10
That One Time Five Comics Raided The,that-one-time-five-comics-raided-the-criterion,jour-de-fete,Jour de Fête,1949,1
That One Time Five Comics Raided The,that-one-time-five-comics-raided-the-criterion,monsieur-hulots-holiday,Monsieur Hulot's Holiday,1953,2
That One Time Five Comics Raided The,that-one-time-five-comics-raided-the-criterion,mon-oncle,Mon Oncle,1958,3
That One Time Five Comics Raided The,that-one-time-five-comics-raided-the-criterion,playtime,PlayTime,1967,4
That One Time Five Comics Raided The,that-one-time-five-comics-raided-the-criterion,trafic,Trafic,1971,5
That One Time Five Comics Raided The,that-one-time-five-comics-raided-the-criterion,parade,Parade,1974,6
That One Time Five Comics Raided The,that-one-time-five-comics-raided-the-criterion,good-morning,Good Morning,1959,7
That One Time Five Comics Raided The,that-one-time-five-comics-raided-the-criterion,yojimbo,Yojimbo,1961,8
That One Time Five Comics Raided The,that-one-time-five-comics-raided-the-criterion,frances-ha,Frances Ha,2012,9
That One Time Five Comics Raided The,that-one-time-five-comics-raided-the-criterion,beastie-boys-video-anthology,Beastie Boys: Video Anthology,2000,10
That One Time Five Comics Raided The,that-one-time-five-comics-raided-the-criterion,sunday-bloody-sunday,Sunday Bloody Sunday,1971,11
That One Time Five Comics Raided The,that-one-time-five-comics-raided-the-criterion,some-like-it-hot,Some Like It Hot,1959,12
That One Time Five Comics Raided The,that-one-time-five-comics-raided-the-criterion,rosemarys-baby,Rosemary's Baby,1968,13
That One Time Five Comics Raided The,that-one-time-five-comics-raided-the-criterion,night-of-the-living-dead,Night of the Living Dead,1968,14
That One Time Five Comics Raided The,that-one-time-five-comics-raided-the-criterion,pans-labyrinth,Pan's Labyrinth,2006,15
That One Time Five Comics Raided The,that-one-time-five-comics-raided-the-criterion,crumb,Crumb,1994,16
That One Time Five Comics Raided The,that-one-time-five-comics-raided-the-criterion,true-stories,True Stories,1986,17
That One Time Five Comics Raided The,that-one-time-five-comics-raided-the-criterion,24-frames,24 Frames,2017,18
That One Time Five Comics Raided The,that-one-time-five-comics-raided-the-criterion,made-in-usa,Made in U.S.A,1966,19
That One Time Five Comics Raided The,that-one-time-five-comics-raided-the-criterion,man-bites-dog,Man Bites Dog,1992,20
That One Time Five Comics Raided The,that-one-time-five-comics-raided-the-criterion,sex-lies-and-videotape,"sex, lies, and videotape",1989,21
That One Time Five Comics Raided The,that-one-time-five-comics-raided-the-criterion,ikiru,Ikiru,1952,22
That One Time Five Comics Raided The,that-one-time-five-comics-raided-the-criterion,the-big-chill,The Big Chill,1983,23
That One Time Five Comics Raided The,that-one-time-five-comics-raided-the-criterion,shampoo,Shampoo,1975,24
That One Time Five Comics Raided The,that-one-time-five-comics-raided-the-criterion,la-jetee,La Jetée,1962,25
That One Time Five Comics Raided The,that-one-time-five-comics-raided-the-criterion,sans-soleil,Sans Soleil,1983,26
That One Time Five Comics Raided The,that-one-time-five-comics-raided-the-criterion,personal-shopper,Personal Shopper,2016,27
That One Time Five Comics Raided The,that-one-time-five-comics-raided-the-criterion,smithereens,Smithereens,1982,28
Edgar Wright's Second,edgar-wrights-second-criterion-closet-picks,black-narcissus,Black Narcissus,1947,1
Edgar Wright's Second,edgar-wrights-second-criterion-closet-picks,something-wild,Something Wild,1986,2
Edgar Wright's Second,edgar-wrights-second-criterion-closet-picks,a-hard-days-night,A Hard Day's Night,1964,3
Edgar Wright's Second,edgar-wrights-second-criterion-closet-picks,the-three-musketeers-1973,The Three Musketeers,1973,4
Edgar Wright's Second,edgar-wrights-second-criterion-closet-picks,the-four-musketeers,The Four Musketeers,1974,5
Edgar Wright's Second,edgar-wrights-second-criterion-closet-picks,head,Head,1968,6
Edgar Wright's Second,edgar-wrights-second-criterion-closet-picks,easy-rider,Easy Rider,1969,7
Edgar Wright's Second,edgar-wrights-second-criterion-closet-picks,five-easy-pieces,Five Easy Pieces,1970,8
Edgar Wright's Second,edgar-wrights-second-criterion-closet-picks,drive-he-said,"Drive, He Said",1971,9
Edgar Wright's Second,edgar-wrights-second-criterion-closet-picks,a-safe-place,A Safe Place,1971,10
Edgar Wright's Second,edgar-wrights-second-criterion-closet-picks,the-last-picture-show,The Last Picture Show,1971,11
Edgar Wright's Second,edgar-wrights-second-criterion-closet-picks,the-king-of-marvin-gardens,The King of Marvin Gardens,1972,12
Edgar Wright's Second,edgar-wrights-second-criterion-closet-picks,the-earrings-of-madame-de,The Earrings of Madame de...,1953,13
Edgar Wright's Second,edgar-wrights-second-criterion-closet-picks,police-story,Police Story,1985,14
Edgar Wright's Second,edgar-wrights-second-criterion-closet-picks,police-story-2,Police Story 2,1988,15
Moses Bwayo & Christopher Sharp,moses-bwayo-christopher-sharps-criterion,bobi-wine-the-peoples-president,Bobi Wine: The People's President,2022,1
Moses Bwayo & Christopher Sharp,moses-bwayo-christopher-sharps-criterion,mandabi,Mandabi,1968,2
Moses Bwayo & Christopher Sharp,moses-bwayo-christopher-sharps-criterion,rashomon,Rashomon,1950,3
Moses Bwayo & Christopher Sharp,moses-bwayo-christopher-sharps-criterion,no-regrets-for-our-youth,No Regrets for Our Youth,1946,4
Moses Bwayo & Christopher Sharp,moses-bwayo-christopher-sharps-criterion,one-wonderful-sunday,One Wonderful Sunday,1947,5
Moses Bwayo & Christopher Sharp,moses-bwayo-christopher-sharps-criterion,scandal,Scandal,1950,6
Moses Bwayo & Christopher Sharp,moses-bwayo-christopher-sharps-criterion,the-idiot,The Idiot,1951,7
Moses Bwayo & Christopher Sharp,moses-bwayo-christopher-sharps-criterion,i-live-in-fear,I Live in Fear,1955,8
Moses Bwayo & Christopher Sharp,moses-bwayo-christopher-sharps-criterion,roma-2018,Roma,2018,9
Moses Bwayo & Christopher Sharp,moses-bwayo-christopher-sharps-criterion,dont-look-back-1967,Dont Look Back,1967,10
Agnès Varda,agnes-vardas-criterion-closet-picks,an-angel-at-my-table,An Angel at My Table,1990,1
Agnès Varda,agnes-vardas-criterion-closet-picks,sweetie,Sweetie,1989,2
Agnès Varda,agnes-vardas-criterion-closet-picks,taste-of-cherry,Taste of Cherry,1997,3
Agnès Varda,agnes-vardas-criterion-closet-picks,la-promesse,La Promesse,1996,4
Agnès Varda,agnes-vardas-criterion-closet-picks,band-of-outsiders,Band of Outsiders,1964,5
Agnès Varda,agnes-vardas-criterion-closet-picks,tiny-furniture,Tiny Furniture,2010,6
Agnès Varda,agnes-vardas-criterion-closet-picks,the-marriage-of-maria-braun,The Marriage of Maria Braun,1979,7
Michelle Zauner,michelle-zauners-criterion-closet-picks,variety-lights,Variety Lights,1950,1
Michelle Zauner,michelle-zauners-criterion-closet-picks,the-white-sheik,The White Sheik,1952,2
Michelle Zauner,michelle-zauners-criterion-closet-picks,i-vitelloni,I Vitelloni,1953,3
Michelle Zauner,michelle-zauners-criterion-closet-picks,la-strada,La Strada,1954,4
Michelle Zauner,michelle-zauners-criterion-closet-picks,the-swindle-1955,The Swindle,1955,5
Michelle Zauner,michelle-zauners-criterion-closet-picks,nights-of-cabiria,Nights of Cabiria,1957,6
Michelle Zauner,michelle-zauners-criterion-closet-picks,la-dolce-vita,La Dolce Vita,1960,7
Michelle Zauner,michelle-zauners-criterion-closet-picks,8-half,8½,1963,8
Michelle Zauner,michelle-zauners-criterion-closet-picks,juliet-of-the-spirits,Juliet of the Spirits,1965,9
Michelle Zauner,michelle-zauners-criterion-closet-picks,satyricon-1969,Satyricon,1969,10
Michelle Zauner,michelle-zauners-criterion-closet-picks,roma,Roma,1972,11
Michelle Zauner,michelle-zauners-criterion-closet-picks,amarcord,Amarcord,1973,12
Michelle Zauner,michelle-zauners-criterion-closet-picks,and-the-ship-sails-on,And the Ship Sails On,1983,13
Michelle Zauner,michelle-zauners-criterion-closet-picks,intervista,Intervista,1987,14
Michelle Zauner,michelle-zauners-criterion-closet-picks,a-brighter-summer-day,A Brighter Summer Day,1991,15
Michelle Zauner,michelle-zauners-criterion-closet-picks,still-walking,Still Walking,2008,16
Michelle Zauner,michelle-zauners-criterion-closet-picks,touki-bouki,Touki Bouki,1973,17
Michelle Zauner,michelle-zauners-criterion-closet-picks,the-wave-1936,The Wave,1936,18
Michelle Zauner,michelle-zauners-criterion-closet-picks,a-river-called-titas,A River Called Titas,1973,19
Michelle Zauner,michelle-zauners-criterion-closet-picks,dry-summer,Dry Summer,1963,20
Michelle Zauner,michelle-zauners-criterion-closet-picks,trances,Trances,1981,21
Michelle Zauner,michelle-zauners-criterion-closet-picks,the-housemaid,The Housemaid,1960,22
Michelle Zauner,michelle-zauners-criterion-closet-picks,the-spirit-of-the-beehive,The Spirit of the Beehive,1973,23
Lucy Liu,lucy-lius-criterion-closet-picks,half-a-loaf-of-kung-fu,Half a Loaf of Kung Fu,1978,1
Lucy Liu,lucy-lius-criterion-closet-picks,spiritual-kung-fu,Spiritual Kung Fu,1978,2
Lucy Liu,lucy-lius-criterion-closet-picks,fearless-hyena,Fearless Hyena,1979,3
Lucy Liu,lucy-lius-criterion-closet-picks,fearless-hyena-2,Fearless Hyena 2,1983,4
Lucy Liu,lucy-lius-criterion-closet-picks,the-young-master,The Young Master,1980,5
Lucy Liu,lucy-lius-criterion-closet-picks,my-lucky-stars,My Lucky Stars,1985,6
Lucy Liu,lucy-lius-criterion-closet-picks,roma-2018,Roma,2018,7
Lucy Liu,lucy-lius-criterion-closet-picks,the-big-boss,The Big Boss,1971,8
Lucy Liu,lucy-lius-criterion-closet-picks,fist-of-fury,Fist of Fury,1972,9
Lucy Liu,lucy-lius-criterion-closet-picks,the-way-of-the-dragon,The Way of the Dragon,1972,10
Lucy Liu,lucy-lius-criterion-closet-picks,enter-the-dragon,Enter the Dragon,1973,11
Lucy Liu,lucy-lius-criterion-closet-picks,game-of-death,Game of Death,1978,12
Lucy Liu,lucy-lius-criterion-closet-picks,on-the-waterfront,On the Waterfront,1954,13
Lucy Liu,lucy-lius-criterion-closet-picks,the-grifters,The Grifters,1990,14
Lucy Liu,lucy-lius-criterion-closet-picks,in-the-mood-for-love,In the Mood for Love,2000,15
Shinichiro Watanabe,shinichiro-watanabes-criterion-closet-picks,the-killing-of-a-chinese-bookie,The Killing of a Chinese Bookie,1976,1
Shinichiro Watanabe,shinichiro-watanabes-criterion-closet-picks,branded-to-kill,Branded to Kill,1967,2
Shinichiro Watanabe,shinichiro-watanabes-criterion-closet-picks,m,M,1931,3
Shinichiro Watanabe,shinichiro-watanabes-criterion-closet-picks,jour-de-fete,Jour de Fête,1949,4
Shinichiro Watanabe,shinichiro-watanabes-criterion-closet-picks,monsieur-hulots-holiday,Monsieur Hulot's Holiday,1953,5
Shinichiro Watanabe,shinichiro-watanabes-criterion-closet-picks,mon-oncle,Mon Oncle,1958,6
Shinichiro Watanabe,shinichiro-watanabes-criterion-closet-picks,playtime,PlayTime,1967,7
Shinichiro Watanabe,shinichiro-watanabes-criterion-closet-picks,trafic,Trafic,1971,8
Shinichiro Watanabe,shinichiro-watanabes-criterion-closet-picks,parade,Parade,1974,9
Shinichiro Watanabe,shinichiro-watanabes-criterion-closet-picks,the-big-boss,The Big Boss,1971,10
Shinichiro Watanabe,shinichiro-watanabes-criterion-closet-picks,fist-of-fury,Fist of Fury,1972,11
Shinichiro Watanabe,shinichiro-watanabes-criterion-closet-picks,the-way-of-the-dragon,The Way of the Dragon,1972,12
Shinichiro Watanabe,shinichiro-watanabes-criterion-closet-picks,enter-the-dragon,Enter the Dragon,1973,13
Shinichiro Watanabe,shinichiro-watanabes-criterion-closet-picks,game-of-death,Game of Death,1978,14
Bill Hader,bill-haders-criterion-closet-picks,amarcord,Amarcord,1973,1
Bill Hader,bill-haders-criterion-closet-picks,house,House,1977,2
Bill Hader,bill-haders-criterion-closet-picks,salo-or-the-120-days-of-sodom,"Salò, or the 120 Days of Sodom",1975,3
Bill Hader,bill-haders-criterion-closet-picks,green-for-danger,Green for Danger,1946,4
Bill Hader,bill-haders-criterion-closet-picks,loves-of-a-blonde,Loves of a Blonde,1965,5
Bill Hader,bill-haders-criterion-closet-picks,antichrist,Antichrist,2009,6
Sally Potter,sally-potters-criterion-closet-picks,pather-panchali,Pather Panchali,1955,1
Sally Potter,sally-potters-criterion-closet-picks,aparajito,Aparajito,1956,2
Sally Potter,sally-potters-criterion-closet-picks,apur-sansar,Apur Sansar,1959,3
Sally Potter,sally-potters-criterion-closet-picks,come-and-see,Come and See,1985,4
Sally Potter,sally-potters-criterion-closet-picks,a-matter-of-life-and-death,A Matter of Life and Death,1946,5
Sally Potter,sally-potters-criterion-closet-picks,dance-girl-dance,"Dance, Girl, Dance",1940,6
Sally Potter,sally-potters-criterion-closet-picks,fish-tank,Fish Tank,2009,7
Sally Potter,sally-potters-criterion-closet-picks,la-strada,La Strada,1954,8
"Alessandro Borghi, Felix van Groeningen, and Charlotte Vandermeersch",alessandro-borghi-felix-van-groeningen-and,the-eight-mountains,The Eight Mountains,2022,1
"Alessandro Borghi, Felix van Groeningen, and Charlotte Vandermeersch",alessandro-borghi-felix-van-groeningen-and,the-piano,The Piano,1993,2
"Alessandro Borghi, Felix van Groeningen, and Charlotte Vandermeersch",alessandro-borghi-felix-van-groeningen-and,the-fisher-king,The Fisher King,1991,3
"Alessandro Borghi, Felix van Groeningen, and Charlotte Vandermeersch",alessandro-borghi-felix-van-groeningen-and,naked,Naked,1993,4
"Alessandro Borghi, Felix van Groeningen, and Charlotte Vandermeersch",alessandro-borghi-felix-van-groeningen-and,morocco,Morocco,1930,5
"Alessandro Borghi, Felix van Groeningen, and Charlotte Vandermeersch",alessandro-borghi-felix-van-groeningen-and,dishonored,Dishonored,1931,6
"Alessandro Borghi, Felix van Groeningen, and Charlotte Vandermeersch",alessandro-borghi-felix-van-groeningen-and,shanghai-express,Shanghai Express,1932,7
"Alessandro Borghi, Felix van Groeningen, and Charlotte Vandermeersch",alessandro-borghi-felix-van-groeningen-and,blonde-venus,Blonde Venus,1932,8
"Alessandro Borghi, Felix van Groeningen, and Charlotte Vandermeersch",alessandro-borghi-felix-van-groeningen-and,the-scarlet-empress,The Scarlet Empress,1934,9
"Alessandro Borghi, Felix van Groeningen, and Charlotte Vandermeersch",alessandro-borghi-felix-van-groeningen-and,the-devil-is-a-woman,The Devil Is a Woman,1935,10
"Alessandro Borghi, Felix van Groeningen, and Charlotte Vandermeersch",alessandro-borghi-felix-van-groeningen-and,as-tears-go-by,As Tears Go By,1988,11
"Alessandro Borghi, Felix van Groeningen, and Charlotte Vandermeersch",alessandro-borghi-felix-van-groeningen-and,ah-fei-jing-juen,Days of Being Wild,1990,12
"Alessandro Borghi, Felix van Groeningen, and Charlotte Vandermeersch",alessandro-borghi-felix-van-groeningen-and,chungking-express,Chungking Express,1994,13
"Alessandro Borghi, Felix van Groeningen, and Charlotte Vandermeersch",alessandro-borghi-felix-van-groeningen-and,fallen-angels,Fallen Angels,1995,14
"Alessandro Borghi, Felix van Groeningen, and Charlotte Vandermeersch",alessandro-borghi-felix-van-groeningen-and,happy-together-1997,Happy Together,1997,15
"Alessandro Borghi, Felix van Groeningen, and Charlotte Vandermeersch",alessandro-borghi-felix-van-groeningen-and,in-the-mood-for-love,In the Mood for Love,2000,16
"Alessandro Borghi, Felix van Groeningen, and Charlotte Vandermeersch",alessandro-borghi-felix-van-groeningen-and,2046,2046,2004,17
"Alessandro Borghi, Felix van Groeningen, and Charlotte Vandermeersch",alessandro-borghi-felix-van-groeningen-and,y-tu-mama-tambien,Y Tu Mamá También,2001,18
John Early and Theda Hammel,john-early-and-theda-hammels-criterion-closet,stress-positions,Stress Positions,2024,1
John Early and Theda Hammel,john-early-and-theda-hammels-criterion-closet,shaft,Shaft,1971,2
John Early and Theda Hammel,john-early-and-theda-hammels-criterion-closet,summertime,Summertime,1955,3
John Early and Theda Hammel,john-early-and-theda-hammels-criterion-closet,the-damned,The Damned,1969,4
John Early and Theda Hammel,john-early-and-theda-hammels-criterion-closet,grays-anatomy,Gray's Anatomy,1996,5
John Early and Theda Hammel,john-early-and-theda-hammels-criterion-closet,accattone,Accattone,1961,6
John Early and Theda Hammel,john-early-and-theda-hammels-criterion-closet,mamma-roma,Mamma Roma,1962,7
John Early and Theda Hammel,john-early-and-theda-hammels-criterion-closet,love-meetings,Love Meetings,1964,8
John Early and Theda Hammel,john-early-and-theda-hammels-criterion-closet,the-gospel-according-to-st-matthew,The Gospel According to St. Matthew,1964,9
John Early and Theda Hammel,john-early-and-theda-hammels-criterion-closet,the-hawks-and-the-sparrows,The Hawks and the Sparrows,1966,10
John Early and Theda Hammel,john-early-and-theda-hammels-criterion-closet,oedipus-rex,Oedipus Rex,1967,11
John Early and Theda Hammel,john-early-and-theda-hammels-criterion-closet,theorem,Theorem,1968,12
John Early and Theda Hammel,john-early-and-theda-hammels-criterion-closet,pigsty,Pigsty,1969,13
John Early and Theda Hammel,john-early-and-theda-hammels-criterion-closet,medea,Medea,1969,14
Mackenzie Davis,mackenzie-davis-criterion-closet-picks,accattone,Accattone,1961,1
Mackenzie Davis,mackenzie-davis-criterion-closet-picks,mamma-roma,Mamma Roma,1962,2
Mackenzie Davis,mackenzie-davis-criterion-closet-picks,love-meetings,Love Meetings,1964,3
Mackenzie Davis,mackenzie-davis-criterion-closet-picks,the-gospel-according-to-st-matthew,The Gospel According to St. Matthew,1964,4
Mackenzie Davis,mackenzie-davis-criterion-closet-picks,the-hawks-and-the-sparrows,The Hawks and the Sparrows,1966,5
Mackenzie Davis,mackenzie-davis-criterion-closet-picks,oedipus-rex,Oedipus Rex,1967,6
Mackenzie Davis,mackenzie-davis-criterion-closet-picks,theorem,Theorem,1968,7
Mackenzie Davis,mackenzie-davis-criterion-closet-picks,pigsty,Pigsty,1969,8
Mackenzie Davis,mackenzie-davis-criterion-closet-picks,medea,Medea,1969,9
Mackenzie Davis,mackenzie-davis-criterion-closet-picks,la-ceremonie,La Cérémonie,1995,10
Mackenzie Davis,mackenzie-davis-criterion-closet-picks,happiness,Happiness,1998,11
Mackenzie Davis,mackenzie-davis-criterion-closet-picks,inland-empire,Inland Empire,2006,12
Payal Kapadia,payal-kapadias-criterion-closet-picks,all-we-imagine-as-light,All We Imagine as Light,2024,1
Payal Kapadia,payal-kapadias-criterion-closet-picks,sans-soleil,Sans Soleil,1983,2
Payal Kapadia,payal-kapadias-criterion-closet-picks,arabian-nights-1974,Arabian Nights,1974,3
Payal Kapadia,payal-kapadias-criterion-closet-picks,leningrad-cowboys-go-america,Leningrad Cowboys Go America,1989,4
Payal Kapadia,payal-kapadias-criterion-closet-picks,phantom-india,Phantom India,1969,5
Payal Kapadia,payal-kapadias-criterion-closet-picks,loves-of-a-blonde,Loves of a Blonde,1965,6
Payal Kapadia,payal-kapadias-criterion-closet-picks,la-jetee,La Jetée,1962,7
Payal Kapadia,payal-kapadias-criterion-closet-picks,charulata,Charulata,1964,8
Payal Kapadia,payal-kapadias-criterion-closet-picks,the-decameron,The Decameron,1971,9
Payal Kapadia,payal-kapadias-criterion-closet-picks,the-canterbury-tales,The Canterbury Tales,1972,10
Payal Kapadia,payal-kapadias-criterion-closet-picks,leningrad-cowboys-meet-moses,Leningrad Cowboys Meet Moses,1994,11
Payal Kapadia,payal-kapadias-criterion-closet-picks,total-balalaika-show,Total Balalaika Show,1994,12
Payal Kapadia,payal-kapadias-criterion-closet-picks,vive-le-tour,Vive Le Tour,1962,13
Payal Kapadia,payal-kapadias-criterion-closet-picks,a-human-condition,A Human Condition,1974,14
Payal Kapadia,payal-kapadias-criterion-closet-picks,place-de-la-republique,Place de la République,1974,15
Payal Kapadia,payal-kapadias-criterion-closet-picks,calcutta-1969,Calcutta,1969,16
Payal Kapadia,payal-kapadias-criterion-closet-picks,gods-country-1985,God's Country,1985,17
Payal Kapadia,payal-kapadias-criterion-closet-picks,and-the-pursuit-of-happiness,… And the Pursuit of Happiness,1986,18
Payal Kapadia,payal-kapadias-criterion-closet-picks,paris-is-burning,Paris Is Burning,1990,19
Payal Kapadia,payal-kapadias-criterion-closet-picks,insiang,Insiang,1976,20
Payal Kapadia,payal-kapadias-criterion-closet-picks,mysterious-object-at-noon,Mysterious Object at Noon,2000,21
Payal Kapadia,payal-kapadias-criterion-closet-picks,revenge-1990,Revenge,1990,22
Payal Kapadia,payal-kapadias-criterion-closet-picks,limite,Limite,1931,23
Payal Kapadia,payal-kapadias-criterion-closet-picks,law-of-the-border,Law of the Border,1966,24
Payal Kapadia,payal-kapadias-criterion-closet-picks,taipei-story,Taipei Story,1985,25
Payal Kapadia,payal-kapadias-criterion-closet-picks,varda-by-agnes,Varda by Agnès,2019,26
Payal Kapadia,payal-kapadias-criterion-closet-picks,la-pointe-courte,La Pointe Courte,1955,27
Payal Kapadia,payal-kapadias-criterion-closet-picks,cleo-from-5-to-7,Cléo from 5 to 7,1962,28
Payal Kapadia,payal-kapadias-criterion-closet-picks,daguerreotypes,Daguerréotypes,1975,29
Payal Kapadia,payal-kapadias-criterion-closet-picks,happiness-1965,Le Bonheur,1965,30
Payal Kapadia,payal-kapadias-criterion-closet-picks,the-creatures,The Creatures,1966,31
Payal Kapadia,payal-kapadias-criterion-closet-picks,uncle-yanco,Uncle Yanco,1967,32
Payal Kapadia,payal-kapadias-criterion-closet-picks,black-panthers,Black Panthers,1968,33
Payal Kapadia,payal-kapadias-criterion-closet-picks,lions-love,Lions Love,1969,34
Payal Kapadia,payal-kapadias-criterion-closet-picks,mur-murs,Mur Murs,1981,35
Payal Kapadia,payal-kapadias-criterion-closet-picks,documenteur,Documenteur,1981,36
Payal Kapadia,payal-kapadias-criterion-closet-picks,one-sings-the-other-doesnt,"One Sings, the Other Doesn't",1977,37
Payal Kapadia,payal-kapadias-criterion-closet-picks,vagabond,Vagabond,1985,38
Payal Kapadia,payal-kapadias-criterion-closet-picks,jane-b-by-agnes-v,Jane B. by Agnès V.,1988,39
Payal Kapadia,payal-kapadias-criterion-closet-picks,kung-fu-master,Kung-Fu Master!,1988,40
Payal Kapadia,payal-kapadias-criterion-closet-picks,jacquot-de-nantes,Jacquot de Nantes,1991,41
Payal Kapadia,payal-kapadias-criterion-closet-picks,one-hundred-and-one-nights,One Hundred and One Nights,1995,42
Payal Kapadia,payal-kapadias-criterion-closet-picks,the-gleaners-and-i,The Gleaners and I,2000,43
Payal Kapadia,payal-kapadias-criterion-closet-picks,the-gleaners-and-i-two-years-later,The Gleaners and I: Two Years Later,2002,44
Payal Kapadia,payal-kapadias-criterion-closet-picks,faces-places,Faces Places,2017,45
Payal Kapadia,payal-kapadias-criterion-closet-picks,agnes-varda-from-here-to-there,Agnès Varda: From Here to There,2011,46
Payal Kapadia,payal-kapadias-criterion-closet-picks,the-beaches-of-agnes,The Beaches of Agnès,2008,47
Zelda Williams,zelda-williams-criterion-closet-picks,lisa-frankenstein,Lisa Frankenstein,2024,1
Zelda Williams,zelda-williams-criterion-closet-picks,the-adventures-of-baron-munchausen,The Adventures of Baron Munchausen,1988,2
Zelda Williams,zelda-williams-criterion-closet-picks,house,House,1977,3
Zelda Williams,zelda-williams-criterion-closet-picks,the-cameraman,The Cameraman,1928,4
Zelda Williams,zelda-williams-criterion-closet-picks,the-x-from-outer-space,The X from Outer Space,1967,5
Zelda Williams,zelda-williams-criterion-closet-picks,goke-body-snatcher-from-hell,"Goké, Body Snatcher from Hell",1968,6
Zelda Williams,zelda-williams-criterion-closet-picks,living-skeleton,Living Skeleton,1968,7
Zelda Williams,zelda-williams-criterion-closet-picks,genocide-1968,Genocide,1968,8
Jacques Audiard,jacques-audiards-criterion-closet-picks,emilia-perez,Emilia Pérez,2024,1
Jacques Audiard,jacques-audiards-criterion-closet-picks,fury,Fury,1936,2
Jacques Audiard,jacques-audiards-criterion-closet-picks,la-ronde,La Ronde,1950,3
Jacques Audiard,jacques-audiards-criterion-closet-picks,m,M,1931,4
Jacques Audiard,jacques-audiards-criterion-closet-picks,notorious,Notorious,1946,5
Jacques Audiard,jacques-audiards-criterion-closet-picks,lavventura,L'Avventura,1960,6
Jacques Audiard,jacques-audiards-criterion-closet-picks,mirror,Mirror,1975,7
Jacques Audiard,jacques-audiards-criterion-closet-picks,short-cuts,Short Cuts,1993,8
Jacques Audiard,jacques-audiards-criterion-closet-picks,variety-lights,Variety Lights,1950,9
Jacques Audiard,jacques-audiards-criterion-closet-picks,the-white-sheik,The White Sheik,1952,10
Jacques Audiard,jacques-audiards-criterion-closet-picks,i-vitelloni,I Vitelloni,1953,11
Jacques Audiard,jacques-audiards-criterion-closet-picks,la-strada,La Strada,1954,12
Jacques Audiard,jacques-audiards-criterion-closet-picks,the-swindle-1955,The Swindle,1955,13
Jacques Audiard,jacques-audiards-criterion-closet-picks,nights-of-cabiria,Nights of Cabiria,1957,14
Jacques Audiard,jacques-audiards-criterion-closet-picks,la-dolce-vita,La Dolce Vita,1960,15
Jacques Audiard,jacques-audiards-criterion-closet-picks,8-half,8½,1963,16
Jacques Audiard,jacques-audiards-criterion-closet-picks,juliet-of-the-spirits,Juliet of the Spirits,1965,17
Jacques Audiard,jacques-audiards-criterion-closet-picks,satyricon-1969,Satyricon,1969,18
Jacques Audiard,jacques-audiards-criterion-closet-picks,roma,Roma,1972,19
Jacques Audiard,jacques-audiards-criterion-closet-picks,amarcord,Amarcord,1973,20
Jacques Audiard,jacques-audiards-criterion-closet-picks,and-the-ship-sails-on,And the Ship Sails On,1983,21
Jacques Audiard,jacques-audiards-criterion-closet-picks,intervista,Intervista,1987,22
Jacques Audiard,jacques-audiards-criterion-closet-picks,the-big-risk,The Big Risk,1960,23
Jacques Audiard,jacques-audiards-criterion-closet-picks,vampyr,Vampyr,1932,24
Callum Turner,callum-turners-criterion-closet-picks,varda-by-agnes,Varda by Agnès,2019,1
Callum Turner,callum-turners-criterion-closet-picks,la-pointe-courte,La Pointe Courte,1955,2
Callum Turner,callum-turners-criterion-closet-picks,cleo-from-5-to-7,Cléo from 5 to 7,1962,3
Callum Turner,callum-turners-criterion-closet-picks,daguerreotypes,Daguerréotypes,1975,4
Callum Turner,callum-turners-criterion-closet-picks,happiness-1965,Le Bonheur,1965,5
Callum Turner,callum-turners-criterion-closet-picks,the-creatures,The Creatures,1966,6
Callum Turner,callum-turners-criterion-closet-picks,uncle-yanco,Uncle Yanco,1967,7
Callum Turner,callum-turners-criterion-closet-picks,black-panthers,Black Panthers,1968,8
Callum Turner,callum-turners-criterion-closet-picks,lions-love,Lions Love,1969,9
Callum Turner,callum-turners-criterion-closet-picks,mur-murs,Mur Murs,1981,10
Callum Turner,callum-turners-criterion-closet-picks,documenteur,Documenteur,1981,11
Callum Turner,callum-turners-criterion-closet-picks,one-sings-the-other-doesnt,"One Sings, the Other Doesn't",1977,12
Callum Turner,callum-turners-criterion-closet-picks,vagabond,Vagabond,1985,13
Callum Turner,callum-turners-criterion-closet-picks,jane-b-by-agnes-v,Jane B. by Agnès V.,1988,14
Callum Turner,callum-turners-criterion-closet-picks,kung-fu-master,Kung-Fu Master!,1988,15
Callum Turner,callum-turners-criterion-closet-picks,jacquot-de-nantes,Jacquot de Nantes,1991,16
Callum Turner,callum-turners-criterion-closet-picks,one-hundred-and-one-nights,One Hundred and One Nights,1995,17
Callum Turner,callum-turners-criterion-closet-picks,the-gleaners-and-i,The Gleaners and I,2000,18
Callum Turner,callum-turners-criterion-closet-picks,the-gleaners-and-i-two-years-later,The Gleaners and I: Two Years Later,2002,19
Callum Turner,callum-turners-criterion-closet-picks,faces-places,Faces Places,2017,20
Callum Turner,callum-turners-criterion-closet-picks,agnes-varda-from-here-to-there,Agnès Varda: From Here to There,2011,21
Callum Turner,callum-turners-criterion-closet-picks,the-beaches-of-agnes,The Beaches of Agnès,2008,22
Callum Turner,callum-turners-criterion-closet-picks,au-hasard-balthazar,Au Hasard Balthazar,1966,23
Callum Turner,callum-turners-criterion-closet-picks,five-easy-pieces,Five Easy Pieces,1970,24
Callum Turner,callum-turners-criterion-closet-picks,mean-streets,Mean Streets,1973,25
Callum Turner,callum-turners-criterion-closet-picks,the-kid-with-a-bike,The Kid with a Bike,2011,26
Callum Turner,callum-turners-criterion-closet-picks,the-cranes-are-flying,The Cranes Are Flying,1957,27
Callum Turner,callum-turners-criterion-closet-picks,the-ascent,The Ascent,1977,28
Callum Turner,callum-turners-criterion-closet-picks,come-and-see,Come and See,1985,29
Callum Turner,callum-turners-criterion-closet-picks,naked,Naked,1993,30
Callum Turner,callum-turners-criterion-closet-picks,the-leopard,The Leopard,1963,31
Callum Turner,callum-turners-criterion-closet-picks,la-strada,La Strada,1954,32
Callum Turner,callum-turners-criterion-closet-picks,nothing-but-a-man,Nothing But a Man,1964,33
Callum Turner,callum-turners-criterion-closet-picks,cold-war-2018,Cold War,2018,34
Callum Turner,callum-turners-criterion-closet-picks,la-haine,La Haine,1995,35
Gael García Bernal,gael-garcia-bernals-criterion-closet-picks,y-tu-mama-tambien,Y Tu Mamá También,2001,1
Gael García Bernal,gael-garcia-bernals-criterion-closet-picks,amores-perros,Amores Perros,2000,2
Gael García Bernal,gael-garcia-bernals-criterion-closet-picks,blow-up,Blow-Up,1966,3
Gael García Bernal,gael-garcia-bernals-criterion-closet-picks,purple-noon,Purple Noon,1960,4
Gael García Bernal,gael-garcia-bernals-criterion-closet-picks,memories-of-underdevelopment,Memories of Underdevelopment,1968,5
Gael García Bernal,gael-garcia-bernals-criterion-closet-picks,the-discreet-charm-of-the-bourgeoisie,The Discreet Charm of the Bourgeoisie,1972,6
Gael García Bernal,gael-garcia-bernals-criterion-closet-picks,the-phantom-of-liberty,The Phantom of Liberty,1974,7
Gael García Bernal,gael-garcia-bernals-criterion-closet-picks,that-obscure-object-of-desire,That Obscure Object of Desire,1977,8
Sam and Reed Harkness & Jason Reid,sam-and-reed-harkness-jason-reids-criterion,sam-now,Sam Now,2022,1
Sam and Reed Harkness & Jason Reid,sam-and-reed-harkness-jason-reids-criterion,dreams,Dreams,1990,2
Sam and Reed Harkness & Jason Reid,sam-and-reed-harkness-jason-reids-criterion,the-cranes-are-flying,The Cranes Are Flying,1957,3
Sam and Reed Harkness & Jason Reid,sam-and-reed-harkness-jason-reids-criterion,metropolitan,Metropolitan,1990,4
Sam and Reed Harkness & Jason Reid,sam-and-reed-harkness-jason-reids-criterion,the-last-days-of-disco,The Last Days of Disco,1998,5
Sam and Reed Harkness & Jason Reid,sam-and-reed-harkness-jason-reids-criterion,barcelona,Barcelona,1994,6
Sam and Reed Harkness & Jason Reid,sam-and-reed-harkness-jason-reids-criterion,the-war-room,The War Room,1993,7
Sam and Reed Harkness & Jason Reid,sam-and-reed-harkness-jason-reids-criterion,streetwise,Streetwise,1984,8
Sam and Reed Harkness & Jason Reid,sam-and-reed-harkness-jason-reids-criterion,always-for-pleasure,Always for Pleasure,1978,9
Sam and Reed Harkness & Jason Reid,sam-and-reed-harkness-jason-reids-criterion,shadows-1958,Shadows,1958,10
Sam and Reed Harkness & Jason Reid,sam-and-reed-harkness-jason-reids-criterion,faces-1968,Faces,1968,11
Sam and Reed Harkness & Jason Reid,sam-and-reed-harkness-jason-reids-criterion,a-woman-under-the-influence,A Woman Under the Influence,1974,12
Sam and Reed Harkness & Jason Reid,sam-and-reed-harkness-jason-reids-criterion,the-killing-of-a-chinese-bookie,The Killing of a Chinese Bookie,1976,13
Sam and Reed Harkness & Jason Reid,sam-and-reed-harkness-jason-reids-criterion,opening-night,Opening Night,1977,14
Sam and Reed Harkness & Jason Reid,sam-and-reed-harkness-jason-reids-criterion,a-constant-forge,A Constant Forge,2000,15
Sam and Reed Harkness & Jason Reid,sam-and-reed-harkness-jason-reids-criterion,election,Election,1999,16
Sam and Reed Harkness & Jason Reid,sam-and-reed-harkness-jason-reids-criterion,being-there,Being There,1979,17
Gina Prince-Bythewood,gina-prince-bythewoods-criterion-closet-picks,the-woman-king,The Woman King,2022,1
Gina Prince-Bythewood,gina-prince-bythewoods-criterion-closet-picks,love-basketball,Love & Basketball,2000,2
Gina Prince-Bythewood,gina-prince-bythewoods-criterion-closet-picks,black-orpheus,Black Orpheus,1959,3
Gina Prince-Bythewood,gina-prince-bythewoods-criterion-closet-picks,in-the-mood-for-love,In the Mood for Love,2000,4
Gina Prince-Bythewood,gina-prince-bythewoods-criterion-closet-picks,broadcast-news,Broadcast News,1987,5
Gina Prince-Bythewood,gina-prince-bythewoods-criterion-closet-picks,a-dry-white-season,A Dry White Season,1989,6
Gina Prince-Bythewood,gina-prince-bythewoods-criterion-closet-picks,ratcatcher,Ratcatcher,1999,7
Gina Prince-Bythewood,gina-prince-bythewoods-criterion-closet-picks,fish-tank,Fish Tank,2009,8
Gina Prince-Bythewood,gina-prince-bythewoods-criterion-closet-picks,devil-in-a-blue-dress,Devil in a Blue Dress,1995,9
Gina Prince-Bythewood,gina-prince-bythewoods-criterion-closet-picks,claudine,Claudine,1974,10
Gina Prince-Bythewood,gina-prince-bythewoods-criterion-closet-picks,fear-and-loathing-in-las-vegas,Fear and Loathing in Las Vegas,1998,11
Gina Prince-Bythewood,gina-prince-bythewoods-criterion-closet-picks,an-actors-revenge,An Actor's Revenge,1963,12
Gina Prince-Bythewood,gina-prince-bythewoods-criterion-closet-picks,shadows-1958,Shadows,1958,13
Gina Prince-Bythewood,gina-prince-bythewoods-criterion-closet-picks,faces-1968,Faces,1968,14
Gina Prince-Bythewood,gina-prince-bythewoods-criterion-closet-picks,a-woman-under-the-influence,A Woman Under the Influence,1974,15
Gina Prince-Bythewood,gina-prince-bythewoods-criterion-closet-picks,the-killing-of-a-chinese-bookie,The Killing of a Chinese Bookie,1976,16
Gina Prince-Bythewood,gina-prince-bythewoods-criterion-closet-picks,opening-night,Opening Night,1977,17
Gina Prince-Bythewood,gina-prince-bythewoods-criterion-closet-picks,a-constant-forge,A Constant Forge,2000,18
William Friedkin,william-friedkins-criterion-closet-picks,sunday-bloody-sunday,Sunday Bloody Sunday,1971,1
William Friedkin,william-friedkins-criterion-closet-picks,umberto-d,Umberto D.,1952,2
William Friedkin,william-friedkins-criterion-closet-picks,all-that-money-can-buy,All That Money Can Buy,1941,3
William Friedkin,william-friedkins-criterion-closet-picks,m,M,1931,4
William Friedkin,william-friedkins-criterion-closet-picks,brute-force,Brute Force,1947,5
William Friedkin,william-friedkins-criterion-closet-picks,the-killing-of-a-chinese-bookie,The Killing of a Chinese Bookie,1976,6
William Friedkin,william-friedkins-criterion-closet-picks,8-half,8½,1963,7
Ryusuke Hamaguchi,ryusuke-hamaguchis-criterion-closet-picks,army-of-shadows,Army of Shadows,1969,1
Ryusuke Hamaguchi,ryusuke-hamaguchis-criterion-closet-picks,beau-travail,Beau Travail,1999,2
Ryusuke Hamaguchi,ryusuke-hamaguchis-criterion-closet-picks,late-spring,Late Spring,1949,3
Ryusuke Hamaguchi,ryusuke-hamaguchis-criterion-closet-picks,la-haine,La Haine,1995,4
Ryusuke Hamaguchi,ryusuke-hamaguchis-criterion-closet-picks,toni,Toni,1935,5
Ryusuke Hamaguchi,ryusuke-hamaguchis-criterion-closet-picks,until-the-end-of-the-world,Until the End of the World,1991,6
Ryusuke Hamaguchi,ryusuke-hamaguchis-criterion-closet-picks,heaven-can-wait,Heaven Can Wait,1943,7
Ryusuke Hamaguchi,ryusuke-hamaguchis-criterion-closet-picks,shadows-1958,Shadows,1958,8
Ryusuke Hamaguchi,ryusuke-hamaguchis-criterion-closet-picks,faces-1968,Faces,1968,9
Ryusuke Hamaguchi,ryusuke-hamaguchis-criterion-closet-picks,a-woman-under-the-influence,A Woman Under the Influence,1974,10
Ryusuke Hamaguchi,ryusuke-hamaguchis-criterion-closet-picks,the-killing-of-a-chinese-bookie,The Killing of a Chinese Bookie,1976,11
Ryusuke Hamaguchi,ryusuke-hamaguchis-criterion-closet-picks,opening-night,Opening Night,1977,12
Ryusuke Hamaguchi,ryusuke-hamaguchis-criterion-closet-picks,a-constant-forge,A Constant Forge,2000,13
Ryusuke Hamaguchi,ryusuke-hamaguchis-criterion-closet-picks,floating-weeds,Floating Weeds,1959,14
Ryusuke Hamaguchi,ryusuke-hamaguchis-criterion-closet-picks,a-story-of-floating-weeds,A Story of Floating Weeds,1934,15
Ryusuke Hamaguchi,ryusuke-hamaguchis-criterion-closet-picks,lola,Lola,1961,16
Ryusuke Hamaguchi,ryusuke-hamaguchis-criterion-closet-picks,bay-of-angels,Bay of Angels,1963,17
Ryusuke Hamaguchi,ryusuke-hamaguchis-criterion-closet-picks,the-umbrellas-of-cherbourg,The Umbrellas of Cherbourg,1964,18
Ryusuke Hamaguchi,ryusuke-hamaguchis-criterion-closet-picks,the-young-girls-of-rochefort,The Young Girls of Rochefort,1967,19
Ryusuke Hamaguchi,ryusuke-hamaguchis-criterion-closet-picks,donkey-skin,Donkey Skin,1970,20
Ryusuke Hamaguchi,ryusuke-hamaguchis-criterion-closet-picks,a-room-in-town-1982,A Room in Town,1982,21
Ryusuke Hamaguchi,ryusuke-hamaguchis-criterion-closet-picks,judex-1963,Judex,1963,22
Ryusuke Hamaguchi,ryusuke-hamaguchis-criterion-closet-picks,bigger-than-life,Bigger Than Life,1956,23
Ryusuke Hamaguchi,ryusuke-hamaguchis-criterion-closet-picks,fists-in-the-pocket,Fists in the Pocket,1965,24
Ryusuke Hamaguchi,ryusuke-hamaguchis-criterion-closet-picks,cure,Cure,1997,25
Ryusuke Hamaguchi,ryusuke-hamaguchis-criterion-closet-picks,my-darling-clementine,My Darling Clementine,1946,26
Alicia Silverstone,alicia-silverstones-criterion-closet-picks,hedwig-and-the-angry-inch,Hedwig and the Angry Inch,2001,1
Alicia Silverstone,alicia-silverstones-criterion-closet-picks,blow-up,Blow-Up,1966,2
Alicia Silverstone,alicia-silverstones-criterion-closet-picks,secrets-lies,Secrets & Lies,1996,3
Alicia Silverstone,alicia-silverstones-criterion-closet-picks,smooth-talk,Smooth Talk,1985,4
Alicia Silverstone,alicia-silverstones-criterion-closet-picks,on-the-waterfront,On the Waterfront,1954,5
Alicia Silverstone,alicia-silverstones-criterion-closet-picks,it-happened-one-night,It Happened One Night,1934,6
Alicia Silverstone,alicia-silverstones-criterion-closet-picks,paper-moon,Paper Moon,1973,7
Alicia Silverstone,alicia-silverstones-criterion-closet-picks,all-about-eve,All About Eve,1950,8
Ronan Farrow,ronan-farrows-criterion-closet-picks,brazil,Brazil,1985,1
Ronan Farrow,ronan-farrows-criterion-closet-picks,notorious,Notorious,1946,2
Ronan Farrow,ronan-farrows-criterion-closet-picks,klute,Klute,1971,3
Ronan Farrow,ronan-farrows-criterion-closet-picks,rosemarys-baby,Rosemary's Baby,1968,4
Ronan Farrow,ronan-farrows-criterion-closet-picks,barry-lyndon,Barry Lyndon,1975,5
Ronan Farrow,ronan-farrows-criterion-closet-picks,fanny-and-alexander,Fanny and Alexander,1982,6
Ronan Farrow,ronan-farrows-criterion-closet-picks,fanny-and-alexander-1984,Fanny and Alexander,1984,7
Ronan Farrow,ronan-farrows-criterion-closet-picks,the-making-of-fanny-and-alexander,The Making of Fanny and Alexander,1984,8
Mark Duplass,mark-duplass-criterion-closet-picks,shadows-1958,Shadows,1958,1
Mark Duplass,mark-duplass-criterion-closet-picks,faces-1968,Faces,1968,2
Mark Duplass,mark-duplass-criterion-closet-picks,a-woman-under-the-influence,A Woman Under the Influence,1974,3
Mark Duplass,mark-duplass-criterion-closet-picks,the-killing-of-a-chinese-bookie,The Killing of a Chinese Bookie,1976,4
Mark Duplass,mark-duplass-criterion-closet-picks,opening-night,Opening Night,1977,5
Mark Duplass,mark-duplass-criterion-closet-picks,a-constant-forge,A Constant Forge,2000,6
Mark Duplass,mark-duplass-criterion-closet-picks,before-sunrise,Before Sunrise,1995,7
Mark Duplass,mark-duplass-criterion-closet-picks,before-sunset,Before Sunset,2004,8
Mark Duplass,mark-duplass-criterion-closet-picks,before-midnight,Before Midnight,2013,9
Mark Duplass,mark-duplass-criterion-closet-picks,dekalog,Dekalog,1989,10
Mark Duplass,mark-duplass-criterion-closet-picks,saute-ma-ville,Saute ma ville,1968,11
Mark Duplass,mark-duplass-criterion-closet-picks,the-beloved-child-or-i-play-at-being-a-married-woman,"The Beloved Child, or I Play at Being a Married Woman",1971,12
Mark Duplass,mark-duplass-criterion-closet-picks,la-chambre-1972,La chambre,1972,13
Mark Duplass,mark-duplass-criterion-closet-picks,hotel-monterey,Hotel Monterey,1973,14
Mark Duplass,mark-duplass-criterion-closet-picks,le-15-8,Le 15/8,1973,15
Mark Duplass,mark-duplass-criterion-closet-picks,je-tu-il-elle,Je Tu Il Elle,1974,16
Mark Duplass,mark-duplass-criterion-closet-picks,jeanne-dielman-23-quai-du-commerce-1080-bruxelles,"Jeanne Dielman, 23, quai du Commerce, 1080 Bruxelles",1975,17
Mark Duplass,mark-duplass-criterion-closet-picks,news-from-home,News from Home,1976,18
Mark Duplass,mark-duplass-criterion-closet-picks,the-meetings-of-anna,The Meetings of Anna,1978,19
Mark Duplass,mark-duplass-criterion-closet-picks,lone-star-1996,Lone Star,1996,20
Mark Duplass,mark-duplass-criterion-closet-picks,flow-2024,Flow,2024,21
Sophy Romvari,sophy-romvaris-criterion-closet-picks,a-woman-under-the-influence,A Woman Under the Influence,1974,1
Sophy Romvari,sophy-romvaris-criterion-closet-picks,the-watermelon-woman,The Watermelon Woman,1996,2
Sophy Romvari,sophy-romvaris-criterion-closet-picks,not-a-pretty-picture,Not a Pretty Picture,1976,3
Sophy Romvari,sophy-romvaris-criterion-closet-picks,jules-and-jim,Jules and Jim,1962,4
Sophy Romvari,sophy-romvaris-criterion-closet-picks,girlfriends-1978,Girlfriends,1978,5
Claire Danes,claire-danes-criterion-closet-picks,some-like-it-hot,Some Like It Hot,1959,1
Claire Danes,claire-danes-criterion-closet-picks,the-breakfast-club,The Breakfast Club,1985,2
Claire Danes,claire-danes-criterion-closet-picks,defending-your-life,Defending Your Life,1991,3
Claire Danes,claire-danes-criterion-closet-picks,dogfight,Dogfight,1991,4
Claire Danes,claire-danes-criterion-closet-picks,streetwise,Streetwise,1984,5
Claire Danes,claire-danes-criterion-closet-picks,tiny-the-life-of-erin-blackwell,Tiny: The Life of Erin Blackwell,2016,6
Claire Danes,claire-danes-criterion-closet-picks,a-woman-under-the-influence,A Woman Under the Influence,1974,7
Claire Danes,claire-danes-criterion-closet-picks,the-grifters,The Grifters,1990,8
Isabella Rossellini,isabella-rossellinis-criterion-closet-picks,blue-velvet,Blue Velvet,1986,1
Isabella Rossellini,isabella-rossellinis-criterion-closet-picks,the-age-of-the-medici,The Age of the Medici,1972,2
Isabella Rossellini,isabella-rossellinis-criterion-closet-picks,cartesius,Cartesius,1974,3
Isabella Rossellini,isabella-rossellinis-criterion-closet-picks,blaise-pascal,Blaise Pascal,1972,4
Isabella Rossellini,isabella-rossellinis-criterion-closet-picks,rome-open-city,"Rome, Open City",1945,5
Isabella Rossellini,isabella-rossellinis-criterion-closet-picks,paisan,Paisan,1946,6
Isabella Rossellini,isabella-rossellinis-criterion-closet-picks,germany-year-zero,"Germany, Year Zero",1948,7
Isabella Rossellini,isabella-rossellinis-criterion-closet-picks,stromboli,Stromboli,1950,8
Isabella Rossellini,isabella-rossellinis-criterion-closet-picks,europa-51,Europa '51,1952,9
Isabella Rossellini,isabella-rossellinis-criterion-closet-picks,journey-to-italy,Journey to Italy,1954,10
Isabella Rossellini,isabella-rossellinis-criterion-closet-picks,ingrid-bergman-in-her-own-words,Ingrid Bergman: In Her Own Words,2015,11
Isabella Rossellini,isabella-rossellinis-criterion-closet-picks,the-count-of-the-old-town,The Count of the Old Town,1935,12
Isabella Rossellini,isabella-rossellinis-criterion-closet-picks,walpurgis-night,Walpurgis Night,1935,13
Isabella Rossellini,isabella-rossellinis-criterion-closet-picks,intermezzo,Intermezzo,1936,14
Isabella Rossellini,isabella-rossellinis-criterion-closet-picks,dollar,Dollar,1938,15
Isabella Rossellini,isabella-rossellinis-criterion-closet-picks,a-womans-face-1938,A Woman's Face,1938,16
Isabella Rossellini,isabella-rossellinis-criterion-closet-picks,june-night,June Night,1940,17
Isabella Rossellini,isabella-rossellinis-criterion-closet-picks,notorious,Notorious,1946,18
Simone and Amedeo Pace,simone-and-amedeo-paces-criterion-closet,le-samourai,Le Samouraï,1967,1
Simone and Amedeo Pace,simone-and-amedeo-paces-criterion-closet,stalker,Stalker,1979,2
Simone and Amedeo Pace,simone-and-amedeo-paces-criterion-closet,the-elephant-man,The Elephant Man,1980,3
Simone and Amedeo Pace,simone-and-amedeo-paces-criterion-closet,gimme-shelter-1970,Gimme Shelter,1970,4
Simone and Amedeo Pace,simone-and-amedeo-paces-criterion-closet,death-in-venice,Death in Venice,1971,5
David Cronenberg,david-cronenbergs-criterion-closet-picks,la-strada,La Strada,1954,1
David Cronenberg,david-cronenbergs-criterion-closet-picks,odd-man-out,Odd Man Out,1947,2
David Cronenberg,david-cronenbergs-criterion-closet-picks,eraserhead,Eraserhead,1977,3
David Cronenberg,david-cronenbergs-criterion-closet-picks,crisis,Crisis,1946,4
David Cronenberg,david-cronenbergs-criterion-closet-picks,a-ship-to-india,A Ship to India,1947,5
David Cronenberg,david-cronenbergs-criterion-closet-picks,port-of-call,Port of Call,1948,6
David Cronenberg,david-cronenbergs-criterion-closet-picks,thirst,Thirst,1949,7
David Cronenberg,david-cronenbergs-criterion-closet-picks,to-joy,To Joy,1950,8
David Cronenberg,david-cronenbergs-criterion-closet-picks,summer-interlude,Summer Interlude,1951,9
David Cronenberg,david-cronenbergs-criterion-closet-picks,waiting-women,Waiting Women,1952,10
David Cronenberg,david-cronenbergs-criterion-closet-picks,summer-with-monika,Summer with Monika,1953,11
David Cronenberg,david-cronenbergs-criterion-closet-picks,sawdust-and-tinsel,Sawdust and Tinsel,1953,12
David Cronenberg,david-cronenbergs-criterion-closet-picks,a-lesson-in-love,A Lesson in Love,1954,13
David Cronenberg,david-cronenbergs-criterion-closet-picks,dreams-1955,Dreams,1955,14
David Cronenberg,david-cronenbergs-criterion-closet-picks,smiles-of-a-summer-night,Smiles of a Summer Night,1955,15
David Cronenberg,david-cronenbergs-criterion-closet-picks,the-seventh-seal,The Seventh Seal,1957,16
David Cronenberg,david-cronenbergs-criterion-closet-picks,wild-strawberries,Wild Strawberries,1957,17
David Cronenberg,david-cronenbergs-criterion-closet-picks,brink-of-life,Brink of Life,1958,18
David Cronenberg,david-cronenbergs-criterion-closet-picks,the-magician-1958,The Magician,1958,19
David Cronenberg,david-cronenbergs-criterion-closet-picks,the-virgin-spring,The Virgin Spring,1960,20
David Cronenberg,david-cronenbergs-criterion-closet-picks,the-devils-eye,The Devil's Eye,1960,21
David Cronenberg,david-cronenbergs-criterion-closet-picks,through-a-glass-darkly,Through a Glass Darkly,1961,22
David Cronenberg,david-cronenbergs-criterion-closet-picks,winter-light,Winter Light,1963,23
David Cronenberg,david-cronenbergs-criterion-closet-picks,the-silence,The Silence,1963,24
David Cronenberg,david-cronenbergs-criterion-closet-picks,all-these-women,All These Women,1964,25
David Cronenberg,david-cronenbergs-criterion-closet-picks,persona,Persona,1966,26
David Cronenberg,david-cronenbergs-criterion-closet-picks,hour-of-the-wolf,Hour of the Wolf,1968,27
David Cronenberg,david-cronenbergs-criterion-closet-picks,shame,Shame,1968,28
David Cronenberg,david-cronenbergs-criterion-closet-picks,the-rite,The Rite,1969,29
David Cronenberg,david-cronenbergs-criterion-closet-picks,the-passion-of-anna,The Passion of Anna,1969,30
David Cronenberg,david-cronenbergs-criterion-closet-picks,faro-document,Fårö Document,1970,31
David Cronenberg,david-cronenbergs-criterion-closet-picks,the-touch-1971,The Touch,1971,32
David Cronenberg,david-cronenbergs-criterion-closet-picks,cries-and-whispers,Cries and Whispers,1972,33
David Cronenberg,david-cronenbergs-criterion-closet-picks,scenes-from-a-marriage,Scenes from a Marriage,1974,34
David Cronenberg,david-cronenbergs-criterion-closet-picks,scenes-from-a-marriage-1973-1,Scenes from a Marriage,1973,35
David Cronenberg,david-cronenbergs-criterion-closet-picks,the-magic-flute,The Magic Flute,1975,36
David Cronenberg,david-cronenbergs-criterion-closet-picks,the-serpents-egg,The Serpent's Egg,1977,37
David Cronenberg,david-cronenbergs-criterion-closet-picks,autumn-sonata,Autumn Sonata,1978,38
David Cronenberg,david-cronenbergs-criterion-closet-picks,faro-document-1979,Fårö Document 1979,1979,39
David Cronenberg,david-cronenbergs-criterion-closet-picks,from-the-life-of-the-marionettes,From the Life of the Marionettes,1980,40
David Cronenberg,david-cronenbergs-criterion-closet-picks,fanny-and-alexander,Fanny and Alexander,1982,41
David Cronenberg,david-cronenbergs-criterion-closet-picks,fanny-and-alexander-1984,Fanny and Alexander,1984,42
David Cronenberg,david-cronenbergs-criterion-closet-picks,after-the-rehearsal,After the Rehearsal,1984,43
David Cronenberg,david-cronenbergs-criterion-closet-picks,saraband,Saraband,2003,44
David Cronenberg,david-cronenbergs-criterion-closet-picks,the-making-of-fanny-and-alexander,The Making of Fanny and Alexander,1984,45
Gakuryu Ishii,gakuryu-ishiis-criterion-closet-picks,f-for-fake,F for Fake,1973,1
Gakuryu Ishii,gakuryu-ishiis-criterion-closet-picks,the-river,The River,1951,2
Nathalie Emmanuel,nathalie-emmanuels-criterion-closet-picks,megalopolis-2024,Megalopolis,2024,1
Nathalie Emmanuel,nathalie-emmanuels-criterion-closet-picks,love-basketball,Love & Basketball,2000,2
Nathalie Emmanuel,nathalie-emmanuels-criterion-closet-picks,paris-is-burning,Paris Is Burning,1990,3
Nathalie Emmanuel,nathalie-emmanuels-criterion-closet-picks,the-red-shoes,The Red Shoes,1948,4
Nathalie Emmanuel,nathalie-emmanuels-criterion-closet-picks,mangrove-2020,Mangrove,2020,5
Nathalie Emmanuel,nathalie-emmanuels-criterion-closet-picks,lovers-rock-2020,Lovers Rock,2020,6
Nathalie Emmanuel,nathalie-emmanuels-criterion-closet-picks,red-white-and-blue-2020,"Red, White and Blue",2020,7
Nathalie Emmanuel,nathalie-emmanuels-criterion-closet-picks,alex-wheatle,Alex Wheatle,2020,8
Nathalie Emmanuel,nathalie-emmanuels-criterion-closet-picks,education-2020,Education,2020,9
Nathalie Emmanuel,nathalie-emmanuels-criterion-closet-picks,the-worst-person-in-the-world,The Worst Person in the World,2021,10
Ari Aster,ari-asters-criterion-closet-picks,beau-is-afraid,Beau Is Afraid,2023,1
Ari Aster,ari-asters-criterion-closet-picks,closely-watched-trains,Closely Watched Trains,1966,2
Ari Aster,ari-asters-criterion-closet-picks,the-piano-teacher,The Piano Teacher,2001,3
Ari Aster,ari-asters-criterion-closet-picks,the-seventh-continent,The Seventh Continent,1989,4
Ari Aster,ari-asters-criterion-closet-picks,bennys-video,Benny's Video,1992,5
Ari Aster,ari-asters-criterion-closet-picks,71-fragments-of-a-chronology-of-chance,71 Fragments of a Chronology of Chance,1994,6
Ari Aster,ari-asters-criterion-closet-picks,daisies,Daisies,1966,7
Ari Aster,ari-asters-criterion-closet-picks,cure,Cure,1997,8
Ari Aster,ari-asters-criterion-closet-picks,mr-klein,Mr. Klein,1976,9
Ari Aster,ari-asters-criterion-closet-picks,where-is-the-friends-house,Where Is the Friend's House?,1987,10
Ari Aster,ari-asters-criterion-closet-picks,homework-1989,Homework,1989,11
Ari Aster,ari-asters-criterion-closet-picks,life-and-nothing-more,"Life, and Nothing More…",1992,12
Ari Aster,ari-asters-criterion-closet-picks,through-the-olive-trees,Through the Olive Trees,1994,13
Ari Aster,ari-asters-criterion-closet-picks,poison-1951,Poison,1951,14
Ari Aster,ari-asters-criterion-closet-picks,journey-to-the-beginning-of-time,Journey to the Beginning of Time,1955,15
Ari Aster,ari-asters-criterion-closet-picks,the-fabulous-world-of-jules-verne,The Fabulous World of Jules Verne,1958,16
Ari Aster,ari-asters-criterion-closet-picks,the-fabulous-baron-munchausen,The Fabulous Baron Munchausen,1962,17
Ari Aster,ari-asters-criterion-closet-picks,the-new-world,The New World,2005,18
Ari Aster,ari-asters-criterion-closet-picks,secret-sunshine,Secret Sunshine,2007,19
Ari Aster,ari-asters-criterion-closet-picks,woman-in-the-dunes,Woman in the Dunes,1964,20
Ari Aster,ari-asters-criterion-closet-picks,che-part-one,Che: Part One,2008,21
Ari Aster,ari-asters-criterion-closet-picks,che-part-two,Che: Part Two,2008,22
Ari Aster,ari-asters-criterion-closet-picks,mishima-a-life-in-four-chapters,Mishima: A Life in Four Chapters,1985,23
Ari Aster,ari-asters-criterion-closet-picks,bigger-than-life,Bigger Than Life,1956,24
Ari Aster,ari-asters-criterion-closet-picks,brand-upon-the-brain,Brand Upon the Brain!,2006,25
Ari Aster,ari-asters-criterion-closet-picks,walkabout,Walkabout,1971,26
Ari Aster,ari-asters-criterion-closet-picks,a-matter-of-life-and-death,A Matter of Life and Death,1946,27
Ari Aster,ari-asters-criterion-closet-picks,the-insect-woman,The Insect Woman,1963,28
Ari Aster,ari-asters-criterion-closet-picks,pigs-and-battleships,Pigs and Battleships,1961,29
Ari Aster,ari-asters-criterion-closet-picks,intentions-of-murder,Intentions of Murder,1964,30
Diane Kruger,diane-krugers-criterion-closet-picks,morocco,Morocco,1930,1
Diane Kruger,diane-krugers-criterion-closet-picks,dishonored,Dishonored,1931,2
Diane Kruger,diane-krugers-criterion-closet-picks,shanghai-express,Shanghai Express,1932,3
Diane Kruger,diane-krugers-criterion-closet-picks,blonde-venus,Blonde Venus,1932,4
Diane Kruger,diane-krugers-criterion-closet-picks,the-scarlet-empress,The Scarlet Empress,1934,5
Diane Kruger,diane-krugers-criterion-closet-picks,the-devil-is-a-woman,The Devil Is a Woman,1935,6
Diane Kruger,diane-krugers-criterion-closet-picks,easy-rider,Easy Rider,1969,7
Diane Kruger,diane-krugers-criterion-closet-picks,fish-tank,Fish Tank,2009,8
Diane Kruger,diane-krugers-criterion-closet-picks,in-the-mood-for-love,In the Mood for Love,2000,9
Diane Kruger,diane-krugers-criterion-closet-picks,crash,Crash,1996,10
Betsey Johnson,betsey-johnsons-criterion-closet-picks,the-red-shoes,The Red Shoes,1948,1
Betsey Johnson,betsey-johnsons-criterion-closet-picks,moonstruck,Moonstruck,1987,2
Betsey Johnson,betsey-johnsons-criterion-closet-picks,the-silence-of-the-lambs,The Silence of the Lambs,1991,3
Betsey Johnson,betsey-johnsons-criterion-closet-picks,blue-velvet,Blue Velvet,1986,4
Betsey Johnson,betsey-johnsons-criterion-closet-picks,mccabe-mrs-miller,McCabe & Mrs. Miller,1971,5
Janelle Monáe,janelle-monaes-criterion-closet-picks,night-of-the-living-dead,Night of the Living Dead,1968,1
Janelle Monáe,janelle-monaes-criterion-closet-picks,brazil,Brazil,1985,2
Janelle Monáe,janelle-monaes-criterion-closet-picks,eraserhead,Eraserhead,1977,3
Janelle Monáe,janelle-monaes-criterion-closet-picks,the-blob,The Blob,1958,4
Janelle Monáe,janelle-monaes-criterion-closet-picks,nineteen-eighty-four-1984,Nineteen Eighty-Four,1984,5
Bowen Yang,bowen-yangs-criterion-closet-picks,police-story,Police Story,1985,1
Bowen Yang,bowen-yangs-criterion-closet-picks,police-story-2,Police Story 2,1988,2
Bowen Yang,bowen-yangs-criterion-closet-picks,multiple-maniacs,Multiple Maniacs,1970,3
Bowen Yang,bowen-yangs-criterion-closet-picks,all-about-eve,All About Eve,1950,4
Bowen Yang,bowen-yangs-criterion-closet-picks,real-life,Real Life,1979,5
Bowen Yang,bowen-yangs-criterion-closet-picks,the-last-days-of-disco,The Last Days of Disco,1998,6
Bowen Yang,bowen-yangs-criterion-closet-picks,mystery-train,Mystery Train,1989,7
Bowen Yang,bowen-yangs-criterion-closet-picks,paris-texas,"Paris, Texas",1984,8
Bowen Yang,bowen-yangs-criterion-closet-picks,varda-by-agnes,Varda by Agnès,2019,9
Bowen Yang,bowen-yangs-criterion-closet-picks,la-pointe-courte,La Pointe Courte,1955,10
Bowen Yang,bowen-yangs-criterion-closet-picks,cleo-from-5-to-7,Cléo from 5 to 7,1962,11
Bowen Yang,bowen-yangs-criterion-closet-picks,daguerreotypes,Daguerréotypes,1975,12
Bowen Yang,bowen-yangs-criterion-closet-picks,happiness-1965,Le Bonheur,1965,13
Bowen Yang,bowen-yangs-criterion-closet-picks,the-creatures,The Creatures,1966,14
Bowen Yang,bowen-yangs-criterion-closet-picks,uncle-yanco,Uncle Yanco,1967,15
Bowen Yang,bowen-yangs-criterion-closet-picks,black-panthers,Black Panthers,1968,16
Bowen Yang,bowen-yangs-criterion-closet-picks,lions-love,Lions Love,1969,17
Bowen Yang,bowen-yangs-criterion-closet-picks,mur-murs,Mur Murs,1981,18
Bowen Yang,bowen-yangs-criterion-closet-picks,documenteur,Documenteur,1981,19
Bowen Yang,bowen-yangs-criterion-closet-picks,one-sings-the-other-doesnt,"One Sings, the Other Doesn't",1977,20
Bowen Yang,bowen-yangs-criterion-closet-picks,vagabond,Vagabond,1985,21
Bowen Yang,bowen-yangs-criterion-closet-picks,jane-b-by-agnes-v,Jane B. by Agnès V.,1988,22
Bowen Yang,bowen-yangs-criterion-closet-picks,kung-fu-master,Kung-Fu Master!,1988,23
Bowen Yang,bowen-yangs-criterion-closet-picks,jacquot-de-nantes,Jacquot de Nantes,1991,24
Bowen Yang,bowen-yangs-criterion-closet-picks,one-hundred-and-one-nights,One Hundred and One Nights,1995,25
Bowen Yang,bowen-yangs-criterion-closet-picks,the-gleaners-and-i,The Gleaners and I,2000,26
Bowen Yang,bowen-yangs-criterion-closet-picks,the-gleaners-and-i-two-years-later,The Gleaners and I: Two Years Later,2002,27
Bowen Yang,bowen-yangs-criterion-closet-picks,faces-places,Faces Places,2017,28
Bowen Yang,bowen-yangs-criterion-closet-picks,agnes-varda-from-here-to-there,Agnès Varda: From Here to There,2011,29
Bowen Yang,bowen-yangs-criterion-closet-picks,the-beaches-of-agnes,The Beaches of Agnès,2008,30
Bowen Yang,bowen-yangs-criterion-closet-picks,godzilla,Godzilla,1954,31
Bowen Yang,bowen-yangs-criterion-closet-picks,godzilla-raids-again,Godzilla Raids Again,1955,32
Bowen Yang,bowen-yangs-criterion-closet-picks,king-kong-vs-godzilla,King Kong vs. Godzilla,1962,33
Bowen Yang,bowen-yangs-criterion-closet-picks,king-kong-vs-godzilla-1963,King Kong vs. Godzilla,1963,34
Bowen Yang,bowen-yangs-criterion-closet-picks,mothra-vs-godzilla,Mothra vs. Godzilla,1964,35
Bowen Yang,bowen-yangs-criterion-closet-picks,ghidorah-the-three-headed-monster,"Ghidorah, the Three-Headed Monster",1964,36
Bowen Yang,bowen-yangs-criterion-closet-picks,invasion-of-astro-monster,Invasion of Astro-Monster,1965,37
Bowen Yang,bowen-yangs-criterion-closet-picks,ebirah-horror-of-the-deep,"Ebirah, Horror of the Deep",1966,38
Bowen Yang,bowen-yangs-criterion-closet-picks,son-of-godzilla,Son of Godzilla,1967,39
Bowen Yang,bowen-yangs-criterion-closet-picks,destroy-all-monsters,Destroy All Monsters,1968,40
Bowen Yang,bowen-yangs-criterion-closet-picks,all-monsters-attack,All Monsters Attack,1969,41
Bowen Yang,bowen-yangs-criterion-closet-picks,godzilla-vs-hedorah,Godzilla vs. Hedorah,1971,42
Bowen Yang,bowen-yangs-criterion-closet-picks,godzilla-vs-gigan,Godzilla vs. Gigan,1972,43
Bowen Yang,bowen-yangs-criterion-closet-picks,godzilla-vs-megalon,Godzilla vs. Megalon,1973,44
Bowen Yang,bowen-yangs-criterion-closet-picks,godzilla-vs-mechagodzilla,Godzilla vs. Mechagodzilla,1974,45
Bowen Yang,bowen-yangs-criterion-closet-picks,terror-of-mechagodzilla,Terror of Mechagodzilla,1975,46
John Slattery,john-slatterys-criterion-closet-picks,shampoo,Shampoo,1975,1
John Slattery,john-slatterys-criterion-closet-picks,no-country-for-old-men,No Country for Old Men,2007,2
John Slattery,john-slatterys-criterion-closet-picks,the-awful-truth,The Awful Truth,1937,3
John Slattery,john-slatterys-criterion-closet-picks,the-hit-1984,The Hit,1984,4
John Slattery,john-slatterys-criterion-closet-picks,the-friends-of-eddie-coyle,The Friends of Eddie Coyle,1973,5
Andrew Haigh and Charlotte Rampling,andrew-haigh-and-charlotte-ramplings-criterion,45-years,45 Years,2015,1
Andrew Haigh and Charlotte Rampling,andrew-haigh-and-charlotte-ramplings-criterion,weekend-2011,Weekend,2011,2
Andrew Haigh and Charlotte Rampling,andrew-haigh-and-charlotte-ramplings-criterion,the-night-porter,The Night Porter,1974,3
Andrew Haigh and Charlotte Rampling,andrew-haigh-and-charlotte-ramplings-criterion,a-room-with-a-view,A Room with a View,1986,4
Andrew Haigh and Charlotte Rampling,andrew-haigh-and-charlotte-ramplings-criterion,howards-end,Howards End,1992,5
Andrew Haigh and Charlotte Rampling,andrew-haigh-and-charlotte-ramplings-criterion,safety-last,Safety Last!,1923,6
Andrew Haigh and Charlotte Rampling,andrew-haigh-and-charlotte-ramplings-criterion,europa-51,Europa '51,1952,7
Andrew Haigh and Charlotte Rampling,andrew-haigh-and-charlotte-ramplings-criterion,stromboli,Stromboli,1950,8
Andrew Haigh and Charlotte Rampling,andrew-haigh-and-charlotte-ramplings-criterion,journey-to-italy,Journey to Italy,1954,9
Andrew Haigh and Charlotte Rampling,andrew-haigh-and-charlotte-ramplings-criterion,if,if....,1968,10
Andrew Haigh and Charlotte Rampling,andrew-haigh-and-charlotte-ramplings-criterion,ivans-childhood,Ivan's Childhood,1962,11
Andrew Haigh and Charlotte Rampling,andrew-haigh-and-charlotte-ramplings-criterion,ratcatcher,Ratcatcher,1999,12
Andrew Haigh and Charlotte Rampling,andrew-haigh-and-charlotte-ramplings-criterion,watership-down,Watership Down,1978,13
Andrew Haigh and Charlotte Rampling,andrew-haigh-and-charlotte-ramplings-criterion,black-narcissus,Black Narcissus,1947,14
Andrew Haigh and Charlotte Rampling,andrew-haigh-and-charlotte-ramplings-criterion,bergman-island,Bergman Island,2006,15
Andrew Haigh and Charlotte Rampling,andrew-haigh-and-charlotte-ramplings-criterion,sunday-bloody-sunday,Sunday Bloody Sunday,1971,16
Euzhan Palcy,euzhan-palcys-criterion-closet-picks,a-dry-white-season,A Dry White Season,1989,1
Euzhan Palcy,euzhan-palcys-criterion-closet-picks,cronos,Cronos,1992,2
Euzhan Palcy,euzhan-palcys-criterion-closet-picks,the-devils-backbone,The Devil's Backbone,2001,3
Euzhan Palcy,euzhan-palcys-criterion-closet-picks,pans-labyrinth,Pan's Labyrinth,2006,4
Euzhan Palcy,euzhan-palcys-criterion-closet-picks,the-400-blows,The 400 Blows,1959,5
Euzhan Palcy,euzhan-palcys-criterion-closet-picks,the-naked-island,The Naked Island,1960,6
Euzhan Palcy,euzhan-palcys-criterion-closet-picks,the-lady-vanishes,The Lady Vanishes,1938,7
Euzhan Palcy,euzhan-palcys-criterion-closet-picks,black-orpheus,Black Orpheus,1959,8
Euzhan Palcy,euzhan-palcys-criterion-closet-picks,shadows-1958,Shadows,1958,9
Euzhan Palcy,euzhan-palcys-criterion-closet-picks,faces-1968,Faces,1968,10
Euzhan Palcy,euzhan-palcys-criterion-closet-picks,a-woman-under-the-influence,A Woman Under the Influence,1974,11
Euzhan Palcy,euzhan-palcys-criterion-closet-picks,the-killing-of-a-chinese-bookie,The Killing of a Chinese Bookie,1976,12
Euzhan Palcy,euzhan-palcys-criterion-closet-picks,opening-night,Opening Night,1977,13
Euzhan Palcy,euzhan-palcys-criterion-closet-picks,a-constant-forge,A Constant Forge,2000,14
Euzhan Palcy,euzhan-palcys-criterion-closet-picks,through-a-glass-darkly,Through a Glass Darkly,1961,15
Euzhan Palcy,euzhan-palcys-criterion-closet-picks,winter-light,Winter Light,1963,16
Euzhan Palcy,euzhan-palcys-criterion-closet-picks,the-silence,The Silence,1963,17
Sam Esmail,sam-esmails-criterion-closet-picks,notorious,Notorious,1946,1
Sam Esmail,sam-esmails-criterion-closet-picks,the-discreet-charm-of-the-bourgeoisie,The Discreet Charm of the Bourgeoisie,1972,2
Sam Esmail,sam-esmails-criterion-closet-picks,the-phantom-of-liberty,The Phantom of Liberty,1974,3
Sam Esmail,sam-esmails-criterion-closet-picks,that-obscure-object-of-desire,That Obscure Object of Desire,1977,4
Sam Esmail,sam-esmails-criterion-closet-picks,the-parallax-view,The Parallax View,1974,5
Sam Esmail,sam-esmails-criterion-closet-picks,dressed-to-kill-1980,Dressed to Kill,1980,6
Cillian Murphy,cillian-murphys-criterion-closet-picks,the-swimming-pool,The Swimming Pool,1969,1
Cillian Murphy,cillian-murphys-criterion-closet-picks,rosetta,Rosetta,1999,2
Cillian Murphy,cillian-murphys-criterion-closet-picks,shadows-1958,Shadows,1958,3
Cillian Murphy,cillian-murphys-criterion-closet-picks,faces-1968,Faces,1968,4
Cillian Murphy,cillian-murphys-criterion-closet-picks,a-woman-under-the-influence,A Woman Under the Influence,1974,5
Cillian Murphy,cillian-murphys-criterion-closet-picks,the-killing-of-a-chinese-bookie,The Killing of a Chinese Bookie,1976,6
Cillian Murphy,cillian-murphys-criterion-closet-picks,opening-night,Opening Night,1977,7
Cillian Murphy,cillian-murphys-criterion-closet-picks,a-constant-forge,A Constant Forge,2000,8
Cillian Murphy,cillian-murphys-criterion-closet-picks,code-unknown,Code Unknown,2000,9
Cillian Murphy,cillian-murphys-criterion-closet-picks,bottle-rocket-1996,Bottle Rocket,1996,10
Cillian Murphy,cillian-murphys-criterion-closet-picks,rushmore,Rushmore,1998,11
Cillian Murphy,cillian-murphys-criterion-closet-picks,the-royal-tenenbaums,The Royal Tenenbaums,2001,12
Cillian Murphy,cillian-murphys-criterion-closet-picks,the-life-aquatic-with-steve-zissou,The Life Aquatic with Steve Zissou,2004,13
Cillian Murphy,cillian-murphys-criterion-closet-picks,the-darjeeling-limited,The Darjeeling Limited,2007,14
Cillian Murphy,cillian-murphys-criterion-closet-picks,fantastic-mr-fox,Fantastic Mr. Fox,2009,15
Cillian Murphy,cillian-murphys-criterion-closet-picks,moonrise-kingdom,Moonrise Kingdom,2012,16
Cillian Murphy,cillian-murphys-criterion-closet-picks,the-grand-budapest-hotel,The Grand Budapest Hotel,2014,17
Cillian Murphy,cillian-murphys-criterion-closet-picks,isle-of-dogs-2018,Isle of Dogs,2018,18
Cillian Murphy,cillian-murphys-criterion-closet-picks,the-french-dispatch-of-the-liberty-kansas,"The French Dispatch of the Liberty, Kansas Evening Sun",2021,19
Zeinabu irene Davis,zeinabu-irene-daviss-criterion-closet-picks,compensation-1999,Compensation,1999,1
Zeinabu irene Davis,zeinabu-irene-daviss-criterion-closet-picks,sambizanga,Sambizanga,1972,2
Zeinabu irene Davis,zeinabu-irene-daviss-criterion-closet-picks,black-orpheus,Black Orpheus,1959,3
Zeinabu irene Davis,zeinabu-irene-daviss-criterion-closet-picks,the-big-boss,The Big Boss,1971,4
Zeinabu irene Davis,zeinabu-irene-daviss-criterion-closet-picks,fist-of-fury,Fist of Fury,1972,5
Zeinabu irene Davis,zeinabu-irene-daviss-criterion-closet-picks,the-way-of-the-dragon,The Way of the Dragon,1972,6
Zeinabu irene Davis,zeinabu-irene-daviss-criterion-closet-picks,enter-the-dragon,Enter the Dragon,1973,7
Zeinabu irene Davis,zeinabu-irene-daviss-criterion-closet-picks,game-of-death,Game of Death,1978,8
Zeinabu irene Davis,zeinabu-irene-daviss-criterion-closet-picks,the-battle-of-algiers,The Battle of Algiers,1966,9
Zeinabu irene Davis,zeinabu-irene-daviss-criterion-closet-picks,prisoners-of-the-land,Prisoners of the Land,1939,10
Zeinabu irene Davis,zeinabu-irene-daviss-criterion-closet-picks,chess-of-the-wind,Chess of the Wind,1976,11
Zeinabu irene Davis,zeinabu-irene-daviss-criterion-closet-picks,muna-moto,Muna Moto,1975,12
Zeinabu irene Davis,zeinabu-irene-daviss-criterion-closet-picks,two-girls-on-the-street,Two Girls on the Street,1939,13
Zeinabu irene Davis,zeinabu-irene-daviss-criterion-closet-picks,kalpana-1948,Kalpana,1948,14
Zeinabu irene Davis,zeinabu-irene-daviss-criterion-closet-picks,drylongso,Drylongso,1998,15
Zeinabu irene Davis,zeinabu-irene-daviss-criterion-closet-picks,the-watermelon-woman,The Watermelon Woman,1996,16
Zeinabu irene Davis,zeinabu-irene-daviss-criterion-closet-picks,saint-omer,Saint Omer,2022,17
Zeinabu irene Davis,zeinabu-irene-daviss-criterion-closet-picks,emitai,Emitaï,1971,18
Zeinabu irene Davis,zeinabu-irene-daviss-criterion-closet-picks,xala,Xala,1975,19
Zeinabu irene Davis,zeinabu-irene-daviss-criterion-closet-picks,ceddo,Ceddo,1977,20
Guillermo del Toro,guillermo-del-toros-criterion-closet-picks,the-red-shoes,The Red Shoes,1948,1
Guillermo del Toro,guillermo-del-toros-criterion-closet-picks,charade,Charade,1963,2
Guillermo del Toro,guillermo-del-toros-criterion-closet-picks,black-orpheus,Black Orpheus,1959,3
Guillermo del Toro,guillermo-del-toros-criterion-closet-picks,the-magician-1958,The Magician,1958,4
Guillermo del Toro,guillermo-del-toros-criterion-closet-picks,repulsion,Repulsion,1965,5
Guillermo del Toro,guillermo-del-toros-criterion-closet-picks,paths-of-glory,Paths of Glory,1957,6
Guillermo del Toro,guillermo-del-toros-criterion-closet-picks,the-400-blows,The 400 Blows,1959,7
Guillermo del Toro,guillermo-del-toros-criterion-closet-picks,crumb,Crumb,1994,8
Guillermo del Toro,guillermo-del-toros-criterion-closet-picks,the-thin-red-line,The Thin Red Line,1998,9
Harris Savides,harris-savides-criterion-closet-picks,zodiac,Zodiac,2007,1
Harris Savides,harris-savides-criterion-closet-picks,american-gangster,American Gangster,2007,2
Harris Savides,harris-savides-criterion-closet-picks,the-game,The Game,1997,3
Harris Savides,harris-savides-criterion-closet-picks,lavventura,L'Avventura,1960,4
Harris Savides,harris-savides-criterion-closet-picks,red-desert,Red Desert,1964,5
Harris Savides,harris-savides-criterion-closet-picks,the-night-of-the-hunter,The Night of the Hunter,1955,6
Harris Savides,harris-savides-criterion-closet-picks,yi-yi,Yi Yi,2000,7
Harris Savides,harris-savides-criterion-closet-picks,three-colours-blue,Three Colours: Blue,1993,8
Harris Savides,harris-savides-criterion-closet-picks,three-colours-white,Three Colours: White,1994,9
Harris Savides,harris-savides-criterion-closet-picks,three-colours-red,Three Colours: Red,1994,10
Harris Savides,harris-savides-criterion-closet-picks,solaris,Solaris,1972,11
Harris Savides,harris-savides-criterion-closet-picks,diabolique-1955,Diabolique,1955,12
Harris Savides,harris-savides-criterion-closet-picks,faces-1968,Faces,1968,13
Harris Savides,harris-savides-criterion-closet-picks,a-woman-under-the-influence,A Woman Under the Influence,1974,14
Andrew Stanton,andrew-stantons-criterion-closet-picks,paper-moon,Paper Moon,1973,1
Andrew Stanton,andrew-stantons-criterion-closet-picks,brazil,Brazil,1985,2
Andrew Stanton,andrew-stantons-criterion-closet-picks,local-hero,Local Hero,1983,3
Andrew Stanton,andrew-stantons-criterion-closet-picks,the-worst-person-in-the-world,The Worst Person in the World,2021,4
Andrew Stanton,andrew-stantons-criterion-closet-picks,defending-your-life,Defending Your Life,1991,5
Andrew Stanton,andrew-stantons-criterion-closet-picks,matewan,Matewan,1987,6
Isaach De Bankole,isaach-de-bankoles-criterion-closet-picks,seven-samurai,Seven Samurai,1954,1
Isaach De Bankole,isaach-de-bankoles-criterion-closet-picks,the-night-of-the-hunter,The Night of the Hunter,1955,2
Isaach De Bankole,isaach-de-bankoles-criterion-closet-picks,pickpocket,Pickpocket,1959,3
Isaach De Bankole,isaach-de-bankoles-criterion-closet-picks,close-up,Close-Up,1990,4
Isaach De Bankole,isaach-de-bankoles-criterion-closet-picks,bicycle-thieves,Bicycle Thieves,1948,5
Isaach De Bankole,isaach-de-bankoles-criterion-closet-picks,the-golden-coach,The Golden Coach,1952,6
Isaach De Bankole,isaach-de-bankoles-criterion-closet-picks,french-cancan,French Cancan,1955,7
Isaach De Bankole,isaach-de-bankoles-criterion-closet-picks,elena-and-her-men,Elena and Her Men,1956,8
Isaach De Bankole,isaach-de-bankoles-criterion-closet-picks,breathless,Breathless,1960,9
Paul Rudd,paul-rudds-criterion-closet-picks,children-of-paradise,Children of Paradise,1945,1
Paul Rudd,paul-rudds-criterion-closet-picks,withnail-i,Withnail & I,1987,2
Paul Rudd,paul-rudds-criterion-closet-picks,boyhood,Boyhood,2014,3
Paul Rudd,paul-rudds-criterion-closet-picks,defending-your-life,Defending Your Life,1991,4
Paul Rudd,paul-rudds-criterion-closet-picks,secrets-lies,Secrets & Lies,1996,5
Paul Rudd,paul-rudds-criterion-closet-picks,ryuichi-sakamoto-opus,Ryuichi Sakamoto | Opus,2023,6
Paul Rudd,paul-rudds-criterion-closet-picks,fast-times-at-ridgemont-high,Fast Times at Ridgemont High,1982,7
Paul Rudd,paul-rudds-criterion-closet-picks,the-children-are-watching-us,The Children Are Watching Us,1943,8
Pauline Chalamet,pauline-chalamets-criterion-closet-picks,shadows-1958,Shadows,1958,1
Pauline Chalamet,pauline-chalamets-criterion-closet-picks,faces-1968,Faces,1968,2
Pauline Chalamet,pauline-chalamets-criterion-closet-picks,a-woman-under-the-influence,A Woman Under the Influence,1974,3
Pauline Chalamet,pauline-chalamets-criterion-closet-picks,the-killing-of-a-chinese-bookie,The Killing of a Chinese Bookie,1976,4
Pauline Chalamet,pauline-chalamets-criterion-closet-picks,opening-night,Opening Night,1977,5
Pauline Chalamet,pauline-chalamets-criterion-closet-picks,a-constant-forge,A Constant Forge,2000,6
Pauline Chalamet,pauline-chalamets-criterion-closet-picks,fat-girl,Fat Girl,2001,7
Pauline Chalamet,pauline-chalamets-criterion-closet-picks,wanda,Wanda,1970,8
Pauline Chalamet,pauline-chalamets-criterion-closet-picks,girlfriends-1978,Girlfriends,1978,9
Pauline Chalamet,pauline-chalamets-criterion-closet-picks,the-bakery-girl-of-monceau,The Bakery Girl of Monceau,1963,10
Pauline Chalamet,pauline-chalamets-criterion-closet-picks,suzannes-career,Suzanne’s Career,1963,11
Pauline Chalamet,pauline-chalamets-criterion-closet-picks,my-night-at-mauds,My Night at Maud's,1969,12
Pauline Chalamet,pauline-chalamets-criterion-closet-picks,la-collectionneuse,La Collectionneuse,1967,13
Pauline Chalamet,pauline-chalamets-criterion-closet-picks,claires-knee,Claire's Knee,1970,14
Pauline Chalamet,pauline-chalamets-criterion-closet-picks,love-in-the-afternoon-1972,Love in the Afternoon,1972,15
Pauline Chalamet,pauline-chalamets-criterion-closet-picks,vagabond,Vagabond,1985,16
Pauline Chalamet,pauline-chalamets-criterion-closet-picks,a-nos-amours,A Nos Amours,1983,17
Pauline Chalamet,pauline-chalamets-criterion-closet-picks,day-for-night,Day for Night,1973,18
Pauline Chalamet,pauline-chalamets-criterion-closet-picks,the-other-side-of-hope,The Other Side of Hope,2017,19
Mark Mothersbaugh & Gerald Casale,mark-mothersbaugh-gerald-casales-criterion,island-of-lost-souls,Island of Lost Souls,1932,1
Mark Mothersbaugh & Gerald Casale,mark-mothersbaugh-gerald-casales-criterion,sweet-smell-of-success,Sweet Smell of Success,1957,2
Mark Mothersbaugh & Gerald Casale,mark-mothersbaugh-gerald-casales-criterion,dance-girl-dance,"Dance, Girl, Dance",1940,3
Mark Mothersbaugh & Gerald Casale,mark-mothersbaugh-gerald-casales-criterion,variety-lights,Variety Lights,1950,4
Mark Mothersbaugh & Gerald Casale,mark-mothersbaugh-gerald-casales-criterion,the-white-sheik,The White Sheik,1952,5
Mark Mothersbaugh & Gerald Casale,mark-mothersbaugh-gerald-casales-criterion,i-vitelloni,I Vitelloni,1953,6
Mark Mothersbaugh & Gerald Casale,mark-mothersbaugh-gerald-casales-criterion,la-strada,La Strada,1954,7
Mark Mothersbaugh & Gerald Casale,mark-mothersbaugh-gerald-casales-criterion,the-swindle-1955,The Swindle,1955,8
Mark Mothersbaugh & Gerald Casale,mark-mothersbaugh-gerald-casales-criterion,nights-of-cabiria,Nights of Cabiria,1957,9
Mark Mothersbaugh & Gerald Casale,mark-mothersbaugh-gerald-casales-criterion,la-dolce-vita,La Dolce Vita,1960,10
Mark Mothersbaugh & Gerald Casale,mark-mothersbaugh-gerald-casales-criterion,8-half,8½,1963,11
Mark Mothersbaugh & Gerald Casale,mark-mothersbaugh-gerald-casales-criterion,juliet-of-the-spirits,Juliet of the Spirits,1965,12
Mark Mothersbaugh & Gerald Casale,mark-mothersbaugh-gerald-casales-criterion,satyricon-1969,Satyricon,1969,13
Mark Mothersbaugh & Gerald Casale,mark-mothersbaugh-gerald-casales-criterion,roma,Roma,1972,14
Mark Mothersbaugh & Gerald Casale,mark-mothersbaugh-gerald-casales-criterion,amarcord,Amarcord,1973,15
Mark Mothersbaugh & Gerald Casale,mark-mothersbaugh-gerald-casales-criterion,and-the-ship-sails-on,And the Ship Sails On,1983,16
Mark Mothersbaugh & Gerald Casale,mark-mothersbaugh-gerald-casales-criterion,intervista,Intervista,1987,17
Mark Mothersbaugh & Gerald Casale,mark-mothersbaugh-gerald-casales-criterion,morocco,Morocco,1930,18
Mark Mothersbaugh & Gerald Casale,mark-mothersbaugh-gerald-casales-criterion,dishonored,Dishonored,1931,19
Mark Mothersbaugh & Gerald Casale,mark-mothersbaugh-gerald-casales-criterion,shanghai-express,Shanghai Express,1932,20
Mark Mothersbaugh & Gerald Casale,mark-mothersbaugh-gerald-casales-criterion,blonde-venus,Blonde Venus,1932,21
Mark Mothersbaugh & Gerald Casale,mark-mothersbaugh-gerald-casales-criterion,the-scarlet-empress,The Scarlet Empress,1934,22
Mark Mothersbaugh & Gerald Casale,mark-mothersbaugh-gerald-casales-criterion,the-devil-is-a-woman,The Devil Is a Woman,1935,23
Mark Mothersbaugh & Gerald Casale,mark-mothersbaugh-gerald-casales-criterion,the-atomic-submarine,The Atomic Submarine,1959,24
Mark Mothersbaugh & Gerald Casale,mark-mothersbaugh-gerald-casales-criterion,first-man-into-space,First Man into Space,1959,25
Mark Mothersbaugh & Gerald Casale,mark-mothersbaugh-gerald-casales-criterion,grip-of-the-strangler,Grip of the Strangler,1958,26
Mark Mothersbaugh & Gerald Casale,mark-mothersbaugh-gerald-casales-criterion,corridors-of-blood,Corridors of Blood,1958,27
Matthew Rhys,matthew-rhyss-criterion-closet-picks,grey-gardens,Grey Gardens,1975,1
Matthew Rhys,matthew-rhyss-criterion-closet-picks,withnail-i,Withnail & I,1987,2
Matthew Rhys,matthew-rhyss-criterion-closet-picks,the-princess-bride,The Princess Bride,1987,3
Matthew Rhys,matthew-rhyss-criterion-closet-picks,do-the-right-thing,Do the Right Thing,1989,4
Matthew Rhys,matthew-rhyss-criterion-closet-picks,mean-streets,Mean Streets,1973,5
Matthew Rhys,matthew-rhyss-criterion-closet-picks,life-of-brian,Life of Brian,1979,6
Matthew Rhys,matthew-rhyss-criterion-closet-picks,the-great-escape,The Great Escape,1963,7
Matthew Rhys,matthew-rhyss-criterion-closet-picks,the-graduate,The Graduate,1967,8
Daniels,daniels-criterion-closet-picks,everything-everywhere-all-at-once,Everything Everywhere All at Once,2022,1
Daniels,daniels-criterion-closet-picks,before-sunrise,Before Sunrise,1995,2
Daniels,daniels-criterion-closet-picks,before-sunset,Before Sunset,2004,3
Daniels,daniels-criterion-closet-picks,before-midnight,Before Midnight,2013,4
Daniels,daniels-criterion-closet-picks,police-story,Police Story,1985,5
Daniels,daniels-criterion-closet-picks,police-story-2,Police Story 2,1988,6
Daniels,daniels-criterion-closet-picks,godzilla,Godzilla,1954,7
Daniels,daniels-criterion-closet-picks,godzilla-raids-again,Godzilla Raids Again,1955,8
Daniels,daniels-criterion-closet-picks,king-kong-vs-godzilla,King Kong vs. Godzilla,1962,9
Daniels,daniels-criterion-closet-picks,king-kong-vs-godzilla-1963,King Kong vs. Godzilla,1963,10
Daniels,daniels-criterion-closet-picks,mothra-vs-godzilla,Mothra vs. Godzilla,1964,11
Daniels,daniels-criterion-closet-picks,ghidorah-the-three-headed-monster,"Ghidorah, the Three-Headed Monster",1964,12
Daniels,daniels-criterion-closet-picks,invasion-of-astro-monster,Invasion of Astro-Monster,1965,13
Daniels,daniels-criterion-closet-picks,ebirah-horror-of-the-deep,"Ebirah, Horror of the Deep",1966,14
Daniels,daniels-criterion-closet-picks,son-of-godzilla,Son of Godzilla,1967,15
Daniels,daniels-criterion-closet-picks,destroy-all-monsters,Destroy All Monsters,1968,16
Daniels,daniels-criterion-closet-picks,all-monsters-attack,All Monsters Attack,1969,17
Daniels,daniels-criterion-closet-picks,godzilla-vs-hedorah,Godzilla vs. Hedorah,1971,18
Daniels,daniels-criterion-closet-picks,godzilla-vs-gigan,Godzilla vs. Gigan,1972,19
Daniels,daniels-criterion-closet-picks,godzilla-vs-megalon,Godzilla vs. Megalon,1973,20
Daniels,daniels-criterion-closet-picks,godzilla-vs-mechagodzilla,Godzilla vs. Mechagodzilla,1974,21
Daniels,daniels-criterion-closet-picks,terror-of-mechagodzilla,Terror of Mechagodzilla,1975,22
Daniels,daniels-criterion-closet-picks,tampopo,Tampopo,1985,23
Daniels,daniels-criterion-closet-picks,malcolm-x-1992,Malcolm X,1992,24
Daniels,daniels-criterion-closet-picks,repo-man,Repo Man,1984,25
Daniels,daniels-criterion-closet-picks,a-hard-days-night,A Hard Day's Night,1964,26
Daniels,daniels-criterion-closet-picks,barry-lyndon,Barry Lyndon,1975,27
Daniels,daniels-criterion-closet-picks,the-worst-person-in-the-world,The Worst Person in the World,2021,28
Daniels,daniels-criterion-closet-picks,once-upon-a-time-in-china,Once Upon a Time in China,1991,29
Daniels,daniels-criterion-closet-picks,once-upon-a-time-in-china-ii,Once Upon a Time in China II,1992,30
Daniels,daniels-criterion-closet-picks,once-upon-a-time-in-china-iii,Once Upon a Time in China III,1992,31
Daniels,daniels-criterion-closet-picks,once-upon-a-time-in-china-iv,Once Upon a Time in China IV,1993,32
Daniels,daniels-criterion-closet-picks,once-upon-a-time-in-china-v,Once Upon a Time in China V,1994,33
Christoph Waltz,christoph-waltzs-criterion-closet-picks,jour-de-fete,Jour de Fête,1949,1
Christoph Waltz,christoph-waltzs-criterion-closet-picks,monsieur-hulots-holiday,Monsieur Hulot's Holiday,1953,2
Christoph Waltz,christoph-waltzs-criterion-closet-picks,mon-oncle,Mon Oncle,1958,3
Christoph Waltz,christoph-waltzs-criterion-closet-picks,playtime,PlayTime,1967,4
Christoph Waltz,christoph-waltzs-criterion-closet-picks,trafic,Trafic,1971,5
Christoph Waltz,christoph-waltzs-criterion-closet-picks,parade,Parade,1974,6
Christoph Waltz,christoph-waltzs-criterion-closet-picks,werckmeister-harmonies,Werckmeister Harmonies,2000,7
Christoph Waltz,christoph-waltzs-criterion-closet-picks,the-devils-eye,The Devil's Eye,1960,8
Christoph Waltz,christoph-waltzs-criterion-closet-picks,the-400-blows,The 400 Blows,1959,9
Julio Torres,julio-torres-criterion-closet-picks,house,House,1977,1
Julio Torres,julio-torres-criterion-closet-picks,y-tu-mama-tambien,Y Tu Mamá También,2001,2
Julio Torres,julio-torres-criterion-closet-picks,the-virgin-suicides,The Virgin Suicides,1999,3
Julio Torres,julio-torres-criterion-closet-picks,where-is-the-friends-house,Where Is the Friend's House?,1987,4
Julio Torres,julio-torres-criterion-closet-picks,the-suitor,The Suitor,1962,5
Julio Torres,julio-torres-criterion-closet-picks,yoyo,Yoyo,1965,6
Julio Torres,julio-torres-criterion-closet-picks,as-long-as-youve-got-your-health,As Long as You've Got Your Health,1966,7
Julio Torres,julio-torres-criterion-closet-picks,le-grand-amour,Le Grand Amour,1969,8
Julio Torres,julio-torres-criterion-closet-picks,land-of-milk-and-honey,Land of Milk and Honey,1971,9
Julio Torres,julio-torres-criterion-closet-picks,life-and-nothing-more,"Life, and Nothing More…",1992,10
Julio Torres,julio-torres-criterion-closet-picks,through-the-olive-trees,Through the Olive Trees,1994,11
Julio Torres,julio-torres-criterion-closet-picks,amores-perros,Amores Perros,2000,12
Julio Torres,julio-torres-criterion-closet-picks,after-hours,After Hours,1985,13
Kei Chika-ura,kei-chika-uras-criterion-closet-picks,the-roaring-twenties,The Roaring Twenties,1939,1
Kei Chika-ura,kei-chika-uras-criterion-closet-picks,wanda,Wanda,1970,2
Jeanie Finlay,jeanie-finlays-criterion-closet-picks,after-life,After Life,1998,1
Jeanie Finlay,jeanie-finlays-criterion-closet-picks,petite-maman,Petite Maman,2021,2
Lily Gladstone and Erica Tremblay,lily-gladstone-and-erica-tremblays-criterion,fancy-dance-2023,Fancy Dance,2023,1
Lily Gladstone and Erica Tremblay,lily-gladstone-and-erica-tremblays-criterion,after-life,After Life,1998,2
Lily Gladstone and Erica Tremblay,lily-gladstone-and-erica-tremblays-criterion,frances-ha,Frances Ha,2012,3
Lily Gladstone and Erica Tremblay,lily-gladstone-and-erica-tremblays-criterion,local-hero,Local Hero,1983,4
Lily Gladstone and Erica Tremblay,lily-gladstone-and-erica-tremblays-criterion,quadrophenia,Quadrophenia,1979,5
Lily Gladstone and Erica Tremblay,lily-gladstone-and-erica-tremblays-criterion,old-joy,Old Joy,2006,6
Lily Gladstone and Erica Tremblay,lily-gladstone-and-erica-tremblays-criterion,italianamerican,Italianamerican,1974,7
Lily Gladstone and Erica Tremblay,lily-gladstone-and-erica-tremblays-criterion,american-boy-a-profile-of-steven-prince,American Boy: A Profile of Steven Prince,1978,8
Lily Gladstone and Erica Tremblay,lily-gladstone-and-erica-tremblays-criterion,the-big-shave,The Big Shave,1967,9
Lily Gladstone and Erica Tremblay,lily-gladstone-and-erica-tremblays-criterion,its-not-just-you-murray,"It's Not Just You, Murray!",1964,10
Lily Gladstone and Erica Tremblay,lily-gladstone-and-erica-tremblays-criterion,whats-a-nice-girl-like-you-doing-in-a-place-like-this,What's a Nice Girl Like You Doing in a Place Like This?,1963,11
Lily Gladstone and Erica Tremblay,lily-gladstone-and-erica-tremblays-criterion,certain-women,Certain Women,2016,12
Lily Gladstone and Erica Tremblay,lily-gladstone-and-erica-tremblays-criterion,still-walking,Still Walking,2008,13
Lily Gladstone and Erica Tremblay,lily-gladstone-and-erica-tremblays-criterion,down-by-law,Down by Law,1986,14
Lily Gladstone and Erica Tremblay,lily-gladstone-and-erica-tremblays-criterion,the-adventures-of-baron-munchausen,The Adventures of Baron Munchausen,1988,15
Lily Gladstone and Erica Tremblay,lily-gladstone-and-erica-tremblays-criterion,fishing-with-john,Fishing with John,1991,16
Lily Gladstone and Erica Tremblay,lily-gladstone-and-erica-tremblays-criterion,rolling-thunder-revue-a-bob-dylan-story-by-martin-scorsese,Rolling Thunder Revue: A Bob Dylan Story by Martin Scorsese,2019,17
Lily Gladstone and Erica Tremblay,lily-gladstone-and-erica-tremblays-criterion,ghost-dog-the-way-of-the-samurai,Ghost Dog: The Way of the Samurai,1999,18
Lily Gladstone and Erica Tremblay,lily-gladstone-and-erica-tremblays-criterion,cronos,Cronos,1992,19
Lily Gladstone and Erica Tremblay,lily-gladstone-and-erica-tremblays-criterion,the-devils-backbone,The Devil's Backbone,2001,20
Lily Gladstone and Erica Tremblay,lily-gladstone-and-erica-tremblays-criterion,pans-labyrinth,Pan's Labyrinth,2006,21
Lily Gladstone and Erica Tremblay,lily-gladstone-and-erica-tremblays-criterion,as-tears-go-by,As Tears Go By,1988,22
Lily Gladstone and Erica Tremblay,lily-gladstone-and-erica-tremblays-criterion,ah-fei-jing-juen,Days of Being Wild,1990,23
Lily Gladstone and Erica Tremblay,lily-gladstone-and-erica-tremblays-criterion,chungking-express,Chungking Express,1994,24
Lily Gladstone and Erica Tremblay,lily-gladstone-and-erica-tremblays-criterion,fallen-angels,Fallen Angels,1995,25
Lily Gladstone and Erica Tremblay,lily-gladstone-and-erica-tremblays-criterion,happy-together-1997,Happy Together,1997,26
Lily Gladstone and Erica Tremblay,lily-gladstone-and-erica-tremblays-criterion,in-the-mood-for-love,In the Mood for Love,2000,27
Lily Gladstone and Erica Tremblay,lily-gladstone-and-erica-tremblays-criterion,2046,2046,2004,28
Yorgos Lanthimos and Ariane Labed,yorgos-lanthimos-and-ariane-labeds-criterion,the-lobster,The Lobster,2015,1
Yorgos Lanthimos and Ariane Labed,yorgos-lanthimos-and-ariane-labeds-criterion,five-easy-pieces,Five Easy Pieces,1970,2
Yorgos Lanthimos and Ariane Labed,yorgos-lanthimos-and-ariane-labeds-criterion,au-hasard-balthazar,Au Hasard Balthazar,1966,3
Yorgos Lanthimos and Ariane Labed,yorgos-lanthimos-and-ariane-labeds-criterion,ali-fear-eats-the-soul,Ali: Fear Eats the Soul,1974,4
Yorgos Lanthimos and Ariane Labed,yorgos-lanthimos-and-ariane-labeds-criterion,12-angry-men,12 Angry Men,1957,5
Yorgos Lanthimos and Ariane Labed,yorgos-lanthimos-and-ariane-labeds-criterion,salesman,Salesman,1969,6
Yorgos Lanthimos and Ariane Labed,yorgos-lanthimos-and-ariane-labeds-criterion,man-bites-dog,Man Bites Dog,1992,7
Yorgos Lanthimos and Ariane Labed,yorgos-lanthimos-and-ariane-labeds-criterion,viridiana,Viridiana,1961,8
Yorgos Lanthimos and Ariane Labed,yorgos-lanthimos-and-ariane-labeds-criterion,branded-to-kill,Branded to Kill,1967,9
Yorgos Lanthimos and Ariane Labed,yorgos-lanthimos-and-ariane-labeds-criterion,macbeth-1971,Macbeth,1971,10
Yorgos Lanthimos and Ariane Labed,yorgos-lanthimos-and-ariane-labeds-criterion,le-samourai,Le Samouraï,1967,11
Yorgos Lanthimos and Ariane Labed,yorgos-lanthimos-and-ariane-labeds-criterion,naked,Naked,1993,12
Yorgos Lanthimos and Ariane Labed,yorgos-lanthimos-and-ariane-labeds-criterion,things-to-come,Things to Come,1936,13
Yorgos Lanthimos and Ariane Labed,yorgos-lanthimos-and-ariane-labeds-criterion,pickpocket,Pickpocket,1959,14
Ben Affleck,ben-afflecks-criterion-closet-picks,the-rules-of-the-game,The Rules of the Game,1939,1
Ben Affleck,ben-afflecks-criterion-closet-picks,millers-crossing,Miller's Crossing,1990,2
Ben Affleck,ben-afflecks-criterion-closet-picks,dazed-and-confused,Dazed and Confused,1993,3
Ben Affleck,ben-afflecks-criterion-closet-picks,badlands,Badlands,1973,4
Ben Affleck,ben-afflecks-criterion-closet-picks,traffic,Traffic,2000,5
Ben Affleck,ben-afflecks-criterion-closet-picks,hollywood-shuffle,Hollywood Shuffle,1987,6
Ben Affleck,ben-afflecks-criterion-closet-picks,trainspotting,Trainspotting,1996,7
Ben Affleck,ben-afflecks-criterion-closet-picks,malcolm-x-1992,Malcolm X,1992,8
Ben Affleck,ben-afflecks-criterion-closet-picks,bull-durham,Bull Durham,1988,9
Ben Affleck,ben-afflecks-criterion-closet-picks,fast-times-at-ridgemont-high,Fast Times at Ridgemont High,1982,10
Ben Affleck,ben-afflecks-criterion-closet-picks,the-silence-of-the-lambs,The Silence of the Lambs,1991,11
Ben Affleck,ben-afflecks-criterion-closet-picks,armageddon,Armageddon,1998,12
Ben Affleck,ben-afflecks-criterion-closet-picks,the-elephant-man,The Elephant Man,1980,13
Yong-man Kim,yong-man-kim-criterion-closet-picks,kims-video,Kim's Video,2023,1
Yong-man Kim,yong-man-kim-criterion-closet-picks,rashomon,Rashomon,1950,2
Yong-man Kim,yong-man-kim-criterion-closet-picks,the-cameraman,The Cameraman,1928,3
Kerry Condon,kerry-condons-criterion-closet-picks,the-night-of-the-hunter,The Night of the Hunter,1955,1
Kerry Condon,kerry-condons-criterion-closet-picks,fish-tank,Fish Tank,2009,2
Kerry Condon,kerry-condons-criterion-closet-picks,kes,Kes,1969,3
Kerry Condon,kerry-condons-criterion-closet-picks,george-washington,George Washington,2000,4
Kerry Condon,kerry-condons-criterion-closet-picks,the-tin-drum,The Tin Drum,1979,5
Kerry Condon,kerry-condons-criterion-closet-picks,secrets-lies,Secrets & Lies,1996,6
Kerry Condon,kerry-condons-criterion-closet-picks,mccabe-mrs-miller,McCabe & Mrs. Miller,1971,7
Kerry Condon,kerry-condons-criterion-closet-picks,valley-of-the-dolls,Valley of the Dolls,1967,8
Kerry Condon,kerry-condons-criterion-closet-picks,dogfight,Dogfight,1991,9
Kerry Condon,kerry-condons-criterion-closet-picks,all-about-my-mother,All About My Mother,1999,10
Kerry Condon,kerry-condons-criterion-closet-picks,the-prince-of-tides,The Prince of Tides,1991,11
Kerry Condon,kerry-condons-criterion-closet-picks,ratcatcher,Ratcatcher,1999,12
Tran Anh Hung,tran-anh-hungs-criterion-closet-picks,the-taste-of-things,The Taste of Things,2023,1
Tran Anh Hung,tran-anh-hungs-criterion-closet-picks,barry-lyndon,Barry Lyndon,1975,2
Tran Anh Hung,tran-anh-hungs-criterion-closet-picks,pierrot-le-fou,Pierrot le Fou,1965,3
Tran Anh Hung,tran-anh-hungs-criterion-closet-picks,a-man-escaped,A Man Escaped,1956,4
Alexander Payne,alexander-paynes-criterion-closet-picks,downsizing,Downsizing,2017,1
Alexander Payne,alexander-paynes-criterion-closet-picks,election,Election,1999,2
Alexander Payne,alexander-paynes-criterion-closet-picks,salo-or-the-120-days-of-sodom,"Salò, or the 120 Days of Sodom",1975,3
Alexander Payne,alexander-paynes-criterion-closet-picks,ace-in-the-hole,Ace in the Hole,1951,4
Alexander Payne,alexander-paynes-criterion-closet-picks,3-women,3 Women,1977,5
Alexander Payne,alexander-paynes-criterion-closet-picks,lavventura,L'Avventura,1960,6
Alexander Payne,alexander-paynes-criterion-closet-picks,le-plaisir,Le Plaisir,1952,7
Alexander Payne,alexander-paynes-criterion-closet-picks,alambrista,Alambrista!,1977,8
Alexander Payne,alexander-paynes-criterion-closet-picks,the-breaking-point,The Breaking Point,1950,9
Alexander Payne,alexander-paynes-criterion-closet-picks,speedy,Speedy,1928,10
Alexander Payne,alexander-paynes-criterion-closet-picks,red-beard,Red Beard,1965,11
Alexander Payne,alexander-paynes-criterion-closet-picks,a-special-day,A Special Day,1977,12
Alexander Payne,alexander-paynes-criterion-closet-picks,the-executioner,The Executioner,1963,13
Walter Salles,walter-salles-criterion-closet-picks,im-still-here-2024,I'm Still Here,2024,1
Walter Salles,walter-salles-criterion-closet-picks,andrei-rublev,Andrei Rublev,1966,2
Walter Salles,walter-salles-criterion-closet-picks,stranger-than-paradise,Stranger Than Paradise,1984,3
Walter Salles,walter-salles-criterion-closet-picks,memories-of-underdevelopment,Memories of Underdevelopment,1968,4
Walter Salles,walter-salles-criterion-closet-picks,time-2020,Time,2020,5
Walter Salles,walter-salles-criterion-closet-picks,la-notte,La Notte,1961,6
Walter Salles,walter-salles-criterion-closet-picks,raging-bull,Raging Bull,1980,7
Ron Shelton,ron-sheltons-criterion-closet-picks,bull-durham,Bull Durham,1988,1
Ron Shelton,ron-sheltons-criterion-closet-picks,the-lady-vanishes,The Lady Vanishes,1938,2
Ron Shelton,ron-sheltons-criterion-closet-picks,straw-dogs,Straw Dogs,1971,3
Ron Shelton,ron-sheltons-criterion-closet-picks,badlands,Badlands,1973,4
Ron Shelton,ron-sheltons-criterion-closet-picks,some-like-it-hot,Some Like It Hot,1959,5
Ron Shelton,ron-sheltons-criterion-closet-picks,his-girl-friday,His Girl Friday,1940,6
Ron Shelton,ron-sheltons-criterion-closet-picks,on-the-waterfront,On the Waterfront,1954,7
John David Washington & Malcolm Washington,john-david-washington-malcolm-washingtons,the-piano-lesson-2024,The Piano Lesson,2024,1
John David Washington & Malcolm Washington,john-david-washington-malcolm-washingtons,menace-ii-society,Menace II Society,1993,2
John David Washington & Malcolm Washington,john-david-washington-malcolm-washingtons,malcolm-x,Malcolm X,1972,3
John David Washington & Malcolm Washington,john-david-washington-malcolm-washingtons,body-and-soul-1925,Body and Soul,1925,4
John David Washington & Malcolm Washington,john-david-washington-malcolm-washingtons,borderline,Borderline,1930,5
John David Washington & Malcolm Washington,john-david-washington-malcolm-washingtons,emperor-jones-1933,Emperor Jones,1933,6
John David Washington & Malcolm Washington,john-david-washington-malcolm-washingtons,paul-robeson-tribute-to-an-artist,Paul Robeson: Tribute to an Artist,1979,7
John David Washington & Malcolm Washington,john-david-washington-malcolm-washingtons,sanders-of-the-river,Sanders of the River,1935,8
John David Washington & Malcolm Washington,john-david-washington-malcolm-washingtons,jericho-1937,Jericho,1937,9
John David Washington & Malcolm Washington,john-david-washington-malcolm-washingtons,the-proud-valley,The Proud Valley,1940,10
John David Washington & Malcolm Washington,john-david-washington-malcolm-washingtons,native-land,Native Land,1942,11
John David Washington & Malcolm Washington,john-david-washington-malcolm-washingtons,dekalog,Dekalog,1989,12
John David Washington & Malcolm Washington,john-david-washington-malcolm-washingtons,mirror,Mirror,1975,13
John David Washington & Malcolm Washington,john-david-washington-malcolm-washingtons,drylongso,Drylongso,1998,14
John David Washington & Malcolm Washington,john-david-washington-malcolm-washingtons,rosetta,Rosetta,1999,15
John David Washington & Malcolm Washington,john-david-washington-malcolm-washingtons,irma-vep,Irma Vep,1996,16
John David Washington & Malcolm Washington,john-david-washington-malcolm-washingtons,throne-of-blood,Throne of Blood,1957,17
John David Washington & Malcolm Washington,john-david-washington-malcolm-washingtons,black-orpheus,Black Orpheus,1959,18
John David Washington & Malcolm Washington,john-david-washington-malcolm-washingtons,the-underground-railroad-2021,The Underground Railroad,2021,19
John David Washington & Malcolm Washington,john-david-washington-malcolm-washingtons,faces-1968,Faces,1968,20
John David Washington & Malcolm Washington,john-david-washington-malcolm-washingtons,lola,Lola,1961,21
John David Washington & Malcolm Washington,john-david-washington-malcolm-washingtons,bay-of-angels,Bay of Angels,1963,22
John David Washington & Malcolm Washington,john-david-washington-malcolm-washingtons,the-umbrellas-of-cherbourg,The Umbrellas of Cherbourg,1964,23
John David Washington & Malcolm Washington,john-david-washington-malcolm-washingtons,the-young-girls-of-rochefort,The Young Girls of Rochefort,1967,24
John David Washington & Malcolm Washington,john-david-washington-malcolm-washingtons,donkey-skin,Donkey Skin,1970,25
John David Washington & Malcolm Washington,john-david-washington-malcolm-washingtons,a-room-in-town-1982,A Room in Town,1982,26
John David Washington & Malcolm Washington,john-david-washington-malcolm-washingtons,half-a-loaf-of-kung-fu,Half a Loaf of Kung Fu,1978,27
John David Washington & Malcolm Washington,john-david-washington-malcolm-washingtons,spiritual-kung-fu,Spiritual Kung Fu,1978,28
John David Washington & Malcolm Washington,john-david-washington-malcolm-washingtons,fearless-hyena,Fearless Hyena,1979,29
John David Washington & Malcolm Washington,john-david-washington-malcolm-washingtons,fearless-hyena-2,Fearless Hyena 2,1983,30
John David Washington & Malcolm Washington,john-david-washington-malcolm-washingtons,the-young-master,The Young Master,1980,31
John David Washington & Malcolm Washington,john-david-washington-malcolm-washingtons,my-lucky-stars,My Lucky Stars,1985,32
John David Washington & Malcolm Washington,john-david-washington-malcolm-washingtons,varda-by-agnes,Varda by Agnès,2019,33
John David Washington & Malcolm Washington,john-david-washington-malcolm-washingtons,la-pointe-courte,La Pointe Courte,1955,34
John David Washington & Malcolm Washington,john-david-washington-malcolm-washingtons,cleo-from-5-to-7,Cléo from 5 to 7,1962,35
John David Washington & Malcolm Washington,john-david-washington-malcolm-washingtons,daguerreotypes,Daguerréotypes,1975,36
John David Washington & Malcolm Washington,john-david-washington-malcolm-washingtons,happiness-1965,Le Bonheur,1965,37
John David Washington & Malcolm Washington,john-david-washington-malcolm-washingtons,the-creatures,The Creatures,1966,38
John David Washington & Malcolm Washington,john-david-washington-malcolm-washingtons,uncle-yanco,Uncle Yanco,1967,39
John David Washington & Malcolm Washington,john-david-washington-malcolm-washingtons,black-panthers,Black Panthers,1968,40
John David Washington & Malcolm Washington,john-david-washington-malcolm-washingtons,lions-love,Lions Love,1969,41
John David Washington & Malcolm Washington,john-david-washington-malcolm-washingtons,mur-murs,Mur Murs,1981,42
John David Washington & Malcolm Washington,john-david-washington-malcolm-washingtons,documenteur,Documenteur,1981,43
John David Washington & Malcolm Washington,john-david-washington-malcolm-washingtons,one-sings-the-other-doesnt,"One Sings, the Other Doesn't",1977,44
John David Washington & Malcolm Washington,john-david-washington-malcolm-washingtons,vagabond,Vagabond,1985,45
John David Washington & Malcolm Washington,john-david-washington-malcolm-washingtons,jane-b-by-agnes-v,Jane B. by Agnès V.,1988,46
John David Washington & Malcolm Washington,john-david-washington-malcolm-washingtons,kung-fu-master,Kung-Fu Master!,1988,47
John David Washington & Malcolm Washington,john-david-washington-malcolm-washingtons,jacquot-de-nantes,Jacquot de Nantes,1991,48
John David Washington & Malcolm Washington,john-david-washington-malcolm-washingtons,one-hundred-and-one-nights,One Hundred and One Nights,1995,49
John David Washington & Malcolm Washington,john-david-washington-malcolm-washingtons,the-gleaners-and-i,The Gleaners and I,2000,50
John David Washington & Malcolm Washington,john-david-washington-malcolm-washingtons,the-gleaners-and-i-two-years-later,The Gleaners and I: Two Years Later,2002,51
John David Washington & Malcolm Washington,john-david-washington-malcolm-washingtons,faces-places,Faces Places,2017,52
John David Washington & Malcolm Washington,john-david-washington-malcolm-washingtons,agnes-varda-from-here-to-there,Agnès Varda: From Here to There,2011,53
John David Washington & Malcolm Washington,john-david-washington-malcolm-washingtons,the-beaches-of-agnes,The Beaches of Agnès,2008,54
John David Washington & Malcolm Washington,john-david-washington-malcolm-washingtons,malcolm-x-1992,Malcolm X,1992,55
John David Washington & Malcolm Washington,john-david-washington-malcolm-washingtons,a-tale-of-springtime,A Tale of Springtime,1990,56
John David Washington & Malcolm Washington,john-david-washington-malcolm-washingtons,a-tale-of-winter,A Tale of Winter,1992,57
John David Washington & Malcolm Washington,john-david-washington-malcolm-washingtons,a-summers-tale,A Summer's Tale,1996,58
John David Washington & Malcolm Washington,john-david-washington-malcolm-washingtons,a-tale-of-autumn,A Tale of Autumn,1998,59
John David Washington & Malcolm Washington,john-david-washington-malcolm-washingtons,ghost-dog-the-way-of-the-samurai,Ghost Dog: The Way of the Samurai,1999,60
John David Washington & Malcolm Washington,john-david-washington-malcolm-washingtons,diabolique-1955,Diabolique,1955,61
John David Washington & Malcolm Washington,john-david-washington-malcolm-washingtons,elevator-to-the-gallows,Elevator to the Gallows,1958,62
Caitlin Cronenberg,caitlin-cronenberg-criterion-closet-picks,the-grand-budapest-hotel,The Grand Budapest Hotel,2014,1
Caitlin Cronenberg,caitlin-cronenberg-criterion-closet-picks,the-big-chill,The Big Chill,1983,2
Caitlin Cronenberg,caitlin-cronenberg-criterion-closet-picks,fast-times-at-ridgemont-high,Fast Times at Ridgemont High,1982,3
Caitlin Cronenberg,caitlin-cronenberg-criterion-closet-picks,all-that-jazz,All That Jazz,1979,4
Pawo Choyning Dorji,pawo-choyning-dorjis-criterion-closet-picks,the-monk-and-the-gun,The Monk and the Gun,2023,1
Pawo Choyning Dorji,pawo-choyning-dorjis-criterion-closet-picks,rashomon,Rashomon,1950,2
Pawo Choyning Dorji,pawo-choyning-dorjis-criterion-closet-picks,a-brighter-summer-day,A Brighter Summer Day,1991,3
Joel Kim Booster,joel-kim-boosters-criterion-closet-picks,mothra-vs-godzilla,Mothra vs. Godzilla,1964,1
Joel Kim Booster,joel-kim-boosters-criterion-closet-picks,sound-of-metal,Sound of Metal,2019,2
Joel Kim Booster,joel-kim-boosters-criterion-closet-picks,happy-together-1997,Happy Together,1997,3
Joel Kim Booster,joel-kim-boosters-criterion-closet-picks,the-philadelphia-story,The Philadelphia Story,1940,4
Joel Kim Booster,joel-kim-boosters-criterion-closet-picks,the-big-chill,The Big Chill,1983,5
Joel Kim Booster,joel-kim-boosters-criterion-closet-picks,the-others,The Others,2001,6
Joel Kim Booster,joel-kim-boosters-criterion-closet-picks,godzilla,Godzilla,1954,7
Joel Kim Booster,joel-kim-boosters-criterion-closet-picks,godzilla-raids-again,Godzilla Raids Again,1955,8
Joel Kim Booster,joel-kim-boosters-criterion-closet-picks,king-kong-vs-godzilla,King Kong vs. Godzilla,1962,9
Joel Kim Booster,joel-kim-boosters-criterion-closet-picks,king-kong-vs-godzilla-1963,King Kong vs. Godzilla,1963,10
Joel Kim Booster,joel-kim-boosters-criterion-closet-picks,ghidorah-the-three-headed-monster,"Ghidorah, the Three-Headed Monster",1964,11
Joel Kim Booster,joel-kim-boosters-criterion-closet-picks,invasion-of-astro-monster,Invasion of Astro-Monster,1965,12
Joel Kim Booster,joel-kim-boosters-criterion-closet-picks,ebirah-horror-of-the-deep,"Ebirah, Horror of the Deep",1966,13
Joel Kim Booster,joel-kim-boosters-criterion-closet-picks,son-of-godzilla,Son of Godzilla,1967,14
Joel Kim Booster,joel-kim-boosters-criterion-closet-picks,destroy-all-monsters,Destroy All Monsters,1968,15
Joel Kim Booster,joel-kim-boosters-criterion-closet-picks,all-monsters-attack,All Monsters Attack,1969,16
Joel Kim Booster,joel-kim-boosters-criterion-closet-picks,godzilla-vs-hedorah,Godzilla vs. Hedorah,1971,17
Joel Kim Booster,joel-kim-boosters-criterion-closet-picks,godzilla-vs-gigan,Godzilla vs. Gigan,1972,18
Joel Kim Booster,joel-kim-boosters-criterion-closet-picks,godzilla-vs-megalon,Godzilla vs. Megalon,1973,19
Joel Kim Booster,joel-kim-boosters-criterion-closet-picks,godzilla-vs-mechagodzilla,Godzilla vs. Mechagodzilla,1974,20
Joel Kim Booster,joel-kim-boosters-criterion-closet-picks,terror-of-mechagodzilla,Terror of Mechagodzilla,1975,21
Joel Kim Booster,joel-kim-boosters-criterion-closet-picks,as-tears-go-by,As Tears Go By,1988,22
Joel Kim Booster,joel-kim-boosters-criterion-closet-picks,ah-fei-jing-juen,Days of Being Wild,1990,23
Joel Kim Booster,joel-kim-boosters-criterion-closet-picks,chungking-express,Chungking Express,1994,24
Joel Kim Booster,joel-kim-boosters-criterion-closet-picks,fallen-angels,Fallen Angels,1995,25
Joel Kim Booster,joel-kim-boosters-criterion-closet-picks,in-the-mood-for-love,In the Mood for Love,2000,26
Joel Kim Booster,joel-kim-boosters-criterion-closet-picks,2046,2046,2004,27
Joel Kim Booster,joel-kim-boosters-criterion-closet-picks,hedwig-and-the-angry-inch,Hedwig and the Angry Inch,2001,28
Joel Kim Booster,joel-kim-boosters-criterion-closet-picks,before-sunrise,Before Sunrise,1995,29
Joel Kim Booster,joel-kim-boosters-criterion-closet-picks,before-sunset,Before Sunset,2004,30
Joel Kim Booster,joel-kim-boosters-criterion-closet-picks,before-midnight,Before Midnight,2013,31
Joel Kim Booster,joel-kim-boosters-criterion-closet-picks,love-basketball,Love & Basketball,2000,32
Joel Kim Booster,joel-kim-boosters-criterion-closet-picks,paris-is-burning,Paris Is Burning,1990,33
Johnnie To,johnnie-tos-criterion-closet-picks,roma-2018,Roma,2018,1
Johnnie To,johnnie-tos-criterion-closet-picks,dekalog,Dekalog,1989,2
Johnnie To,johnnie-tos-criterion-closet-picks,three-colours-blue,Three Colours: Blue,1993,3
Johnnie To,johnnie-tos-criterion-closet-picks,three-colours-red,Three Colours: Red,1994,4
Johnnie To,johnnie-tos-criterion-closet-picks,three-colours-white,Three Colours: White,1994,5
Johnnie To,johnnie-tos-criterion-closet-picks,harakiri,Harakiri,1962,6
Johnnie To,johnnie-tos-criterion-closet-picks,the-thick-walled-room,The Thick-Walled Room,1956,7
Johnnie To,johnnie-tos-criterion-closet-picks,i-will-buy-you,I Will Buy You,1956,8
Johnnie To,johnnie-tos-criterion-closet-picks,black-river-1957,Black River,1957,9
Johnnie To,johnnie-tos-criterion-closet-picks,the-inheritance-1962,The Inheritance,1962,10
Johnnie To,johnnie-tos-criterion-closet-picks,straw-dogs,Straw Dogs,1971,11
Johnnie To,johnnie-tos-criterion-closet-picks,raging-bull,Raging Bull,1980,12
Johnnie To,johnnie-tos-criterion-closet-picks,italianamerican,Italianamerican,1974,13
Johnnie To,johnnie-tos-criterion-closet-picks,american-boy-a-profile-of-steven-prince,American Boy: A Profile of Steven Prince,1978,14
Johnnie To,johnnie-tos-criterion-closet-picks,the-big-shave,The Big Shave,1967,15
Johnnie To,johnnie-tos-criterion-closet-picks,its-not-just-you-murray,"It's Not Just You, Murray!",1964,16
Johnnie To,johnnie-tos-criterion-closet-picks,whats-a-nice-girl-like-you-doing-in-a-place-like-this,What's a Nice Girl Like You Doing in a Place Like This?,1963,17
Johnnie To,johnnie-tos-criterion-closet-picks,sanshiro-sugata,Sanshiro Sugata,1943,18
Johnnie To,johnnie-tos-criterion-closet-picks,the-most-beautiful,The Most Beautiful,1944,19
Johnnie To,johnnie-tos-criterion-closet-picks,sanshiro-sugata-part-two,"Sanshiro Sugata, Part Two",1945,20
Johnnie To,johnnie-tos-criterion-closet-picks,the-men-who-tread-on-the-tigers-tail,The Men Who Tread on the Tiger's Tail,1945,21
Elegance Bratton,elegance-brattons-criterion-closet-picks,the-inspection,The Inspection,2022,1
Elegance Bratton,elegance-brattons-criterion-closet-picks,sid-and-nancy,Sid and Nancy,1986,2
Elegance Bratton,elegance-brattons-criterion-closet-picks,summertime,Summertime,1955,3
Elegance Bratton,elegance-brattons-criterion-closet-picks,ratcatcher,Ratcatcher,1999,4
Elegance Bratton,elegance-brattons-criterion-closet-picks,written-on-the-wind,Written on the Wind,1956,5
Elegance Bratton,elegance-brattons-criterion-closet-picks,all-that-heaven-allows,All That Heaven Allows,1955,6
Elegance Bratton,elegance-brattons-criterion-closet-picks,rashomon,Rashomon,1950,7
Elegance Bratton,elegance-brattons-criterion-closet-picks,the-story-of-a-three-day-pass,The Story of a Three-Day Pass,1967,8
Elegance Bratton,elegance-brattons-criterion-closet-picks,watermelon-man,Watermelon Man,1970,9
Elegance Bratton,elegance-brattons-criterion-closet-picks,sweet-sweetbacks-baadasssss-song,Sweet Sweetback's Baadasssss Song,1971,10
Elegance Bratton,elegance-brattons-criterion-closet-picks,dont-play-us-cheap,Don't Play Us Cheap,1973,11
Elegance Bratton,elegance-brattons-criterion-closet-picks,paris-is-burning,Paris Is Burning,1990,12
Elegance Bratton,elegance-brattons-criterion-closet-picks,bamboozled,Bamboozled,2000,13
Elegance Bratton,elegance-brattons-criterion-closet-picks,the-battle-of-algiers,The Battle of Algiers,1966,14
Elegance Bratton,elegance-brattons-criterion-closet-picks,some-like-it-hot,Some Like It Hot,1959,15
Elegance Bratton,elegance-brattons-criterion-closet-picks,shadows-1958,Shadows,1958,16
Elegance Bratton,elegance-brattons-criterion-closet-picks,faces-1968,Faces,1968,17
Elegance Bratton,elegance-brattons-criterion-closet-picks,a-woman-under-the-influence,A Woman Under the Influence,1974,18
Elegance Bratton,elegance-brattons-criterion-closet-picks,the-killing-of-a-chinese-bookie,The Killing of a Chinese Bookie,1976,19
Elegance Bratton,elegance-brattons-criterion-closet-picks,opening-night,Opening Night,1977,20
Elegance Bratton,elegance-brattons-criterion-closet-picks,a-constant-forge,A Constant Forge,2000,21
RaMell Ross,ramell-ross-criterion-closet-picks,the-tin-drum,The Tin Drum,1979,1
RaMell Ross,ramell-ross-criterion-closet-picks,as-tears-go-by,As Tears Go By,1988,2
RaMell Ross,ramell-ross-criterion-closet-picks,ah-fei-jing-juen,Days of Being Wild,1990,3
RaMell Ross,ramell-ross-criterion-closet-picks,chungking-express,Chungking Express,1994,4
RaMell Ross,ramell-ross-criterion-closet-picks,fallen-angels,Fallen Angels,1995,5
RaMell Ross,ramell-ross-criterion-closet-picks,happy-together-1997,Happy Together,1997,6
RaMell Ross,ramell-ross-criterion-closet-picks,in-the-mood-for-love,In the Mood for Love,2000,7
RaMell Ross,ramell-ross-criterion-closet-picks,2046,2046,2004,8
RaMell Ross,ramell-ross-criterion-closet-picks,la-jetee,La Jetée,1962,9
RaMell Ross,ramell-ross-criterion-closet-picks,sans-soleil,Sans Soleil,1983,10
RaMell Ross,ramell-ross-criterion-closet-picks,mirror,Mirror,1975,11
RaMell Ross,ramell-ross-criterion-closet-picks,stalker,Stalker,1979,12
RaMell Ross,ramell-ross-criterion-closet-picks,cameraperson,Cameraperson,2016,13
RaMell Ross,ramell-ross-criterion-closet-picks,koyaanisqatsi,Koyaanisqatsi,1982,14
RaMell Ross,ramell-ross-criterion-closet-picks,powaqqatsi,Powaqqatsi,1988,15
RaMell Ross,ramell-ross-criterion-closet-picks,naqoyqatsi,Naqoyqatsi,2002,16
RaMell Ross,ramell-ross-criterion-closet-picks,to-sleep-with-anger,To Sleep with Anger,1990,17
RaMell Ross,ramell-ross-criterion-closet-picks,ghost-dog-the-way-of-the-samurai,Ghost Dog: The Way of the Samurai,1999,18
RaMell Ross,ramell-ross-criterion-closet-picks,the-big-boss,The Big Boss,1971,19
RaMell Ross,ramell-ross-criterion-closet-picks,fist-of-fury,Fist of Fury,1972,20
RaMell Ross,ramell-ross-criterion-closet-picks,the-way-of-the-dragon,The Way of the Dragon,1972,21
RaMell Ross,ramell-ross-criterion-closet-picks,enter-the-dragon,Enter the Dragon,1973,22
RaMell Ross,ramell-ross-criterion-closet-picks,game-of-death,Game of Death,1978,23
RaMell Ross,ramell-ross-criterion-closet-picks,jubal,Jubal,1956,24
Cord Jefferson,cord-jeffersons-criterion-closet-picks,american-fiction,American Fiction,2023,1
Cord Jefferson,cord-jeffersons-criterion-closet-picks,hollywood-shuffle,Hollywood Shuffle,1987,2
Cord Jefferson,cord-jeffersons-criterion-closet-picks,the-seventh-continent,The Seventh Continent,1989,3
Cord Jefferson,cord-jeffersons-criterion-closet-picks,bennys-video,Benny's Video,1992,4
Cord Jefferson,cord-jeffersons-criterion-closet-picks,71-fragments-of-a-chronology-of-chance,71 Fragments of a Chronology of Chance,1994,5
Marco Bellocchio,marco-bellocchios-criterion-closet-picks,the-traitor-2019,The Traitor,2019,1
Marco Bellocchio,marco-bellocchios-criterion-closet-picks,barry-lyndon,Barry Lyndon,1975,2
Marco Bellocchio,marco-bellocchios-criterion-closet-picks,pickpocket,Pickpocket,1959,3
Marco Bellocchio,marco-bellocchios-criterion-closet-picks,othello-1951,Othello,1951,4
Marco Bellocchio,marco-bellocchios-criterion-closet-picks,throne-of-blood,Throne of Blood,1957,5
Marco Bellocchio,marco-bellocchios-criterion-closet-picks,umberto-d,Umberto D.,1952,6
Marco Bellocchio,marco-bellocchios-criterion-closet-picks,richard-iii,Richard III,1955,7
Paul W. Downs,paul-w-downs-criterion-closet-picks,election,Election,1999,1
Paul W. Downs,paul-w-downs-criterion-closet-picks,being-john-malkovich,Being John Malkovich,1999,2
Paul W. Downs,paul-w-downs-criterion-closet-picks,vanya-on-42nd-street,Vanya on 42nd Street,1994,3
Paul W. Downs,paul-w-downs-criterion-closet-picks,tootsie,Tootsie,1982,4
Paul W. Downs,paul-w-downs-criterion-closet-picks,traffic,Traffic,2000,5
Simon Pegg,simon-peggs-criterion-closet-picks,my-life-as-a-dog,My Life as a Dog,1985,1
Simon Pegg,simon-peggs-criterion-closet-picks,night-of-the-living-dead,Night of the Living Dead,1968,2
Simon Pegg,simon-peggs-criterion-closet-picks,quadrophenia,Quadrophenia,1979,3
Simon Pegg,simon-peggs-criterion-closet-picks,blue-velvet,Blue Velvet,1986,4
Neal Brennan,neal-brennans-criterion-closet-picks,barry-lyndon,Barry Lyndon,1975,1
Neal Brennan,neal-brennans-criterion-closet-picks,shampoo,Shampoo,1975,2
Neal Brennan,neal-brennans-criterion-closet-picks,me-and-you-and-everyone-we-know,Me and You and Everyone We Know,2005,3
Neal Brennan,neal-brennans-criterion-closet-picks,a-face-in-the-crowd,A Face in the Crowd,1957,4
Neal Brennan,neal-brennans-criterion-closet-picks,paris-is-burning,Paris Is Burning,1990,5
Neal Brennan,neal-brennans-criterion-closet-picks,bamboozled,Bamboozled,2000,6
Neal Brennan,neal-brennans-criterion-closet-picks,bringing-up-baby,Bringing Up Baby,1938,7
Neal Brennan,neal-brennans-criterion-closet-picks,menace-ii-society,Menace II Society,1993,8
Neal Brennan,neal-brennans-criterion-closet-picks,original-cast-album-company,Original Cast Album: Company,1970,9
Thierry Frémaux,thierry-fremauxs-criterion-closet-picks,pierrot-le-fou,Pierrot le Fou,1965,1
Thierry Frémaux,thierry-fremauxs-criterion-closet-picks,the-tall-t,The Tall T,1957,2
Thierry Frémaux,thierry-fremauxs-criterion-closet-picks,decision-at-sundown,Decision at Sundown,1957,3
Thierry Frémaux,thierry-fremauxs-criterion-closet-picks,buchanan-rides-alone,Buchanan Rides Alone,1958,4
Thierry Frémaux,thierry-fremauxs-criterion-closet-picks,ride-lonesome,Ride Lonesome,1959,5
Thierry Frémaux,thierry-fremauxs-criterion-closet-picks,comanche-station,Comanche Station,1960,6
Thierry Frémaux,thierry-fremauxs-criterion-closet-picks,shadows-in-paradise,Shadows in Paradise,1986,7
Thierry Frémaux,thierry-fremauxs-criterion-closet-picks,ariel,Ariel,1988,8
Thierry Frémaux,thierry-fremauxs-criterion-closet-picks,the-match-factory-girl,The Match Factory Girl,1990,9
Thierry Frémaux,thierry-fremauxs-criterion-closet-picks,round-midnight,'Round Midnight,1986,10
Thierry Frémaux,thierry-fremauxs-criterion-closet-picks,godzilla,Godzilla,1954,11
Thierry Frémaux,thierry-fremauxs-criterion-closet-picks,godzilla-raids-again,Godzilla Raids Again,1955,12
Thierry Frémaux,thierry-fremauxs-criterion-closet-picks,king-kong-vs-godzilla,King Kong vs. Godzilla,1962,13
Thierry Frémaux,thierry-fremauxs-criterion-closet-picks,king-kong-vs-godzilla-1963,King Kong vs. Godzilla,1963,14
Thierry Frémaux,thierry-fremauxs-criterion-closet-picks,mothra-vs-godzilla,Mothra vs. Godzilla,1964,15
Thierry Frémaux,thierry-fremauxs-criterion-closet-picks,ghidorah-the-three-headed-monster,"Ghidorah, the Three-Headed Monster",1964,16
Thierry Frémaux,thierry-fremauxs-criterion-closet-picks,invasion-of-astro-monster,Invasion of Astro-Monster,1965,17
Thierry Frémaux,thierry-fremauxs-criterion-closet-picks,ebirah-horror-of-the-deep,"Ebirah, Horror of the Deep",1966,18
Thierry Frémaux,thierry-fremauxs-criterion-closet-picks,son-of-godzilla,Son of Godzilla,1967,19
Thierry Frémaux,thierry-fremauxs-criterion-closet-picks,destroy-all-monsters,Destroy All Monsters,1968,20
Thierry Frémaux,thierry-fremauxs-criterion-closet-picks,all-monsters-attack,All Monsters Attack,1969,21
Thierry Frémaux,thierry-fremauxs-criterion-closet-picks,godzilla-vs-hedorah,Godzilla vs. Hedorah,1971,22
Thierry Frémaux,thierry-fremauxs-criterion-closet-picks,godzilla-vs-gigan,Godzilla vs. Gigan,1972,23
Thierry Frémaux,thierry-fremauxs-criterion-closet-picks,godzilla-vs-megalon,Godzilla vs. Megalon,1973,24
Thierry Frémaux,thierry-fremauxs-criterion-closet-picks,godzilla-vs-mechagodzilla,Godzilla vs. Mechagodzilla,1974,25
Thierry Frémaux,thierry-fremauxs-criterion-closet-picks,terror-of-mechagodzilla,Terror of Mechagodzilla,1975,26
Thierry Frémaux,thierry-fremauxs-criterion-closet-picks,il-posto,Il Posto,1961,27
Thierry Frémaux,thierry-fremauxs-criterion-closet-picks,the-truth-1960,The Truth,1960,28
Ben Whishaw,ben-whishaws-criterion-closet-picks,sweetie,Sweetie,1989,1
Ben Whishaw,ben-whishaws-criterion-closet-picks,a-canterbury-tale,A Canterbury Tale,1944,2
Ben Whishaw,ben-whishaws-criterion-closet-picks,jubilee,Jubilee,1978,3
Ben Whishaw,ben-whishaws-criterion-closet-picks,king-lear-1987,King Lear,1987,4
Ben Whishaw,ben-whishaws-criterion-closet-picks,humanite,Humanité,1999,5
Ben Whishaw,ben-whishaws-criterion-closet-picks,hedwig-and-the-angry-inch,Hedwig and the Angry Inch,2001,6
Dylan Baker,dylan-bakers-criterion-closet-picks,destry-rides-again,Destry Rides Again,1939,1
Dylan Baker,dylan-bakers-criterion-closet-picks,holiday,Holiday,1938,2
Dylan Baker,dylan-bakers-criterion-closet-picks,quadrophenia,Quadrophenia,1979,3
Dylan Baker,dylan-bakers-criterion-closet-picks,its-a-mad-mad-mad-mad-world,"It's a Mad, Mad, Mad, Mad World",1963,4
Dylan Baker,dylan-bakers-criterion-closet-picks,christ-stopped-at-eboli,Christ Stopped at Eboli,1979,5
Dylan Baker,dylan-bakers-criterion-closet-picks,local-hero,Local Hero,1983,6
Dylan Baker,dylan-bakers-criterion-closet-picks,the-ascent,The Ascent,1977,7
Dylan Baker,dylan-bakers-criterion-closet-picks,ride-with-the-devil,Ride with the Devil,1999,8
Barry Jenkins,barry-jenkins-criterion-closet-picks,moonlight-2016,Moonlight,2016,1
Barry Jenkins,barry-jenkins-criterion-closet-picks,fanny-and-alexander,Fanny and Alexander,1982,2
Barry Jenkins,barry-jenkins-criterion-closet-picks,fanny-and-alexander-1984,Fanny and Alexander,1984,3
Barry Jenkins,barry-jenkins-criterion-closet-picks,pather-panchali,Pather Panchali,1955,4
Barry Jenkins,barry-jenkins-criterion-closet-picks,aparajito,Aparajito,1956,5
Barry Jenkins,barry-jenkins-criterion-closet-picks,apur-sansar,Apur Sansar,1959,6
Barry Jenkins,barry-jenkins-criterion-closet-picks,weekend-2011,Weekend,2011,7
Barry Jenkins,barry-jenkins-criterion-closet-picks,shadows-1958,Shadows,1958,8
Barry Jenkins,barry-jenkins-criterion-closet-picks,faces-1968,Faces,1968,9
Barry Jenkins,barry-jenkins-criterion-closet-picks,a-woman-under-the-influence,A Woman Under the Influence,1974,10
Barry Jenkins,barry-jenkins-criterion-closet-picks,the-killing-of-a-chinese-bookie,The Killing of a Chinese Bookie,1976,11
Barry Jenkins,barry-jenkins-criterion-closet-picks,opening-night,Opening Night,1977,12
Barry Jenkins,barry-jenkins-criterion-closet-picks,a-constant-forge,A Constant Forge,2000,13
Barry Jenkins,barry-jenkins-criterion-closet-picks,dekalog,Dekalog,1989,14
Barry Jenkins,barry-jenkins-criterion-closet-picks,la-haine,La Haine,1995,15
Barry Jenkins,barry-jenkins-criterion-closet-picks,blood-simple,Blood Simple,1984,16
Barry Jenkins,barry-jenkins-criterion-closet-picks,fat-girl,Fat Girl,2001,17
Barry Jenkins,barry-jenkins-criterion-closet-picks,monsoon-wedding,Monsoon Wedding,2001,18
Barry Jenkins,barry-jenkins-criterion-closet-picks,la-cienaga,La Ciénaga,2001,19
Barry Jenkins,barry-jenkins-criterion-closet-picks,ratcatcher,Ratcatcher,1999,20
Barry Jenkins,barry-jenkins-criterion-closet-picks,george-washington,George Washington,2000,21
Barry Jenkins,barry-jenkins-criterion-closet-picks,rashomon,Rashomon,1950,22
Barry Jenkins,barry-jenkins-criterion-closet-picks,breathless,Breathless,1960,23
Barry Jenkins,barry-jenkins-criterion-closet-picks,lola,Lola,1961,24
Barry Jenkins,barry-jenkins-criterion-closet-picks,bay-of-angels,Bay of Angels,1963,25
Barry Jenkins,barry-jenkins-criterion-closet-picks,the-umbrellas-of-cherbourg,The Umbrellas of Cherbourg,1964,26
Barry Jenkins,barry-jenkins-criterion-closet-picks,the-young-girls-of-rochefort,The Young Girls of Rochefort,1967,27
Barry Jenkins,barry-jenkins-criterion-closet-picks,donkey-skin,Donkey Skin,1970,28
Barry Jenkins,barry-jenkins-criterion-closet-picks,a-room-in-town-1982,A Room in Town,1982,29
Barry Jenkins,barry-jenkins-criterion-closet-picks,jour-de-fete,Jour de Fête,1949,30
Barry Jenkins,barry-jenkins-criterion-closet-picks,monsieur-hulots-holiday,Monsieur Hulot's Holiday,1953,31
Barry Jenkins,barry-jenkins-criterion-closet-picks,mon-oncle,Mon Oncle,1958,32
Barry Jenkins,barry-jenkins-criterion-closet-picks,playtime,PlayTime,1967,33
Barry Jenkins,barry-jenkins-criterion-closet-picks,trafic,Trafic,1971,34
Barry Jenkins,barry-jenkins-criterion-closet-picks,parade,Parade,1974,35
Barry Jenkins,barry-jenkins-criterion-closet-picks,a-brighter-summer-day,A Brighter Summer Day,1991,36
Barry Jenkins,barry-jenkins-criterion-closet-picks,pleasures-of-the-flesh,Pleasures of the Flesh,1965,37
Barry Jenkins,barry-jenkins-criterion-closet-picks,violence-at-noon,Violence at Noon,1966,38
Barry Jenkins,barry-jenkins-criterion-closet-picks,sing-a-song-of-sex,Sing a Song of Sex,1967,39
Barry Jenkins,barry-jenkins-criterion-closet-picks,japanese-summer-double-suicide,Japanese Summer: Double Suicide,1967,40
Barry Jenkins,barry-jenkins-criterion-closet-picks,three-resurrected-drunkards,Three Resurrected Drunkards,1968,41
Barry Jenkins,barry-jenkins-criterion-closet-picks,three-colours-blue,Three Colours: Blue,1993,42
Barry Jenkins,barry-jenkins-criterion-closet-picks,three-colours-red,Three Colours: Red,1994,43
Barry Jenkins,barry-jenkins-criterion-closet-picks,three-colours-white,Three Colours: White,1994,44
Sara Dosa,sara-dosas-criterion-closet-picks,fire-of-love-2022,Fire of Love,2022,1
Sara Dosa,sara-dosas-criterion-closet-picks,burden-of-dreams,Burden of Dreams,1982,2
Sara Dosa,sara-dosas-criterion-closet-picks,jules-and-jim,Jules and Jim,1962,3
Sara Dosa,sara-dosas-criterion-closet-picks,me-and-you-and-everyone-we-know,Me and You and Everyone We Know,2005,4
Sara Dosa,sara-dosas-criterion-closet-picks,y-tu-mama-tambien,Y Tu Mamá También,2001,5
Sara Dosa,sara-dosas-criterion-closet-picks,sans-soleil,Sans Soleil,1983,6
Sara Dosa,sara-dosas-criterion-closet-picks,la-jetee,La Jetée,1962,7
Sara Dosa,sara-dosas-criterion-closet-picks,faya-dayi,Faya Dayi,2021,8
Sara Dosa,sara-dosas-criterion-closet-picks,varda-by-agnes,Varda by Agnès,2019,9
Sara Dosa,sara-dosas-criterion-closet-picks,la-pointe-courte,La Pointe Courte,1955,10
Sara Dosa,sara-dosas-criterion-closet-picks,cleo-from-5-to-7,Cléo from 5 to 7,1962,11
Sara Dosa,sara-dosas-criterion-closet-picks,daguerreotypes,Daguerréotypes,1975,12
Sara Dosa,sara-dosas-criterion-closet-picks,happiness-1965,Le Bonheur,1965,13
Sara Dosa,sara-dosas-criterion-closet-picks,the-creatures,The Creatures,1966,14
Sara Dosa,sara-dosas-criterion-closet-picks,uncle-yanco,Uncle Yanco,1967,15
Sara Dosa,sara-dosas-criterion-closet-picks,black-panthers,Black Panthers,1968,16
Sara Dosa,sara-dosas-criterion-closet-picks,lions-love,Lions Love,1969,17
Sara Dosa,sara-dosas-criterion-closet-picks,mur-murs,Mur Murs,1981,18
Sara Dosa,sara-dosas-criterion-closet-picks,documenteur,Documenteur,1981,19
Sara Dosa,sara-dosas-criterion-closet-picks,one-sings-the-other-doesnt,"One Sings, the Other Doesn't",1977,20
Sara Dosa,sara-dosas-criterion-closet-picks,vagabond,Vagabond,1985,21
Sara Dosa,sara-dosas-criterion-closet-picks,jane-b-by-agnes-v,Jane B. by Agnès V.,1988,22
Sara Dosa,sara-dosas-criterion-closet-picks,kung-fu-master,Kung-Fu Master!,1988,23
Sara Dosa,sara-dosas-criterion-closet-picks,jacquot-de-nantes,Jacquot de Nantes,1991,24
Sara Dosa,sara-dosas-criterion-closet-picks,one-hundred-and-one-nights,One Hundred and One Nights,1995,25
Sara Dosa,sara-dosas-criterion-closet-picks,the-gleaners-and-i,The Gleaners and I,2000,26
Sara Dosa,sara-dosas-criterion-closet-picks,faces-places,Faces Places,2017,27
Sara Dosa,sara-dosas-criterion-closet-picks,agnes-varda-from-here-to-there,Agnès Varda: From Here to There,2011,28
Sara Dosa,sara-dosas-criterion-closet-picks,the-beaches-of-agnes,The Beaches of Agnès,2008,29
John Lithgow,john-lithgows-criterion-closet-picks,this-sporting-life,This Sporting Life,1963,1
John Lithgow,john-lithgows-criterion-closet-picks,the-spy-who-came-in-from-the-cold,The Spy Who Came In from the Cold,1965,2
John Lithgow,john-lithgows-criterion-closet-picks,sullivans-travels,Sullivan's Travels,1941,3
John Lithgow,john-lithgows-criterion-closet-picks,blow-out,Blow Out,1981,4
John Lithgow,john-lithgows-criterion-closet-picks,jour-de-fete,Jour de Fête,1949,5
John Lithgow,john-lithgows-criterion-closet-picks,monsieur-hulots-holiday,Monsieur Hulot's Holiday,1953,6
John Lithgow,john-lithgows-criterion-closet-picks,mon-oncle,Mon Oncle,1958,7
John Lithgow,john-lithgows-criterion-closet-picks,playtime,PlayTime,1967,8
John Lithgow,john-lithgows-criterion-closet-picks,trafic,Trafic,1971,9
John Lithgow,john-lithgows-criterion-closet-picks,parade,Parade,1974,10
John Lithgow,john-lithgows-criterion-closet-picks,the-lady-vanishes,The Lady Vanishes,1938,11
Nick Lowe,nick-lowes-criterion-closet-picks,il-posto,Il Posto,1961,1
Nick Lowe,nick-lowes-criterion-closet-picks,great-expectations,Great Expectations,1946,2
Nick Lowe,nick-lowes-criterion-closet-picks,repo-man,Repo Man,1984,3
Nick Lowe,nick-lowes-criterion-closet-picks,one-eyed-jacks,One-Eyed Jacks,1961,4
Nick Lowe,nick-lowes-criterion-closet-picks,the-flight-of-the-phoenix,The Flight of the Phoenix,1965,5
Nick Lowe,nick-lowes-criterion-closet-picks,dont-look-back-1967,Dont Look Back,1967,6
Franklin Leonard,franklin-leonards-criterion-closet-picks,to-sleep-with-anger,To Sleep with Anger,1990,1
Franklin Leonard,franklin-leonards-criterion-closet-picks,devil-in-a-blue-dress,Devil in a Blue Dress,1995,2
Franklin Leonard,franklin-leonards-criterion-closet-picks,memories-of-murder,Memories of Murder,2003,3
Franklin Leonard,franklin-leonards-criterion-closet-picks,bamboozled,Bamboozled,2000,4
Franklin Leonard,franklin-leonards-criterion-closet-picks,4-months-3-weeks-and-2-days,"4 Months, 3 Weeks and 2 Days",2007,5
Franklin Leonard,franklin-leonards-criterion-closet-picks,tootsie,Tootsie,1982,6
Franklin Leonard,franklin-leonards-criterion-closet-picks,body-and-soul-1925,Body and Soul,1925,7
Franklin Leonard,franklin-leonards-criterion-closet-picks,borderline,Borderline,1930,8
Franklin Leonard,franklin-leonards-criterion-closet-picks,emperor-jones-1933,Emperor Jones,1933,9
Franklin Leonard,franklin-leonards-criterion-closet-picks,paul-robeson-tribute-to-an-artist,Paul Robeson: Tribute to an Artist,1979,10
Franklin Leonard,franklin-leonards-criterion-closet-picks,sanders-of-the-river,Sanders of the River,1935,11
Franklin Leonard,franklin-leonards-criterion-closet-picks,jericho-1937,Jericho,1937,12
Franklin Leonard,franklin-leonards-criterion-closet-picks,the-proud-valley,The Proud Valley,1940,13
Franklin Leonard,franklin-leonards-criterion-closet-picks,native-land,Native Land,1942,14
Franklin Leonard,franklin-leonards-criterion-closet-picks,anatomy-of-a-fall,Anatomy of a Fall,2023,15
Franklin Leonard,franklin-leonards-criterion-closet-picks,saint-omer,Saint Omer,2022,16
Eric Bana,eric-banas-criterion-closet-picks,night-on-earth,Night on Earth,1991,1
Eric Bana,eric-banas-criterion-closet-picks,badlands,Badlands,1973,2
Zach Clark,zach-clarks-criterion-closet-picks,querelle,Querelle,1982,1
Zach Clark,zach-clarks-criterion-closet-picks,robinson-crusoe-on-mars,Robinson Crusoe on Mars,1964,2
Zach Clark,zach-clarks-criterion-closet-picks,the-exterminating-angel,The Exterminating Angel,1962,3
Jamie Lee Curtis,jamie-lee-curtis-criterion-closet-picks,this-is-spinal-tap,This Is Spinal Tap,1984,1
Jamie Lee Curtis,jamie-lee-curtis-criterion-closet-picks,halloween-1978,Halloween,1978,2
Jamie Lee Curtis,jamie-lee-curtis-criterion-closet-picks,uncut-gems,Uncut Gems,2019,3
Jamie Lee Curtis,jamie-lee-curtis-criterion-closet-picks,walle,WALL·E,2008,4
Jamie Lee Curtis,jamie-lee-curtis-criterion-closet-picks,the-princess-bride,The Princess Bride,1987,5
Jamie Lee Curtis,jamie-lee-curtis-criterion-closet-picks,raging-bull,Raging Bull,1980,6
Jamie Lee Curtis,jamie-lee-curtis-criterion-closet-picks,danton-1983,Danton,1983,7
Jamie Lee Curtis,jamie-lee-curtis-criterion-closet-picks,monsoon-wedding,Monsoon Wedding,2001,8
Jamie Lee Curtis,jamie-lee-curtis-criterion-closet-picks,downhill-racer,Downhill Racer,1969,9
Jamie Lee Curtis,jamie-lee-curtis-criterion-closet-picks,paper-moon,Paper Moon,1973,10
Jamie Lee Curtis,jamie-lee-curtis-criterion-closet-picks,sweet-smell-of-success,Sweet Smell of Success,1957,11
Jamie Lee Curtis,jamie-lee-curtis-criterion-closet-picks,the-manchurian-candidate,The Manchurian Candidate,1962,12
Jamie Lee Curtis,jamie-lee-curtis-criterion-closet-picks,a-woman-under-the-influence,A Woman Under the Influence,1974,13
Jason Schwartzman,jason-schwartzmans-criterion-closet-picks,asteroid-city,Asteroid City,2023,1
Jason Schwartzman,jason-schwartzmans-criterion-closet-picks,an-unmarried-woman,An Unmarried Woman,1978,2
Jason Schwartzman,jason-schwartzmans-criterion-closet-picks,the-killers-1964,The Killers,1964,3
Jason Schwartzman,jason-schwartzmans-criterion-closet-picks,under-the-volcano,Under the Volcano,1984,4
Jason Schwartzman,jason-schwartzmans-criterion-closet-picks,straw-dogs,Straw Dogs,1971,5
Jason Schwartzman,jason-schwartzmans-criterion-closet-picks,the-red-shoes,The Red Shoes,1948,6
Jason Schwartzman,jason-schwartzmans-criterion-closet-picks,the-bad-sleep-well,The Bad Sleep Well,1960,7
Jason Schwartzman,jason-schwartzmans-criterion-closet-picks,local-hero,Local Hero,1983,8
Jason Schwartzman,jason-schwartzmans-criterion-closet-picks,accattone,Accattone,1961,9
Jason Schwartzman,jason-schwartzmans-criterion-closet-picks,mamma-roma,Mamma Roma,1962,10
Jason Schwartzman,jason-schwartzmans-criterion-closet-picks,love-meetings,Love Meetings,1964,11
Jason Schwartzman,jason-schwartzmans-criterion-closet-picks,the-gospel-according-to-st-matthew,The Gospel According to St. Matthew,1964,12
Jason Schwartzman,jason-schwartzmans-criterion-closet-picks,the-hawks-and-the-sparrows,The Hawks and the Sparrows,1966,13
Jason Schwartzman,jason-schwartzmans-criterion-closet-picks,oedipus-rex,Oedipus Rex,1967,14
Jason Schwartzman,jason-schwartzmans-criterion-closet-picks,theorem,Theorem,1968,15
Jason Schwartzman,jason-schwartzmans-criterion-closet-picks,pigsty,Pigsty,1969,16
Jason Schwartzman,jason-schwartzmans-criterion-closet-picks,medea,Medea,1969,17
Koji Yakusho,koji-yakushos-criterion-closet-picks,cure,Cure,1997,1
Koji Yakusho,koji-yakushos-criterion-closet-picks,tampopo,Tampopo,1985,2
Koji Yakusho,koji-yakushos-criterion-closet-picks,perfect-days-2023,Perfect Days,2023,3
Koji Yakusho,koji-yakushos-criterion-closet-picks,red-beard,Red Beard,1965,4
Koji Yakusho,koji-yakushos-criterion-closet-picks,paris-texas,"Paris, Texas",1984,5
Minhal Baig,minhal-baigs-criterion-closet-picks,we-grown-now,We Grown Now,2023,1
Minhal Baig,minhal-baigs-criterion-closet-picks,cure,Cure,1997,2
Minhal Baig,minhal-baigs-criterion-closet-picks,yi-yi,Yi Yi,2000,3
Minhal Baig,minhal-baigs-criterion-closet-picks,in-the-mood-for-love,In the Mood for Love,2000,4
Paul Scheer,paul-scheers-criterion-closet-picks,walker,Walker,1987,1
Paul Scheer,paul-scheers-criterion-closet-picks,mikey-and-nicky,Mikey and Nicky,1976,2
Paul Scheer,paul-scheers-criterion-closet-picks,two-lane-blacktop,Two-Lane Blacktop,1971,3
Paul Scheer,paul-scheers-criterion-closet-picks,hopscotch,Hopscotch,1980,4
Paul Scheer,paul-scheers-criterion-closet-picks,make-way-for-tomorrow,Make Way for Tomorrow,1937,5
Paul Scheer,paul-scheers-criterion-closet-picks,klute,Klute,1971,6
Paul Scheer,paul-scheers-criterion-closet-picks,to-die-for,To Die For,1995,7
Ben Sinclair,ben-sinclairs-criterion-closet-picks,midnight-cowboy,Midnight Cowboy,1969,1
Ben Sinclair,ben-sinclairs-criterion-closet-picks,close-up,Close-Up,1990,2
Ben Sinclair,ben-sinclairs-criterion-closet-picks,the-princess-bride,The Princess Bride,1987,3
Ben Sinclair,ben-sinclairs-criterion-closet-picks,bad-timing,Bad Timing,1980,4
Ben Sinclair,ben-sinclairs-criterion-closet-picks,punch-drunk-love,Punch-Drunk Love,2002,5
Ben Sinclair,ben-sinclairs-criterion-closet-picks,funny-games,Funny Games,1997,6
Ben Sinclair,ben-sinclairs-criterion-closet-picks,being-john-malkovich,Being John Malkovich,1999,7
Ben Sinclair,ben-sinclairs-criterion-closet-picks,short-cuts,Short Cuts,1993,8
Ben Sinclair,ben-sinclairs-criterion-closet-picks,old-joy,Old Joy,2006,9
Diego Calva,diego-calvas-criterion-closet-picks,paris-texas,"Paris, Texas",1984,1
Diego Calva,diego-calvas-criterion-closet-picks,city-lights,City Lights,1931,2
Diego Calva,diego-calvas-criterion-closet-picks,8-half,8½,1963,3
Diego Calva,diego-calvas-criterion-closet-picks,after-hours,After Hours,1985,4
Diego Calva,diego-calvas-criterion-closet-picks,japon,Japón,2002,5
Diego Calva,diego-calvas-criterion-closet-picks,the-exterminating-angel,The Exterminating Angel,1962,6
Diego Calva,diego-calvas-criterion-closet-picks,the-executioner,The Executioner,1963,7
Diego Calva,diego-calvas-criterion-closet-picks,the-400-blows,The 400 Blows,1959,8
Diego Calva,diego-calvas-criterion-closet-picks,gummo,Gummo,1997,9
Diego Calva,diego-calvas-criterion-closet-picks,fish-tank,Fish Tank,2009,10
Diego Calva,diego-calvas-criterion-closet-picks,totally-fed-up,Totally F***ed Up,1993,11
Diego Calva,diego-calvas-criterion-closet-picks,the-doom-generation,The Doom Generation,1995,12
Diego Calva,diego-calvas-criterion-closet-picks,nowhere,Nowhere,1997,13
Diego Calva,diego-calvas-criterion-closet-picks,slacker,Slacker,1990,14
Diego Calva,diego-calvas-criterion-closet-picks,videodrome,Videodrome,1983,15
Diego Calva,diego-calvas-criterion-closet-picks,crash,Crash,1996,16
Diego Calva,diego-calvas-criterion-closet-picks,pink-flamingos,Pink Flamingos,1972,17
Diego Calva,diego-calvas-criterion-closet-picks,do-the-right-thing,Do the Right Thing,1989,18
Bob and Erin Odenkirk,bob-and-erin-odenkirks-criterion-closet-picks,cold-war-2018,Cold War,2018,1
Bob and Erin Odenkirk,bob-and-erin-odenkirks-criterion-closet-picks,punch-drunk-love,Punch-Drunk Love,2002,2
Bob and Erin Odenkirk,bob-and-erin-odenkirks-criterion-closet-picks,pickup-on-south-street,Pickup on South Street,1953,3
Bob and Erin Odenkirk,bob-and-erin-odenkirks-criterion-closet-picks,italianamerican,Italianamerican,1974,4
Bob and Erin Odenkirk,bob-and-erin-odenkirks-criterion-closet-picks,american-boy-a-profile-of-steven-prince,American Boy: A Profile of Steven Prince,1978,5
Bob and Erin Odenkirk,bob-and-erin-odenkirks-criterion-closet-picks,the-big-shave,The Big Shave,1967,6
Bob and Erin Odenkirk,bob-and-erin-odenkirks-criterion-closet-picks,its-not-just-you-murray,"It's Not Just You, Murray!",1964,7
Bob and Erin Odenkirk,bob-and-erin-odenkirks-criterion-closet-picks,whats-a-nice-girl-like-you-doing-in-a-place-like-this,What's a Nice Girl Like You Doing in a Place Like This?,1963,8
Bob and Erin Odenkirk,bob-and-erin-odenkirks-criterion-closet-picks,half-a-loaf-of-kung-fu,Half a Loaf of Kung Fu,1978,9
Bob and Erin Odenkirk,bob-and-erin-odenkirks-criterion-closet-picks,spiritual-kung-fu,Spiritual Kung Fu,1978,10
Bob and Erin Odenkirk,bob-and-erin-odenkirks-criterion-closet-picks,fearless-hyena,Fearless Hyena,1979,11
Bob and Erin Odenkirk,bob-and-erin-odenkirks-criterion-closet-picks,the-young-master,The Young Master,1980,12
Bob and Erin Odenkirk,bob-and-erin-odenkirks-criterion-closet-picks,my-lucky-stars,My Lucky Stars,1985,13
Jane Schoenbrun,jane-schoenbruns-criterion-closet-picks,i-saw-the-tv-glow,I Saw the TV Glow,2024,1
Jane Schoenbrun,jane-schoenbruns-criterion-closet-picks,jour-de-fete,Jour de Fête,1949,2
Jane Schoenbrun,jane-schoenbruns-criterion-closet-picks,monsieur-hulots-holiday,Monsieur Hulot's Holiday,1953,3
Jane Schoenbrun,jane-schoenbruns-criterion-closet-picks,mon-oncle,Mon Oncle,1958,4
Jane Schoenbrun,jane-schoenbruns-criterion-closet-picks,playtime,PlayTime,1967,5
Jane Schoenbrun,jane-schoenbruns-criterion-closet-picks,trafic,Trafic,1971,6
Jane Schoenbrun,jane-schoenbruns-criterion-closet-picks,parade,Parade,1974,7
Jane Schoenbrun,jane-schoenbruns-criterion-closet-picks,bamboozled,Bamboozled,2000,8
Jane Schoenbrun,jane-schoenbruns-criterion-closet-picks,malcolm-x-1992,Malcolm X,1992,9
Jane Schoenbrun,jane-schoenbruns-criterion-closet-picks,el-sur,El Sur,1983,10
Jane Schoenbrun,jane-schoenbruns-criterion-closet-picks,the-spirit-of-the-beehive,The Spirit of the Beehive,1973,11
Jane Schoenbrun,jane-schoenbruns-criterion-closet-picks,peeping-tom,Peeping Tom,1960,12
Jane Schoenbrun,jane-schoenbruns-criterion-closet-picks,werckmeister-harmonies,Werckmeister Harmonies,2000,13
Jane Schoenbrun,jane-schoenbruns-criterion-closet-picks,autumn-sonata,Autumn Sonata,1978,14
Jane Schoenbrun,jane-schoenbruns-criterion-closet-picks,the-grand-budapest-hotel,The Grand Budapest Hotel,2014,15
Jane Schoenbrun,jane-schoenbruns-criterion-closet-picks,eraserhead,Eraserhead,1977,16
Jane Schoenbrun,jane-schoenbruns-criterion-closet-picks,the-silence-of-the-lambs,The Silence of the Lambs,1991,17
Aitch Alberto,aitch-albertos-criterion-closet-picks,aristotle-and-dante-discover-the-secrets-of-the-universe,Aristotle and Dante Discover the Secrets of the Universe,2022,1
Aitch Alberto,aitch-albertos-criterion-closet-picks,the-virgin-suicides,The Virgin Suicides,1999,2
Aitch Alberto,aitch-albertos-criterion-closet-picks,do-the-right-thing,Do the Right Thing,1989,3
Aitch Alberto,aitch-albertos-criterion-closet-picks,tie-me-up-tie-me-down,Tie Me Up! Tie Me Down!,1989,4
Lana Wilson,lana-wilsons-criterion-closet-picks,certified-copy,Certified Copy,2010,1
Lana Wilson,lana-wilsons-criterion-closet-picks,after-life,After Life,1998,2
Lana Wilson,lana-wilsons-criterion-closet-picks,all-of-us-strangers,All of Us Strangers,2023,3
Lana Wilson,lana-wilsons-criterion-closet-picks,largent-1983,L'Argent,1983,4
Lana Wilson,lana-wilsons-criterion-closet-picks,the-tales-of-hoffmann,The Tales of Hoffmann,1951,5
Carrie Coon,carrie-coons-criterion-closet-picks,naked,Naked,1993,1
Carrie Coon,carrie-coons-criterion-closet-picks,the-mother-and-the-whore,The Mother and the Whore,1973,2
Carrie Coon,carrie-coons-criterion-closet-picks,jo-jo-dancer-your-life-is-calling,"Jo Jo Dancer, Your Life Is Calling",1986,3
Carrie Coon,carrie-coons-criterion-closet-picks,crossing-delancey,Crossing Delancey,1988,4
Carrie Coon,carrie-coons-criterion-closet-picks,godzilla-vs-biollante,Godzilla vs. Biollante,1989,5
Carrie Coon,carrie-coons-criterion-closet-picks,the-bakery-girl-of-monceau,The Bakery Girl of Monceau,1963,6
Carrie Coon,carrie-coons-criterion-closet-picks,suzannes-career,Suzanne’s Career,1963,7
Carrie Coon,carrie-coons-criterion-closet-picks,my-night-at-mauds,My Night at Maud's,1969,8
Carrie Coon,carrie-coons-criterion-closet-picks,la-collectionneuse,La Collectionneuse,1967,9
Carrie Coon,carrie-coons-criterion-closet-picks,claires-knee,Claire's Knee,1970,10
Carrie Coon,carrie-coons-criterion-closet-picks,love-in-the-afternoon-1972,Love in the Afternoon,1972,11
Carrie Coon,carrie-coons-criterion-closet-picks,a-tale-of-springtime,A Tale of Springtime,1990,12
Carrie Coon,carrie-coons-criterion-closet-picks,a-tale-of-winter,A Tale of Winter,1992,13
Carrie Coon,carrie-coons-criterion-closet-picks,a-summers-tale,A Summer's Tale,1996,14
Carrie Coon,carrie-coons-criterion-closet-picks,a-tale-of-autumn,A Tale of Autumn,1998,15
Carrie Coon,carrie-coons-criterion-closet-picks,paris-texas,"Paris, Texas",1984,16
Carrie Coon,carrie-coons-criterion-closet-picks,happiness,Happiness,1998,17
Carrie Coon,carrie-coons-criterion-closet-picks,wanda,Wanda,1970,18
Carrie Coon,carrie-coons-criterion-closet-picks,the-cremator,The Cremator,1969,19
Carrie Coon,carrie-coons-criterion-closet-picks,mandabi,Mandabi,1968,20
Wilco,wilcos-criterion-closet-picks,being-there,Being There,1979,1
Wilco,wilcos-criterion-closet-picks,a-poem-is-a-naked-person,A Poem Is a Naked Person,1974,2
Wilco,wilcos-criterion-closet-picks,rumble-fish,Rumble Fish,1983,3
Wilco,wilcos-criterion-closet-picks,heart-of-a-dog-2015,Heart of a Dog,2015,4
Wilco,wilcos-criterion-closet-picks,the-parallax-view,The Parallax View,1974,5
Wilco,wilcos-criterion-closet-picks,my-winnipeg,My Winnipeg,2007,6
Wilco,wilcos-criterion-closet-picks,rolling-thunder-revue-a-bob-dylan-story-by-martin-scorsese,Rolling Thunder Revue: A Bob Dylan Story by Martin Scorsese,2019,7
Wilco,wilcos-criterion-closet-picks,le-deuxieme-souffle,Le Deuxième Souffle,1966,8
Wilco,wilcos-criterion-closet-picks,head,Head,1968,9
Wilco,wilcos-criterion-closet-picks,easy-rider,Easy Rider,1969,10
Wilco,wilcos-criterion-closet-picks,five-easy-pieces,Five Easy Pieces,1970,11
Wilco,wilcos-criterion-closet-picks,drive-he-said,"Drive, He Said",1971,12
Wilco,wilcos-criterion-closet-picks,a-safe-place,A Safe Place,1971,13
Wilco,wilcos-criterion-closet-picks,the-last-picture-show,The Last Picture Show,1971,14
Wilco,wilcos-criterion-closet-picks,the-king-of-marvin-gardens,The King of Marvin Gardens,1972,15
Wilco,wilcos-criterion-closet-picks,who-are-you-polly-maggoo,"Who Are You, Polly Maggoo?",1966,16
Wilco,wilcos-criterion-closet-picks,mr-freedom,Mr. Freedom,1968,17
Wilco,wilcos-criterion-closet-picks,the-model-couple,The Model Couple,1977,18
Ethan and Maya Hawke,ethan-and-maya-hawkes-criterion-closet-picks,wildcat-2023,Wildcat,2023,1
Ethan and Maya Hawke,ethan-and-maya-hawkes-criterion-closet-picks,war-and-peace-1965,War and Peace,1965,2
Ethan and Maya Hawke,ethan-and-maya-hawkes-criterion-closet-picks,frances-ha,Frances Ha,2012,3
Ethan and Maya Hawke,ethan-and-maya-hawkes-criterion-closet-picks,stranger-than-paradise,Stranger Than Paradise,1984,4
Ethan and Maya Hawke,ethan-and-maya-hawkes-criterion-closet-picks,children-of-paradise,Children of Paradise,1945,5
Ethan and Maya Hawke,ethan-and-maya-hawkes-criterion-closet-picks,3-women,3 Women,1977,6
Ethan and Maya Hawke,ethan-and-maya-hawkes-criterion-closet-picks,nashville,Nashville,1975,7
Ethan and Maya Hawke,ethan-and-maya-hawkes-criterion-closet-picks,husbands,Husbands,1970,8
Ethan and Maya Hawke,ethan-and-maya-hawkes-criterion-closet-picks,the-magnificent-ambersons,The Magnificent Ambersons,1942,9
Ethan and Maya Hawke,ethan-and-maya-hawkes-criterion-closet-picks,pina,Pina,2011,10
Ethan and Maya Hawke,ethan-and-maya-hawkes-criterion-closet-picks,an-angel-at-my-table,An Angel at My Table,1990,11
Ethan and Maya Hawke,ethan-and-maya-hawkes-criterion-closet-picks,tess,Tess,1979,12
Ethan and Maya Hawke,ethan-and-maya-hawkes-criterion-closet-picks,days-of-heaven,Days of Heaven,1978,13
Ethan and Maya Hawke,ethan-and-maya-hawkes-criterion-closet-picks,picnic-at-hanging-rock,Picnic at Hanging Rock,1975,14
Ethan and Maya Hawke,ethan-and-maya-hawkes-criterion-closet-picks,kicking-and-screaming,Kicking and Screaming,1995,15
Minnie Driver,minnie-drivers-criterion-closet-picks,all-about-eve,All About Eve,1950,1
Minnie Driver,minnie-drivers-criterion-closet-picks,betty-blue,Betty Blue,1986,2
Minnie Driver,minnie-drivers-criterion-closet-picks,an-angel-at-my-table,An Angel at My Table,1990,3
Minnie Driver,minnie-drivers-criterion-closet-picks,uncut-gems,Uncut Gems,2019,4
Minnie Driver,minnie-drivers-criterion-closet-picks,down-by-law,Down by Law,1986,5
Minnie Driver,minnie-drivers-criterion-closet-picks,withnail-i,Withnail & I,1987,6
Minnie Driver,minnie-drivers-criterion-closet-picks,la-cage-aux-folles,La Cage aux Folles,1978,7
Harris Dickinson,harris-dickinsons-criterion-closet-picks,babygirl-2024,Babygirl,2024,1
Harris Dickinson,harris-dickinsons-criterion-closet-picks,to-die-for,To Die For,1995,2
Harris Dickinson,harris-dickinsons-criterion-closet-picks,life-is-sweet,Life Is Sweet,1990,3
Harris Dickinson,harris-dickinsons-criterion-closet-picks,the-life-of-oharu,The Life of Oharu,1952,4
Harris Dickinson,harris-dickinsons-criterion-closet-picks,insiang,Insiang,1976,5
Harris Dickinson,harris-dickinsons-criterion-closet-picks,mysterious-object-at-noon,Mysterious Object at Noon,2000,6
Harris Dickinson,harris-dickinsons-criterion-closet-picks,revenge-1990,Revenge,1990,7
Harris Dickinson,harris-dickinsons-criterion-closet-picks,limite,Limite,1931,8
Harris Dickinson,harris-dickinsons-criterion-closet-picks,law-of-the-border,Law of the Border,1966,9
Harris Dickinson,harris-dickinsons-criterion-closet-picks,taipei-story,Taipei Story,1985,10
Harris Dickinson,harris-dickinsons-criterion-closet-picks,manila-in-the-claws-of-light,Manila in the Claws of Light,1975,11
Harris Dickinson,harris-dickinsons-criterion-closet-picks,gummo,Gummo,1997,12
Harris Dickinson,harris-dickinsons-criterion-closet-picks,the-long-good-friday,The Long Good Friday,1980,13
Harris Dickinson,harris-dickinsons-criterion-closet-picks,yi-yi,Yi Yi,2000,14
Harris Dickinson,harris-dickinsons-criterion-closet-picks,the-gold-rush,The Gold Rush,1925,15
Tavi Gevinson,tavi-gevinsons-criterion-closet-picks,the-virgin-suicides,The Virgin Suicides,1999,1
Tavi Gevinson,tavi-gevinsons-criterion-closet-picks,8-half,8½,1963,2
Tavi Gevinson,tavi-gevinsons-criterion-closet-picks,election,Election,1999,3
Tavi Gevinson,tavi-gevinsons-criterion-closet-picks,dressed-to-kill-1980,Dressed to Kill,1980,4
Tavi Gevinson,tavi-gevinsons-criterion-closet-picks,fox-and-his-friends,Fox and His Friends,1975,5
Tavi Gevinson,tavi-gevinsons-criterion-closet-picks,metropolitan,Metropolitan,1990,6
Tavi Gevinson,tavi-gevinsons-criterion-closet-picks,barcelona,Barcelona,1994,7
Tavi Gevinson,tavi-gevinsons-criterion-closet-picks,valerie-and-her-week-of-wonders,Valerie and Her Week of Wonders,1970,8
Tavi Gevinson,tavi-gevinsons-criterion-closet-picks,la-chambre-1972,La chambre,1972,9
Tavi Gevinson,tavi-gevinsons-criterion-closet-picks,hotel-monterey,Hotel Monterey,1973,10
Tavi Gevinson,tavi-gevinsons-criterion-closet-picks,news-from-home,News from Home,1976,11
Tavi Gevinson,tavi-gevinsons-criterion-closet-picks,je-tu-il-elle,Je Tu Il Elle,1974,12
Tavi Gevinson,tavi-gevinsons-criterion-closet-picks,the-meetings-of-anna,The Meetings of Anna,1978,13
Tavi Gevinson,tavi-gevinsons-criterion-closet-picks,a-dancers-world,A Dancer's World,1957,14
Tavi Gevinson,tavi-gevinsons-criterion-closet-picks,appalachian-spring-1959,Appalachian Spring,1959,15
Tavi Gevinson,tavi-gevinsons-criterion-closet-picks,night-journey,Night Journey,1960,16
Tavi Gevinson,tavi-gevinsons-criterion-closet-picks,broadcast-news,Broadcast News,1987,17
Tavi Gevinson,tavi-gevinsons-criterion-closet-picks,moonrise-kingdom,Moonrise Kingdom,2012,18
Karyn Kusama,karyn-kusamas-criterion-closet-picks,the-damned,The Damned,1969,1
Karyn Kusama,karyn-kusamas-criterion-closet-picks,not-a-pretty-picture,Not a Pretty Picture,1976,2
Karyn Kusama,karyn-kusamas-criterion-closet-picks,chilly-scenes-of-winter,Chilly Scenes of Winter,1979,3
Karyn Kusama,karyn-kusamas-criterion-closet-picks,the-discreet-charm-of-the-bourgeoisie,The Discreet Charm of the Bourgeoisie,1972,4
Karyn Kusama,karyn-kusamas-criterion-closet-picks,the-phantom-of-liberty,The Phantom of Liberty,1974,5
Karyn Kusama,karyn-kusamas-criterion-closet-picks,that-obscure-object-of-desire,That Obscure Object of Desire,1977,6
Karyn Kusama,karyn-kusamas-criterion-closet-picks,no-country-for-old-men,No Country for Old Men,2007,7
Karyn Kusama,karyn-kusamas-criterion-closet-picks,dogfight,Dogfight,1991,8
Karyn Kusama,karyn-kusamas-criterion-closet-picks,early-spring,Early Spring,1956,9
Karyn Kusama,karyn-kusamas-criterion-closet-picks,tokyo-twilight,Tokyo Twilight,1957,10
Karyn Kusama,karyn-kusamas-criterion-closet-picks,equinox-flower,Equinox Flower,1958,11
Karyn Kusama,karyn-kusamas-criterion-closet-picks,late-autumn,Late Autumn,1960,12
Karyn Kusama,karyn-kusamas-criterion-closet-picks,the-end-of-summer,The End of Summer,1961,13
Karyn Kusama,karyn-kusamas-criterion-closet-picks,koyaanisqatsi,Koyaanisqatsi,1982,14
Karyn Kusama,karyn-kusamas-criterion-closet-picks,powaqqatsi,Powaqqatsi,1988,15
Karyn Kusama,karyn-kusamas-criterion-closet-picks,naqoyqatsi,Naqoyqatsi,2002,16
Garrett Bradley,garrett-bradleys-criterion-closet-picks,time-2020,Time,2020,1
Garrett Bradley,garrett-bradleys-criterion-closet-picks,dressed-to-kill-1980,Dressed to Kill,1980,2
Garrett Bradley,garrett-bradleys-criterion-closet-picks,alice-in-the-cities,Alice in the Cities,1974,3
Garrett Bradley,garrett-bradleys-criterion-closet-picks,wrong-move,Wrong Move,1975,4
Garrett Bradley,garrett-bradleys-criterion-closet-picks,kings-of-the-road,Kings of the Road,1976,5
Garrett Bradley,garrett-bradleys-criterion-closet-picks,the-story-of-a-three-day-pass,The Story of a Three-Day Pass,1967,6
Garrett Bradley,garrett-bradleys-criterion-closet-picks,watermelon-man,Watermelon Man,1970,7
Garrett Bradley,garrett-bradleys-criterion-closet-picks,sweet-sweetbacks-baadasssss-song,Sweet Sweetback's Baadasssss Song,1971,8
Garrett Bradley,garrett-bradleys-criterion-closet-picks,dont-play-us-cheap,Don't Play Us Cheap,1973,9
Garrett Bradley,garrett-bradleys-criterion-closet-picks,the-battle-of-algiers,The Battle of Algiers,1966,10
Garrett Bradley,garrett-bradleys-criterion-closet-picks,dreams,Dreams,1990,11
Garrett Bradley,garrett-bradleys-criterion-closet-picks,oliver-twist-1948,Oliver Twist,1948,12
Garrett Bradley,garrett-bradleys-criterion-closet-picks,love-basketball,Love & Basketball,2000,13
Garrett Bradley,garrett-bradleys-criterion-closet-picks,ethnic-notions,Ethnic Notions,1986,14
Garrett Bradley,garrett-bradleys-criterion-closet-picks,tongues-untied,Tongues Untied,1989,15
Garrett Bradley,garrett-bradleys-criterion-closet-picks,affirmations,Affirmations,1990,16
Garrett Bradley,garrett-bradleys-criterion-closet-picks,anthem-1992,Anthem,1992,17
Garrett Bradley,garrett-bradleys-criterion-closet-picks,color-adjustment,Color Adjustment,1992,18
Garrett Bradley,garrett-bradleys-criterion-closet-picks,no-regret-1993,No Regret,1993,19
Garrett Bradley,garrett-bradleys-criterion-closet-picks,black-is-black-aint,Black Is… Black Ain’t,1994,20
Garrett Bradley,garrett-bradleys-criterion-closet-picks,moonstruck,Moonstruck,1987,21
Garrett Bradley,garrett-bradleys-criterion-closet-picks,betty-blue,Betty Blue,1986,22
Garrett Bradley,garrett-bradleys-criterion-closet-picks,a-man-escaped,A Man Escaped,1956,23
Garrett Bradley,garrett-bradleys-criterion-closet-picks,kill-1968,Kill!,1968,24
Garrett Bradley,garrett-bradleys-criterion-closet-picks,samurai-rebellion,Samurai Rebellion,1967,25
Garrett Bradley,garrett-bradleys-criterion-closet-picks,samurai-spy,Samurai Spy,1965,26
Garrett Bradley,garrett-bradleys-criterion-closet-picks,sword-of-the-beast,Sword of the Beast,1965,27
Garrett Bradley,garrett-bradleys-criterion-closet-picks,high-and-low,High and Low,1963,28
Garrett Bradley,garrett-bradleys-criterion-closet-picks,samurai-i-musashi-miyamoto,Samurai I: Musashi Miyamoto,1954,29
Garrett Bradley,garrett-bradleys-criterion-closet-picks,samurai-ii-duel-at-ichijoji-temple,Samurai II: Duel at Ichijoji Temple,1955,30
Garrett Bradley,garrett-bradleys-criterion-closet-picks,samurai-iii-duel-at-ganryu-island,Samurai III: Duel at Ganryu Island,1956,31
Garrett Bradley,garrett-bradleys-criterion-closet-picks,pariah,Pariah,2011,32
Garrett Bradley,garrett-bradleys-criterion-closet-picks,blue-is-the-warmest-color,Blue Is the Warmest Color,2013,33
Ben Wheatley,ben-wheatleys-criterion-closet-picks,the-horses-mouth,The Horse's Mouth,1958,1
Ben Wheatley,ben-wheatleys-criterion-closet-picks,grey-gardens,Grey Gardens,1975,2
Ben Wheatley,ben-wheatleys-criterion-closet-picks,two-lane-blacktop,Two-Lane Blacktop,1971,3
Ben Wheatley,ben-wheatleys-criterion-closet-picks,things-to-come,Things to Come,1936,4
Ben Wheatley,ben-wheatleys-criterion-closet-picks,fishing-with-john,Fishing with John,1991,5
Ben Wheatley,ben-wheatleys-criterion-closet-picks,seven-samurai,Seven Samurai,1954,6
Ben Wheatley,ben-wheatleys-criterion-closet-picks,the-tale-of-zatoichi,The Tale of Zatoichi,1962,7
Ben Wheatley,ben-wheatleys-criterion-closet-picks,the-tale-of-zatoichi-continues,The Tale of Zatoichi Continues,1962,8
Ben Wheatley,ben-wheatleys-criterion-closet-picks,new-tale-of-zatoichi,New Tale of Zatoichi,1963,9
Ben Wheatley,ben-wheatleys-criterion-closet-picks,zatoichi-the-fugitive,Zatoichi the Fugitive,1963,10
Ben Wheatley,ben-wheatleys-criterion-closet-picks,zatoichi-on-the-road,Zatoichi on the Road,1963,11
Ben Wheatley,ben-wheatleys-criterion-closet-picks,zatoichi-and-the-chest-of-gold,Zatoichi and the Chest of Gold,1964,12
Ben Wheatley,ben-wheatleys-criterion-closet-picks,zatoichis-flashing-sword,Zatoichi's Flashing Sword,1964,13
Ben Wheatley,ben-wheatleys-criterion-closet-picks,fight-zatoichi-fight,"Fight, Zatoichi, Fight",1964,14
Ben Wheatley,ben-wheatleys-criterion-closet-picks,adventures-of-zatoichi,Adventures of Zatoichi,1964,15
Ben Wheatley,ben-wheatleys-criterion-closet-picks,zatoichis-revenge,Zatoichi's Revenge,1965,16
Ben Wheatley,ben-wheatleys-criterion-closet-picks,zatoichi-and-the-doomed-man,Zatoichi and the Doomed Man,1965,17
Ben Wheatley,ben-wheatleys-criterion-closet-picks,zatoichi-and-the-chess-expert,Zatoichi and the Chess Expert,1965,18
Ben Wheatley,ben-wheatleys-criterion-closet-picks,zatoichis-vengeance,Zatoichi's Vengeance,1966,19
Ben Wheatley,ben-wheatleys-criterion-closet-picks,zatoichis-pilgrimage,Zatoichi's Pilgrimage,1966,20
Ben Wheatley,ben-wheatleys-criterion-closet-picks,zatoichis-cane-sword,Zatoichi's Cane Sword,1967,21
Ben Wheatley,ben-wheatleys-criterion-closet-picks,zatoichi-the-outlaw,Zatoichi the Outlaw,1967,22
Ben Wheatley,ben-wheatleys-criterion-closet-picks,zatoichi-challenged,Zatoichi Challenged,1967,23
Ben Wheatley,ben-wheatleys-criterion-closet-picks,zatoichi-and-the-fugitives,Zatoichi and the Fugitives,1968,24
Ben Wheatley,ben-wheatleys-criterion-closet-picks,samaritan-zatoichi,Samaritan Zatoichi,1968,25
Ben Wheatley,ben-wheatleys-criterion-closet-picks,zatoichi-meets-yojimbo,Zatoichi Meets Yojimbo,1970,26
Ben Wheatley,ben-wheatleys-criterion-closet-picks,zatoichi-goes-to-the-fire-festival,Zatoichi Goes to the Fire Festival,1970,27
Ben Wheatley,ben-wheatleys-criterion-closet-picks,zatoichi-meets-the-one-armed-swordsman,Zatoichi Meets the One-Armed Swordsman,1971,28
Ben Wheatley,ben-wheatleys-criterion-closet-picks,zatoichi-at-large,Zatoichi at Large,1972,29
Ben Wheatley,ben-wheatleys-criterion-closet-picks,zatoichi-in-desperation,Zatoichi in Desperation,1972,30
Ben Wheatley,ben-wheatleys-criterion-closet-picks,zatoichis-conspiracy,Zatoichi's Conspiracy,1973,31
Ben Wheatley,ben-wheatleys-criterion-closet-picks,seconds,Seconds,1966,32
Ben Wheatley,ben-wheatleys-criterion-closet-picks,sweet-smell-of-success,Sweet Smell of Success,1957,33
Ben Wheatley,ben-wheatleys-criterion-closet-picks,crumb,Crumb,1994,34
Ben Wheatley,ben-wheatleys-criterion-closet-picks,rumble-fish,Rumble Fish,1983,35
Ben Wheatley,ben-wheatleys-criterion-closet-picks,watership-down,Watership Down,1978,36
Elvis Mitchell,elvis-mitchells-criterion-closet-picks,is-that-black-enough-for-you,Is That Black Enough for You?!?,2022,1
Elvis Mitchell,elvis-mitchells-criterion-closet-picks,husbands,Husbands,1970,2
Elvis Mitchell,elvis-mitchells-criterion-closet-picks,the-story-of-a-three-day-pass,The Story of a Three-Day Pass,1967,3
Elvis Mitchell,elvis-mitchells-criterion-closet-picks,watermelon-man,Watermelon Man,1970,4
Elvis Mitchell,elvis-mitchells-criterion-closet-picks,sweet-sweetbacks-baadasssss-song,Sweet Sweetback's Baadasssss Song,1971,5
Elvis Mitchell,elvis-mitchells-criterion-closet-picks,dont-play-us-cheap,Don't Play Us Cheap,1973,6
Elvis Mitchell,elvis-mitchells-criterion-closet-picks,round-midnight,'Round Midnight,1986,7
Elvis Mitchell,elvis-mitchells-criterion-closet-picks,to-sleep-with-anger,To Sleep with Anger,1990,8
Elvis Mitchell,elvis-mitchells-criterion-closet-picks,love-jones,Love Jones,1997,9
Elvis Mitchell,elvis-mitchells-criterion-closet-picks,the-parallax-view,The Parallax View,1974,10
Elvis Mitchell,elvis-mitchells-criterion-closet-picks,millers-crossing,Miller's Crossing,1990,11
Elvis Mitchell,elvis-mitchells-criterion-closet-picks,claudine,Claudine,1974,12
Elvis Mitchell,elvis-mitchells-criterion-closet-picks,the-power-of-the-dog,The Power of the Dog,2021,13
Hans Zimmer,hans-zimmers-criterion-closet-picks,the-battle-of-algiers,The Battle of Algiers,1966,1
Hans Zimmer,hans-zimmers-criterion-closet-picks,night-and-fog,Night and Fog,1956,2
Hans Zimmer,hans-zimmers-criterion-closet-picks,andrei-rublev,Andrei Rublev,1966,3
Hans Zimmer,hans-zimmers-criterion-closet-picks,sid-and-nancy,Sid and Nancy,1986,4
Hans Zimmer,hans-zimmers-criterion-closet-picks,brief-encounter,Brief Encounter,1945,5
Hans Zimmer,hans-zimmers-criterion-closet-picks,in-which-we-serve,In Which We Serve,1942,6
Hans Zimmer,hans-zimmers-criterion-closet-picks,this-happy-breed,This Happy Breed,1944,7
Hans Zimmer,hans-zimmers-criterion-closet-picks,blithe-spirit,Blithe Spirit,1945,8
Hans Zimmer,hans-zimmers-criterion-closet-picks,his-girl-friday,His Girl Friday,1940,9
Hans Zimmer,hans-zimmers-criterion-closet-picks,the-blues-accordin-to-lightnin-hopkins,The Blues Accordin' to Lightnin' Hopkins,1968,10
Hans Zimmer,hans-zimmers-criterion-closet-picks,god-respects-us-when-we-work-but-loves-us-when-we-dance,"God Respects Us When We Work, But Loves Us When We Dance",1968,11
Hans Zimmer,hans-zimmers-criterion-closet-picks,spend-it-all,Spend It All,1972,12
Hans Zimmer,hans-zimmers-criterion-closet-picks,a-well-spent-life,A Well Spent Life,1971,13
Hans Zimmer,hans-zimmers-criterion-closet-picks,dry-wood,Dry Wood,1973,14
Hans Zimmer,hans-zimmers-criterion-closet-picks,hot-pepper,Hot Pepper,1973,15
Hans Zimmer,hans-zimmers-criterion-closet-picks,always-for-pleasure,Always for Pleasure,1978,16
Hans Zimmer,hans-zimmers-criterion-closet-picks,garlic-is-as-good-as-ten-mothers,Garlic Is as Good as Ten Mothers,1980,17
Hans Zimmer,hans-zimmers-criterion-closet-picks,sprout-wings-and-fly,Sprout Wings and Fly,1983,18
Hans Zimmer,hans-zimmers-criterion-closet-picks,in-heaven-there-is-no-beer,In Heaven There Is No Beer?,1984,19
Hans Zimmer,hans-zimmers-criterion-closet-picks,gap-toothed-women,Gap-Toothed Women,1987,20
Hans Zimmer,hans-zimmers-criterion-closet-picks,yum-yum-yum-a-taste-of-the-cajun-and-creole,"Yum, Yum, Yum! A Taste of the Cajun and Creole Cooking of Louisiana",1990,21
Hans Zimmer,hans-zimmers-criterion-closet-picks,the-maestro-king-of-the-cowboy-artists,The Maestro: King of the Cowboy Artists,1995,22
Hans Zimmer,hans-zimmers-criterion-closet-picks,sworn-to-the-drum-a-tribute-to-francisco-aguabella,Sworn to the Drum: A Tribute to Francisco Aguabella,1995,23
Hans Zimmer,hans-zimmers-criterion-closet-picks,performance,Performance,1970,24
Hans Zimmer,hans-zimmers-criterion-closet-picks,house,House,1977,25
Maura Delpero,maura-delperos-criterion-closet-picks,the-fiances,The Fiancés,1963,1
Maura Delpero,maura-delperos-criterion-closet-picks,il-posto,Il Posto,1961,2
Maura Delpero,maura-delperos-criterion-closet-picks,the-tree-of-wooden-clogs,The Tree of Wooden Clogs,1978,3
Maura Delpero,maura-delperos-criterion-closet-picks,where-is-the-friends-house,Where Is the Friend's House?,1987,4
Maura Delpero,maura-delperos-criterion-closet-picks,life-and-nothing-more,"Life, and Nothing More…",1992,5
Maura Delpero,maura-delperos-criterion-closet-picks,through-the-olive-trees,Through the Olive Trees,1994,6
Maura Delpero,maura-delperos-criterion-closet-picks,the-piano-teacher,The Piano Teacher,2001,7
Maura Delpero,maura-delperos-criterion-closet-picks,the-piano,The Piano,1993,8
Maura Delpero,maura-delperos-criterion-closet-picks,fish-tank,Fish Tank,2009,9
Saul Williams and Anisia Uzeyman's Criterion Closet Picks!,saul-williams-and-anisia-uzeymans-criterion,neptune-frost,Neptune Frost,2021,1
Saul Williams and Anisia Uzeyman's Criterion Closet Picks!,saul-williams-and-anisia-uzeymans-criterion,videodrome,Videodrome,1983,2
Saul Williams and Anisia Uzeyman's Criterion Closet Picks!,saul-williams-and-anisia-uzeymans-criterion,do-the-right-thing,Do the Right Thing,1989,3
Saul Williams and Anisia Uzeyman's Criterion Closet Picks!,saul-williams-and-anisia-uzeymans-criterion,arabian-nights-1974,Arabian Nights,1974,4
Saul Williams and Anisia Uzeyman's Criterion Closet Picks!,saul-williams-and-anisia-uzeymans-criterion,the-decameron,The Decameron,1971,5
Saul Williams and Anisia Uzeyman's Criterion Closet Picks!,saul-williams-and-anisia-uzeymans-criterion,the-canterbury-tales,The Canterbury Tales,1972,6
Saul Williams and Anisia Uzeyman's Criterion Closet Picks!,saul-williams-and-anisia-uzeymans-criterion,mirror,Mirror,1975,7
Saul Williams and Anisia Uzeyman's Criterion Closet Picks!,saul-williams-and-anisia-uzeymans-criterion,time-2020,Time,2020,8
Saul Williams and Anisia Uzeyman's Criterion Closet Picks!,saul-williams-and-anisia-uzeymans-criterion,in-the-mood-for-love,In the Mood for Love,2000,9
Saul Williams and Anisia Uzeyman's Criterion Closet Picks!,saul-williams-and-anisia-uzeymans-criterion,touki-bouki,Touki Bouki,1973,10
Larry Fessenden,larry-fessendens-criterion-closet-picks,targets,Targets,1968,1
Larry Fessenden,larry-fessendens-criterion-closet-picks,the-honeymoon-killers,The Honeymoon Killers,1970,2
Mitski,mitskis-criterion-closet-picks,daisies,Daisies,1966,1
Mitski,mitskis-criterion-closet-picks,moonstruck,Moonstruck,1987,2
Mitski,mitskis-criterion-closet-picks,the-breakfast-club,The Breakfast Club,1985,3
Mitski,mitskis-criterion-closet-picks,the-piano-teacher,The Piano Teacher,2001,4
Mitski,mitskis-criterion-closet-picks,my-own-private-idaho,My Own Private Idaho,1991,5
Tim Blake Nelson,tim-blake-nelsons-criterion-closet-picks,blast-of-silence,Blast of Silence,1961,1
Tim Blake Nelson,tim-blake-nelsons-criterion-closet-picks,topsy-turvy,Topsy-Turvy,1999,2
Tim Blake Nelson,tim-blake-nelsons-criterion-closet-picks,the-killing-of-a-chinese-bookie,The Killing of a Chinese Bookie,1976,3
Tim Blake Nelson,tim-blake-nelsons-criterion-closet-picks,inside-llewyn-davis,Inside Llewyn Davis,2013,4
Tim Blake Nelson,tim-blake-nelsons-criterion-closet-picks,millers-crossing,Miller's Crossing,1990,5
Tim Blake Nelson,tim-blake-nelsons-criterion-closet-picks,tokyo-story,Tokyo Story,1953,6
Brothers Quay,brothers-quay-criterion-closet-picks,vampyr,Vampyr,1932,1
Brothers Quay,brothers-quay-criterion-closet-picks,the-children-are-watching-us,The Children Are Watching Us,1943,2
Brothers Quay,brothers-quay-criterion-closet-picks,le-havre,Le Havre,2011,3
Brothers Quay,brothers-quay-criterion-closet-picks,vive-le-tour,Vive Le Tour,1962,4
Brothers Quay,brothers-quay-criterion-closet-picks,a-human-condition,A Human Condition,1974,5
Brothers Quay,brothers-quay-criterion-closet-picks,place-de-la-republique,Place de la République,1974,6
Brothers Quay,brothers-quay-criterion-closet-picks,phantom-india,Phantom India,1969,7
Brothers Quay,brothers-quay-criterion-closet-picks,calcutta-1969,Calcutta,1969,8
Brothers Quay,brothers-quay-criterion-closet-picks,gods-country-1985,God's Country,1985,9
Brothers Quay,brothers-quay-criterion-closet-picks,and-the-pursuit-of-happiness,… And the Pursuit of Happiness,1986,10
Brothers Quay,brothers-quay-criterion-closet-picks,shadows-in-paradise,Shadows in Paradise,1986,11
Brothers Quay,brothers-quay-criterion-closet-picks,ariel,Ariel,1988,12
Brothers Quay,brothers-quay-criterion-closet-picks,the-match-factory-girl,The Match Factory Girl,1990,13
Brothers Quay,brothers-quay-criterion-closet-picks,the-human-condition-i-no-greater-love,The Human Condition I: No Greater Love,1959,14
Brothers Quay,brothers-quay-criterion-closet-picks,the-human-condition-ii-road-to-eternity,The Human Condition II: Road to Eternity,1959,15
Brothers Quay,brothers-quay-criterion-closet-picks,the-human-condition-iii-a-soldiers-prayer,The Human Condition III: A Soldier's Prayer,1961,16
Floyd Norman,floyd-normans-criterion-closet-picks,rebecca,Rebecca,1940,1
Floyd Norman,floyd-normans-criterion-closet-picks,my-man-godfrey,My Man Godfrey,1936,2
Floyd Norman,floyd-normans-criterion-closet-picks,elephant-boy,Elephant Boy,1937,3
Floyd Norman,floyd-normans-criterion-closet-picks,the-drum,The Drum,1938,4
Floyd Norman,floyd-normans-criterion-closet-picks,jungle-book,Jungle Book,1942,5
Floyd Norman,floyd-normans-criterion-closet-picks,the-thief-of-bagdad-1940,The Thief of Bagdad,1940,6
Floyd Norman,floyd-normans-criterion-closet-picks,the-hidden-fortress,The Hidden Fortress,1958,7
Floyd Norman,floyd-normans-criterion-closet-picks,malcolm-x-1992,Malcolm X,1992,8
Yo La Tengo,yo-la-tengos-criterion-closet-picks,beyond-the-valley-of-the-dolls,Beyond the Valley of the Dolls,1970,1
Yo La Tengo,yo-la-tengos-criterion-closet-picks,carnival-of-souls,Carnival of Souls,1962,2
Yo La Tengo,yo-la-tengos-criterion-closet-picks,the-daytrippers,The Daytrippers,1996,3
Yo La Tengo,yo-la-tengos-criterion-closet-picks,monterey-pop,Monterey Pop,1968,4
Yo La Tengo,yo-la-tengos-criterion-closet-picks,jimi-plays-monterey,Jimi Plays Monterey,1986,5
Yo La Tengo,yo-la-tengos-criterion-closet-picks,shake-otis-at-monterey,Shake! Otis at Monterey,1987,6
Yo La Tengo,yo-la-tengos-criterion-closet-picks,black-girl-1966,Black Girl,1966,7
Yo La Tengo,yo-la-tengos-criterion-closet-picks,i-wanna-hold-your-hand,I Wanna Hold Your Hand,1978,8
Yo La Tengo,yo-la-tengos-criterion-closet-picks,the-velvet-underground-2021,The Velvet Underground,2021,9
Yo La Tengo,yo-la-tengos-criterion-closet-picks,tokyo-story,Tokyo Story,1953,10
Yo La Tengo,yo-la-tengos-criterion-closet-picks,the-girl-cant-help-it,The Girl Can't Help It,1956,11
Yo La Tengo,yo-la-tengos-criterion-closet-picks,ministry-of-fear,Ministry of Fear,1944,12
Yo La Tengo,yo-la-tengos-criterion-closet-picks,house,House,1977,13
Yo La Tengo,yo-la-tengos-criterion-closet-picks,mildred-pierce,Mildred Pierce,1945,14
Yo La Tengo,yo-la-tengos-criterion-closet-picks,good-morning,Good Morning,1959,15
Luis Guzman,luis-guzmans-criterion-closet-picks,cooley-high,Cooley High,1975,1
Luis Guzman,luis-guzmans-criterion-closet-picks,12-angry-men,12 Angry Men,1957,2
Luis Guzman,luis-guzmans-criterion-closet-picks,dr-strangelove-or-how-i-learned-to-stop-worrying-and-love-the-bomb,Dr. Strangelove or: How I Learned to Stop Worrying and Love the Bomb,1964,3
Luis Guzman,luis-guzmans-criterion-closet-picks,the-ballad-of-gregorio-cortez,The Ballad of Gregorio Cortez,1982,4
Luis Guzman,luis-guzmans-criterion-closet-picks,punch-drunk-love,Punch-Drunk Love,2002,5
Luis Guzman,luis-guzmans-criterion-closet-picks,on-the-waterfront,On the Waterfront,1954,6
Luis Guzman,luis-guzmans-criterion-closet-picks,a-raisin-in-the-sun,A Raisin in the Sun,1961,7
Michael Cera's Second,michael-ceras-second-criterion-closet-picks,jour-de-fete,Jour de Fête,1949,1
Michael Cera's Second,michael-ceras-second-criterion-closet-picks,monsieur-hulots-holiday,Monsieur Hulot's Holiday,1953,2
Michael Cera's Second,michael-ceras-second-criterion-closet-picks,mon-oncle,Mon Oncle,1958,3
Michael Cera's Second,michael-ceras-second-criterion-closet-picks,playtime,PlayTime,1967,4
Michael Cera's Second,michael-ceras-second-criterion-closet-picks,trafic,Trafic,1971,5
Michael Cera's Second,michael-ceras-second-criterion-closet-picks,parade,Parade,1974,6
Michael Cera's Second,michael-ceras-second-criterion-closet-picks,zazie-dans-le-metro,Zazie dans le Métro,1960,7
Michael Cera's Second,michael-ceras-second-criterion-closet-picks,walle,WALL·E,2008,8
Michael Cera's Second,michael-ceras-second-criterion-closet-picks,hobsons-choice,Hobson's Choice,1954,9
Michael Cera's Second,michael-ceras-second-criterion-closet-picks,totally-fed-up,Totally F***ed Up,1993,10
Michael Cera's Second,michael-ceras-second-criterion-closet-picks,the-doom-generation,The Doom Generation,1995,11
Michael Cera's Second,michael-ceras-second-criterion-closet-picks,nowhere,Nowhere,1997,12
Michael Cera's Second,michael-ceras-second-criterion-closet-picks,the-mother-and-the-whore,The Mother and the Whore,1973,13
Michael Cera's Second,michael-ceras-second-criterion-closet-picks,the-wind-will-carry-us,The Wind Will Carry Us,1999,14
Michael Cera's Second,michael-ceras-second-criterion-closet-picks,anora,Anora,2024,15
Michael Cera's Second,michael-ceras-second-criterion-closet-picks,prince-of-broadway,Prince of Broadway,2008,16
Michael Cera's Second,michael-ceras-second-criterion-closet-picks,8-half,8½,1963,17
Megan Stalter,megan-stalters-criterion-closet-picks,tiny-furniture,Tiny Furniture,2010,1
Megan Stalter,megan-stalters-criterion-closet-picks,daisies,Daisies,1966,2
Matías Piñeiro,matias-pineiros-criterion-closet-picks,the-golden-coach,The Golden Coach,1952,1
Matías Piñeiro,matias-pineiros-criterion-closet-picks,french-cancan,French Cancan,1955,2
Matías Piñeiro,matias-pineiros-criterion-closet-picks,elena-and-her-men,Elena and Her Men,1956,3
Matías Piñeiro,matias-pineiros-criterion-closet-picks,la-cienaga,La Ciénaga,2001,4
Matías Piñeiro,matias-pineiros-criterion-closet-picks,stromboli,Stromboli,1950,5
Matías Piñeiro,matias-pineiros-criterion-closet-picks,europa-51,Europa '51,1952,6
Matías Piñeiro,matias-pineiros-criterion-closet-picks,journey-to-italy,Journey to Italy,1954,7
Matías Piñeiro,matias-pineiros-criterion-closet-picks,a-day-in-the-country,A Day in the Country,1946,8
Matías Piñeiro,matias-pineiros-criterion-closet-picks,the-bakery-girl-of-monceau,The Bakery Girl of Monceau,1963,9
Matías Piñeiro,matias-pineiros-criterion-closet-picks,suzannes-career,Suzanne’s Career,1963,10
Matías Piñeiro,matias-pineiros-criterion-closet-picks,my-night-at-mauds,My Night at Maud's,1969,11
Matías Piñeiro,matias-pineiros-criterion-closet-picks,la-collectionneuse,La Collectionneuse,1967,12
Matías Piñeiro,matias-pineiros-criterion-closet-picks,claires-knee,Claire's Knee,1970,13
Matías Piñeiro,matias-pineiros-criterion-closet-picks,love-in-the-afternoon-1972,Love in the Afternoon,1972,14
Matías Piñeiro,matias-pineiros-criterion-closet-picks,a-propos-de-nice,À propos de Nice,1930,15
Matías Piñeiro,matias-pineiros-criterion-closet-picks,zero-for-conduct-1933,Zero for Conduct,1933,16
Matías Piñeiro,matias-pineiros-criterion-closet-picks,latalante,L'Atalante,1934,17
Matías Piñeiro,matias-pineiros-criterion-closet-picks,taris,Taris,1931,18
Annie Baker and Lucian Johnston,annie-baker-and-lucian-johnstons-criterion,janet-planet,Janet Planet,2023,1
Annie Baker and Lucian Johnston,annie-baker-and-lucian-johnstons-criterion,godland,Godland,2022,2
Annie Baker and Lucian Johnston,annie-baker-and-lucian-johnstons-criterion,naked-childhood,Naked Childhood,1968,3
Annie Baker and Lucian Johnston,annie-baker-and-lucian-johnstons-criterion,largent-1983,L'Argent,1983,4
Annie Baker and Lucian Johnston,annie-baker-and-lucian-johnstons-criterion,a-matter-of-life-and-death,A Matter of Life and Death,1946,5
Annie Baker and Lucian Johnston,annie-baker-and-lucian-johnstons-criterion,design-for-living,Design for Living,1933,6
Annie Baker and Lucian Johnston,annie-baker-and-lucian-johnstons-criterion,varda-by-agnes,Varda by Agnès,2019,7
Annie Baker and Lucian Johnston,annie-baker-and-lucian-johnstons-criterion,la-pointe-courte,La Pointe Courte,1955,8
Annie Baker and Lucian Johnston,annie-baker-and-lucian-johnstons-criterion,cleo-from-5-to-7,Cléo from 5 to 7,1962,9
Annie Baker and Lucian Johnston,annie-baker-and-lucian-johnstons-criterion,daguerreotypes,Daguerréotypes,1975,10
Annie Baker and Lucian Johnston,annie-baker-and-lucian-johnstons-criterion,happiness-1965,Le Bonheur,1965,11
Annie Baker and Lucian Johnston,annie-baker-and-lucian-johnstons-criterion,the-creatures,The Creatures,1966,12
Annie Baker and Lucian Johnston,annie-baker-and-lucian-johnstons-criterion,uncle-yanco,Uncle Yanco,1967,13
Annie Baker and Lucian Johnston,annie-baker-and-lucian-johnstons-criterion,black-panthers,Black Panthers,1968,14
Annie Baker and Lucian Johnston,annie-baker-and-lucian-johnstons-criterion,lions-love,Lions Love,1969,15
Annie Baker and Lucian Johnston,annie-baker-and-lucian-johnstons-criterion,mur-murs,Mur Murs,1981,16
Annie Baker and Lucian Johnston,annie-baker-and-lucian-johnstons-criterion,documenteur,Documenteur,1981,17
Annie Baker and Lucian Johnston,annie-baker-and-lucian-johnstons-criterion,one-sings-the-other-doesnt,"One Sings, the Other Doesn't",1977,18
Annie Baker and Lucian Johnston,annie-baker-and-lucian-johnstons-criterion,vagabond,Vagabond,1985,19
Annie Baker and Lucian Johnston,annie-baker-and-lucian-johnstons-criterion,jane-b-by-agnes-v,Jane B. by Agnès V.,1988,20
Annie Baker and Lucian Johnston,annie-baker-and-lucian-johnstons-criterion,kung-fu-master,Kung-Fu Master!,1988,21
Annie Baker and Lucian Johnston,annie-baker-and-lucian-johnstons-criterion,jacquot-de-nantes,Jacquot de Nantes,1991,22
Annie Baker and Lucian Johnston,annie-baker-and-lucian-johnstons-criterion,one-hundred-and-one-nights,One Hundred and One Nights,1995,23
Annie Baker and Lucian Johnston,annie-baker-and-lucian-johnstons-criterion,the-gleaners-and-i,The Gleaners and I,2000,24
Annie Baker and Lucian Johnston,annie-baker-and-lucian-johnstons-criterion,the-gleaners-and-i-two-years-later,The Gleaners and I: Two Years Later,2002,25
Annie Baker and Lucian Johnston,annie-baker-and-lucian-johnstons-criterion,faces-places,Faces Places,2017,26
Annie Baker and Lucian Johnston,annie-baker-and-lucian-johnstons-criterion,agnes-varda-from-here-to-there,Agnès Varda: From Here to There,2011,27
Annie Baker and Lucian Johnston,annie-baker-and-lucian-johnstons-criterion,the-beaches-of-agnes,The Beaches of Agnès,2008,28
Annie Baker and Lucian Johnston,annie-baker-and-lucian-johnstons-criterion,lone-star-1996,Lone Star,1996,29
Annie Baker and Lucian Johnston,annie-baker-and-lucian-johnstons-criterion,el-sur,El Sur,1983,30
Annie Baker and Lucian Johnston,annie-baker-and-lucian-johnstons-criterion,the-tales-of-hoffmann,The Tales of Hoffmann,1951,31
Peter Wolf,peter-wolfs-criterion-closet-picks,chimes-at-midnight,Chimes at Midnight,1965,1
Peter Wolf,peter-wolfs-criterion-closet-picks,i-know-where-im-going,I Know Where I'm Going!,1945,2
Peter Wolf,peter-wolfs-criterion-closet-picks,elevator-to-the-gallows,Elevator to the Gallows,1958,3
Peter Wolf,peter-wolfs-criterion-closet-picks,the-earrings-of-madame-de,The Earrings of Madame de...,1953,4
Peter Wolf,peter-wolfs-criterion-closet-picks,band-of-outsiders,Band of Outsiders,1964,5
Peter Wolf,peter-wolfs-criterion-closet-picks,seven-samurai,Seven Samurai,1954,6
June Squibb,june-squibbs-criterion-closet-picks,seven-samurai,Seven Samurai,1954,1
June Squibb,june-squibbs-criterion-closet-picks,yojimbo,Yojimbo,1961,2
June Squibb,june-squibbs-criterion-closet-picks,sanjuro,Sanjuro,1962,3
June Squibb,june-squibbs-criterion-closet-picks,diabolique-1955,Diabolique,1955,4
June Squibb,june-squibbs-criterion-closet-picks,children-of-paradise,Children of Paradise,1945,5
June Squibb,june-squibbs-criterion-closet-picks,shaft,Shaft,1971,6
June Squibb,june-squibbs-criterion-closet-picks,buena-vista-social-club,Buena Vista Social Club,1999,7
June Squibb,june-squibbs-criterion-closet-picks,paris-is-burning,Paris Is Burning,1990,8
June Squibb,june-squibbs-criterion-closet-picks,the-age-of-innocence,The Age of Innocence,1993,9
June Squibb,june-squibbs-criterion-closet-picks,godzilla,Godzilla,1954,10
June Squibb,june-squibbs-criterion-closet-picks,godzilla-raids-again,Godzilla Raids Again,1955,11
June Squibb,june-squibbs-criterion-closet-picks,king-kong-vs-godzilla,King Kong vs. Godzilla,1962,12
June Squibb,june-squibbs-criterion-closet-picks,king-kong-vs-godzilla-1963,King Kong vs. Godzilla,1963,13
June Squibb,june-squibbs-criterion-closet-picks,mothra-vs-godzilla,Mothra vs. Godzilla,1964,14
June Squibb,june-squibbs-criterion-closet-picks,ghidorah-the-three-headed-monster,"Ghidorah, the Three-Headed Monster",1964,15
June Squibb,june-squibbs-criterion-closet-picks,invasion-of-astro-monster,Invasion of Astro-Monster,1965,16
June Squibb,june-squibbs-criterion-closet-picks,ebirah-horror-of-the-deep,"Ebirah, Horror of the Deep",1966,17
June Squibb,june-squibbs-criterion-closet-picks,son-of-godzilla,Son of Godzilla,1967,18
June Squibb,june-squibbs-criterion-closet-picks,destroy-all-monsters,Destroy All Monsters,1968,19
June Squibb,june-squibbs-criterion-closet-picks,all-monsters-attack,All Monsters Attack,1969,20
June Squibb,june-squibbs-criterion-closet-picks,godzilla-vs-hedorah,Godzilla vs. Hedorah,1971,21
June Squibb,june-squibbs-criterion-closet-picks,godzilla-vs-gigan,Godzilla vs. Gigan,1972,22
June Squibb,june-squibbs-criterion-closet-picks,godzilla-vs-megalon,Godzilla vs. Megalon,1973,23
June Squibb,june-squibbs-criterion-closet-picks,godzilla-vs-mechagodzilla,Godzilla vs. Mechagodzilla,1974,24
June Squibb,june-squibbs-criterion-closet-picks,terror-of-mechagodzilla,Terror of Mechagodzilla,1975,25
Wagner Moura,wagner-mouras-criterion-closet-picks,black-god-white-devil,"Black God, White Devil",1964,1
Wagner Moura,wagner-mouras-criterion-closet-picks,il-posto,Il Posto,1961,2
Wagner Moura,wagner-mouras-criterion-closet-picks,lucia,Lucía,1968,3
Wagner Moura,wagner-mouras-criterion-closet-picks,after-the-curfew,After the Curfew,1954,4
Wagner Moura,wagner-mouras-criterion-closet-picks,pixote,Pixote,1980,5
Wagner Moura,wagner-mouras-criterion-closet-picks,two-monks,Two Monks,1934,6
Wagner Moura,wagner-mouras-criterion-closet-picks,soleil-o,Soleil O,1970,7
Wagner Moura,wagner-mouras-criterion-closet-picks,downpour-1972,Downpour,1972,8
Wagner Moura,wagner-mouras-criterion-closet-picks,insiang,Insiang,1976,9
Wagner Moura,wagner-mouras-criterion-closet-picks,mysterious-object-at-noon,Mysterious Object at Noon,2000,10
Wagner Moura,wagner-mouras-criterion-closet-picks,revenge-1990,Revenge,1990,11
Wagner Moura,wagner-mouras-criterion-closet-picks,limite,Limite,1931,12
Wagner Moura,wagner-mouras-criterion-closet-picks,law-of-the-border,Law of the Border,1966,13
Wagner Moura,wagner-mouras-criterion-closet-picks,taipei-story,Taipei Story,1985,14
Wagner Moura,wagner-mouras-criterion-closet-picks,memories-of-underdevelopment,Memories of Underdevelopment,1968,15
Wagner Moura,wagner-mouras-criterion-closet-picks,rosetta,Rosetta,1999,16
Wagner Moura,wagner-mouras-criterion-closet-picks,the-kid-with-a-bike,The Kid with a Bike,2011,17
Amy Heckerling,amy-heckerlings-criterion-closet-picks,i-vitelloni,I Vitelloni,1953,1
Amy Heckerling,amy-heckerlings-criterion-closet-picks,naked-lunch,Naked Lunch,1991,2
Amy Heckerling,amy-heckerlings-criterion-closet-picks,tokyo-story,Tokyo Story,1953,3
Amy Heckerling,amy-heckerlings-criterion-closet-picks,m,M,1931,4
Amy Heckerling,amy-heckerlings-criterion-closet-picks,ace-in-the-hole,Ace in the Hole,1951,5
Amy Heckerling,amy-heckerlings-criterion-closet-picks,city-lights,City Lights,1931,6
Amy Heckerling,amy-heckerlings-criterion-closet-picks,8-half,8½,1963,7
Sean Baker,sean-bakers-criterion-closet-picks,tangerine,Tangerine,2015,1
Sean Baker,sean-bakers-criterion-closet-picks,i-married-a-witch,I Married a Witch,1942,2
Sean Baker,sean-bakers-criterion-closet-picks,naked,Naked,1993,3
Sean Baker,sean-bakers-criterion-closet-picks,life-is-sweet,Life Is Sweet,1990,4
Sean Baker,sean-bakers-criterion-closet-picks,repo-man,Repo Man,1984,5
Sean Baker,sean-bakers-criterion-closet-picks,kes,Kes,1969,6
Sean Baker,sean-bakers-criterion-closet-picks,secret-sunshine,Secret Sunshine,2007,7
Sean Baker,sean-bakers-criterion-closet-picks,jellyfish-eyes,Jellyfish Eyes,2013,8
Sean Baker,sean-bakers-criterion-closet-picks,yi-yi,Yi Yi,2000,9
Sean Baker,sean-bakers-criterion-closet-picks,el-norte,El Norte,1983,10
Sean Baker,sean-bakers-criterion-closet-picks,eating-raoul,Eating Raoul,1982,11
Sean Baker,sean-bakers-criterion-closet-picks,la-cienaga,La Ciénaga,2001,12
Sean Baker,sean-bakers-criterion-closet-picks,la-chambre-1972,La chambre,1972,13
Sean Baker,sean-bakers-criterion-closet-picks,hotel-monterey,Hotel Monterey,1973,14
Sean Baker,sean-bakers-criterion-closet-picks,je-tu-il-elle,Je Tu Il Elle,1974,15
Sean Baker,sean-bakers-criterion-closet-picks,news-from-home,News from Home,1976,16
Sean Baker,sean-bakers-criterion-closet-picks,the-meetings-of-anna,The Meetings of Anna,1978,17
Sean Baker,sean-bakers-criterion-closet-picks,the-bakery-girl-of-monceau,The Bakery Girl of Monceau,1963,18
Sean Baker,sean-bakers-criterion-closet-picks,suzannes-career,Suzanne’s Career,1963,19
Sean Baker,sean-bakers-criterion-closet-picks,la-collectionneuse,La Collectionneuse,1967,20
Sean Baker,sean-bakers-criterion-closet-picks,my-night-at-mauds,My Night at Maud's,1969,21
Sean Baker,sean-bakers-criterion-closet-picks,claires-knee,Claire's Knee,1970,22
Mary Steenburgen and Ted Danson,mary-steenburgen-and-ted-dansons-criterion,rushmore,Rushmore,1998,1
Mary Steenburgen and Ted Danson,mary-steenburgen-and-ted-dansons-criterion,klute,Klute,1971,2
Mary Steenburgen and Ted Danson,mary-steenburgen-and-ted-dansons-criterion,funny-girl,Funny Girl,1968,3
Mary Steenburgen and Ted Danson,mary-steenburgen-and-ted-dansons-criterion,being-there,Being There,1979,4
Mary Steenburgen and Ted Danson,mary-steenburgen-and-ted-dansons-criterion,inland-empire,Inland Empire,2006,5
Mary Steenburgen and Ted Danson,mary-steenburgen-and-ted-dansons-criterion,brief-encounter,Brief Encounter,1945,6
Mary Steenburgen and Ted Danson,mary-steenburgen-and-ted-dansons-criterion,hobsons-choice,Hobson's Choice,1954,7
Mary Steenburgen and Ted Danson,mary-steenburgen-and-ted-dansons-criterion,my-darling-clementine,My Darling Clementine,1946,8
Nick Offerman,nick-offermans-criterion-closet-picks,heart-of-a-dog-2015,Heart of a Dog,2015,1
Nick Offerman,nick-offermans-criterion-closet-picks,rashomon,Rashomon,1950,2
Nick Offerman,nick-offermans-criterion-closet-picks,kes,Kes,1969,3
Nick Offerman,nick-offermans-criterion-closet-picks,dead-man,Dead Man,1995,4
Nick Offerman,nick-offermans-criterion-closet-picks,a-room-with-a-view,A Room with a View,1986,5
Barry Jenkins' Second,barry-jenkins-second-criterion-closet-picks,japon,Japón,2002,1
Barry Jenkins' Second,barry-jenkins-second-criterion-closet-picks,king-lear-1987,King Lear,1987,2
Barry Jenkins' Second,barry-jenkins-second-criterion-closet-picks,the-discreet-charm-of-the-bourgeoisie,The Discreet Charm of the Bourgeoisie,1972,3
Barry Jenkins' Second,barry-jenkins-second-criterion-closet-picks,the-phantom-of-liberty,The Phantom of Liberty,1974,4
Barry Jenkins' Second,barry-jenkins-second-criterion-closet-picks,that-obscure-object-of-desire,That Obscure Object of Desire,1977,5
Boots Riley,boots-rileys-criterion-closet-picks,emitai,Emitaï,1971,1
Boots Riley,boots-rileys-criterion-closet-picks,xala,Xala,1975,2
Boots Riley,boots-rileys-criterion-closet-picks,ceddo,Ceddo,1977,3
Boots Riley,boots-rileys-criterion-closet-picks,black-girl-1966,Black Girl,1966,4
Boots Riley,boots-rileys-criterion-closet-picks,the-story-of-a-three-day-pass,The Story of a Three-Day Pass,1967,5
Boots Riley,boots-rileys-criterion-closet-picks,watermelon-man,Watermelon Man,1970,6
Boots Riley,boots-rileys-criterion-closet-picks,sweet-sweetbacks-baadasssss-song,Sweet Sweetback's Baadasssss Song,1971,7
Boots Riley,boots-rileys-criterion-closet-picks,dont-play-us-cheap,Don't Play Us Cheap,1973,8
Boots Riley,boots-rileys-criterion-closet-picks,true-stories,True Stories,1986,9
Boots Riley,boots-rileys-criterion-closet-picks,election,Election,1999,10
Boots Riley,boots-rileys-criterion-closet-picks,the-hero-1966,The Hero,1966,11
Boots Riley,boots-rileys-criterion-closet-picks,the-princess-bride,The Princess Bride,1987,12
Boots Riley,boots-rileys-criterion-closet-picks,koyaanisqatsi,Koyaanisqatsi,1982,13
Boots Riley,boots-rileys-criterion-closet-picks,powaqqatsi,Powaqqatsi,1988,14
Boots Riley,boots-rileys-criterion-closet-picks,naqoyqatsi,Naqoyqatsi,2002,15
Boots Riley,boots-rileys-criterion-closet-picks,all-about-my-mother,All About My Mother,1999,16
Boots Riley,boots-rileys-criterion-closet-picks,women-on-the-verge-of-a-nervous-breakdown,Women on the Verge of a Nervous Breakdown,1988,17
Boots Riley,boots-rileys-criterion-closet-picks,mishima-a-life-in-four-chapters,Mishima: A Life in Four Chapters,1985,18
Boots Riley,boots-rileys-criterion-closet-picks,variety-lights,Variety Lights,1950,19
Boots Riley,boots-rileys-criterion-closet-picks,the-white-sheik,The White Sheik,1952,20
Boots Riley,boots-rileys-criterion-closet-picks,i-vitelloni,I Vitelloni,1953,21
Boots Riley,boots-rileys-criterion-closet-picks,la-strada,La Strada,1954,22
Boots Riley,boots-rileys-criterion-closet-picks,the-swindle-1955,The Swindle,1955,23
Boots Riley,boots-rileys-criterion-closet-picks,nights-of-cabiria,Nights of Cabiria,1957,24
Boots Riley,boots-rileys-criterion-closet-picks,la-dolce-vita,La Dolce Vita,1960,25
Boots Riley,boots-rileys-criterion-closet-picks,8-half,8½,1963,26
Boots Riley,boots-rileys-criterion-closet-picks,juliet-of-the-spirits,Juliet of the Spirits,1965,27
Boots Riley,boots-rileys-criterion-closet-picks,satyricon-1969,Satyricon,1969,28
Boots Riley,boots-rileys-criterion-closet-picks,roma,Roma,1972,29
Boots Riley,boots-rileys-criterion-closet-picks,amarcord,Amarcord,1973,30
Boots Riley,boots-rileys-criterion-closet-picks,and-the-ship-sails-on,And the Ship Sails On,1983,31
Boots Riley,boots-rileys-criterion-closet-picks,intervista,Intervista,1987,32
Anna Karina,anna-karinas-criterion-closet-picks,cleo-from-5-to-7,Cléo from 5 to 7,1962,1
Anna Karina,anna-karinas-criterion-closet-picks,a-woman-is-a-woman,A Woman Is a Woman,1961,2
Anna Karina,anna-karinas-criterion-closet-picks,made-in-usa,Made in U.S.A,1966,3
Anna Karina,anna-karinas-criterion-closet-picks,pierrot-le-fou,Pierrot le Fou,1965,4
Anna Karina,anna-karinas-criterion-closet-picks,the-kid,The Kid,1921,5
David Byrne,david-byrnes-criterion-closet-picks,jour-de-fete,Jour de Fête,1949,1
David Byrne,david-byrnes-criterion-closet-picks,monsieur-hulots-holiday,Monsieur Hulot's Holiday,1953,2
David Byrne,david-byrnes-criterion-closet-picks,mon-oncle,Mon Oncle,1958,3
David Byrne,david-byrnes-criterion-closet-picks,playtime,PlayTime,1967,4
David Byrne,david-byrnes-criterion-closet-picks,trafic,Trafic,1971,5
David Byrne,david-byrnes-criterion-closet-picks,parade,Parade,1974,6
David Byrne,david-byrnes-criterion-closet-picks,the-color-of-pomegranates,The Color of Pomegranates,1969,7
David Byrne,david-byrnes-criterion-closet-picks,dead-man,Dead Man,1995,8
David Byrne,david-byrnes-criterion-closet-picks,a-matter-of-life-and-death,A Matter of Life and Death,1946,9
David Byrne,david-byrnes-criterion-closet-picks,the-39-steps,The 39 Steps,1935,10
David Byrne,david-byrnes-criterion-closet-picks,true-stories,True Stories,1986,11
György Pálfi,gyorgy-palfis-criterion-closet-picks,shadows-1958,Shadows,1958,1
György Pálfi,gyorgy-palfis-criterion-closet-picks,faces-1968,Faces,1968,2
György Pálfi,gyorgy-palfis-criterion-closet-picks,a-woman-under-the-influence,A Woman Under the Influence,1974,3
György Pálfi,gyorgy-palfis-criterion-closet-picks,the-killing-of-a-chinese-bookie,The Killing of a Chinese Bookie,1976,4
György Pálfi,gyorgy-palfis-criterion-closet-picks,opening-night,Opening Night,1977,5
György Pálfi,gyorgy-palfis-criterion-closet-picks,a-constant-forge,A Constant Forge,2000,6
György Pálfi,gyorgy-palfis-criterion-closet-picks,man-is-not-a-bird,Man Is Not a Bird,1965,7
György Pálfi,gyorgy-palfis-criterion-closet-picks,love-affair-or-the-case-of-the-missing-switchboard-operator,"Love Affair, or the Case of the Missing Switchboard Operator",1967,8
György Pálfi,gyorgy-palfis-criterion-closet-picks,innocence-unprotected,Innocence Unprotected,1968,9
Griffin Dunne & Amy Robinson,griffin-dunne-amy-robinsons-criterion-closet,a-special-day,A Special Day,1977,1
Griffin Dunne & Amy Robinson,griffin-dunne-amy-robinsons-criterion-closet,they-live-by-night,They Live by Night,1948,2
Griffin Dunne & Amy Robinson,griffin-dunne-amy-robinsons-criterion-closet,le-notti-bianche,Le Notti Bianche,1957,3
Griffin Dunne & Amy Robinson,griffin-dunne-amy-robinsons-criterion-closet,summertime,Summertime,1955,4
Yance Ford,yance-fords-criterion-closet-picks,mudbound,Mudbound,2017,1
Yance Ford,yance-fords-criterion-closet-picks,my-beautiful-laundrette,My Beautiful Laundrette,1985,2
Yance Ford,yance-fords-criterion-closet-picks,saute-ma-ville,Saute ma ville,1968,3
Yance Ford,yance-fords-criterion-closet-picks,the-beloved-child-or-i-play-at-being-a-married-woman,"The Beloved Child, or I Play at Being a Married Woman",1971,4
Yance Ford,yance-fords-criterion-closet-picks,la-chambre-1972,La chambre,1972,5
Yance Ford,yance-fords-criterion-closet-picks,hotel-monterey,Hotel Monterey,1973,6
Yance Ford,yance-fords-criterion-closet-picks,le-15-8,Le 15/8,1973,7
Yance Ford,yance-fords-criterion-closet-picks,je-tu-il-elle,Je Tu Il Elle,1974,8
Yance Ford,yance-fords-criterion-closet-picks,jeanne-dielman-23-quai-du-commerce-1080-bruxelles,"Jeanne Dielman, 23, quai du Commerce, 1080 Bruxelles",1975,9
Yance Ford,yance-fords-criterion-closet-picks,news-from-home,News from Home,1976,10
Yance Ford,yance-fords-criterion-closet-picks,the-meetings-of-anna,The Meetings of Anna,1978,11
Yance Ford,yance-fords-criterion-closet-picks,ghost-dog-the-way-of-the-samurai,Ghost Dog: The Way of the Samurai,1999,12
Rian Johnson,rian-johnsons-criterion-closet-picks,girlfight,Girlfight,2000,1
Rian Johnson,rian-johnsons-criterion-closet-picks,love-basketball,Love & Basketball,2000,2
Rian Johnson,rian-johnsons-criterion-closet-picks,topsy-turvy,Topsy-Turvy,1999,3
Rian Johnson,rian-johnsons-criterion-closet-picks,hells-angels,Hell's Angels,1930,4
Carlson Young,carlson-youngs-criterion-closet-picks,in-the-mood-for-love,In the Mood for Love,2000,1
Carlson Young,carlson-youngs-criterion-closet-picks,moonstruck,Moonstruck,1987,2
Carlson Young,carlson-youngs-criterion-closet-picks,petite-maman,Petite Maman,2021,3
Carlson Young,carlson-youngs-criterion-closet-picks,dr-strangelove-or-how-i-learned-to-stop-worrying-and-love-the-bomb,Dr. Strangelove or: How I Learned to Stop Worrying and Love the Bomb,1964,4
Francis Ford Coppola,francis-ford-coppolas-criterion-closet-picks,jour-de-fete,Jour de Fête,1949,1
Francis Ford Coppola,francis-ford-coppolas-criterion-closet-picks,monsieur-hulots-holiday,Monsieur Hulot's Holiday,1953,2
Francis Ford Coppola,francis-ford-coppolas-criterion-closet-picks,mon-oncle,Mon Oncle,1958,3
Francis Ford Coppola,francis-ford-coppolas-criterion-closet-picks,playtime,PlayTime,1967,4
Francis Ford Coppola,francis-ford-coppolas-criterion-closet-picks,trafic,Trafic,1971,5
Francis Ford Coppola,francis-ford-coppolas-criterion-closet-picks,parade,Parade,1974,6
Francis Ford Coppola,francis-ford-coppolas-criterion-closet-picks,rumble-fish,Rumble Fish,1983,7
Francis Ford Coppola,francis-ford-coppolas-criterion-closet-picks,dance-girl-dance,"Dance, Girl, Dance",1940,8
Francis Ford Coppola,francis-ford-coppolas-criterion-closet-picks,brief-encounter,Brief Encounter,1945,9
Francis Ford Coppola,francis-ford-coppolas-criterion-closet-picks,in-which-we-serve,In Which We Serve,1942,10
Francis Ford Coppola,francis-ford-coppolas-criterion-closet-picks,this-happy-breed,This Happy Breed,1944,11
Francis Ford Coppola,francis-ford-coppolas-criterion-closet-picks,blithe-spirit,Blithe Spirit,1945,12
Francis Ford Coppola,francis-ford-coppolas-criterion-closet-picks,blow-up,Blow-Up,1966,13
Francis Ford Coppola,francis-ford-coppolas-criterion-closet-picks,the-awful-truth,The Awful Truth,1937,14
Darius Khondji,darius-khondjis-criterion-closet-picks,modern-times,Modern Times,1936,1
Darius Khondji,darius-khondjis-criterion-closet-picks,breathless,Breathless,1960,2
Darius Khondji,darius-khondjis-criterion-closet-picks,vivre-sa-vie,Vivre Sa Vie,1962,3
Darius Khondji,darius-khondjis-criterion-closet-picks,hunger,Hunger,2008,4
Darius Khondji,darius-khondjis-criterion-closet-picks,seven-samurai,Seven Samurai,1954,5
Darius Khondji,darius-khondjis-criterion-closet-picks,sweet-movie,Sweet Movie,1974,6
Darius Khondji,darius-khondjis-criterion-closet-picks,house,House,1977,7
Darius Khondji,darius-khondjis-criterion-closet-picks,rome-open-city,"Rome, Open City",1945,8
Darius Khondji,darius-khondjis-criterion-closet-picks,paisan,Paisan,1946,9
Darius Khondji,darius-khondjis-criterion-closet-picks,germany-year-zero,"Germany, Year Zero",1948,10
Darius Khondji,darius-khondjis-criterion-closet-picks,a-generation,A Generation,1955,11
Darius Khondji,darius-khondjis-criterion-closet-picks,kanal-1957,Kanal,1957,12
Darius Khondji,darius-khondjis-criterion-closet-picks,ashes-and-diamonds,Ashes and Diamonds,1958,13
Darius Khondji,darius-khondjis-criterion-closet-picks,the-night-of-the-hunter,The Night of the Hunter,1955,14
Cary Elwes,cary-elwes-criterion-closet-picks,the-battle-of-algiers,The Battle of Algiers,1966,1
Cary Elwes,cary-elwes-criterion-closet-picks,roma,Roma,1972,2
Cary Elwes,cary-elwes-criterion-closet-picks,all-that-jazz,All That Jazz,1979,3
Cary Elwes,cary-elwes-criterion-closet-picks,the-hit-1984,The Hit,1984,4
Cary Elwes,cary-elwes-criterion-closet-picks,odd-man-out,Odd Man Out,1947,5
Michael Cera,michael-ceras-criterion-closet-picks,good-morning,Good Morning,1959,1
Michael Cera,michael-ceras-criterion-closet-picks,i-was-born-but,"I Was Born, But...",1932,2
Michael Cera,michael-ceras-criterion-closet-picks,close-up,Close-Up,1990,3
Michael Cera,michael-ceras-criterion-closet-picks,where-is-the-friends-house,Where Is the Friend's House?,1987,4
Michael Cera,michael-ceras-criterion-closet-picks,come-on-children,Come On Children,1973,5
Michael Cera,michael-ceras-criterion-closet-picks,warrendale,Warrendale,1967,6
Michael Cera,michael-ceras-criterion-closet-picks,a-married-couple,A Married Couple,1969,7
Michael Cera,michael-ceras-criterion-closet-picks,dying-at-grace,Dying at Grace,2003,8
Michael Cera,michael-ceras-criterion-closet-picks,memory-for-max-claire-ida-and-company,"Memory for Max, Claire, Ida and Company",2005,9
Michael Cera,michael-ceras-criterion-closet-picks,tootsie,Tootsie,1982,10
Chris Eigeman,chris-eigemans-criterion-closet-picks,metropolitan,Metropolitan,1990,1
Chris Eigeman,chris-eigemans-criterion-closet-picks,the-last-days-of-disco,The Last Days of Disco,1998,2
Chris Eigeman,chris-eigemans-criterion-closet-picks,barcelona,Barcelona,1994,3
Chris Eigeman,chris-eigemans-criterion-closet-picks,the-400-blows,The 400 Blows,1959,4
Chris Eigeman,chris-eigemans-criterion-closet-picks,make-way-for-tomorrow,Make Way for Tomorrow,1937,5
Chris Eigeman,chris-eigemans-criterion-closet-picks,the-horses-mouth,The Horse's Mouth,1958,6
Chris Eigeman,chris-eigemans-criterion-closet-picks,hopscotch,Hopscotch,1980,7
Chris Eigeman,chris-eigemans-criterion-closet-picks,all-that-jazz,All That Jazz,1979,8
Chris Eigeman,chris-eigemans-criterion-closet-picks,the-vanishing,The Vanishing,1988,9
Chris Eigeman,chris-eigemans-criterion-closet-picks,dazed-and-confused,Dazed and Confused,1993,10
Chris Eigeman,chris-eigemans-criterion-closet-picks,videodrome,Videodrome,1983,11
Chris Eigeman,chris-eigemans-criterion-closet-picks,the-friends-of-eddie-coyle,The Friends of Eddie Coyle,1973,12
Chris Eigeman,chris-eigemans-criterion-closet-picks,pickup-on-south-street,Pickup on South Street,1953,13
Chris Eigeman,chris-eigemans-criterion-closet-picks,night-train-to-munich,Night Train to Munich,1940,14
Chris Eigeman,chris-eigemans-criterion-closet-picks,contempt,Contempt,1963,15
Chris Eigeman,chris-eigemans-criterion-closet-picks,shoot-the-piano-player,Shoot the Piano Player,1960,16
James Watkins,james-watkins-criterion-closet-picks,la-ceremonie,La Cérémonie,1995,1
James Watkins,james-watkins-criterion-closet-picks,the-swimming-pool,The Swimming Pool,1969,2
James Watkins,james-watkins-criterion-closet-picks,straw-dogs,Straw Dogs,1971,3
James Watkins,james-watkins-criterion-closet-picks,the-wages-of-fear,The Wages of Fear,1953,4
James Gray,james-grays-criterion-closet-picks,chimes-at-midnight,Chimes at Midnight,1965,1
James Gray,james-grays-criterion-closet-picks,pather-panchali,Pather Panchali,1955,2
James Gray,james-grays-criterion-closet-picks,aparajito,Aparajito,1956,3
James Gray,james-grays-criterion-closet-picks,apur-sansar,Apur Sansar,1959,4
ANOHNI,anohnis-criterion-closet-picks,jubilee,Jubilee,1978,1
ANOHNI,anohnis-criterion-closet-picks,night-and-fog,Night and Fog,1956,2
ANOHNI,anohnis-criterion-closet-picks,the-times-of-harvey-milk,The Times of Harvey Milk,1984,3
ANOHNI,anohnis-criterion-closet-picks,underworld,Underworld,1927,4
ANOHNI,anohnis-criterion-closet-picks,the-last-command,The Last Command,1928,5
ANOHNI,anohnis-criterion-closet-picks,the-docks-of-new-york,The Docks of New York,1928,6
ANOHNI,anohnis-criterion-closet-picks,paris-is-burning,Paris Is Burning,1990,7
ANOHNI,anohnis-criterion-closet-picks,belle-de-jour,Belle de Jour,1967,8
ANOHNI,anohnis-criterion-closet-picks,nineteen-eighty-four-1984,Nineteen Eighty-Four,1984,9
ANOHNI,anohnis-criterion-closet-picks,hyas-and-stenorhynchus,Hyas and Stenorhynchus,1929,10
ANOHNI,anohnis-criterion-closet-picks,sea-urchins,Sea Urchins,1954,11
ANOHNI,anohnis-criterion-closet-picks,how-some-jellyfish-are-born,How Some Jellyfish Are Born,1960,12
ANOHNI,anohnis-criterion-closet-picks,liquid-crystals,Liquid Crystals,1978,13
ANOHNI,anohnis-criterion-closet-picks,the-sea-horse,The Sea Horse,1935,14
ANOHNI,anohnis-criterion-closet-picks,the-love-life-of-an-octopus,The Love Life of an Octopus,1967,15
ANOHNI,anohnis-criterion-closet-picks,shrimp-stories,Shrimp Stories,1964,16
ANOHNI,anohnis-criterion-closet-picks,acera-or-the-witches-dance,"Acera, or the Witches' Dance",1972,17
ANOHNI,anohnis-criterion-closet-picks,the-vampire-1945,The Vampire,1945,18
ANOHNI,anohnis-criterion-closet-picks,freshwater-assassins,Freshwater Assassins,1947,19
ANOHNI,anohnis-criterion-closet-picks,sea-ballerinas,Sea Ballerinas,1956,20
ANOHNI,anohnis-criterion-closet-picks,diatoms,Diatoms,1968,21
ANOHNI,anohnis-criterion-closet-picks,pigeons-in-the-square,Pigeons in the Square,1982,22
ANOHNI,anohnis-criterion-closet-picks,the-sounds-of-science,The Sounds of Science,2001,23
ANOHNI,anohnis-criterion-closet-picks,the-octopus-1928,The Octopus,1928,24
ANOHNI,anohnis-criterion-closet-picks,sea-urchins-1929,Sea Urchins,1929,25
ANOHNI,anohnis-criterion-closet-picks,daphnia,Daphnia,1928,26
ANOHNI,anohnis-criterion-closet-picks,the-sticklebacks-eggs,The Stickleback's Eggs,1925,27
ANOHNI,anohnis-criterion-closet-picks,experimental-treatment-of-a-hemorrhage-in-a-dog,Experimental Treatment of a Hemorrhage in a Dog,1930,28
ANOHNI,anohnis-criterion-closet-picks,the-fourth-dimension-1936,The Fourth Dimension,1936,29
ANOHNI,anohnis-criterion-closet-picks,the-struggle-for-survival,The Struggle for Survival,1937,30
ANOHNI,anohnis-criterion-closet-picks,voyage-to-the-sky,Voyage to the Sky,1937,31
ANOHNI,anohnis-criterion-closet-picks,similarities-between-length-and-speed,Similarities Between Length and Speed,1937,32
ANOHNI,anohnis-criterion-closet-picks,bluebeard-1936,Bluebeard,1936,33
ANOHNI,anohnis-criterion-closet-picks,jean-painleve-through-his-films,Jean Painlevé Through His Films,1989,34
Manuel Garcia-Rulfo,manuel-garcia-rulfos-criterion-closet-picks,the-cremator,The Cremator,1969,1
Manuel Garcia-Rulfo,manuel-garcia-rulfos-criterion-closet-picks,canoa-a-shameful-memory,Canoa: A Shameful Memory,1975,2
Manuel Garcia-Rulfo,manuel-garcia-rulfos-criterion-closet-picks,amores-perros,Amores Perros,2000,3
Manuel Garcia-Rulfo,manuel-garcia-rulfos-criterion-closet-picks,onibaba,Onibaba,1964,4
Manuel Garcia-Rulfo,manuel-garcia-rulfos-criterion-closet-picks,the-new-world,The New World,2005,5
Manuel Garcia-Rulfo,manuel-garcia-rulfos-criterion-closet-picks,cold-war-2018,Cold War,2018,6
Letterboxd,letterboxds-criterion-closet-picks,videodrome,Videodrome,1983,1
Letterboxd,letterboxds-criterion-closet-picks,a-room-with-a-view,A Room with a View,1986,2
Letterboxd,letterboxds-criterion-closet-picks,tampopo,Tampopo,1985,3
Letterboxd,letterboxds-criterion-closet-picks,roma-2018,Roma,2018,4
Letterboxd,letterboxds-criterion-closet-picks,before-sunrise,Before Sunrise,1995,5
Letterboxd,letterboxds-criterion-closet-picks,before-sunset,Before Sunset,2004,6
Letterboxd,letterboxds-criterion-closet-picks,before-midnight,Before Midnight,2013,7
Letterboxd,letterboxds-criterion-closet-picks,i-knew-her-well,I Knew Her Well,1965,8
Letterboxd,letterboxds-criterion-closet-picks,uncut-gems,Uncut Gems,2019,9
Letterboxd,letterboxds-criterion-closet-picks,portrait-of-a-lady-on-fire,Portrait of a Lady on Fire,2019,10
Letterboxd,letterboxds-criterion-closet-picks,come-and-see,Come and See,1985,11
Letterboxd,letterboxds-criterion-closet-picks,the-worst-person-in-the-world,The Worst Person in the World,2021,12
Letterboxd,letterboxds-criterion-closet-picks,harakiri,Harakiri,1962,13
Letterboxd,letterboxds-criterion-closet-picks,beauty-and-the-beast,Beauty and the Beast,1946,14
Letterboxd,letterboxds-criterion-closet-picks,good-morning,Good Morning,1959,15
Letterboxd,letterboxds-criterion-closet-picks,in-the-heat-of-the-night,In the Heat of the Night,1967,16
Letterboxd,letterboxds-criterion-closet-picks,mikey-and-nicky,Mikey and Nicky,1976,17
Michael Mohan,michael-mohans-criterion-closet-picks,immaculate-2024,Immaculate,2024,1
Michael Mohan,michael-mohans-criterion-closet-picks,funny-games,Funny Games,1997,2
Michael Mohan,michael-mohans-criterion-closet-picks,black-narcissus,Black Narcissus,1947,3
Michael Mohan,michael-mohans-criterion-closet-picks,the-vanishing,The Vanishing,1988,4
Josh Brolin,josh-brolins-criterion-closet-picks,mikey-and-nicky,Mikey and Nicky,1976,1
Josh Brolin,josh-brolins-criterion-closet-picks,traffic,Traffic,2000,2
Josh Brolin,josh-brolins-criterion-closet-picks,lost-highway,Lost Highway,1997,3
Josh Brolin,josh-brolins-criterion-closet-picks,repo-man,Repo Man,1984,4
Josh Brolin,josh-brolins-criterion-closet-picks,sid-and-nancy,Sid and Nancy,1986,5
Josh Brolin,josh-brolins-criterion-closet-picks,drugstore-cowboy,Drugstore Cowboy,1989,6
Josh Brolin,josh-brolins-criterion-closet-picks,no-country-for-old-men,No Country for Old Men,2007,7
Ari Aster's Second,ari-asters-second-criterion-closet-picks,winchester-73,Winchester '73,1950,1
Ari Aster's Second,ari-asters-second-criterion-closet-picks,the-parallax-view,The Parallax View,1974,2
Ari Aster's Second,ari-asters-second-criterion-closet-picks,lacombe-lucien,"Lacombe, Lucien",1974,3
Ari Aster's Second,ari-asters-second-criterion-closet-picks,revanche,Revanche,2008,4
Ari Aster's Second,ari-asters-second-criterion-closet-picks,straw-dogs,Straw Dogs,1971,5
Ari Aster's Second,ari-asters-second-criterion-closet-picks,ace-in-the-hole,Ace in the Hole,1951,6
Ari Aster's Second,ari-asters-second-criterion-closet-picks,a-face-in-the-crowd,A Face in the Crowd,1957,7
Ari Aster's Second,ari-asters-second-criterion-closet-picks,wanda,Wanda,1970,8
Ari Aster's Second,ari-asters-second-criterion-closet-picks,do-the-right-thing,Do the Right Thing,1989,9
Ari Aster's Second,ari-asters-second-criterion-closet-picks,graduation-2016,Graduation,2016,10
Ari Aster's Second,ari-asters-second-criterion-closet-picks,the-grifters,The Grifters,1990,11
Ari Aster's Second,ari-asters-second-criterion-closet-picks,you-can-count-on-me,You Can Count on Me,2000,12
Ari Aster's Second,ari-asters-second-criterion-closet-picks,the-wages-of-fear,The Wages of Fear,1953,13
Ari Aster's Second,ari-asters-second-criterion-closet-picks,lone-star-1996,Lone Star,1996,14
Ari Aster's Second,ari-asters-second-criterion-closet-picks,the-last-picture-show,The Last Picture Show,1971,15
Ari Aster's Second,ari-asters-second-criterion-closet-picks,targets,Targets,1968,16
Ari Aster's Second,ari-asters-second-criterion-closet-picks,young-mr-lincoln,Young Mr. Lincoln,1939,17
Ari Aster's Second,ari-asters-second-criterion-closet-picks,my-darling-clementine,My Darling Clementine,1946,18
Ari Aster's Second,ari-asters-second-criterion-closet-picks,no-country-for-old-men,No Country for Old Men,2007,19
Joanna Hogg,joanna-hoggs-criterion-closet-picks,the-souvenir,The Souvenir,2019,1
Joanna Hogg,joanna-hoggs-criterion-closet-picks,all-that-jazz,All That Jazz,1979,2
Joanna Hogg,joanna-hoggs-criterion-closet-picks,8-half,8½,1963,3
Joanna Hogg,joanna-hoggs-criterion-closet-picks,la-strada,La Strada,1954,4
Joanna Hogg,joanna-hoggs-criterion-closet-picks,bad-timing,Bad Timing,1980,5
Joanna Hogg,joanna-hoggs-criterion-closet-picks,the-age-of-innocence,The Age of Innocence,1993,6
Joanna Hogg,joanna-hoggs-criterion-closet-picks,the-red-shoes,The Red Shoes,1948,7
Jarvis Cocker,jarvis-cockers-criterion-closet-picks,the-incredible-shrinking-man,The Incredible Shrinking Man,1957,1
Jarvis Cocker,jarvis-cockers-criterion-closet-picks,blue-velvet,Blue Velvet,1986,2
Jarvis Cocker,jarvis-cockers-criterion-closet-picks,meantime,Meantime,1983,3
Jarvis Cocker,jarvis-cockers-criterion-closet-picks,trainspotting,Trainspotting,1996,4
Jarvis Cocker,jarvis-cockers-criterion-closet-picks,salo-or-the-120-days-of-sodom,"Salò, or the 120 Days of Sodom",1975,5
Jarvis Cocker,jarvis-cockers-criterion-closet-picks,fantastic-mr-fox,Fantastic Mr. Fox,2009,6
Jarvis Cocker,jarvis-cockers-criterion-closet-picks,the-grand-budapest-hotel,The Grand Budapest Hotel,2014,7
Jarvis Cocker,jarvis-cockers-criterion-closet-picks,peeping-tom,Peeping Tom,1960,8
François Girard,francois-girards-criterion-closet-picks,rashomon,Rashomon,1950,1
François Girard,francois-girards-criterion-closet-picks,short-cuts,Short Cuts,1993,2
François Girard,francois-girards-criterion-closet-picks,the-thin-red-line,The Thin Red Line,1998,3
François Girard,francois-girards-criterion-closet-picks,merry-christmas-mr-lawrence,"Merry Christmas, Mr. Lawrence",1983,4
François Girard,francois-girards-criterion-closet-picks,the-killing,The Killing,1956,5
François Girard,francois-girards-criterion-closet-picks,macbeth-1971,Macbeth,1971,6
François Girard,francois-girards-criterion-closet-picks,vive-le-tour,Vive Le Tour,1962,7
François Girard,francois-girards-criterion-closet-picks,a-human-condition,A Human Condition,1974,8
François Girard,francois-girards-criterion-closet-picks,place-de-la-republique,Place de la République,1974,9
François Girard,francois-girards-criterion-closet-picks,phantom-india,Phantom India,1969,10
François Girard,francois-girards-criterion-closet-picks,calcutta-1969,Calcutta,1969,11
François Girard,francois-girards-criterion-closet-picks,gods-country-1985,God's Country,1985,12
François Girard,francois-girards-criterion-closet-picks,and-the-pursuit-of-happiness,… And the Pursuit of Happiness,1986,13
François Girard,francois-girards-criterion-closet-picks,othello-1951,Othello,1951,14
François Girard,francois-girards-criterion-closet-picks,largent-1983,L'Argent,1983,15
François Girard,francois-girards-criterion-closet-picks,exotica,Exotica,1994,16
Kevin Bacon,kevin-bacons-criterion-closet-picks,seven-samurai,Seven Samurai,1954,1
Kevin Bacon,kevin-bacons-criterion-closet-picks,the-blob,The Blob,1958,2
Kevin Bacon,kevin-bacons-criterion-closet-picks,do-the-right-thing,Do the Right Thing,1989,3
Kevin Bacon,kevin-bacons-criterion-closet-picks,gimme-shelter-1970,Gimme Shelter,1970,4
Kevin Bacon,kevin-bacons-criterion-closet-picks,sullivans-travels,Sullivan's Travels,1941,5
Kevin Bacon,kevin-bacons-criterion-closet-picks,the-fugitive-kind,The Fugitive Kind,1960,6
Kevin Bacon,kevin-bacons-criterion-closet-picks,jules-and-jim,Jules and Jim,1962,7
Tim Robbins,tim-robbins-criterion-closet-picks,antonio-gaudi,Antonio Gaudí,1984,1
Tim Robbins,tim-robbins-criterion-closet-picks,nashville,Nashville,1975,2
Tim Robbins,tim-robbins-criterion-closet-picks,sweet-smell-of-success,Sweet Smell of Success,1957,3
Tim Robbins,tim-robbins-criterion-closet-picks,shock-corridor,Shock Corridor,1963,4
Tim Robbins,tim-robbins-criterion-closet-picks,my-dinner-with-andre,My Dinner with Andre,1981,5
Tim Robbins,tim-robbins-criterion-closet-picks,z,Z,1969,6
Tim Robbins,tim-robbins-criterion-closet-picks,warrendale,Warrendale,1967,7
Tim Robbins,tim-robbins-criterion-closet-picks,a-married-couple,A Married Couple,1969,8
Tim Robbins,tim-robbins-criterion-closet-picks,come-on-children,Come On Children,1973,9
Tim Robbins,tim-robbins-criterion-closet-picks,dying-at-grace,Dying at Grace,2003,10
Tim Robbins,tim-robbins-criterion-closet-picks,memory-for-max-claire-ida-and-company,"Memory for Max, Claire, Ida and Company",2005,11
Tim Robbins,tim-robbins-criterion-closet-picks,la-jetee,La Jetée,1962,12
Tim Robbins,tim-robbins-criterion-closet-picks,sans-soleil,Sans Soleil,1983,13
Molly Ringwald,molly-ringwalds-criterion-closet-picks,the-life-of-jesus,The Life of Jesus,1997,1
Molly Ringwald,molly-ringwalds-criterion-closet-picks,morocco,Morocco,1930,2
Molly Ringwald,molly-ringwalds-criterion-closet-picks,dishonored,Dishonored,1931,3
Molly Ringwald,molly-ringwalds-criterion-closet-picks,shanghai-express,Shanghai Express,1932,4
Molly Ringwald,molly-ringwalds-criterion-closet-picks,blonde-venus,Blonde Venus,1932,5
Molly Ringwald,molly-ringwalds-criterion-closet-picks,the-scarlet-empress,The Scarlet Empress,1934,6
Molly Ringwald,molly-ringwalds-criterion-closet-picks,the-devil-is-a-woman,The Devil Is a Woman,1935,7
Molly Ringwald,molly-ringwalds-criterion-closet-picks,a-face-in-the-crowd,A Face in the Crowd,1957,8
Molly Ringwald,molly-ringwalds-criterion-closet-picks,celine-and-julie-go-boating,Céline and Julie Go Boating,1974,9
Molly Ringwald,molly-ringwalds-criterion-closet-picks,a-tale-of-springtime,A Tale of Springtime,1990,10
Molly Ringwald,molly-ringwalds-criterion-closet-picks,a-tale-of-winter,A Tale of Winter,1992,11
Molly Ringwald,molly-ringwalds-criterion-closet-picks,a-summers-tale,A Summer's Tale,1996,12
Molly Ringwald,molly-ringwalds-criterion-closet-picks,a-tale-of-autumn,A Tale of Autumn,1998,13
Molly Ringwald,molly-ringwalds-criterion-closet-picks,rouge,Rouge,1987,14
Molly Ringwald,molly-ringwalds-criterion-closet-picks,the-love-parade,The Love Parade,1929,15
Molly Ringwald,molly-ringwalds-criterion-closet-picks,monte-carlo-1930,Monte Carlo,1930,16
Molly Ringwald,molly-ringwalds-criterion-closet-picks,the-smiling-lieutenant,The Smiling Lieutenant,1931,17
Molly Ringwald,molly-ringwalds-criterion-closet-picks,one-hour-with-you,One Hour with You,1932,18
Molly Ringwald,molly-ringwalds-criterion-closet-picks,band-of-outsiders,Band of Outsiders,1964,19
Molly Ringwald,molly-ringwalds-criterion-closet-picks,variety-lights,Variety Lights,1950,20
Molly Ringwald,molly-ringwalds-criterion-closet-picks,the-white-sheik,The White Sheik,1952,21
Molly Ringwald,molly-ringwalds-criterion-closet-picks,i-vitelloni,I Vitelloni,1953,22
Molly Ringwald,molly-ringwalds-criterion-closet-picks,la-strada,La Strada,1954,23
Molly Ringwald,molly-ringwalds-criterion-closet-picks,the-swindle-1955,The Swindle,1955,24
Molly Ringwald,molly-ringwalds-criterion-closet-picks,nights-of-cabiria,Nights of Cabiria,1957,25
Molly Ringwald,molly-ringwalds-criterion-closet-picks,la-dolce-vita,La Dolce Vita,1960,26
Molly Ringwald,molly-ringwalds-criterion-closet-picks,8-half,8½,1963,27
Molly Ringwald,molly-ringwalds-criterion-closet-picks,juliet-of-the-spirits,Juliet of the Spirits,1965,28
Molly Ringwald,molly-ringwalds-criterion-closet-picks,satyricon-1969,Satyricon,1969,29
Molly Ringwald,molly-ringwalds-criterion-closet-picks,roma,Roma,1972,30
Molly Ringwald,molly-ringwalds-criterion-closet-picks,amarcord,Amarcord,1973,31
Molly Ringwald,molly-ringwalds-criterion-closet-picks,and-the-ship-sails-on,And the Ship Sails On,1983,32
Molly Ringwald,molly-ringwalds-criterion-closet-picks,intervista,Intervista,1987,33
Molly Ringwald,molly-ringwalds-criterion-closet-picks,shadows-1958,Shadows,1958,34
Molly Ringwald,molly-ringwalds-criterion-closet-picks,faces-1968,Faces,1968,35
Molly Ringwald,molly-ringwalds-criterion-closet-picks,a-woman-under-the-influence,A Woman Under the Influence,1974,36
Molly Ringwald,molly-ringwalds-criterion-closet-picks,the-killing-of-a-chinese-bookie,The Killing of a Chinese Bookie,1976,37
Molly Ringwald,molly-ringwalds-criterion-closet-picks,opening-night,Opening Night,1977,38
Molly Ringwald,molly-ringwalds-criterion-closet-picks,a-constant-forge,A Constant Forge,2000,39
Molly Ringwald,molly-ringwalds-criterion-closet-picks,love-streams,Love Streams,1984,40
Molly Ringwald,molly-ringwalds-criterion-closet-picks,umberto-d,Umberto D.,1952,41
Molly Ringwald,molly-ringwalds-criterion-closet-picks,woman-in-the-dunes,Woman in the Dunes,1964,42
Anthony Chen,anthony-chens-criterion-closet-picks,the-breaking-ice,The Breaking Ice,2023,1
Anthony Chen,anthony-chens-criterion-closet-picks,a-brighter-summer-day,A Brighter Summer Day,1991,2
Jeremy O. Harris,jeremy-o-harris-criterion-closet-picks,sweet-sweetbacks-baadasssss-song,Sweet Sweetback's Baadasssss Song,1971,1
Jeremy O. Harris,jeremy-o-harris-criterion-closet-picks,the-story-of-a-three-day-pass,The Story of a Three-Day Pass,1967,2
Jeremy O. Harris,jeremy-o-harris-criterion-closet-picks,watermelon-man,Watermelon Man,1970,3
Jeremy O. Harris,jeremy-o-harris-criterion-closet-picks,dont-play-us-cheap,Don't Play Us Cheap,1973,4
Jeremy O. Harris,jeremy-o-harris-criterion-closet-picks,original-cast-album-company,Original Cast Album: Company,1970,5
Jeremy O. Harris,jeremy-o-harris-criterion-closet-picks,the-celebration,The Celebration,1998,6
Jeremy O. Harris,jeremy-o-harris-criterion-closet-picks,theorem,Theorem,1968,7
Jeremy O. Harris,jeremy-o-harris-criterion-closet-picks,salo-or-the-120-days-of-sodom,"Salò, or the 120 Days of Sodom",1975,8
Jeremy O. Harris,jeremy-o-harris-criterion-closet-picks,tiny-furniture,Tiny Furniture,2010,9
Jeremy O. Harris,jeremy-o-harris-criterion-closet-picks,girlfriends-1978,Girlfriends,1978,10
Jeremy O. Harris,jeremy-o-harris-criterion-closet-picks,all-that-jazz,All That Jazz,1979,11
Jeremy O. Harris,jeremy-o-harris-criterion-closet-picks,ali-fear-eats-the-soul,Ali: Fear Eats the Soul,1974,12
Jeremy O. Harris,jeremy-o-harris-criterion-closet-picks,yi-yi,Yi Yi,2000,13
Jeremy O. Harris,jeremy-o-harris-criterion-closet-picks,metropolitan,Metropolitan,1990,14
Jeremy O. Harris,jeremy-o-harris-criterion-closet-picks,accattone,Accattone,1961,15
Jeremy O. Harris,jeremy-o-harris-criterion-closet-picks,mamma-roma,Mamma Roma,1962,16
Jeremy O. Harris,jeremy-o-harris-criterion-closet-picks,love-meetings,Love Meetings,1964,17
Jeremy O. Harris,jeremy-o-harris-criterion-closet-picks,the-gospel-according-to-st-matthew,The Gospel According to St. Matthew,1964,18
Jeremy O. Harris,jeremy-o-harris-criterion-closet-picks,the-hawks-and-the-sparrows,The Hawks and the Sparrows,1966,19
Jeremy O. Harris,jeremy-o-harris-criterion-closet-picks,oedipus-rex,Oedipus Rex,1967,20
Jeremy O. Harris,jeremy-o-harris-criterion-closet-picks,pigsty,Pigsty,1969,21
Jeremy O. Harris,jeremy-o-harris-criterion-closet-picks,medea,Medea,1969,22
Joyce Chopra,joyce-chopras-criterion-closet-picks,smooth-talk,Smooth Talk,1985,1
Joyce Chopra,joyce-chopras-criterion-closet-picks,joyce-at-34,Joyce at 34,1972,2
Sam Morril,sam-morrils-criterion-closet-picks,sweet-smell-of-success,Sweet Smell of Success,1957,1
Sam Morril,sam-morrils-criterion-closet-picks,italianamerican,Italianamerican,1974,2
Sam Morril,sam-morrils-criterion-closet-picks,american-boy-a-profile-of-steven-prince,American Boy: A Profile of Steven Prince,1978,3
Sam Morril,sam-morrils-criterion-closet-picks,the-big-shave,The Big Shave,1967,4
Sam Morril,sam-morrils-criterion-closet-picks,its-not-just-you-murray,"It's Not Just You, Murray!",1964,5
Sam Morril,sam-morrils-criterion-closet-picks,whats-a-nice-girl-like-you-doing-in-a-place-like-this,What's a Nice Girl Like You Doing in a Place Like This?,1963,6
Sam Morril,sam-morrils-criterion-closet-picks,thief,Thief,1981,7
Chie Hayakawa,chie-hayakawas-criterion-closet-picks,plan-75-2022,Plan 75,2022,1
Chie Hayakawa,chie-hayakawas-criterion-closet-picks,the-seventh-continent,The Seventh Continent,1989,2
Chie Hayakawa,chie-hayakawas-criterion-closet-picks,bennys-video,Benny's Video,1992,3
Chie Hayakawa,chie-hayakawas-criterion-closet-picks,71-fragments-of-a-chronology-of-chance,71 Fragments of a Chronology of Chance,1994,4
Chie Hayakawa,chie-hayakawas-criterion-closet-picks,yi-yi,Yi Yi,2000,5
Chie Hayakawa,chie-hayakawas-criterion-closet-picks,three-colours-blue,Three Colours: Blue,1993,6
Chie Hayakawa,chie-hayakawas-criterion-closet-picks,three-colours-white,Three Colours: White,1994,7
Chie Hayakawa,chie-hayakawas-criterion-closet-picks,three-colours-red,Three Colours: Red,1994,8
India Donaldson and Lily Collias,india-donaldson-and-lily-collias-criterion,good-one,Good One,2024,1
India Donaldson and Lily Collias,india-donaldson-and-lily-collias-criterion,girlfriends-1978,Girlfriends,1978,2
India Donaldson and Lily Collias,india-donaldson-and-lily-collias-criterion,varda-by-agnes,Varda by Agnès,2019,3
India Donaldson and Lily Collias,india-donaldson-and-lily-collias-criterion,la-pointe-courte,La Pointe Courte,1955,4
India Donaldson and Lily Collias,india-donaldson-and-lily-collias-criterion,cleo-from-5-to-7,Cléo from 5 to 7,1962,5
India Donaldson and Lily Collias,india-donaldson-and-lily-collias-criterion,daguerreotypes,Daguerréotypes,1975,6
India Donaldson and Lily Collias,india-donaldson-and-lily-collias-criterion,happiness-1965,Le Bonheur,1965,7
India Donaldson and Lily Collias,india-donaldson-and-lily-collias-criterion,the-creatures,The Creatures,1966,8
India Donaldson and Lily Collias,india-donaldson-and-lily-collias-criterion,uncle-yanco,Uncle Yanco,1967,9
India Donaldson and Lily Collias,india-donaldson-and-lily-collias-criterion,black-panthers,Black Panthers,1968,10
India Donaldson and Lily Collias,india-donaldson-and-lily-collias-criterion,lions-love,Lions Love,1969,11
India Donaldson and Lily Collias,india-donaldson-and-lily-collias-criterion,mur-murs,Mur Murs,1981,12
India Donaldson and Lily Collias,india-donaldson-and-lily-collias-criterion,documenteur,Documenteur,1981,13
India Donaldson and Lily Collias,india-donaldson-and-lily-collias-criterion,one-sings-the-other-doesnt,"One Sings, the Other Doesn't",1977,14
India Donaldson and Lily Collias,india-donaldson-and-lily-collias-criterion,vagabond,Vagabond,1985,15
India Donaldson and Lily Collias,india-donaldson-and-lily-collias-criterion,jane-b-by-agnes-v,Jane B. by Agnès V.,1988,16
India Donaldson and Lily Collias,india-donaldson-and-lily-collias-criterion,kung-fu-master,Kung-Fu Master!,1988,17
India Donaldson and Lily Collias,india-donaldson-and-lily-collias-criterion,jacquot-de-nantes,Jacquot de Nantes,1991,18
India Donaldson and Lily Collias,india-donaldson-and-lily-collias-criterion,one-hundred-and-one-nights,One Hundred and One Nights,1995,19
India Donaldson and Lily Collias,india-donaldson-and-lily-collias-criterion,the-gleaners-and-i,The Gleaners and I,2000,20
India Donaldson and Lily Collias,india-donaldson-and-lily-collias-criterion,the-gleaners-and-i-two-years-later,The Gleaners and I: Two Years Later,2002,21
India Donaldson and Lily Collias,india-donaldson-and-lily-collias-criterion,faces-places,Faces Places,2017,22
India Donaldson and Lily Collias,india-donaldson-and-lily-collias-criterion,agnes-varda-from-here-to-there,Agnès Varda: From Here to There,2011,23
India Donaldson and Lily Collias,india-donaldson-and-lily-collias-criterion,the-beaches-of-agnes,The Beaches of Agnès,2008,24
India Donaldson and Lily Collias,india-donaldson-and-lily-collias-criterion,an-unmarried-woman,An Unmarried Woman,1978,25
India Donaldson and Lily Collias,india-donaldson-and-lily-collias-criterion,two-lane-blacktop,Two-Lane Blacktop,1971,26
Kemp Powers,kemp-powers-criterion-closet-picks,one-night-in-miami,One Night in Miami...,2020,1
Kemp Powers,kemp-powers-criterion-closet-picks,12-angry-men,12 Angry Men,1957,2
Kemp Powers,kemp-powers-criterion-closet-picks,watership-down,Watership Down,1978,3
Kemp Powers,kemp-powers-criterion-closet-picks,a-matter-of-life-and-death,A Matter of Life and Death,1946,4
Kemp Powers,kemp-powers-criterion-closet-picks,deep-cover,Deep Cover,1992,5
Kemp Powers,kemp-powers-criterion-closet-picks,cronos,Cronos,1992,6
Kemp Powers,kemp-powers-criterion-closet-picks,matewan,Matewan,1987,7
Vicky Krieps,vicky-krieps-criterion-closet-picks,corsage,Corsage,2022,1
Vicky Krieps,vicky-krieps-criterion-closet-picks,bergman-island-2021,Bergman Island,2021,2
Vicky Krieps,vicky-krieps-criterion-closet-picks,female-trouble,Female Trouble,1974,3
Vicky Krieps,vicky-krieps-criterion-closet-picks,ikiru,Ikiru,1952,4
Vicky Krieps,vicky-krieps-criterion-closet-picks,dazed-and-confused,Dazed and Confused,1993,5
Vicky Krieps,vicky-krieps-criterion-closet-picks,blue-velvet,Blue Velvet,1986,6
Vicky Krieps,vicky-krieps-criterion-closet-picks,the-life-of-jesus,The Life of Jesus,1997,7
Vicky Krieps,vicky-krieps-criterion-closet-picks,the-swimming-pool,The Swimming Pool,1969,8
Vicky Krieps,vicky-krieps-criterion-closet-picks,la-strada,La Strada,1954,9
Matt Dillon,matt-dillons-criterion-closet-picks,touki-bouki,Touki Bouki,1973,1
Matt Dillon,matt-dillons-criterion-closet-picks,white-material,White Material,2009,2
Matt Dillon,matt-dillons-criterion-closet-picks,the-wages-of-fear,The Wages of Fear,1953,3
Matt Dillon,matt-dillons-criterion-closet-picks,memories-of-underdevelopment,Memories of Underdevelopment,1968,4
Matt Dillon,matt-dillons-criterion-closet-picks,pickup-on-south-street,Pickup on South Street,1953,5
Matt Dillon,matt-dillons-criterion-closet-picks,drugstore-cowboy,Drugstore Cowboy,1989,6
Matt Dillon,matt-dillons-criterion-closet-picks,accattone,Accattone,1961,7
Matt Dillon,matt-dillons-criterion-closet-picks,mamma-roma,Mamma Roma,1962,8
Matt Dillon,matt-dillons-criterion-closet-picks,love-meetings,Love Meetings,1964,9
Matt Dillon,matt-dillons-criterion-closet-picks,the-gospel-according-to-st-matthew,The Gospel According to St. Matthew,1964,10
Matt Dillon,matt-dillons-criterion-closet-picks,the-hawks-and-the-sparrows,The Hawks and the Sparrows,1966,11
Matt Dillon,matt-dillons-criterion-closet-picks,oedipus-rex,Oedipus Rex,1967,12
Matt Dillon,matt-dillons-criterion-closet-picks,theorem,Theorem,1968,13
Matt Dillon,matt-dillons-criterion-closet-picks,pigsty,Pigsty,1969,14
Matt Dillon,matt-dillons-criterion-closet-picks,medea,Medea,1969,15
Park Chan-wook,park-chan-wooks-criterion-closet-picks,oldboy,Oldboy,2003,1
Park Chan-wook,park-chan-wooks-criterion-closet-picks,decision-to-leave,Decision to Leave,2022,2
Park Chan-wook,park-chan-wooks-criterion-closet-picks,the-makioka-sisters,The Makioka Sisters,1983,3
Park Chan-wook,park-chan-wooks-criterion-closet-picks,the-magician-1958,The Magician,1958,4
Park Chan-wook,park-chan-wooks-criterion-closet-picks,red-desert,Red Desert,1964,5
Park Chan-wook,park-chan-wooks-criterion-closet-picks,stagecoach,Stagecoach,1939,6
Park Chan-wook,park-chan-wooks-criterion-closet-picks,blow-out,Blow Out,1981,7
Park Chan-wook,park-chan-wooks-criterion-closet-picks,the-cousins-1959,The Cousins,1959,8
Park Chan-wook,park-chan-wooks-criterion-closet-picks,godzilla,Godzilla,1954,9
Park Chan-wook,park-chan-wooks-criterion-closet-picks,godzilla-raids-again,Godzilla Raids Again,1955,10
Park Chan-wook,park-chan-wooks-criterion-closet-picks,king-kong-vs-godzilla,King Kong vs. Godzilla,1962,11
Park Chan-wook,park-chan-wooks-criterion-closet-picks,king-kong-vs-godzilla-1963,King Kong vs. Godzilla,1963,12
Park Chan-wook,park-chan-wooks-criterion-closet-picks,mothra-vs-godzilla,Mothra vs. Godzilla,1964,13
Park Chan-wook,park-chan-wooks-criterion-closet-picks,ghidorah-the-three-headed-monster,"Ghidorah, the Three-Headed Monster",1964,14
Park Chan-wook,park-chan-wooks-criterion-closet-picks,invasion-of-astro-monster,Invasion of Astro-Monster,1965,15
Park Chan-wook,park-chan-wooks-criterion-closet-picks,ebirah-horror-of-the-deep,"Ebirah, Horror of the Deep",1966,16
Park Chan-wook,park-chan-wooks-criterion-closet-picks,son-of-godzilla,Son of Godzilla,1967,17
Park Chan-wook,park-chan-wooks-criterion-closet-picks,destroy-all-monsters,Destroy All Monsters,1968,18
Park Chan-wook,park-chan-wooks-criterion-closet-picks,all-monsters-attack,All Monsters Attack,1969,19
Park Chan-wook,park-chan-wooks-criterion-closet-picks,godzilla-vs-hedorah,Godzilla vs. Hedorah,1971,20
Park Chan-wook,park-chan-wooks-criterion-closet-picks,godzilla-vs-gigan,Godzilla vs. Gigan,1972,21
Park Chan-wook,park-chan-wooks-criterion-closet-picks,godzilla-vs-megalon,Godzilla vs. Megalon,1973,22
Park Chan-wook,park-chan-wooks-criterion-closet-picks,godzilla-vs-mechagodzilla,Godzilla vs. Mechagodzilla,1974,23
Park Chan-wook,park-chan-wooks-criterion-closet-picks,terror-of-mechagodzilla,Terror of Mechagodzilla,1975,24
Park Chan-wook,park-chan-wooks-criterion-closet-picks,life-is-sweet,Life Is Sweet,1990,25
Park Chan-wook,park-chan-wooks-criterion-closet-picks,la-notte,La Notte,1961,26
Park Chan-wook,park-chan-wooks-criterion-closet-picks,riot-in-cell-block-11,Riot in Cell Block 11,1954,27
Park Chan-wook,park-chan-wooks-criterion-closet-picks,le-silence-de-la-mer,Le Silence de la mer,1949,28
Park Chan-wook,park-chan-wooks-criterion-closet-picks,brief-encounter,Brief Encounter,1945,29
Park Chan-wook,park-chan-wooks-criterion-closet-picks,the-leopard,The Leopard,1963,30
Joseph Kosinski,joseph-kosinskis-criterion-closet-picks,lavventura,L'Avventura,1960,1
Joseph Kosinski,joseph-kosinskis-criterion-closet-picks,breathless,Breathless,1960,2
Joseph Kosinski,joseph-kosinskis-criterion-closet-picks,le-samourai,Le Samouraï,1967,3
Joseph Kosinski,joseph-kosinskis-criterion-closet-picks,the-parallax-view,The Parallax View,1974,4
Joseph Kosinski,joseph-kosinskis-criterion-closet-picks,the-game,The Game,1997,5
Joseph Kosinski,joseph-kosinskis-criterion-closet-picks,elevator-to-the-gallows,Elevator to the Gallows,1958,6
Robert Downey Sr.,robert-downey-srs-criterion-closet-picks,8-half,8½,1963,1
Robert Downey Sr.,robert-downey-srs-criterion-closet-picks,head,Head,1968,2
Robert Downey Sr.,robert-downey-srs-criterion-closet-picks,easy-rider,Easy Rider,1969,3
Robert Downey Sr.,robert-downey-srs-criterion-closet-picks,five-easy-pieces,Five Easy Pieces,1970,4
Robert Downey Sr.,robert-downey-srs-criterion-closet-picks,drive-he-said,"Drive, He Said",1971,5
Robert Downey Sr.,robert-downey-srs-criterion-closet-picks,a-safe-place,A Safe Place,1971,6
Robert Downey Sr.,robert-downey-srs-criterion-closet-picks,the-last-picture-show,The Last Picture Show,1971,7
Robert Downey Sr.,robert-downey-srs-criterion-closet-picks,the-king-of-marvin-gardens,The King of Marvin Gardens,1972,8
Robert Downey Sr.,robert-downey-srs-criterion-closet-picks,two-lane-blacktop,Two-Lane Blacktop,1971,9
Robert Downey Sr.,robert-downey-srs-criterion-closet-picks,shadows-1958,Shadows,1958,10
Robert Downey Sr.,robert-downey-srs-criterion-closet-picks,faces-1968,Faces,1968,11
Robert Downey Sr.,robert-downey-srs-criterion-closet-picks,a-woman-under-the-influence,A Woman Under the Influence,1974,12
Robert Downey Sr.,robert-downey-srs-criterion-closet-picks,the-killing-of-a-chinese-bookie,The Killing of a Chinese Bookie,1976,13
Robert Downey Sr.,robert-downey-srs-criterion-closet-picks,opening-night,Opening Night,1977,14
Robert Downey Sr.,robert-downey-srs-criterion-closet-picks,a-constant-forge,A Constant Forge,2000,15
Christos Nikou,christos-nikous-criterion-closet-picks,fingernails,Fingernails,2023,1
Christos Nikou,christos-nikous-criterion-closet-picks,as-tears-go-by,As Tears Go By,1988,2
Christos Nikou,christos-nikous-criterion-closet-picks,ah-fei-jing-juen,Days of Being Wild,1990,3
Christos Nikou,christos-nikous-criterion-closet-picks,chungking-express,Chungking Express,1994,4
Christos Nikou,christos-nikous-criterion-closet-picks,fallen-angels,Fallen Angels,1995,5
Christos Nikou,christos-nikous-criterion-closet-picks,happy-together-1997,Happy Together,1997,6
Christos Nikou,christos-nikous-criterion-closet-picks,in-the-mood-for-love,In the Mood for Love,2000,7
Christos Nikou,christos-nikous-criterion-closet-picks,2046,2046,2004,8
Flying Lotus,flying-lotus-criterion-closet-picks,brazil,Brazil,1985,1
Flying Lotus,flying-lotus-criterion-closet-picks,salo-or-the-120-days-of-sodom,"Salò, or the 120 Days of Sodom",1975,2
Flying Lotus,flying-lotus-criterion-closet-picks,samurai-i-musashi-miyamoto,Samurai I: Musashi Miyamoto,1954,3
Flying Lotus,flying-lotus-criterion-closet-picks,samurai-ii-duel-at-ichijoji-temple,Samurai II: Duel at Ichijoji Temple,1955,4
Flying Lotus,flying-lotus-criterion-closet-picks,samurai-iii-duel-at-ganryu-island,Samurai III: Duel at Ganryu Island,1956,5
Flying Lotus,flying-lotus-criterion-closet-picks,rushmore,Rushmore,1998,6
Flying Lotus,flying-lotus-criterion-closet-picks,carnival-of-souls,Carnival of Souls,1962,7
Flying Lotus,flying-lotus-criterion-closet-picks,naked-lunch,Naked Lunch,1991,8
Flying Lotus,flying-lotus-criterion-closet-picks,dreams,Dreams,1990,9
Flying Lotus,flying-lotus-criterion-closet-picks,masculin-feminin,Masculin Féminin,1966,10
Flying Lotus,flying-lotus-criterion-closet-picks,fat-girl,Fat Girl,2001,11
Flying Lotus,flying-lotus-criterion-closet-picks,a-touch-of-zen,A Touch of Zen,1970,12
Flying Lotus,flying-lotus-criterion-closet-picks,jellyfish-eyes,Jellyfish Eyes,2013,13
Flying Lotus,flying-lotus-criterion-closet-picks,stalker,Stalker,1979,14
Flying Lotus,flying-lotus-criterion-closet-picks,fantastic-mr-fox,Fantastic Mr. Fox,2009,15
Weston Razooli,weston-razoolis-criterion-closet-picks,riddle-of-fire,Riddle of Fire,2023,1
Weston Razooli,weston-razoolis-criterion-closet-picks,drunken-angel,Drunken Angel,1948,2
Weston Razooli,weston-razoolis-criterion-closet-picks,il-sorpasso,Il Sorpasso,1962,3
Weston Razooli,weston-razoolis-criterion-closet-picks,pale-flower,Pale Flower,1964,4
Kleber Mendonça Filho,kleber-mendonca-filhos-criterion-closet-picks,lost-in-america,Lost in America,1985,1
Kleber Mendonça Filho,kleber-mendonca-filhos-criterion-closet-picks,pictures-of-ghosts,Pictures of Ghosts,2023,2
Kleber Mendonça Filho,kleber-mendonca-filhos-criterion-closet-picks,after-hours,After Hours,1985,3
Kleber Mendonça Filho,kleber-mendonca-filhos-criterion-closet-picks,the-spirit-of-the-beehive,The Spirit of the Beehive,1973,4
Kleber Mendonça Filho,kleber-mendonca-filhos-criterion-closet-picks,ethnic-notions,Ethnic Notions,1986,5
Kleber Mendonça Filho,kleber-mendonca-filhos-criterion-closet-picks,tongues-untied,Tongues Untied,1989,6
Kleber Mendonça Filho,kleber-mendonca-filhos-criterion-closet-picks,affirmations,Affirmations,1990,7
Kleber Mendonça Filho,kleber-mendonca-filhos-criterion-closet-picks,anthem-1992,Anthem,1992,8
Kleber Mendonça Filho,kleber-mendonca-filhos-criterion-closet-picks,color-adjustment,Color Adjustment,1992,9
Kleber Mendonça Filho,kleber-mendonca-filhos-criterion-closet-picks,no-regret-1993,No Regret,1993,10
Kleber Mendonça Filho,kleber-mendonca-filhos-criterion-closet-picks,black-is-black-aint,Black Is… Black Ain’t,1994,11
Kleber Mendonça Filho,kleber-mendonca-filhos-criterion-closet-picks,barry-lyndon,Barry Lyndon,1975,12
Kleber Mendonça Filho,kleber-mendonca-filhos-criterion-closet-picks,lucia,Lucía,1968,13
Kleber Mendonça Filho,kleber-mendonca-filhos-criterion-closet-picks,after-the-curfew,After the Curfew,1954,14
Kleber Mendonça Filho,kleber-mendonca-filhos-criterion-closet-picks,pixote,Pixote,1980,15
Kleber Mendonça Filho,kleber-mendonca-filhos-criterion-closet-picks,two-monks,Two Monks,1934,16
Kleber Mendonça Filho,kleber-mendonca-filhos-criterion-closet-picks,soleil-o,Soleil O,1970,17
Kleber Mendonça Filho,kleber-mendonca-filhos-criterion-closet-picks,downpour-1972,Downpour,1972,18
Kleber Mendonça Filho,kleber-mendonca-filhos-criterion-closet-picks,a-brighter-summer-day,A Brighter Summer Day,1991,19
Kleber Mendonça Filho,kleber-mendonca-filhos-criterion-closet-picks,varda-by-agnes,Varda by Agnès,2019,20
Kleber Mendonça Filho,kleber-mendonca-filhos-criterion-closet-picks,les-3-boutons,Les 3 Boutons,2015,21
Kleber Mendonça Filho,kleber-mendonca-filhos-criterion-closet-picks,la-pointe-courte,La Pointe Courte,1955,22
Kleber Mendonça Filho,kleber-mendonca-filhos-criterion-closet-picks,o-seasons-o-castles,"O Seasons, O Castles",1958,23
Kleber Mendonça Filho,kleber-mendonca-filhos-criterion-closet-picks,along-the-coast,Along the Coast,1958,24
Kleber Mendonça Filho,kleber-mendonca-filhos-criterion-closet-picks,cleo-from-5-to-7,Cléo from 5 to 7,1962,25
Kleber Mendonça Filho,kleber-mendonca-filhos-criterion-closet-picks,fiances-on-the-bridge,Fiancés on the Bridge,1962,26
Kleber Mendonça Filho,kleber-mendonca-filhos-criterion-closet-picks,diary-of-a-pregnant-woman,Diary of a Pregnant Woman,1958,27
Kleber Mendonça Filho,kleber-mendonca-filhos-criterion-closet-picks,the-so-called-caryatids,The So-Called Caryatids,1984,28
Kleber Mendonça Filho,kleber-mendonca-filhos-criterion-closet-picks,youve-got-beautiful-stairs-you-know,"You've Got Beautiful Stairs, You Know...",1986,29
Kleber Mendonça Filho,kleber-mendonca-filhos-criterion-closet-picks,daguerreotypes,Daguerréotypes,1975,30
Kleber Mendonça Filho,kleber-mendonca-filhos-criterion-closet-picks,the-vanishing-lion,The Vanishing Lion,2003,31
Kleber Mendonça Filho,kleber-mendonca-filhos-criterion-closet-picks,happiness-1965,Le Bonheur,1965,32
Kleber Mendonça Filho,kleber-mendonca-filhos-criterion-closet-picks,the-creatures,The Creatures,1966,33
Kleber Mendonça Filho,kleber-mendonca-filhos-criterion-closet-picks,elsa-the-rose,Elsa the Rose,1966,34
Kleber Mendonça Filho,kleber-mendonca-filhos-criterion-closet-picks,uncle-yanco,Uncle Yanco,1967,35
Kleber Mendonça Filho,kleber-mendonca-filhos-criterion-closet-picks,black-panthers,Black Panthers,1968,36
Kleber Mendonça Filho,kleber-mendonca-filhos-criterion-closet-picks,lions-love,Lions Love,1969,37
Kleber Mendonça Filho,kleber-mendonca-filhos-criterion-closet-picks,mur-murs,Mur Murs,1981,38
Kleber Mendonça Filho,kleber-mendonca-filhos-criterion-closet-picks,documenteur,Documenteur,1981,39
Kleber Mendonça Filho,kleber-mendonca-filhos-criterion-closet-picks,one-sings-the-other-doesnt,"One Sings, the Other Doesn't",1977,40
Kleber Mendonça Filho,kleber-mendonca-filhos-criterion-closet-picks,women-reply,Women Reply,1975,41
Kleber Mendonça Filho,kleber-mendonca-filhos-criterion-closet-picks,the-pleasure-of-love-in-iran,The Pleasure of Love in Iran,1976,42
Kleber Mendonça Filho,kleber-mendonca-filhos-criterion-closet-picks,vagabond,Vagabond,1985,43
Kleber Mendonça Filho,kleber-mendonca-filhos-criterion-closet-picks,seven-rooms-kitchen-bathroom-for-sale,"Seven Rooms, Kitchen, Bathroom, for Sale",1984,44
Kleber Mendonça Filho,kleber-mendonca-filhos-criterion-closet-picks,jane-b-by-agnes-v,Jane B. by Agnès V.,1988,45
Kleber Mendonça Filho,kleber-mendonca-filhos-criterion-closet-picks,kung-fu-master,Kung-Fu Master!,1988,46
Kleber Mendonça Filho,kleber-mendonca-filhos-criterion-closet-picks,jacquot-de-nantes,Jacquot de Nantes,1991,47
Kleber Mendonça Filho,kleber-mendonca-filhos-criterion-closet-picks,the-young-girls-turn-25,The Young Girls Turn 25,1993,48
Kleber Mendonça Filho,kleber-mendonca-filhos-criterion-closet-picks,the-world-of-jacques-demy,The World of Jacques Demy,1995,49
Kleber Mendonça Filho,kleber-mendonca-filhos-criterion-closet-picks,one-hundred-and-one-nights,One Hundred and One Nights,1995,50
Kleber Mendonça Filho,kleber-mendonca-filhos-criterion-closet-picks,the-gleaners-and-i,The Gleaners and I,2000,51
Kleber Mendonça Filho,kleber-mendonca-filhos-criterion-closet-picks,the-gleaners-and-i-two-years-later,The Gleaners and I: Two Years Later,2002,52
Kleber Mendonça Filho,kleber-mendonca-filhos-criterion-closet-picks,faces-places,Faces Places,2017,53
Kleber Mendonça Filho,kleber-mendonca-filhos-criterion-closet-picks,hello-cubans,Hello Cubans,1963,54
Kleber Mendonça Filho,kleber-mendonca-filhos-criterion-closet-picks,ulysse,Ulysse,1983,55
Kleber Mendonça Filho,kleber-mendonca-filhos-criterion-closet-picks,ydessa-the-bears-and-etc,"Ydessa, the Bears and etc.",2004,56
Kleber Mendonça Filho,kleber-mendonca-filhos-criterion-closet-picks,agnes-varda-from-here-to-there,Agnès Varda: From Here to There,2011,57
Kleber Mendonça Filho,kleber-mendonca-filhos-criterion-closet-picks,the-beaches-of-agnes,The Beaches of Agnès,2008,58
Kleber Mendonça Filho,kleber-mendonca-filhos-criterion-closet-picks,dont-look-now,Don't Look Now,1973,59
Kleber Mendonça Filho,kleber-mendonca-filhos-criterion-closet-picks,repo-man,Repo Man,1984,60
Carl Franklin,carl-franklins-criterion-closet-picks,one-false-move,One False Move,1991,1
Carl Franklin,carl-franklins-criterion-closet-picks,devil-in-a-blue-dress,Devil in a Blue Dress,1995,2
Carl Franklin,carl-franklins-criterion-closet-picks,pixote,Pixote,1980,3
Carl Franklin,carl-franklins-criterion-closet-picks,children-of-paradise,Children of Paradise,1945,4
Carl Franklin,carl-franklins-criterion-closet-picks,the-killers,The Killers,1946,5
Carl Franklin,carl-franklins-criterion-closet-picks,the-killers-1964,The Killers,1964,6
Carl Franklin,carl-franklins-criterion-closet-picks,my-life-as-a-dog,My Life as a Dog,1985,7
Carl Franklin,carl-franklins-criterion-closet-picks,tokyo-story,Tokyo Story,1953,8
Carl Franklin,carl-franklins-criterion-closet-picks,late-spring,Late Spring,1949,9
Carl Franklin,carl-franklins-criterion-closet-picks,8-half,8½,1963,10
Carl Franklin,carl-franklins-criterion-closet-picks,to-sleep-with-anger,To Sleep with Anger,1990,11
Carl Franklin,carl-franklins-criterion-closet-picks,lucia,Lucía,1968,12
Carl Franklin,carl-franklins-criterion-closet-picks,after-the-curfew,After the Curfew,1954,13
Carl Franklin,carl-franklins-criterion-closet-picks,two-monks,Two Monks,1934,14
Carl Franklin,carl-franklins-criterion-closet-picks,soleil-o,Soleil O,1970,15
Carl Franklin,carl-franklins-criterion-closet-picks,downpour-1972,Downpour,1972,16
Carl Franklin,carl-franklins-criterion-closet-picks,death-in-venice,Death in Venice,1971,17
Carl Franklin,carl-franklins-criterion-closet-picks,the-damned,The Damned,1969,18
Carl Franklin,carl-franklins-criterion-closet-picks,round-midnight,'Round Midnight,1986,19
Carl Franklin,carl-franklins-criterion-closet-picks,chimes-at-midnight,Chimes at Midnight,1965,20
Anton Corbijn,anton-corbijns-criterion-closet-picks,control-2007,Control,2007,1
Anton Corbijn,anton-corbijns-criterion-closet-picks,squaring-the-circle-the-story-of-hipgnosis,Squaring the Circle (The Story of Hipgnosis),2022,2
Anton Corbijn,anton-corbijns-criterion-closet-picks,sweet-smell-of-success,Sweet Smell of Success,1957,3
Anton Corbijn,anton-corbijns-criterion-closet-picks,midnight-cowboy,Midnight Cowboy,1969,4
Anton Corbijn,anton-corbijns-criterion-closet-picks,the-american-friend,The American Friend,1977,5
Anton Corbijn,anton-corbijns-criterion-closet-picks,the-last-waltz,The Last Waltz,1978,6
Anton Corbijn,anton-corbijns-criterion-closet-picks,some-like-it-hot,Some Like It Hot,1959,7
Anton Corbijn,anton-corbijns-criterion-closet-picks,cold-war-2018,Cold War,2018,8
Anton Corbijn,anton-corbijns-criterion-closet-picks,jour-de-fete,Jour de Fête,1949,9
Anton Corbijn,anton-corbijns-criterion-closet-picks,monsieur-hulots-holiday,Monsieur Hulot's Holiday,1953,10
Anton Corbijn,anton-corbijns-criterion-closet-picks,mon-oncle,Mon Oncle,1958,11
Anton Corbijn,anton-corbijns-criterion-closet-picks,playtime,PlayTime,1967,12
Anton Corbijn,anton-corbijns-criterion-closet-picks,trafic,Trafic,1971,13
Anton Corbijn,anton-corbijns-criterion-closet-picks,parade,Parade,1974,14
Lav Diaz,lav-diaz-criterion-closet-picks,mirror,Mirror,1975,1
Lav Diaz,lav-diaz-criterion-closet-picks,shoah,Shoah,1985,2
JT Mollner and Giovanni Ribisi,jt-mollner-and-giovanni-ribisis-criterion,strange-darling,Strange Darling,2023,1
JT Mollner and Giovanni Ribisi,jt-mollner-and-giovanni-ribisis-criterion,varda-by-agnes,Varda by Agnès,2019,2
JT Mollner and Giovanni Ribisi,jt-mollner-and-giovanni-ribisis-criterion,la-pointe-courte,La Pointe Courte,1955,3
JT Mollner and Giovanni Ribisi,jt-mollner-and-giovanni-ribisis-criterion,cleo-from-5-to-7,Cléo from 5 to 7,1962,4
JT Mollner and Giovanni Ribisi,jt-mollner-and-giovanni-ribisis-criterion,daguerreotypes,Daguerréotypes,1975,5
JT Mollner and Giovanni Ribisi,jt-mollner-and-giovanni-ribisis-criterion,happiness-1965,Le Bonheur,1965,6
JT Mollner and Giovanni Ribisi,jt-mollner-and-giovanni-ribisis-criterion,the-creatures,The Creatures,1966,7
JT Mollner and Giovanni Ribisi,jt-mollner-and-giovanni-ribisis-criterion,uncle-yanco,Uncle Yanco,1967,8
JT Mollner and Giovanni Ribisi,jt-mollner-and-giovanni-ribisis-criterion,black-panthers,Black Panthers,1968,9
JT Mollner and Giovanni Ribisi,jt-mollner-and-giovanni-ribisis-criterion,lions-love,Lions Love,1969,10
JT Mollner and Giovanni Ribisi,jt-mollner-and-giovanni-ribisis-criterion,mur-murs,Mur Murs,1981,11
JT Mollner and Giovanni Ribisi,jt-mollner-and-giovanni-ribisis-criterion,documenteur,Documenteur,1981,12
JT Mollner and Giovanni Ribisi,jt-mollner-and-giovanni-ribisis-criterion,one-sings-the-other-doesnt,"One Sings, the Other Doesn't",1977,13
JT Mollner and Giovanni Ribisi,jt-mollner-and-giovanni-ribisis-criterion,vagabond,Vagabond,1985,14
JT Mollner and Giovanni Ribisi,jt-mollner-and-giovanni-ribisis-criterion,jane-b-by-agnes-v,Jane B. by Agnès V.,1988,15
JT Mollner and Giovanni Ribisi,jt-mollner-and-giovanni-ribisis-criterion,kung-fu-master,Kung-Fu Master!,1988,16
JT Mollner and Giovanni Ribisi,jt-mollner-and-giovanni-ribisis-criterion,jacquot-de-nantes,Jacquot de Nantes,1991,17
JT Mollner and Giovanni Ribisi,jt-mollner-and-giovanni-ribisis-criterion,one-hundred-and-one-nights,One Hundred and One Nights,1995,18
JT Mollner and Giovanni Ribisi,jt-mollner-and-giovanni-ribisis-criterion,the-gleaners-and-i,The Gleaners and I,2000,19
JT Mollner and Giovanni Ribisi,jt-mollner-and-giovanni-ribisis-criterion,the-gleaners-and-i-two-years-later,The Gleaners and I: Two Years Later,2002,20
JT Mollner and Giovanni Ribisi,jt-mollner-and-giovanni-ribisis-criterion,faces-places,Faces Places,2017,21
JT Mollner and Giovanni Ribisi,jt-mollner-and-giovanni-ribisis-criterion,agnes-varda-from-here-to-there,Agnès Varda: From Here to There,2011,22
JT Mollner and Giovanni Ribisi,jt-mollner-and-giovanni-ribisis-criterion,the-beaches-of-agnes,The Beaches of Agnès,2008,23
JT Mollner and Giovanni Ribisi,jt-mollner-and-giovanni-ribisis-criterion,pather-panchali,Pather Panchali,1955,24
JT Mollner and Giovanni Ribisi,jt-mollner-and-giovanni-ribisis-criterion,aparajito,Aparajito,1956,25
JT Mollner and Giovanni Ribisi,jt-mollner-and-giovanni-ribisis-criterion,apur-sansar,Apur Sansar,1959,26
JT Mollner and Giovanni Ribisi,jt-mollner-and-giovanni-ribisis-criterion,the-leopard,The Leopard,1963,27
JT Mollner and Giovanni Ribisi,jt-mollner-and-giovanni-ribisis-criterion,midnight-cowboy,Midnight Cowboy,1969,28
JT Mollner and Giovanni Ribisi,jt-mollner-and-giovanni-ribisis-criterion,badlands,Badlands,1973,29
JT Mollner and Giovanni Ribisi,jt-mollner-and-giovanni-ribisis-criterion,stromboli,Stromboli,1950,30
JT Mollner and Giovanni Ribisi,jt-mollner-and-giovanni-ribisis-criterion,europa-51,Europa '51,1952,31
JT Mollner and Giovanni Ribisi,jt-mollner-and-giovanni-ribisis-criterion,journey-to-italy,Journey to Italy,1954,32
JT Mollner and Giovanni Ribisi,jt-mollner-and-giovanni-ribisis-criterion,the-blues-accordin-to-lightnin-hopkins,The Blues Accordin' to Lightnin' Hopkins,1968,33
JT Mollner and Giovanni Ribisi,jt-mollner-and-giovanni-ribisis-criterion,god-respects-us-when-we-work-but-loves-us-when-we-dance,"God Respects Us When We Work, But Loves Us When We Dance",1968,34
JT Mollner and Giovanni Ribisi,jt-mollner-and-giovanni-ribisis-criterion,spend-it-all,Spend It All,1972,35
JT Mollner and Giovanni Ribisi,jt-mollner-and-giovanni-ribisis-criterion,a-well-spent-life,A Well Spent Life,1971,36
JT Mollner and Giovanni Ribisi,jt-mollner-and-giovanni-ribisis-criterion,dry-wood,Dry Wood,1973,37
JT Mollner and Giovanni Ribisi,jt-mollner-and-giovanni-ribisis-criterion,hot-pepper,Hot Pepper,1973,38
JT Mollner and Giovanni Ribisi,jt-mollner-and-giovanni-ribisis-criterion,always-for-pleasure,Always for Pleasure,1978,39
JT Mollner and Giovanni Ribisi,jt-mollner-and-giovanni-ribisis-criterion,garlic-is-as-good-as-ten-mothers,Garlic Is as Good as Ten Mothers,1980,40
JT Mollner and Giovanni Ribisi,jt-mollner-and-giovanni-ribisis-criterion,sprout-wings-and-fly,Sprout Wings and Fly,1983,41
JT Mollner and Giovanni Ribisi,jt-mollner-and-giovanni-ribisis-criterion,in-heaven-there-is-no-beer,In Heaven There Is No Beer?,1984,42
JT Mollner and Giovanni Ribisi,jt-mollner-and-giovanni-ribisis-criterion,gap-toothed-women,Gap-Toothed Women,1987,43
JT Mollner and Giovanni Ribisi,jt-mollner-and-giovanni-ribisis-criterion,yum-yum-yum-a-taste-of-the-cajun-and-creole,"Yum, Yum, Yum! A Taste of the Cajun and Creole Cooking of Louisiana",1990,44
JT Mollner and Giovanni Ribisi,jt-mollner-and-giovanni-ribisis-criterion,the-maestro-king-of-the-cowboy-artists,The Maestro: King of the Cowboy Artists,1995,45
JT Mollner and Giovanni Ribisi,jt-mollner-and-giovanni-ribisis-criterion,sworn-to-the-drum-a-tribute-to-francisco-aguabella,Sworn to the Drum: A Tribute to Francisco Aguabella,1995,46
David Remnick,david-remnicks-criterion-closet-picks,a-man-escaped,A Man Escaped,1956,1
David Remnick,david-remnicks-criterion-closet-picks,citizen-kane,Citizen Kane,1941,2
David Remnick,david-remnicks-criterion-closet-picks,thelonious-monk-straight-no-chaser,"Thelonious Monk: Straight, No Chaser",1988,3
David Remnick,david-remnicks-criterion-closet-picks,burden-of-dreams,Burden of Dreams,1982,4
David Remnick,david-remnicks-criterion-closet-picks,shoot-the-piano-player,Shoot the Piano Player,1960,5
David Remnick,david-remnicks-criterion-closet-picks,desistfilm,Desistfilm,1954,6
David Remnick,david-remnicks-criterion-closet-picks,wedlock-house-an-intercourse,Wedlock House: An Intercourse,1959,7
David Remnick,david-remnicks-criterion-closet-picks,dog-star-man,Dog Star Man,1965,8
David Remnick,david-remnicks-criterion-closet-picks,the-act-of-seeing-with-ones-own-eyes,The Act of Seeing with One's Own Eyes,1972,9
David Remnick,david-remnicks-criterion-closet-picks,cats-cradle-1959,Cat's Cradle,1959,10
David Remnick,david-remnicks-criterion-closet-picks,window-water-baby-moving,Window Water Baby Moving,1959,11
David Remnick,david-remnicks-criterion-closet-picks,mothlight,Mothlight,1963,12
David Remnick,david-remnicks-criterion-closet-picks,eye-myth,Eye Myth,1967,13
David Remnick,david-remnicks-criterion-closet-picks,the-wold-shadow,The Wold-Shadow,1972,14
David Remnick,david-remnicks-criterion-closet-picks,the-garden-of-earthly-delights-1981,The Garden of Earthly Delights,1981,15
David Remnick,david-remnicks-criterion-closet-picks,the-stars-are-beautiful,The Stars Are Beautiful,1974,16
David Remnick,david-remnicks-criterion-closet-picks,kindering,Kindering,1987,17
David Remnick,david-remnicks-criterion-closet-picks,i-dreaming,I... Dreaming,1988,18
David Remnick,david-remnicks-criterion-closet-picks,the-dante-quartet,The Dante Quartet,1987,19
David Remnick,david-remnicks-criterion-closet-picks,night-music,Night Music,1986,20
David Remnick,david-remnicks-criterion-closet-picks,rage-net,Rage Net,1988,21
David Remnick,david-remnicks-criterion-closet-picks,glaze-of-cathexis,Glaze of Cathexis,1990,22
David Remnick,david-remnicks-criterion-closet-picks,delicacies-of-molten-horror-synapse,Delicacies of Molten Horror Synapse,1991,23
David Remnick,david-remnicks-criterion-closet-picks,untitled-for-marilyn,Untitled (For Marilyn),1992,24
David Remnick,david-remnicks-criterion-closet-picks,black-ice-1994,Black Ice,1994,25
David Remnick,david-remnicks-criterion-closet-picks,study-in-color-and-black-and-white,Study in Color and Black and White,1993,26
David Remnick,david-remnicks-criterion-closet-picks,stellar,Stellar,1993,27
David Remnick,david-remnicks-criterion-closet-picks,crack-glass-eulogy,Crack Glass Eulogy,1991,28
David Remnick,david-remnicks-criterion-closet-picks,the-dark-tower-1999,The Dark Tower,1999,29
David Remnick,david-remnicks-criterion-closet-picks,comingled-containers,Comingled Containers,1996,30
David Remnick,david-remnicks-criterion-closet-picks,lovesong,Lovesong,2001,31
David Remnick,david-remnicks-criterion-closet-picks,the-wonder-ring,The Wonder Ring,1955,32
David Remnick,david-remnicks-criterion-closet-picks,the-dead-1960,The Dead,1960,33
David Remnick,david-remnicks-criterion-closet-picks,two-creeley-mcclure,Two: Creeley/McClure,1965,34
David Remnick,david-remnicks-criterion-closet-picks,23rd-psalm-branch,23rd Psalm Branch,1967,35
David Remnick,david-remnicks-criterion-closet-picks,scenes-from-under-childhood-section-one,"Scenes from Under Childhood, Section One",1968,36
David Remnick,david-remnicks-criterion-closet-picks,the-machine-of-eden,The Machine of Eden,1970,37
David Remnick,david-remnicks-criterion-closet-picks,star-garden,Star Garden,1974,38
David Remnick,david-remnicks-criterion-closet-picks,desert,Desert,1976,39
David Remnick,david-remnicks-criterion-closet-picks,the-process,The Process,1972,40
David Remnick,david-remnicks-criterion-closet-picks,burial-path,Burial Path,1978,41
David Remnick,david-remnicks-criterion-closet-picks,duplicity-iii,Duplicity III,1980,42
David Remnick,david-remnicks-criterion-closet-picks,the-domain-of-the-moment,The Domain of the Moment,1977,43
David Remnick,david-remnicks-criterion-closet-picks,murder-psalm,Murder Psalm,1980,44
David Remnick,david-remnicks-criterion-closet-picks,arabic-numeral-series-12,Arabic Numeral Series 12,1981,45
David Remnick,david-remnicks-criterion-closet-picks,visions-in-meditation-1,Visions in Meditation #1,1989,46
David Remnick,david-remnicks-criterion-closet-picks,visions-in-meditation-2-mesa-verde,Visions in Meditation #2: Mesa Verde,1989,47
David Remnick,david-remnicks-criterion-closet-picks,visions-in-meditation-3-platos-cave,Visions in Meditation #3: Plato's Cave,1990,48
David Remnick,david-remnicks-criterion-closet-picks,visions-in-meditation-4-dh-lawrence,Visions in Meditation #4: D.H. Lawrence,1990,49
David Remnick,david-remnicks-criterion-closet-picks,unconscious-london-strata,Unconscious London Strata,1981,50
David Remnick,david-remnicks-criterion-closet-picks,boulder-blues-and-pearls-and,Boulder Blues and Pearls and...,1993,51
David Remnick,david-remnicks-criterion-closet-picks,the-mammals-of-victoria,The Mammals of Victoria,1994,52
David Remnick,david-remnicks-criterion-closet-picks,from-first-hymn-to-the-night-novalis,From: First Hymn to the Night – Novalis,1994,53
David Remnick,david-remnicks-criterion-closet-picks,i-take-these-truths,I Take These Truths,1995,54
David Remnick,david-remnicks-criterion-closet-picks,the-cat-of-the-worms-green-realm,The Cat of the Worm's Green Realm,1997,55
David Remnick,david-remnicks-criterion-closet-picks,yggdrasill-whose-roots-are-stars-in-the-human-mind,Yggdrasill: Whose Roots Are Stars in the Human Mind,1997,56
David Remnick,david-remnicks-criterion-closet-picks,reel-5,&quot;...&quot; Reel 5,1998,57
David Remnick,david-remnicks-criterion-closet-picks,persian-series-1,Persian Series #1,1999,58
David Remnick,david-remnicks-criterion-closet-picks,persian-series-2,Persian Series #2,1999,59
David Remnick,david-remnicks-criterion-closet-picks,persian-series-3,Persian Series #3,1999,60
David Remnick,david-remnicks-criterion-closet-picks,chinese-series,Chinese Series,2003,61
David Remnick,david-remnicks-criterion-closet-picks,prelude-dog-star-man,Prelude: Dog Star Man,1962,62
David Remnick,david-remnicks-criterion-closet-picks,dog-star-man-part-i,Dog Star Man: Part I,1963,63
David Remnick,david-remnicks-criterion-closet-picks,dog-star-man-part-ii,Dog Star Man: Part II,1964,64
David Remnick,david-remnicks-criterion-closet-picks,dog-star-man-part-iii,Dog Star Man: Part III,1964,65
David Remnick,david-remnicks-criterion-closet-picks,dog-star-man-part-iv,Dog Star Man: Part IV,1964,66
David Remnick,david-remnicks-criterion-closet-picks,king-lear-1987,King Lear,1987,67
David Remnick,david-remnicks-criterion-closet-picks,bottle-rocket-1996,Bottle Rocket,1996,68
David Remnick,david-remnicks-criterion-closet-picks,rushmore,Rushmore,1998,69
David Remnick,david-remnicks-criterion-closet-picks,the-royal-tenenbaums,The Royal Tenenbaums,2001,70
David Remnick,david-remnicks-criterion-closet-picks,the-life-aquatic-with-steve-zissou,The Life Aquatic with Steve Zissou,2004,71
David Remnick,david-remnicks-criterion-closet-picks,the-darjeeling-limited,The Darjeeling Limited,2007,72
David Remnick,david-remnicks-criterion-closet-picks,fantastic-mr-fox,Fantastic Mr. Fox,2009,73
David Remnick,david-remnicks-criterion-closet-picks,moonrise-kingdom,Moonrise Kingdom,2012,74
David Remnick,david-remnicks-criterion-closet-picks,the-grand-budapest-hotel,The Grand Budapest Hotel,2014,75
David Remnick,david-remnicks-criterion-closet-picks,isle-of-dogs-2018,Isle of Dogs,2018,76
David Remnick,david-remnicks-criterion-closet-picks,the-french-dispatch-of-the-liberty-kansas,"The French Dispatch of the Liberty, Kansas Evening Sun",2021,77
Cyril Schäublin,cyril-schaublins-criterion-closet-picks,unrest-2022,Unrest,2022,1
Cyril Schäublin,cyril-schaublins-criterion-closet-picks,morocco,Morocco,1930,2
Cyril Schäublin,cyril-schaublins-criterion-closet-picks,dishonored,Dishonored,1931,3
Cyril Schäublin,cyril-schaublins-criterion-closet-picks,shanghai-express,Shanghai Express,1932,4
Cyril Schäublin,cyril-schaublins-criterion-closet-picks,blonde-venus,Blonde Venus,1932,5
Cyril Schäublin,cyril-schaublins-criterion-closet-picks,the-scarlet-empress,The Scarlet Empress,1934,6
Cyril Schäublin,cyril-schaublins-criterion-closet-picks,the-devil-is-a-woman,The Devil Is a Woman,1935,7
Cyril Schäublin,cyril-schaublins-criterion-closet-picks,early-spring,Early Spring,1956,8
Cyril Schäublin,cyril-schaublins-criterion-closet-picks,tokyo-twilight,Tokyo Twilight,1957,9
Cyril Schäublin,cyril-schaublins-criterion-closet-picks,equinox-flower,Equinox Flower,1958,10
Cyril Schäublin,cyril-schaublins-criterion-closet-picks,late-autumn,Late Autumn,1960,11
Cyril Schäublin,cyril-schaublins-criterion-closet-picks,the-end-of-summer,The End of Summer,1961,12
Wim Wenders' Second,wim-wenders-second-criterion-closet-picks,down-by-law,Down by Law,1986,1
Wim Wenders' Second,wim-wenders-second-criterion-closet-picks,wanda,Wanda,1970,2
Wim Wenders' Second,wim-wenders-second-criterion-closet-picks,a-story-of-floating-weeds,A Story of Floating Weeds,1934,3
Wim Wenders' Second,wim-wenders-second-criterion-closet-picks,floating-weeds,Floating Weeds,1959,4
Wim Wenders' Second,wim-wenders-second-criterion-closet-picks,the-400-blows,The 400 Blows,1959,5
Wim Wenders' Second,wim-wenders-second-criterion-closet-picks,the-cameraman,The Cameraman,1928,6
Wim Wenders' Second,wim-wenders-second-criterion-closet-picks,jour-de-fete,Jour de Fête,1949,7
Wim Wenders' Second,wim-wenders-second-criterion-closet-picks,monsieur-hulots-holiday,Monsieur Hulot's Holiday,1953,8
Wim Wenders' Second,wim-wenders-second-criterion-closet-picks,mon-oncle,Mon Oncle,1958,9
Wim Wenders' Second,wim-wenders-second-criterion-closet-picks,playtime,PlayTime,1967,10
Wim Wenders' Second,wim-wenders-second-criterion-closet-picks,trafic,Trafic,1971,11
Wim Wenders' Second,wim-wenders-second-criterion-closet-picks,parade,Parade,1974,12
Wim Wenders' Second,wim-wenders-second-criterion-closet-picks,kagemusha,Kagemusha,1980,13
Wim Wenders' Second,wim-wenders-second-criterion-closet-picks,beau-travail,Beau Travail,1999,14
Wim Wenders' Second,wim-wenders-second-criterion-closet-picks,until-the-end-of-the-world,Until the End of the World,1991,15
Wim Wenders' Second,wim-wenders-second-criterion-closet-picks,au-hasard-balthazar,Au Hasard Balthazar,1966,16
Wim Wenders' Second,wim-wenders-second-criterion-closet-picks,mouchette,Mouchette,1967,17
Cate Blanchett and Todd Field,cate-blanchett-and-todd-fields-criterion,dheepan,Dheepan,2015,1
Cate Blanchett and Todd Field,cate-blanchett-and-todd-fields-criterion,devil-in-a-blue-dress,Devil in a Blue Dress,1995,2
Cate Blanchett and Todd Field,cate-blanchett-and-todd-fields-criterion,in-cold-blood,In Cold Blood,1967,3
Cate Blanchett and Todd Field,cate-blanchett-and-todd-fields-criterion,tootsie,Tootsie,1982,4
Cate Blanchett and Todd Field,cate-blanchett-and-todd-fields-criterion,my-winnipeg,My Winnipeg,2007,5
Cate Blanchett and Todd Field,cate-blanchett-and-todd-fields-criterion,haxan,Häxan,1922,6
Cate Blanchett and Todd Field,cate-blanchett-and-todd-fields-criterion,the-ascent,The Ascent,1977,7
Cate Blanchett and Todd Field,cate-blanchett-and-todd-fields-criterion,the-cranes-are-flying,The Cranes Are Flying,1957,8
Cate Blanchett and Todd Field,cate-blanchett-and-todd-fields-criterion,letter-never-sent,Letter Never Sent,1960,9
Cate Blanchett and Todd Field,cate-blanchett-and-todd-fields-criterion,a-man-escaped,A Man Escaped,1956,10
Cate Blanchett and Todd Field,cate-blanchett-and-todd-fields-criterion,wooden-crosses,Wooden Crosses,1932,11
Cate Blanchett and Todd Field,cate-blanchett-and-todd-fields-criterion,a-master-builder,A Master Builder,2013,12
Cate Blanchett and Todd Field,cate-blanchett-and-todd-fields-criterion,my-dinner-with-andre,My Dinner with Andre,1981,13
Cate Blanchett and Todd Field,cate-blanchett-and-todd-fields-criterion,crisis,Crisis,1946,14
Cate Blanchett and Todd Field,cate-blanchett-and-todd-fields-criterion,a-ship-to-india,A Ship to India,1947,15
Cate Blanchett and Todd Field,cate-blanchett-and-todd-fields-criterion,port-of-call,Port of Call,1948,16
Cate Blanchett and Todd Field,cate-blanchett-and-todd-fields-criterion,thirst,Thirst,1949,17
Cate Blanchett and Todd Field,cate-blanchett-and-todd-fields-criterion,to-joy,To Joy,1950,18
Cate Blanchett and Todd Field,cate-blanchett-and-todd-fields-criterion,summer-interlude,Summer Interlude,1951,19
Cate Blanchett and Todd Field,cate-blanchett-and-todd-fields-criterion,waiting-women,Waiting Women,1952,20
Cate Blanchett and Todd Field,cate-blanchett-and-todd-fields-criterion,summer-with-monika,Summer with Monika,1953,21
Cate Blanchett and Todd Field,cate-blanchett-and-todd-fields-criterion,sawdust-and-tinsel,Sawdust and Tinsel,1953,22
Cate Blanchett and Todd Field,cate-blanchett-and-todd-fields-criterion,a-lesson-in-love,A Lesson in Love,1954,23
Cate Blanchett and Todd Field,cate-blanchett-and-todd-fields-criterion,dreams-1955,Dreams,1955,24
Cate Blanchett and Todd Field,cate-blanchett-and-todd-fields-criterion,smiles-of-a-summer-night,Smiles of a Summer Night,1955,25
Cate Blanchett and Todd Field,cate-blanchett-and-todd-fields-criterion,the-seventh-seal,The Seventh Seal,1957,26
Cate Blanchett and Todd Field,cate-blanchett-and-todd-fields-criterion,wild-strawberries,Wild Strawberries,1957,27
Cate Blanchett and Todd Field,cate-blanchett-and-todd-fields-criterion,brink-of-life,Brink of Life,1958,28
Cate Blanchett and Todd Field,cate-blanchett-and-todd-fields-criterion,the-magician-1958,The Magician,1958,29
Cate Blanchett and Todd Field,cate-blanchett-and-todd-fields-criterion,the-virgin-spring,The Virgin Spring,1960,30
Cate Blanchett and Todd Field,cate-blanchett-and-todd-fields-criterion,the-devils-eye,The Devil's Eye,1960,31
Cate Blanchett and Todd Field,cate-blanchett-and-todd-fields-criterion,through-a-glass-darkly,Through a Glass Darkly,1961,32
Cate Blanchett and Todd Field,cate-blanchett-and-todd-fields-criterion,winter-light,Winter Light,1963,33
Cate Blanchett and Todd Field,cate-blanchett-and-todd-fields-criterion,the-silence,The Silence,1963,34
Cate Blanchett and Todd Field,cate-blanchett-and-todd-fields-criterion,all-these-women,All These Women,1964,35
Cate Blanchett and Todd Field,cate-blanchett-and-todd-fields-criterion,persona,Persona,1966,36
Cate Blanchett and Todd Field,cate-blanchett-and-todd-fields-criterion,hour-of-the-wolf,Hour of the Wolf,1968,37
Cate Blanchett and Todd Field,cate-blanchett-and-todd-fields-criterion,shame,Shame,1968,38
Cate Blanchett and Todd Field,cate-blanchett-and-todd-fields-criterion,the-rite,The Rite,1969,39
Cate Blanchett and Todd Field,cate-blanchett-and-todd-fields-criterion,the-passion-of-anna,The Passion of Anna,1969,40
Cate Blanchett and Todd Field,cate-blanchett-and-todd-fields-criterion,faro-document-1979,Fårö Document 1979,1979,41
Cate Blanchett and Todd Field,cate-blanchett-and-todd-fields-criterion,the-touch-1971,The Touch,1971,42
Cate Blanchett and Todd Field,cate-blanchett-and-todd-fields-criterion,cries-and-whispers,Cries and Whispers,1972,43
Cate Blanchett and Todd Field,cate-blanchett-and-todd-fields-criterion,scenes-from-a-marriage,Scenes from a Marriage,1974,44
Cate Blanchett and Todd Field,cate-blanchett-and-todd-fields-criterion,the-magic-flute,The Magic Flute,1975,45
Cate Blanchett and Todd Field,cate-blanchett-and-todd-fields-criterion,the-serpents-egg,The Serpent's Egg,1977,46
Cate Blanchett and Todd Field,cate-blanchett-and-todd-fields-criterion,autumn-sonata,Autumn Sonata,1978,47
Cate Blanchett and Todd Field,cate-blanchett-and-todd-fields-criterion,faro-document,Fårö Document,1970,48
Cate Blanchett and Todd Field,cate-blanchett-and-todd-fields-criterion,from-the-life-of-the-marionettes,From the Life of the Marionettes,1980,49
Cate Blanchett and Todd Field,cate-blanchett-and-todd-fields-criterion,fanny-and-alexander,Fanny and Alexander,1982,50
Cate Blanchett and Todd Field,cate-blanchett-and-todd-fields-criterion,fanny-and-alexander-1984,Fanny and Alexander,1984,51
Cate Blanchett and Todd Field,cate-blanchett-and-todd-fields-criterion,after-the-rehearsal,After the Rehearsal,1984,52
Cate Blanchett and Todd Field,cate-blanchett-and-todd-fields-criterion,saraband,Saraband,2003,53
Cate Blanchett and Todd Field,cate-blanchett-and-todd-fields-criterion,in-which-we-serve,In Which We Serve,1942,54
Cate Blanchett and Todd Field,cate-blanchett-and-todd-fields-criterion,this-happy-breed,This Happy Breed,1944,55
Cate Blanchett and Todd Field,cate-blanchett-and-todd-fields-criterion,blithe-spirit,Blithe Spirit,1945,56
Cate Blanchett and Todd Field,cate-blanchett-and-todd-fields-criterion,brief-encounter,Brief Encounter,1945,57
Cate Blanchett and Todd Field,cate-blanchett-and-todd-fields-criterion,variety-lights,Variety Lights,1950,58
Cate Blanchett and Todd Field,cate-blanchett-and-todd-fields-criterion,the-white-sheik,The White Sheik,1952,59
Cate Blanchett and Todd Field,cate-blanchett-and-todd-fields-criterion,i-vitelloni,I Vitelloni,1953,60
Cate Blanchett and Todd Field,cate-blanchett-and-todd-fields-criterion,la-strada,La Strada,1954,61
Cate Blanchett and Todd Field,cate-blanchett-and-todd-fields-criterion,the-swindle-1955,The Swindle,1955,62
Cate Blanchett and Todd Field,cate-blanchett-and-todd-fields-criterion,nights-of-cabiria,Nights of Cabiria,1957,63
Cate Blanchett and Todd Field,cate-blanchett-and-todd-fields-criterion,la-dolce-vita,La Dolce Vita,1960,64
Cate Blanchett and Todd Field,cate-blanchett-and-todd-fields-criterion,8-half,8½,1963,65
Cate Blanchett and Todd Field,cate-blanchett-and-todd-fields-criterion,juliet-of-the-spirits,Juliet of the Spirits,1965,66
Cate Blanchett and Todd Field,cate-blanchett-and-todd-fields-criterion,satyricon-1969,Satyricon,1969,67
Cate Blanchett and Todd Field,cate-blanchett-and-todd-fields-criterion,roma,Roma,1972,68
Cate Blanchett and Todd Field,cate-blanchett-and-todd-fields-criterion,amarcord,Amarcord,1973,69
Cate Blanchett and Todd Field,cate-blanchett-and-todd-fields-criterion,and-the-ship-sails-on,And the Ship Sails On,1983,70
Cate Blanchett and Todd Field,cate-blanchett-and-todd-fields-criterion,intervista,Intervista,1987,71
Marion Cotillard,marion-cotillards-criterion-closet-picks,fan-fan-the-tulip,Fan-Fan the Tulip,1952,1
Marion Cotillard,marion-cotillards-criterion-closet-picks,the-great-dictator,The Great Dictator,1940,2
Marion Cotillard,marion-cotillards-criterion-closet-picks,hedwig-and-the-angry-inch,Hedwig and the Angry Inch,2001,3
Marion Cotillard,marion-cotillards-criterion-closet-picks,varda-by-agnes,Varda by Agnès,2019,4
Marion Cotillard,marion-cotillards-criterion-closet-picks,la-pointe-courte,La Pointe Courte,1955,5
Marion Cotillard,marion-cotillards-criterion-closet-picks,cleo-from-5-to-7,Cléo from 5 to 7,1962,6
Marion Cotillard,marion-cotillards-criterion-closet-picks,daguerreotypes,Daguerréotypes,1975,7
Marion Cotillard,marion-cotillards-criterion-closet-picks,happiness-1965,Le Bonheur,1965,8
Marion Cotillard,marion-cotillards-criterion-closet-picks,the-creatures,The Creatures,1966,9
Marion Cotillard,marion-cotillards-criterion-closet-picks,uncle-yanco,Uncle Yanco,1967,10
Marion Cotillard,marion-cotillards-criterion-closet-picks,black-panthers,Black Panthers,1968,11
Marion Cotillard,marion-cotillards-criterion-closet-picks,lions-love,Lions Love,1969,12
Marion Cotillard,marion-cotillards-criterion-closet-picks,mur-murs,Mur Murs,1981,13
Marion Cotillard,marion-cotillards-criterion-closet-picks,documenteur,Documenteur,1981,14
Marion Cotillard,marion-cotillards-criterion-closet-picks,one-sings-the-other-doesnt,"One Sings, the Other Doesn't",1977,15
Marion Cotillard,marion-cotillards-criterion-closet-picks,vagabond,Vagabond,1985,16
Marion Cotillard,marion-cotillards-criterion-closet-picks,jane-b-by-agnes-v,Jane B. by Agnès V.,1988,17
Marion Cotillard,marion-cotillards-criterion-closet-picks,kung-fu-master,Kung-Fu Master!,1988,18
Marion Cotillard,marion-cotillards-criterion-closet-picks,jacquot-de-nantes,Jacquot de Nantes,1991,19
Marion Cotillard,marion-cotillards-criterion-closet-picks,one-hundred-and-one-nights,One Hundred and One Nights,1995,20
Marion Cotillard,marion-cotillards-criterion-closet-picks,the-gleaners-and-i,The Gleaners and I,2000,21
Marion Cotillard,marion-cotillards-criterion-closet-picks,the-gleaners-and-i-two-years-later,The Gleaners and I: Two Years Later,2002,22
Marion Cotillard,marion-cotillards-criterion-closet-picks,faces-places,Faces Places,2017,23
Marion Cotillard,marion-cotillards-criterion-closet-picks,agnes-varda-from-here-to-there,Agnès Varda: From Here to There,2011,24
Marion Cotillard,marion-cotillards-criterion-closet-picks,the-beaches-of-agnes,The Beaches of Agnès,2008,25
Isabelle Huppert,isabelle-hupperts-criterion-closet-picks,bad-timing,Bad Timing,1980,1
Isabelle Huppert,isabelle-hupperts-criterion-closet-picks,yoyo,Yoyo,1965,2
Isabelle Huppert,isabelle-hupperts-criterion-closet-picks,through-a-glass-darkly,Through a Glass Darkly,1961,3
Isabelle Huppert,isabelle-hupperts-criterion-closet-picks,winter-light,Winter Light,1963,4
Isabelle Huppert,isabelle-hupperts-criterion-closet-picks,the-silence,The Silence,1963,5
Isabelle Huppert,isabelle-hupperts-criterion-closet-picks,ingmar-bergman-makes-a-movie,Ingmar Bergman Makes a Movie,1963,6
Isabelle Huppert,isabelle-hupperts-criterion-closet-picks,barry-lyndon,Barry Lyndon,1975,7
Isabelle Huppert,isabelle-hupperts-criterion-closet-picks,the-honeymoon-killers,The Honeymoon Killers,1970,8
Isabelle Huppert,isabelle-hupperts-criterion-closet-picks,tout-va-bien,Tout Va Bien,1972,9
Isabelle Huppert,isabelle-hupperts-criterion-closet-picks,badlands,Badlands,1973,10
Isabelle Huppert,isabelle-hupperts-criterion-closet-picks,juliet-of-the-spirits,Juliet of the Spirits,1965,11
Isabelle Huppert,isabelle-hupperts-criterion-closet-picks,a-taste-of-honey,A Taste of Honey,1961,12
Isabelle Huppert,isabelle-hupperts-criterion-closet-picks,tampopo,Tampopo,1985,13
Isabelle Huppert,isabelle-hupperts-criterion-closet-picks,white-dog,White Dog,1982,14
Isabelle Huppert,isabelle-hupperts-criterion-closet-picks,the-suitor,The Suitor,1962,15
Isabelle Huppert,isabelle-hupperts-criterion-closet-picks,as-long-as-youve-got-your-health,As Long as You've Got Your Health,1966,16
Isabelle Huppert,isabelle-hupperts-criterion-closet-picks,le-grand-amour,Le Grand Amour,1969,17
Isabelle Huppert,isabelle-hupperts-criterion-closet-picks,land-of-milk-and-honey,Land of Milk and Honey,1971,18
Billy Crudup,billy-crudups-criterion-closet-picks,kicking-and-screaming,Kicking and Screaming,1995,1
Billy Crudup,billy-crudups-criterion-closet-picks,my-darling-clementine,My Darling Clementine,1946,2
Billy Crudup,billy-crudups-criterion-closet-picks,12-angry-men,12 Angry Men,1957,3
Billy Crudup,billy-crudups-criterion-closet-picks,paper-moon,Paper Moon,1973,4
Billy Crudup,billy-crudups-criterion-closet-picks,the-grifters,The Grifters,1990,5
Billy Crudup,billy-crudups-criterion-closet-picks,crossing-delancey,Crossing Delancey,1988,6
Billy Crudup,billy-crudups-criterion-closet-picks,drugstore-cowboy,Drugstore Cowboy,1989,7
Billy Crudup,billy-crudups-criterion-closet-picks,basquiat,Basquiat,1996,8
Billy Crudup,billy-crudups-criterion-closet-picks,sorcerer,Sorcerer,1977,9
Billy Crudup,billy-crudups-criterion-closet-picks,carnal-knowledge,Carnal Knowledge,1971,10
Billy Crudup,billy-crudups-criterion-closet-picks,mulholland-drive,Mulholland Drive,2001,11
Billy Crudup,billy-crudups-criterion-closet-picks,no-country-for-old-men,No Country for Old Men,2007,12
Billy Crudup,billy-crudups-criterion-closet-picks,defending-your-life,Defending Your Life,1991,13
Billy Crudup,billy-crudups-criterion-closet-picks,matewan,Matewan,1987,14
Lisa Kudrow,lisa-kudrows-criterion-closet-picks,all-about-eve,All About Eve,1950,1
Lisa Kudrow,lisa-kudrows-criterion-closet-picks,now-voyager,"Now, Voyager",1942,2
Lisa Kudrow,lisa-kudrows-criterion-closet-picks,the-philadelphia-story,The Philadelphia Story,1940,3
Lisa Kudrow,lisa-kudrows-criterion-closet-picks,defending-your-life,Defending Your Life,1991,4
Lisa Kudrow,lisa-kudrows-criterion-closet-picks,12-angry-men,12 Angry Men,1957,5
Matteo Garrone,matteo-garrones-criterion-closet-picks,io-capitano,Io Capitano,2023,1
Matteo Garrone,matteo-garrones-criterion-closet-picks,the-cameraman,The Cameraman,1928,2
Matteo Garrone,matteo-garrones-criterion-closet-picks,andrei-rublev,Andrei Rublev,1966,3
Matteo Garrone,matteo-garrones-criterion-closet-picks,a-story-from-chikamatsu,A Story from Chikamatsu,1954,4
Matteo Garrone,matteo-garrones-criterion-closet-picks,the-story-of-the-last-chrysanthemum,The Story of the Last Chrysanthemum,1939,5
Matteo Garrone,matteo-garrones-criterion-closet-picks,mulholland-drive,Mulholland Drive,2001,6
Matteo Garrone,matteo-garrones-criterion-closet-picks,rome-open-city,"Rome, Open City",1945,7
Matteo Garrone,matteo-garrones-criterion-closet-picks,paisan,Paisan,1946,8
Matteo Garrone,matteo-garrones-criterion-closet-picks,germany-year-zero,"Germany, Year Zero",1948,9
Matteo Garrone,matteo-garrones-criterion-closet-picks,wild-strawberries,Wild Strawberries,1957,10
Matteo Garrone,matteo-garrones-criterion-closet-picks,8-half,8½,1963,11
M.I.A. and Stephen Loveridge,mia-and-stephen-loveridges-criterion-closet,matangi-maya-mia,Matangi / Maya / M.I.A.,2018,1
M.I.A. and Stephen Loveridge,mia-and-stephen-loveridges-criterion-closet,missing,Missing,1982,2
M.I.A. and Stephen Loveridge,mia-and-stephen-loveridges-criterion-closet,dheepan,Dheepan,2015,3
M.I.A. and Stephen Loveridge,mia-and-stephen-loveridges-criterion-closet,naked,Naked,1993,4
M.I.A. and Stephen Loveridge,mia-and-stephen-loveridges-criterion-closet,kes,Kes,1969,5
M.I.A. and Stephen Loveridge,mia-and-stephen-loveridges-criterion-closet,bottle-rocket-1996,Bottle Rocket,1996,6
M.I.A. and Stephen Loveridge,mia-and-stephen-loveridges-criterion-closet,badlands,Badlands,1973,7
Julia Fox,julia-foxs-criterion-closet-picks,all-about-my-mother,All About My Mother,1999,1
Julia Fox,julia-foxs-criterion-closet-picks,the-virgin-suicides,The Virgin Suicides,1999,2
Julia Fox,julia-foxs-criterion-closet-picks,the-royal-tenenbaums,The Royal Tenenbaums,2001,3
Julia Fox,julia-foxs-criterion-closet-picks,fish-tank,Fish Tank,2009,4
Julia Fox,julia-foxs-criterion-closet-picks,grey-gardens,Grey Gardens,1975,5
Julia Fox,julia-foxs-criterion-closet-picks,gomorrah,Gomorrah,2008,6
Julia Fox,julia-foxs-criterion-closet-picks,daddy-longlegs,Daddy Longlegs,2009,7
Julia Fox,julia-foxs-criterion-closet-picks,ugetsu,Ugetsu,1953,8
Julia Fox,julia-foxs-criterion-closet-picks,take-out-2004,Take Out,2004,9
Julia Fox,julia-foxs-criterion-closet-picks,being-john-malkovich,Being John Malkovich,1999,10
Julia Fox,julia-foxs-criterion-closet-picks,funny-games,Funny Games,1997,11
Julia Fox,julia-foxs-criterion-closet-picks,tiny-furniture,Tiny Furniture,2010,12
Julia Fox,julia-foxs-criterion-closet-picks,uncut-gems,Uncut Gems,2019,13
Julia Fox,julia-foxs-criterion-closet-picks,a-face-in-the-crowd,A Face in the Crowd,1957,14
Richard E. Grant,richard-e-grants-criterion-closet-picks,city-lights,City Lights,1931,1
Richard E. Grant,richard-e-grants-criterion-closet-picks,nashville,Nashville,1975,2
Richard E. Grant,richard-e-grants-criterion-closet-picks,hamlet,Hamlet,1948,3
Richard E. Grant,richard-e-grants-criterion-closet-picks,cries-and-whispers,Cries and Whispers,1972,4
Richard E. Grant,richard-e-grants-criterion-closet-picks,la-strada,La Strada,1954,5
Richard E. Grant,richard-e-grants-criterion-closet-picks,the-tin-drum,The Tin Drum,1979,6
Richard E. Grant,richard-e-grants-criterion-closet-picks,the-graduate,The Graduate,1967,7
Richard E. Grant,richard-e-grants-criterion-closet-picks,day-for-night,Day for Night,1973,8
Richard E. Grant,richard-e-grants-criterion-closet-picks,the-french-lieutenants-woman,The French Lieutenant's Woman,1981,9
Richard E. Grant,richard-e-grants-criterion-closet-picks,jules-and-jim,Jules and Jim,1962,10
Richard E. Grant,richard-e-grants-criterion-closet-picks,some-like-it-hot,Some Like It Hot,1959,11
Ayo Edebiri,ayo-edebiris-criterion-closet-picks,charade,Charade,1963,1
Ayo Edebiri,ayo-edebiris-criterion-closet-picks,thief,Thief,1981,2
Ayo Edebiri,ayo-edebiris-criterion-closet-picks,to-sleep-with-anger,To Sleep with Anger,1990,3
Ayo Edebiri,ayo-edebiris-criterion-closet-picks,high-and-low,High and Low,1963,4
Ayo Edebiri,ayo-edebiris-criterion-closet-picks,rushmore,Rushmore,1998,5
Ayo Edebiri,ayo-edebiris-criterion-closet-picks,bottle-rocket-1996,Bottle Rocket,1996,6
Ayo Edebiri,ayo-edebiris-criterion-closet-picks,the-funeral,The Funeral,1984,7
Ayo Edebiri,ayo-edebiris-criterion-closet-picks,tampopo,Tampopo,1985,8
Ayo Edebiri,ayo-edebiris-criterion-closet-picks,eyimofe-this-is-my-desire,Eyimofe (This Is My Desire),2020,9
Bill and Turner Ross,bill-and-turner-ross-criterion-closet-picks,gasoline-rainbow,Gasoline Rainbow,2023,1
Bill and Turner Ross,bill-and-turner-ross-criterion-closet-picks,husbands,Husbands,1970,2
Bill and Turner Ross,bill-and-turner-ross-criterion-closet-picks,do-the-right-thing,Do the Right Thing,1989,3
Bill and Turner Ross,bill-and-turner-ross-criterion-closet-picks,the-night-of-the-hunter,The Night of the Hunter,1955,4
Bill and Turner Ross,bill-and-turner-ross-criterion-closet-picks,five-easy-pieces,Five Easy Pieces,1970,5
Bill and Turner Ross,bill-and-turner-ross-criterion-closet-picks,touki-bouki,Touki Bouki,1973,6
Bill and Turner Ross,bill-and-turner-ross-criterion-closet-picks,variety-lights,Variety Lights,1950,7
Bill and Turner Ross,bill-and-turner-ross-criterion-closet-picks,the-white-sheik,The White Sheik,1952,8
Bill and Turner Ross,bill-and-turner-ross-criterion-closet-picks,i-vitelloni,I Vitelloni,1953,9
Bill and Turner Ross,bill-and-turner-ross-criterion-closet-picks,la-strada,La Strada,1954,10
Bill and Turner Ross,bill-and-turner-ross-criterion-closet-picks,the-swindle-1955,The Swindle,1955,11
Bill and Turner Ross,bill-and-turner-ross-criterion-closet-picks,nights-of-cabiria,Nights of Cabiria,1957,12
Bill and Turner Ross,bill-and-turner-ross-criterion-closet-picks,la-dolce-vita,La Dolce Vita,1960,13
Bill and Turner Ross,bill-and-turner-ross-criterion-closet-picks,8-half,8½,1963,14
Bill and Turner Ross,bill-and-turner-ross-criterion-closet-picks,juliet-of-the-spirits,Juliet of the Spirits,1965,15
Bill and Turner Ross,bill-and-turner-ross-criterion-closet-picks,satyricon-1969,Satyricon,1969,16
Bill and Turner Ross,bill-and-turner-ross-criterion-closet-picks,roma,Roma,1972,17
Bill and Turner Ross,bill-and-turner-ross-criterion-closet-picks,amarcord,Amarcord,1973,18
Bill and Turner Ross,bill-and-turner-ross-criterion-closet-picks,and-the-ship-sails-on,And the Ship Sails On,1983,19
Bill and Turner Ross,bill-and-turner-ross-criterion-closet-picks,intervista,Intervista,1987,20
Bill and Turner Ross,bill-and-turner-ross-criterion-closet-picks,being-there,Being There,1979,21
Bill and Turner Ross,bill-and-turner-ross-criterion-closet-picks,dead-man,Dead Man,1995,22
Bill and Turner Ross,bill-and-turner-ross-criterion-closet-picks,the-blues-accordin-to-lightnin-hopkins,The Blues Accordin' to Lightnin' Hopkins,1968,23
Bill and Turner Ross,bill-and-turner-ross-criterion-closet-picks,god-respects-us-when-we-work-but-loves-us-when-we-dance,"God Respects Us When We Work, But Loves Us When We Dance",1968,24
Bill and Turner Ross,bill-and-turner-ross-criterion-closet-picks,spend-it-all,Spend It All,1972,25
Bill and Turner Ross,bill-and-turner-ross-criterion-closet-picks,a-well-spent-life,A Well Spent Life,1971,26
Bill and Turner Ross,bill-and-turner-ross-criterion-closet-picks,dry-wood,Dry Wood,1973,27
Bill and Turner Ross,bill-and-turner-ross-criterion-closet-picks,hot-pepper,Hot Pepper,1973,28
Bill and Turner Ross,bill-and-turner-ross-criterion-closet-picks,always-for-pleasure,Always for Pleasure,1978,29
Bill and Turner Ross,bill-and-turner-ross-criterion-closet-picks,garlic-is-as-good-as-ten-mothers,Garlic Is as Good as Ten Mothers,1980,30
Bill and Turner Ross,bill-and-turner-ross-criterion-closet-picks,sprout-wings-and-fly,Sprout Wings and Fly,1983,31
Bill and Turner Ross,bill-and-turner-ross-criterion-closet-picks,in-heaven-there-is-no-beer,In Heaven There Is No Beer?,1984,32
Bill and Turner Ross,bill-and-turner-ross-criterion-closet-picks,gap-toothed-women,Gap-Toothed Women,1987,33
Bill and Turner Ross,bill-and-turner-ross-criterion-closet-picks,yum-yum-yum-a-taste-of-the-cajun-and-creole,"Yum, Yum, Yum! A Taste of the Cajun and Creole Cooking of Louisiana",1990,34
Bill and Turner Ross,bill-and-turner-ross-criterion-closet-picks,the-maestro-king-of-the-cowboy-artists,The Maestro: King of the Cowboy Artists,1995,35
Bill and Turner Ross,bill-and-turner-ross-criterion-closet-picks,sworn-to-the-drum-a-tribute-to-francisco-aguabella,Sworn to the Drum: A Tribute to Francisco Aguabella,1995,36
Bill and Turner Ross,bill-and-turner-ross-criterion-closet-picks,time-2020,Time,2020,37
Bill and Turner Ross,bill-and-turner-ross-criterion-closet-picks,the-cameraman,The Cameraman,1928,38
Bill and Turner Ross,bill-and-turner-ross-criterion-closet-picks,close-up,Close-Up,1990,39
Bill and Turner Ross,bill-and-turner-ross-criterion-closet-picks,harlan-county-usa,Harlan County U.S.A.,1976,40
Justine Triet,justine-triets-criterion-closet-picks,anatomy-of-a-fall,Anatomy of a Fall,2023,1
Justine Triet,justine-triets-criterion-closet-picks,an-unmarried-woman,An Unmarried Woman,1978,2
Justine Triet,justine-triets-criterion-closet-picks,la-verite-1960,The Truth,1960,3
Justine Triet,justine-triets-criterion-closet-picks,petite-maman,Petite Maman,2021,4
Justine Triet,justine-triets-criterion-closet-picks,the-truth-1960,The Truth,1960,5
Justine Triet,justine-triets-criterion-closet-picks,the-story-of-a-cheat,The Story of a Cheat,1936,6
Justine Triet,justine-triets-criterion-closet-picks,the-pearls-of-the-crown,The Pearls of the Crown,1937,7
Justine Triet,justine-triets-criterion-closet-picks,quadrille,Quadrille,1938,8
Justine Triet,justine-triets-criterion-closet-picks,warrendale,Warrendale,1967,9
Justine Triet,justine-triets-criterion-closet-picks,a-married-couple,A Married Couple,1969,10
Justine Triet,justine-triets-criterion-closet-picks,come-on-children,Come On Children,1973,11
Justine Triet,justine-triets-criterion-closet-picks,dying-at-grace,Dying at Grace,2003,12
Justine Triet,justine-triets-criterion-closet-picks,memory-for-max-claire-ida-and-company,"Memory for Max, Claire, Ida and Company",2005,13
Justine Triet,justine-triets-criterion-closet-picks,sex-lies-and-videotape,"sex, lies, and videotape",1989,14
Justine Triet,justine-triets-criterion-closet-picks,la-notte,La Notte,1961,15
Justine Triet,justine-triets-criterion-closet-picks,dont-look-now,Don't Look Now,1973,16
Justine Triet,justine-triets-criterion-closet-picks,girlfriends-1978,Girlfriends,1978,17
Tracy Letts,tracy-letts-criterion-closet-picks,kwaidan,Kwaidan,1964,1
Tracy Letts,tracy-letts-criterion-closet-picks,do-the-right-thing,Do the Right Thing,1989,2
Tracy Letts,tracy-letts-criterion-closet-picks,hoop-dreams,Hoop Dreams,1994,3
Tracy Letts,tracy-letts-criterion-closet-picks,berlin-alexanderplatz,Berlin Alexanderplatz,1980,4
Tracy Letts,tracy-letts-criterion-closet-picks,winchester-73,Winchester '73,1950,5
Tracy Letts,tracy-letts-criterion-closet-picks,red-river,Red River,1948,6
Tracy Letts,tracy-letts-criterion-closet-picks,the-tall-t,The Tall T,1957,7
Tracy Letts,tracy-letts-criterion-closet-picks,decision-at-sundown,Decision at Sundown,1957,8
Tracy Letts,tracy-letts-criterion-closet-picks,buchanan-rides-alone,Buchanan Rides Alone,1958,9
Tracy Letts,tracy-letts-criterion-closet-picks,ride-lonesome,Ride Lonesome,1959,10
Tracy Letts,tracy-letts-criterion-closet-picks,comanche-station,Comanche Station,1960,11
Tracy Letts,tracy-letts-criterion-closet-picks,round-midnight,'Round Midnight,1986,12
Tracy Letts,tracy-letts-criterion-closet-picks,thelonious-monk-straight-no-chaser,"Thelonious Monk: Straight, No Chaser",1988,13
Tracy Letts,tracy-letts-criterion-closet-picks,choose-me,Choose Me,1984,14
Tracy Letts,tracy-letts-criterion-closet-picks,love-jones,Love Jones,1997,15
Tracy Letts,tracy-letts-criterion-closet-picks,mr-arkadin,Mr. Arkadin,1955,16
Gregg Araki and James Duval,gregg-araki-and-james-duvals-criterion-closet,mystery-train,Mystery Train,1989,1
Gregg Araki and James Duval,gregg-araki-and-james-duvals-criterion-closet,shadows-1958,Shadows,1958,2
Gregg Araki and James Duval,gregg-araki-and-james-duvals-criterion-closet,faces-1968,Faces,1968,3
Gregg Araki and James Duval,gregg-araki-and-james-duvals-criterion-closet,a-woman-under-the-influence,A Woman Under the Influence,1974,4
Gregg Araki and James Duval,gregg-araki-and-james-duvals-criterion-closet,the-killing-of-a-chinese-bookie,The Killing of a Chinese Bookie,1976,5
Gregg Araki and James Duval,gregg-araki-and-james-duvals-criterion-closet,opening-night,Opening Night,1977,6
Gregg Araki and James Duval,gregg-araki-and-james-duvals-criterion-closet,a-constant-forge,A Constant Forge,2000,7
Gregg Araki and James Duval,gregg-araki-and-james-duvals-criterion-closet,female-trouble,Female Trouble,1974,8
Gregg Araki and James Duval,gregg-araki-and-james-duvals-criterion-closet,the-lady-eve,The Lady Eve,1941,9
Agnieszka Holland,agnieszka-hollands-criterion-closet-picks,varda-by-agnes,Varda by Agnès,2019,1
Agnieszka Holland,agnieszka-hollands-criterion-closet-picks,la-pointe-courte,La Pointe Courte,1955,2
Agnieszka Holland,agnieszka-hollands-criterion-closet-picks,cleo-from-5-to-7,Cléo from 5 to 7,1962,3
Agnieszka Holland,agnieszka-hollands-criterion-closet-picks,daguerreotypes,Daguerréotypes,1975,4
Agnieszka Holland,agnieszka-hollands-criterion-closet-picks,happiness-1965,Le Bonheur,1965,5
Agnieszka Holland,agnieszka-hollands-criterion-closet-picks,the-creatures,The Creatures,1966,6
Agnieszka Holland,agnieszka-hollands-criterion-closet-picks,uncle-yanco,Uncle Yanco,1967,7
Agnieszka Holland,agnieszka-hollands-criterion-closet-picks,black-panthers,Black Panthers,1968,8
Agnieszka Holland,agnieszka-hollands-criterion-closet-picks,lions-love,Lions Love,1969,9
Agnieszka Holland,agnieszka-hollands-criterion-closet-picks,mur-murs,Mur Murs,1981,10
Agnieszka Holland,agnieszka-hollands-criterion-closet-picks,documenteur,Documenteur,1981,11
Agnieszka Holland,agnieszka-hollands-criterion-closet-picks,one-sings-the-other-doesnt,"One Sings, the Other Doesn't",1977,12
Agnieszka Holland,agnieszka-hollands-criterion-closet-picks,vagabond,Vagabond,1985,13
Agnieszka Holland,agnieszka-hollands-criterion-closet-picks,jane-b-by-agnes-v,Jane B. by Agnès V.,1988,14
Agnieszka Holland,agnieszka-hollands-criterion-closet-picks,kung-fu-master,Kung-Fu Master!,1988,15
Agnieszka Holland,agnieszka-hollands-criterion-closet-picks,jacquot-de-nantes,Jacquot de Nantes,1991,16
Agnieszka Holland,agnieszka-hollands-criterion-closet-picks,one-hundred-and-one-nights,One Hundred and One Nights,1995,17
Agnieszka Holland,agnieszka-hollands-criterion-closet-picks,the-gleaners-and-i,The Gleaners and I,2000,18
Agnieszka Holland,agnieszka-hollands-criterion-closet-picks,the-gleaners-and-i-two-years-later,The Gleaners and I: Two Years Later,2002,19
Agnieszka Holland,agnieszka-hollands-criterion-closet-picks,faces-places,Faces Places,2017,20
Agnieszka Holland,agnieszka-hollands-criterion-closet-picks,agnes-varda-from-here-to-there,Agnès Varda: From Here to There,2011,21
Agnieszka Holland,agnieszka-hollands-criterion-closet-picks,the-beaches-of-agnes,The Beaches of Agnès,2008,22
Agnieszka Holland,agnieszka-hollands-criterion-closet-picks,la-notte,La Notte,1961,23
Agnieszka Holland,agnieszka-hollands-criterion-closet-picks,secrets-lies,Secrets & Lies,1996,24
Agnieszka Holland,agnieszka-hollands-criterion-closet-picks,parasite-2019,Parasite,2019,25
Agnieszka Holland,agnieszka-hollands-criterion-closet-picks,perfect-days-2023,Perfect Days,2023,26
Agnieszka Holland,agnieszka-hollands-criterion-closet-picks,anatomy-of-a-fall,Anatomy of a Fall,2023,27
Agnieszka Holland,agnieszka-hollands-criterion-closet-picks,diamonds-of-the-night,Diamonds of the Night,1964,28
Agnieszka Holland,agnieszka-hollands-criterion-closet-picks,come-and-see,Come and See,1985,29
Agnieszka Holland,agnieszka-hollands-criterion-closet-picks,saute-ma-ville,Saute ma ville,1968,30
Agnieszka Holland,agnieszka-hollands-criterion-closet-picks,the-beloved-child-or-i-play-at-being-a-married-woman,"The Beloved Child, or I Play at Being a Married Woman",1971,31
Agnieszka Holland,agnieszka-hollands-criterion-closet-picks,la-chambre-1972,La chambre,1972,32
Agnieszka Holland,agnieszka-hollands-criterion-closet-picks,hotel-monterey,Hotel Monterey,1973,33
Agnieszka Holland,agnieszka-hollands-criterion-closet-picks,le-15-8,Le 15/8,1973,34
Agnieszka Holland,agnieszka-hollands-criterion-closet-picks,je-tu-il-elle,Je Tu Il Elle,1974,35
Agnieszka Holland,agnieszka-hollands-criterion-closet-picks,jeanne-dielman-23-quai-du-commerce-1080-bruxelles,"Jeanne Dielman, 23, quai du Commerce, 1080 Bruxelles",1975,36
Agnieszka Holland,agnieszka-hollands-criterion-closet-picks,news-from-home,News from Home,1976,37
Agnieszka Holland,agnieszka-hollands-criterion-closet-picks,the-meetings-of-anna,The Meetings of Anna,1978,38
Katya Zamolodchikova,katya-zamolodchikovas-closet-picks,mirror,Mirror,1975,1
Katya Zamolodchikova,katya-zamolodchikovas-closet-picks,all-of-us-strangers,All of Us Strangers,2023,2
Katya Zamolodchikova,katya-zamolodchikovas-closet-picks,belle-de-jour,Belle de Jour,1967,3
Katya Zamolodchikova,katya-zamolodchikovas-closet-picks,the-discreet-charm-of-the-bourgeoisie,The Discreet Charm of the Bourgeoisie,1972,4
Katya Zamolodchikova,katya-zamolodchikovas-closet-picks,pina,Pina,2011,5
Katya Zamolodchikova,katya-zamolodchikovas-closet-picks,tootsie,Tootsie,1982,6
Katya Zamolodchikova,katya-zamolodchikovas-closet-picks,happiness,Happiness,1998,7
Katya Zamolodchikova,katya-zamolodchikovas-closet-picks,polyester,Polyester,1981,8
Katya Zamolodchikova,katya-zamolodchikovas-closet-picks,querelle,Querelle,1982,9
Katya Zamolodchikova,katya-zamolodchikovas-closet-picks,double-indemnity,Double Indemnity,1944,10
"Neve Campbell, Chelsea McMullan, and Sean O'Neill",neve-campbell-chelsea-mcmullan-and-sean-oneills,swan-song-2023,Swan Song,2023,1
"Neve Campbell, Chelsea McMullan, and Sean O'Neill",neve-campbell-chelsea-mcmullan-and-sean-oneills,beau-travail,Beau Travail,1999,2
"Neve Campbell, Chelsea McMullan, and Sean O'Neill",neve-campbell-chelsea-mcmullan-and-sean-oneills,all-that-jazz,All That Jazz,1979,3
"Neve Campbell, Chelsea McMullan, and Sean O'Neill",neve-campbell-chelsea-mcmullan-and-sean-oneills,saute-ma-ville,Saute ma ville,1968,4
"Neve Campbell, Chelsea McMullan, and Sean O'Neill",neve-campbell-chelsea-mcmullan-and-sean-oneills,the-beloved-child-or-i-play-at-being-a-married-woman,"The Beloved Child, or I Play at Being a Married Woman",1971,5
"Neve Campbell, Chelsea McMullan, and Sean O'Neill",neve-campbell-chelsea-mcmullan-and-sean-oneills,la-chambre-1972,La chambre,1972,6
"Neve Campbell, Chelsea McMullan, and Sean O'Neill",neve-campbell-chelsea-mcmullan-and-sean-oneills,hotel-monterey,Hotel Monterey,1973,7
"Neve Campbell, Chelsea McMullan, and Sean O'Neill",neve-campbell-chelsea-mcmullan-and-sean-oneills,le-15-8,Le 15/8,1973,8
"Neve Campbell, Chelsea McMullan, and Sean O'Neill",neve-campbell-chelsea-mcmullan-and-sean-oneills,je-tu-il-elle,Je Tu Il Elle,1974,9
"Neve Campbell, Chelsea McMullan, and Sean O'Neill",neve-campbell-chelsea-mcmullan-and-sean-oneills,jeanne-dielman-23-quai-du-commerce-1080-bruxelles,"Jeanne Dielman, 23, quai du Commerce, 1080 Bruxelles",1975,10
"Neve Campbell, Chelsea McMullan, and Sean O'Neill",neve-campbell-chelsea-mcmullan-and-sean-oneills,news-from-home,News from Home,1976,11
"Neve Campbell, Chelsea McMullan, and Sean O'Neill",neve-campbell-chelsea-mcmullan-and-sean-oneills,the-meetings-of-anna,The Meetings of Anna,1978,12
"Neve Campbell, Chelsea McMullan, and Sean O'Neill",neve-campbell-chelsea-mcmullan-and-sean-oneills,short-cuts,Short Cuts,1993,13
"Neve Campbell, Chelsea McMullan, and Sean O'Neill",neve-campbell-chelsea-mcmullan-and-sean-oneills,the-bitter-tears-of-petra-von-kant,The Bitter Tears of Petra von Kant,1972,14
"Neve Campbell, Chelsea McMullan, and Sean O'Neill",neve-campbell-chelsea-mcmullan-and-sean-oneills,the-red-shoes,The Red Shoes,1948,15
Frederick Elmes,frederick-elmes-criterion-closet-picks,in-the-mood-for-love,In the Mood for Love,2000,1
Frederick Elmes,frederick-elmes-criterion-closet-picks,crisis,Crisis,1946,2
Frederick Elmes,frederick-elmes-criterion-closet-picks,a-ship-to-india,A Ship to India,1947,3
Frederick Elmes,frederick-elmes-criterion-closet-picks,port-of-call,Port of Call,1948,4
Frederick Elmes,frederick-elmes-criterion-closet-picks,thirst,Thirst,1949,5
Frederick Elmes,frederick-elmes-criterion-closet-picks,to-joy,To Joy,1950,6
Frederick Elmes,frederick-elmes-criterion-closet-picks,summer-interlude,Summer Interlude,1951,7
Frederick Elmes,frederick-elmes-criterion-closet-picks,waiting-women,Waiting Women,1952,8
Frederick Elmes,frederick-elmes-criterion-closet-picks,summer-with-monika,Summer with Monika,1953,9
Frederick Elmes,frederick-elmes-criterion-closet-picks,sawdust-and-tinsel,Sawdust and Tinsel,1953,10
Frederick Elmes,frederick-elmes-criterion-closet-picks,a-lesson-in-love,A Lesson in Love,1954,11
Frederick Elmes,frederick-elmes-criterion-closet-picks,dreams-1955,Dreams,1955,12
Frederick Elmes,frederick-elmes-criterion-closet-picks,smiles-of-a-summer-night,Smiles of a Summer Night,1955,13
Frederick Elmes,frederick-elmes-criterion-closet-picks,the-seventh-seal,The Seventh Seal,1957,14
Frederick Elmes,frederick-elmes-criterion-closet-picks,wild-strawberries,Wild Strawberries,1957,15
Frederick Elmes,frederick-elmes-criterion-closet-picks,brink-of-life,Brink of Life,1958,16
Frederick Elmes,frederick-elmes-criterion-closet-picks,the-magician-1958,The Magician,1958,17
Frederick Elmes,frederick-elmes-criterion-closet-picks,the-virgin-spring,The Virgin Spring,1960,18
Frederick Elmes,frederick-elmes-criterion-closet-picks,the-devils-eye,The Devil's Eye,1960,19
Frederick Elmes,frederick-elmes-criterion-closet-picks,through-a-glass-darkly,Through a Glass Darkly,1961,20
Frederick Elmes,frederick-elmes-criterion-closet-picks,winter-light,Winter Light,1963,21
Frederick Elmes,frederick-elmes-criterion-closet-picks,the-silence,The Silence,1963,22
Frederick Elmes,frederick-elmes-criterion-closet-picks,all-these-women,All These Women,1964,23
Frederick Elmes,frederick-elmes-criterion-closet-picks,persona,Persona,1966,24
Frederick Elmes,frederick-elmes-criterion-closet-picks,hour-of-the-wolf,Hour of the Wolf,1968,25
Frederick Elmes,frederick-elmes-criterion-closet-picks,shame,Shame,1968,26
Frederick Elmes,frederick-elmes-criterion-closet-picks,the-rite,The Rite,1969,27
Frederick Elmes,frederick-elmes-criterion-closet-picks,the-passion-of-anna,The Passion of Anna,1969,28
Frederick Elmes,frederick-elmes-criterion-closet-picks,faro-document,Fårö Document,1970,29
Frederick Elmes,frederick-elmes-criterion-closet-picks,the-touch-1971,The Touch,1971,30
Frederick Elmes,frederick-elmes-criterion-closet-picks,cries-and-whispers,Cries and Whispers,1972,31
Frederick Elmes,frederick-elmes-criterion-closet-picks,scenes-from-a-marriage,Scenes from a Marriage,1974,32
Frederick Elmes,frederick-elmes-criterion-closet-picks,scenes-from-a-marriage-1973-1,Scenes from a Marriage,1973,33
Frederick Elmes,frederick-elmes-criterion-closet-picks,the-magic-flute,The Magic Flute,1975,34
Frederick Elmes,frederick-elmes-criterion-closet-picks,the-serpents-egg,The Serpent's Egg,1977,35
Frederick Elmes,frederick-elmes-criterion-closet-picks,autumn-sonata,Autumn Sonata,1978,36
Frederick Elmes,frederick-elmes-criterion-closet-picks,faro-document-1979,Fårö Document 1979,1979,37
Frederick Elmes,frederick-elmes-criterion-closet-picks,from-the-life-of-the-marionettes,From the Life of the Marionettes,1980,38
Frederick Elmes,frederick-elmes-criterion-closet-picks,fanny-and-alexander,Fanny and Alexander,1982,39
Frederick Elmes,frederick-elmes-criterion-closet-picks,fanny-and-alexander-1984,Fanny and Alexander,1984,40
Frederick Elmes,frederick-elmes-criterion-closet-picks,after-the-rehearsal,After the Rehearsal,1984,41
Frederick Elmes,frederick-elmes-criterion-closet-picks,saraband,Saraband,2003,42
Louis Garrel,louis-garrels-criterion-closet-picks,yoyo,Yoyo,1965,1
Louis Garrel,louis-garrels-criterion-closet-picks,the-suitor,The Suitor,1962,2
Louis Garrel,louis-garrels-criterion-closet-picks,as-long-as-youve-got-your-health,As Long as You've Got Your Health,1966,3
Louis Garrel,louis-garrels-criterion-closet-picks,le-grand-amour,Le Grand Amour,1969,4
Louis Garrel,louis-garrels-criterion-closet-picks,land-of-milk-and-honey,Land of Milk and Honey,1971,5
Louis Garrel,louis-garrels-criterion-closet-picks,jour-de-fete,Jour de Fête,1949,6
Louis Garrel,louis-garrels-criterion-closet-picks,monsieur-hulots-holiday,Monsieur Hulot's Holiday,1953,7
Louis Garrel,louis-garrels-criterion-closet-picks,mon-oncle,Mon Oncle,1958,8
Louis Garrel,louis-garrels-criterion-closet-picks,playtime,PlayTime,1967,9
Louis Garrel,louis-garrels-criterion-closet-picks,trafic,Trafic,1971,10
Louis Garrel,louis-garrels-criterion-closet-picks,parade,Parade,1974,11
Louis Garrel,louis-garrels-criterion-closet-picks,summer-with-monika,Summer with Monika,1953,12
Louis Garrel,louis-garrels-criterion-closet-picks,scenes-from-a-marriage,Scenes from a Marriage,1974,13
Louis Garrel,louis-garrels-criterion-closet-picks,routine-pleasures,Routine Pleasures,1986,14
Louis Garrel,louis-garrels-criterion-closet-picks,my-crasy-life,My Crasy Life,1992,15
Louis Garrel,louis-garrels-criterion-closet-picks,poto-and-cabengo,Poto and Cabengo,1979,16
Louis Garrel,louis-garrels-criterion-closet-picks,persona,Persona,1966,17
Louis Garrel,louis-garrels-criterion-closet-picks,stromboli,Stromboli,1950,18
Louis Garrel,louis-garrels-criterion-closet-picks,europa-51,Europa '51,1952,19
Louis Garrel,louis-garrels-criterion-closet-picks,journey-to-italy,Journey to Italy,1954,20
Louis Garrel,louis-garrels-criterion-closet-picks,loves-of-a-blonde,Loves of a Blonde,1965,21
Louis Garrel,louis-garrels-criterion-closet-picks,solo-con-tu-pareja,Sólo con tu pareja,1991,22
Louis Garrel,louis-garrels-criterion-closet-picks,jules-and-jim,Jules and Jim,1962,23
Louis Garrel,louis-garrels-criterion-closet-picks,amarcord,Amarcord,1973,24
Louis Garrel,louis-garrels-criterion-closet-picks,europa,Europa,1991,25
Louis Garrel,louis-garrels-criterion-closet-picks,the-big-boss,The Big Boss,1971,26
Louis Garrel,louis-garrels-criterion-closet-picks,fist-of-fury,Fist of Fury,1972,27
Louis Garrel,louis-garrels-criterion-closet-picks,the-way-of-the-dragon,The Way of the Dragon,1972,28
Louis Garrel,louis-garrels-criterion-closet-picks,enter-the-dragon,Enter the Dragon,1973,29
Louis Garrel,louis-garrels-criterion-closet-picks,game-of-death,Game of Death,1978,30
Frederick Wiseman,frederick-wisemans-criterion-closet-picks,a-couple-2022,A Couple,2022,1
Frederick Wiseman,frederick-wisemans-criterion-closet-picks,bicycle-thieves,Bicycle Thieves,1948,2
Frederick Wiseman,frederick-wisemans-criterion-closet-picks,knife-in-the-water,Knife in the Water,1962,3
Frederick Wiseman,frederick-wisemans-criterion-closet-picks,paths-of-glory,Paths of Glory,1957,4
Frederick Wiseman,frederick-wisemans-criterion-closet-picks,down-by-law,Down by Law,1986,5
Frederick Wiseman,frederick-wisemans-criterion-closet-picks,la-strada,La Strada,1954,6
Mike Leigh and Marianne Jean-Baptiste,mike-leigh-and-marianne-jean-baptistes-criterion,a-story-of-floating-weeds,A Story of Floating Weeds,1934,1
Mike Leigh and Marianne Jean-Baptiste,mike-leigh-and-marianne-jean-baptistes-criterion,floating-weeds,Floating Weeds,1959,2
Mike Leigh and Marianne Jean-Baptiste,mike-leigh-and-marianne-jean-baptistes-criterion,night-on-earth,Night on Earth,1991,3
Mike Leigh and Marianne Jean-Baptiste,mike-leigh-and-marianne-jean-baptistes-criterion,shadows-1958,Shadows,1958,4
Mike Leigh and Marianne Jean-Baptiste,mike-leigh-and-marianne-jean-baptistes-criterion,faces-1968,Faces,1968,5
Mike Leigh and Marianne Jean-Baptiste,mike-leigh-and-marianne-jean-baptistes-criterion,a-woman-under-the-influence,A Woman Under the Influence,1974,6
Mike Leigh and Marianne Jean-Baptiste,mike-leigh-and-marianne-jean-baptistes-criterion,the-killing-of-a-chinese-bookie,The Killing of a Chinese Bookie,1976,7
Mike Leigh and Marianne Jean-Baptiste,mike-leigh-and-marianne-jean-baptistes-criterion,opening-night,Opening Night,1977,8
Mike Leigh and Marianne Jean-Baptiste,mike-leigh-and-marianne-jean-baptistes-criterion,a-constant-forge,A Constant Forge,2000,9
Mike Leigh and Marianne Jean-Baptiste,mike-leigh-and-marianne-jean-baptistes-criterion,secrets-lies,Secrets & Lies,1996,10
Mike Leigh and Marianne Jean-Baptiste,mike-leigh-and-marianne-jean-baptistes-criterion,to-sleep-with-anger,To Sleep with Anger,1990,11
Mike Leigh and Marianne Jean-Baptiste,mike-leigh-and-marianne-jean-baptistes-criterion,loves-of-a-blonde,Loves of a Blonde,1965,12
Mike Leigh and Marianne Jean-Baptiste,mike-leigh-and-marianne-jean-baptistes-criterion,kes,Kes,1969,13
Mike Leigh and Marianne Jean-Baptiste,mike-leigh-and-marianne-jean-baptistes-criterion,white-material,White Material,2009,14
Mike Leigh and Marianne Jean-Baptiste,mike-leigh-and-marianne-jean-baptistes-criterion,hunger,Hunger,2008,15
Mike Leigh and Marianne Jean-Baptiste,mike-leigh-and-marianne-jean-baptistes-criterion,the-life-of-oharu,The Life of Oharu,1952,16
Mike Leigh and Marianne Jean-Baptiste,mike-leigh-and-marianne-jean-baptistes-criterion,sanshiro-sugata,Sanshiro Sugata,1943,17
Mike Leigh and Marianne Jean-Baptiste,mike-leigh-and-marianne-jean-baptistes-criterion,the-most-beautiful,The Most Beautiful,1944,18
Mike Leigh and Marianne Jean-Baptiste,mike-leigh-and-marianne-jean-baptistes-criterion,sanshiro-sugata-part-two,"Sanshiro Sugata, Part Two",1945,19
Mike Leigh and Marianne Jean-Baptiste,mike-leigh-and-marianne-jean-baptistes-criterion,the-men-who-tread-on-the-tigers-tail,The Men Who Tread on the Tiger's Tail,1945,20
Mike Leigh and Marianne Jean-Baptiste,mike-leigh-and-marianne-jean-baptistes-criterion,ashes-and-diamonds,Ashes and Diamonds,1958,21
Mike Leigh and Marianne Jean-Baptiste,mike-leigh-and-marianne-jean-baptistes-criterion,eo,EO,2022,22
Mike Leigh and Marianne Jean-Baptiste,mike-leigh-and-marianne-jean-baptistes-criterion,claudine,Claudine,1974,23
Mike Leigh and Marianne Jean-Baptiste,mike-leigh-and-marianne-jean-baptistes-criterion,the-tall-t,The Tall T,1957,24
Mike Leigh and Marianne Jean-Baptiste,mike-leigh-and-marianne-jean-baptistes-criterion,decision-at-sundown,Decision at Sundown,1957,25
Mike Leigh and Marianne Jean-Baptiste,mike-leigh-and-marianne-jean-baptistes-criterion,buchanan-rides-alone,Buchanan Rides Alone,1958,26
Mike Leigh and Marianne Jean-Baptiste,mike-leigh-and-marianne-jean-baptistes-criterion,ride-lonesome,Ride Lonesome,1959,27
Mike Leigh and Marianne Jean-Baptiste,mike-leigh-and-marianne-jean-baptistes-criterion,comanche-station,Comanche Station,1960,28
Chris Wilcha,chris-wilchas-criterion-closet-picks,ratcatcher,Ratcatcher,1999,1
Chris Wilcha,chris-wilchas-criterion-closet-picks,always-for-pleasure,Always for Pleasure,1978,2
Chris Wilcha,chris-wilchas-criterion-closet-picks,symbiopsychotaxiplasm-take-one,Symbiopsychotaxiplasm: Take One,1968,3
Chris Wilcha,chris-wilchas-criterion-closet-picks,symbiopsychotaxiplasm-take-2,Symbiopsychotaxiplasm: Take 2½,2005,4
Julia Garner,julia-garners-criterion-closet-picks,all-about-eve,All About Eve,1950,1
Julia Garner,julia-garners-criterion-closet-picks,shampoo,Shampoo,1975,2
Julia Garner,julia-garners-criterion-closet-picks,do-the-right-thing,Do the Right Thing,1989,3
Julia Garner,julia-garners-criterion-closet-picks,parasite-2019,Parasite,2019,4
Julia Garner,julia-garners-criterion-closet-picks,the-element-of-crime,The Element of Crime,1984,5
Julia Garner,julia-garners-criterion-closet-picks,epidemic,Epidemic,1987,6
Julia Garner,julia-garners-criterion-closet-picks,europa,Europa,1991,7
Julia Garner,julia-garners-criterion-closet-picks,shadows-1958,Shadows,1958,8
Julia Garner,julia-garners-criterion-closet-picks,faces-1968,Faces,1968,9
Julia Garner,julia-garners-criterion-closet-picks,a-woman-under-the-influence,A Woman Under the Influence,1974,10
Julia Garner,julia-garners-criterion-closet-picks,the-killing-of-a-chinese-bookie,The Killing of a Chinese Bookie,1976,11
Julia Garner,julia-garners-criterion-closet-picks,opening-night,Opening Night,1977,12
Julia Garner,julia-garners-criterion-closet-picks,a-constant-forge,A Constant Forge,2000,13
Julia Garner,julia-garners-criterion-closet-picks,the-princess-bride,The Princess Bride,1987,14
Julia Garner,julia-garners-criterion-closet-picks,wanda,Wanda,1970,15
Brit Marling and Zal Batmanglij,brit-marling-and-zal-batmanglijs-criterion,a-murder-at-the-end-of-the-world,A Murder at the End of the World,2023,1
Brit Marling and Zal Batmanglij,brit-marling-and-zal-batmanglijs-criterion,the-double-life-of-veronique,The Double Life of Véronique,1991,2
Brit Marling and Zal Batmanglij,brit-marling-and-zal-batmanglijs-criterion,after-life,After Life,1998,3
Brit Marling and Zal Batmanglij,brit-marling-and-zal-batmanglijs-criterion,drive-my-car,Drive My Car,2021,4
Brit Marling and Zal Batmanglij,brit-marling-and-zal-batmanglijs-criterion,klute,Klute,1971,5
Brit Marling and Zal Batmanglij,brit-marling-and-zal-batmanglijs-criterion,time-bandits,Time Bandits,1981,6
Brit Marling and Zal Batmanglij,brit-marling-and-zal-batmanglijs-criterion,blood-simple,Blood Simple,1984,7
Brit Marling and Zal Batmanglij,brit-marling-and-zal-batmanglijs-criterion,persona,Persona,1966,8
Brit Marling and Zal Batmanglij,brit-marling-and-zal-batmanglijs-criterion,yi-yi,Yi Yi,2000,9
Charlie Day,charlie-days-criterion-closet-picks,fools-paradise-2023,Fool's Paradise,2023,1
Charlie Day,charlie-days-criterion-closet-picks,being-there,Being There,1979,2
Charlie Day,charlie-days-criterion-closet-picks,do-the-right-thing,Do the Right Thing,1989,3
Charlie Day,charlie-days-criterion-closet-picks,the-400-blows,The 400 Blows,1959,4
Charlie Day,charlie-days-criterion-closet-picks,the-player,The Player,1992,5
Charlie Day,charlie-days-criterion-closet-picks,punch-drunk-love,Punch-Drunk Love,2002,6
Charlie Day,charlie-days-criterion-closet-picks,barry-lyndon,Barry Lyndon,1975,7
Charlie Day,charlie-days-criterion-closet-picks,shadows-1958,Shadows,1958,8
Charlie Day,charlie-days-criterion-closet-picks,faces-1968,Faces,1968,9
Charlie Day,charlie-days-criterion-closet-picks,a-woman-under-the-influence,A Woman Under the Influence,1974,10
Charlie Day,charlie-days-criterion-closet-picks,the-killing-of-a-chinese-bookie,The Killing of a Chinese Bookie,1976,11
Charlie Day,charlie-days-criterion-closet-picks,opening-night,Opening Night,1977,12
Charlie Day,charlie-days-criterion-closet-picks,a-constant-forge,A Constant Forge,2000,13
Charlie Day,charlie-days-criterion-closet-picks,varda-by-agnes,Varda by Agnès,2019,14
Charlie Day,charlie-days-criterion-closet-picks,les-3-boutons,Les 3 Boutons,2015,15
Charlie Day,charlie-days-criterion-closet-picks,la-pointe-courte,La Pointe Courte,1955,16
Charlie Day,charlie-days-criterion-closet-picks,o-seasons-o-castles,"O Seasons, O Castles",1958,17
Charlie Day,charlie-days-criterion-closet-picks,along-the-coast,Along the Coast,1958,18
Charlie Day,charlie-days-criterion-closet-picks,cleo-from-5-to-7,Cléo from 5 to 7,1962,19
Charlie Day,charlie-days-criterion-closet-picks,fiances-on-the-bridge,Fiancés on the Bridge,1962,20
Charlie Day,charlie-days-criterion-closet-picks,diary-of-a-pregnant-woman,Diary of a Pregnant Woman,1958,21
Charlie Day,charlie-days-criterion-closet-picks,the-so-called-caryatids,The So-Called Caryatids,1984,22
Charlie Day,charlie-days-criterion-closet-picks,youve-got-beautiful-stairs-you-know,"You've Got Beautiful Stairs, You Know...",1986,23
Charlie Day,charlie-days-criterion-closet-picks,daguerreotypes,Daguerréotypes,1975,24
Charlie Day,charlie-days-criterion-closet-picks,the-vanishing-lion,The Vanishing Lion,2003,25
Charlie Day,charlie-days-criterion-closet-picks,happiness-1965,Le Bonheur,1965,26
Charlie Day,charlie-days-criterion-closet-picks,the-creatures,The Creatures,1966,27
Charlie Day,charlie-days-criterion-closet-picks,elsa-the-rose,Elsa the Rose,1966,28
Charlie Day,charlie-days-criterion-closet-picks,uncle-yanco,Uncle Yanco,1967,29
Charlie Day,charlie-days-criterion-closet-picks,black-panthers,Black Panthers,1968,30
Charlie Day,charlie-days-criterion-closet-picks,lions-love,Lions Love,1969,31
Charlie Day,charlie-days-criterion-closet-picks,mur-murs,Mur Murs,1981,32
Charlie Day,charlie-days-criterion-closet-picks,documenteur,Documenteur,1981,33
Charlie Day,charlie-days-criterion-closet-picks,one-sings-the-other-doesnt,"One Sings, the Other Doesn't",1977,34
Charlie Day,charlie-days-criterion-closet-picks,women-reply,Women Reply,1975,35
Charlie Day,charlie-days-criterion-closet-picks,the-pleasure-of-love-in-iran,The Pleasure of Love in Iran,1976,36
Charlie Day,charlie-days-criterion-closet-picks,vagabond,Vagabond,1985,37
Charlie Day,charlie-days-criterion-closet-picks,seven-rooms-kitchen-bathroom-for-sale,"Seven Rooms, Kitchen, Bathroom, for Sale",1984,38
Charlie Day,charlie-days-criterion-closet-picks,jane-b-by-agnes-v,Jane B. by Agnès V.,1988,39
Charlie Day,charlie-days-criterion-closet-picks,kung-fu-master,Kung-Fu Master!,1988,40
Charlie Day,charlie-days-criterion-closet-picks,jacquot-de-nantes,Jacquot de Nantes,1991,41
Charlie Day,charlie-days-criterion-closet-picks,the-young-girls-turn-25,The Young Girls Turn 25,1993,42
Charlie Day,charlie-days-criterion-closet-picks,the-world-of-jacques-demy,The World of Jacques Demy,1995,43
Charlie Day,charlie-days-criterion-closet-picks,one-hundred-and-one-nights,One Hundred and One Nights,1995,44
Charlie Day,charlie-days-criterion-closet-picks,the-gleaners-and-i,The Gleaners and I,2000,45
Charlie Day,charlie-days-criterion-closet-picks,the-gleaners-and-i-two-years-later,The Gleaners and I: Two Years Later,2002,46
Charlie Day,charlie-days-criterion-closet-picks,faces-places,Faces Places,2017,47
Charlie Day,charlie-days-criterion-closet-picks,hello-cubans,Hello Cubans,1963,48
Charlie Day,charlie-days-criterion-closet-picks,ulysse,Ulysse,1983,49
Charlie Day,charlie-days-criterion-closet-picks,ydessa-the-bears-and-etc,"Ydessa, the Bears and etc.",2004,50
Charlie Day,charlie-days-criterion-closet-picks,agnes-varda-from-here-to-there,Agnès Varda: From Here to There,2011,51
Charlie Day,charlie-days-criterion-closet-picks,the-beaches-of-agnes,The Beaches of Agnès,2008,52
Charlie Day,charlie-days-criterion-closet-picks,tokyo-story,Tokyo Story,1953,53
Derek Cianfrance,derek-cianfrances-criterion-closet-picks,short-cuts,Short Cuts,1993,1
Derek Cianfrance,derek-cianfrances-criterion-closet-picks,to-sleep-with-anger,To Sleep with Anger,1990,2
Derek Cianfrance,derek-cianfrances-criterion-closet-picks,freaks,Freaks,1932,3
Derek Cianfrance,derek-cianfrances-criterion-closet-picks,the-unknown,The Unknown,1927,4
Derek Cianfrance,derek-cianfrances-criterion-closet-picks,the-mystic,The Mystic,1925,5
Derek Cianfrance,derek-cianfrances-criterion-closet-picks,accattone,Accattone,1961,6
Derek Cianfrance,derek-cianfrances-criterion-closet-picks,mamma-roma,Mamma Roma,1962,7
Derek Cianfrance,derek-cianfrances-criterion-closet-picks,love-meetings,Love Meetings,1964,8
Derek Cianfrance,derek-cianfrances-criterion-closet-picks,the-gospel-according-to-st-matthew,The Gospel According to St. Matthew,1964,9
Derek Cianfrance,derek-cianfrances-criterion-closet-picks,the-hawks-and-the-sparrows,The Hawks and the Sparrows,1966,10
Derek Cianfrance,derek-cianfrances-criterion-closet-picks,oedipus-rex,Oedipus Rex,1967,11
Derek Cianfrance,derek-cianfrances-criterion-closet-picks,theorem,Theorem,1968,12
Derek Cianfrance,derek-cianfrances-criterion-closet-picks,pigsty,Pigsty,1969,13
Derek Cianfrance,derek-cianfrances-criterion-closet-picks,medea,Medea,1969,14
Derek Cianfrance,derek-cianfrances-criterion-closet-picks,desistfilm,Desistfilm,1954,15
Derek Cianfrance,derek-cianfrances-criterion-closet-picks,wedlock-house-an-intercourse,Wedlock House: An Intercourse,1959,16
Derek Cianfrance,derek-cianfrances-criterion-closet-picks,dog-star-man,Dog Star Man,1965,17
Derek Cianfrance,derek-cianfrances-criterion-closet-picks,the-act-of-seeing-with-ones-own-eyes,The Act of Seeing with One's Own Eyes,1972,18
Derek Cianfrance,derek-cianfrances-criterion-closet-picks,cats-cradle-1959,Cat's Cradle,1959,19
Derek Cianfrance,derek-cianfrances-criterion-closet-picks,window-water-baby-moving,Window Water Baby Moving,1959,20
Derek Cianfrance,derek-cianfrances-criterion-closet-picks,mothlight,Mothlight,1963,21
Derek Cianfrance,derek-cianfrances-criterion-closet-picks,eye-myth,Eye Myth,1967,22
Derek Cianfrance,derek-cianfrances-criterion-closet-picks,the-wold-shadow,The Wold-Shadow,1972,23
Derek Cianfrance,derek-cianfrances-criterion-closet-picks,the-garden-of-earthly-delights-1981,The Garden of Earthly Delights,1981,24
Derek Cianfrance,derek-cianfrances-criterion-closet-picks,the-stars-are-beautiful,The Stars Are Beautiful,1974,25
Derek Cianfrance,derek-cianfrances-criterion-closet-picks,kindering,Kindering,1987,26
Derek Cianfrance,derek-cianfrances-criterion-closet-picks,i-dreaming,I... Dreaming,1988,27
Derek Cianfrance,derek-cianfrances-criterion-closet-picks,the-dante-quartet,The Dante Quartet,1987,28
Derek Cianfrance,derek-cianfrances-criterion-closet-picks,night-music,Night Music,1986,29
Derek Cianfrance,derek-cianfrances-criterion-closet-picks,rage-net,Rage Net,1988,30
Derek Cianfrance,derek-cianfrances-criterion-closet-picks,glaze-of-cathexis,Glaze of Cathexis,1990,31
Derek Cianfrance,derek-cianfrances-criterion-closet-picks,delicacies-of-molten-horror-synapse,Delicacies of Molten Horror Synapse,1991,32
Derek Cianfrance,derek-cianfrances-criterion-closet-picks,untitled-for-marilyn,Untitled (For Marilyn),1992,33
Derek Cianfrance,derek-cianfrances-criterion-closet-picks,black-ice-1994,Black Ice,1994,34
Derek Cianfrance,derek-cianfrances-criterion-closet-picks,study-in-color-and-black-and-white,Study in Color and Black and White,1993,35
Derek Cianfrance,derek-cianfrances-criterion-closet-picks,stellar,Stellar,1993,36
Derek Cianfrance,derek-cianfrances-criterion-closet-picks,crack-glass-eulogy,Crack Glass Eulogy,1991,37
Derek Cianfrance,derek-cianfrances-criterion-closet-picks,the-dark-tower-1999,The Dark Tower,1999,38
Derek Cianfrance,derek-cianfrances-criterion-closet-picks,comingled-containers,Comingled Containers,1996,39
Derek Cianfrance,derek-cianfrances-criterion-closet-picks,lovesong,Lovesong,2001,40
Derek Cianfrance,derek-cianfrances-criterion-closet-picks,the-wonder-ring,The Wonder Ring,1955,41
Derek Cianfrance,derek-cianfrances-criterion-closet-picks,the-dead-1960,The Dead,1960,42
Derek Cianfrance,derek-cianfrances-criterion-closet-picks,two-creeley-mcclure,Two: Creeley/McClure,1965,43
Derek Cianfrance,derek-cianfrances-criterion-closet-picks,23rd-psalm-branch,23rd Psalm Branch,1967,44
Derek Cianfrance,derek-cianfrances-criterion-closet-picks,scenes-from-under-childhood-section-one,"Scenes from Under Childhood, Section One",1968,45
Derek Cianfrance,derek-cianfrances-criterion-closet-picks,the-machine-of-eden,The Machine of Eden,1970,46
Derek Cianfrance,derek-cianfrances-criterion-closet-picks,star-garden,Star Garden,1974,47
Derek Cianfrance,derek-cianfrances-criterion-closet-picks,desert,Desert,1976,48
Derek Cianfrance,derek-cianfrances-criterion-closet-picks,the-process,The Process,1972,49
Derek Cianfrance,derek-cianfrances-criterion-closet-picks,burial-path,Burial Path,1978,50
Derek Cianfrance,derek-cianfrances-criterion-closet-picks,duplicity-iii,Duplicity III,1980,51
Derek Cianfrance,derek-cianfrances-criterion-closet-picks,the-domain-of-the-moment,The Domain of the Moment,1977,52
Derek Cianfrance,derek-cianfrances-criterion-closet-picks,murder-psalm,Murder Psalm,1980,53
Derek Cianfrance,derek-cianfrances-criterion-closet-picks,arabic-numeral-series-12,Arabic Numeral Series 12,1981,54
Derek Cianfrance,derek-cianfrances-criterion-closet-picks,visions-in-meditation-1,Visions in Meditation #1,1989,55
Derek Cianfrance,derek-cianfrances-criterion-closet-picks,visions-in-meditation-2-mesa-verde,Visions in Meditation #2: Mesa Verde,1989,56
Derek Cianfrance,derek-cianfrances-criterion-closet-picks,visions-in-meditation-3-platos-cave,Visions in Meditation #3: Plato's Cave,1990,57
Derek Cianfrance,derek-cianfrances-criterion-closet-picks,visions-in-meditation-4-dh-lawrence,Visions in Meditation #4: D.H. Lawrence,1990,58
Derek Cianfrance,derek-cianfrances-criterion-closet-picks,unconscious-london-strata,Unconscious London Strata,1981,59
Derek Cianfrance,derek-cianfrances-criterion-closet-picks,boulder-blues-and-pearls-and,Boulder Blues and Pearls and...,1993,60
Derek Cianfrance,derek-cianfrances-criterion-closet-picks,the-mammals-of-victoria,The Mammals of Victoria,1994,61
Derek Cianfrance,derek-cianfrances-criterion-closet-picks,from-first-hymn-to-the-night-novalis,From: First Hymn to the Night – Novalis,1994,62
Derek Cianfrance,derek-cianfrances-criterion-closet-picks,i-take-these-truths,I Take These Truths,1995,63
Derek Cianfrance,derek-cianfrances-criterion-closet-picks,the-cat-of-the-worms-green-realm,The Cat of the Worm's Green Realm,1997,64
Derek Cianfrance,derek-cianfrances-criterion-closet-picks,yggdrasill-whose-roots-are-stars-in-the-human-mind,Yggdrasill: Whose Roots Are Stars in the Human Mind,1997,65
Derek Cianfrance,derek-cianfrances-criterion-closet-picks,reel-5,&quot;...&quot; Reel 5,1998,66
Derek Cianfrance,derek-cianfrances-criterion-closet-picks,persian-series-1,Persian Series #1,1999,67
Derek Cianfrance,derek-cianfrances-criterion-closet-picks,persian-series-2,Persian Series #2,1999,68
Derek Cianfrance,derek-cianfrances-criterion-closet-picks,persian-series-3,Persian Series #3,1999,69
Derek Cianfrance,derek-cianfrances-criterion-closet-picks,chinese-series,Chinese Series,2003,70
Derek Cianfrance,derek-cianfrances-criterion-closet-picks,prelude-dog-star-man,Prelude: Dog Star Man,1962,71
Derek Cianfrance,derek-cianfrances-criterion-closet-picks,dog-star-man-part-i,Dog Star Man: Part I,1963,72
Derek Cianfrance,derek-cianfrances-criterion-closet-picks,dog-star-man-part-ii,Dog Star Man: Part II,1964,73
Derek Cianfrance,derek-cianfrances-criterion-closet-picks,dog-star-man-part-iii,Dog Star Man: Part III,1964,74
Derek Cianfrance,derek-cianfrances-criterion-closet-picks,dog-star-man-part-iv,Dog Star Man: Part IV,1964,75
Derek Cianfrance,derek-cianfrances-criterion-closet-picks,certified-copy,Certified Copy,2010,76
Derek Cianfrance,derek-cianfrances-criterion-closet-picks,where-is-the-friends-house,Where Is the Friend's House?,1987,77
Jay Duplass,jay-duplass-criterion-closet-picks,slacker,Slacker,1990,1
Jay Duplass,jay-duplass-criterion-closet-picks,no-country-for-old-men,No Country for Old Men,2007,2
Jay Duplass,jay-duplass-criterion-closet-picks,husbands,Husbands,1970,3
Jay Duplass,jay-duplass-criterion-closet-picks,secrets-lies,Secrets & Lies,1996,4
Jay Duplass,jay-duplass-criterion-closet-picks,close-up,Close-Up,1990,5
Stellan Skarsgård,stellan-skarsgards-criterion-closet-picks,seven-samurai,Seven Samurai,1954,1
Stellan Skarsgård,stellan-skarsgards-criterion-closet-picks,shadows-1958,Shadows,1958,2
Stellan Skarsgård,stellan-skarsgards-criterion-closet-picks,faces-1968,Faces,1968,3
Stellan Skarsgård,stellan-skarsgards-criterion-closet-picks,a-woman-under-the-influence,A Woman Under the Influence,1974,4
Stellan Skarsgård,stellan-skarsgards-criterion-closet-picks,the-killing-of-a-chinese-bookie,The Killing of a Chinese Bookie,1976,5
Stellan Skarsgård,stellan-skarsgards-criterion-closet-picks,opening-night,Opening Night,1977,6
Stellan Skarsgård,stellan-skarsgards-criterion-closet-picks,a-constant-forge,A Constant Forge,2000,7
Stellan Skarsgård,stellan-skarsgards-criterion-closet-picks,la-strada,La Strada,1954,8
Stellan Skarsgård,stellan-skarsgards-criterion-closet-picks,naked,Naked,1993,9
Stellan Skarsgård,stellan-skarsgards-criterion-closet-picks,city-lights,City Lights,1931,10
Stellan Skarsgård,stellan-skarsgards-criterion-closet-picks,children-of-paradise,Children of Paradise,1945,11
Charlotte Wells,charlotte-wells-criterion-closet-picks,aftersun,Aftersun,2022,1
Charlotte Wells,charlotte-wells-criterion-closet-picks,news-from-home,News from Home,1976,2
Charlotte Wells,charlotte-wells-criterion-closet-picks,minding-the-gap,Minding the Gap,2018,3
Charlotte Wells,charlotte-wells-criterion-closet-picks,brief-encounter,Brief Encounter,1945,4
Charlotte Wells,charlotte-wells-criterion-closet-picks,in-which-we-serve,In Which We Serve,1942,5
Charlotte Wells,charlotte-wells-criterion-closet-picks,this-happy-breed,This Happy Breed,1944,6
Charlotte Wells,charlotte-wells-criterion-closet-picks,blithe-spirit,Blithe Spirit,1945,7
Charlotte Wells,charlotte-wells-criterion-closet-picks,a-woman-under-the-influence,A Woman Under the Influence,1974,8
Charlotte Wells,charlotte-wells-criterion-closet-picks,la-chambre-1972,La chambre,1972,9
Charlotte Wells,charlotte-wells-criterion-closet-picks,hotel-monterey,Hotel Monterey,1973,10
Charlotte Wells,charlotte-wells-criterion-closet-picks,je-tu-il-elle,Je Tu Il Elle,1974,11
Charlotte Wells,charlotte-wells-criterion-closet-picks,the-meetings-of-anna,The Meetings of Anna,1978,12
Rickie Lee Jones,rickie-lee-jones-criterion-closet-picks,hedwig-and-the-angry-inch,Hedwig and the Angry Inch,2001,1
Rickie Lee Jones,rickie-lee-jones-criterion-closet-picks,a-taste-of-honey,A Taste of Honey,1961,2
Rickie Lee Jones,rickie-lee-jones-criterion-closet-picks,my-man-godfrey,My Man Godfrey,1936,3
Rickie Lee Jones,rickie-lee-jones-criterion-closet-picks,monterey-pop,Monterey Pop,1968,4
Rickie Lee Jones,rickie-lee-jones-criterion-closet-picks,jimi-plays-monterey,Jimi Plays Monterey,1986,5
Rickie Lee Jones,rickie-lee-jones-criterion-closet-picks,the-blob,The Blob,1958,6
Rickie Lee Jones,rickie-lee-jones-criterion-closet-picks,variety-lights,Variety Lights,1950,7
Rickie Lee Jones,rickie-lee-jones-criterion-closet-picks,the-white-sheik,The White Sheik,1952,8
Rickie Lee Jones,rickie-lee-jones-criterion-closet-picks,i-vitelloni,I Vitelloni,1953,9
Rickie Lee Jones,rickie-lee-jones-criterion-closet-picks,la-strada,La Strada,1954,10
Rickie Lee Jones,rickie-lee-jones-criterion-closet-picks,the-swindle-1955,The Swindle,1955,11
Rickie Lee Jones,rickie-lee-jones-criterion-closet-picks,nights-of-cabiria,Nights of Cabiria,1957,12
Rickie Lee Jones,rickie-lee-jones-criterion-closet-picks,la-dolce-vita,La Dolce Vita,1960,13
Rickie Lee Jones,rickie-lee-jones-criterion-closet-picks,8-half,8½,1963,14
Rickie Lee Jones,rickie-lee-jones-criterion-closet-picks,juliet-of-the-spirits,Juliet of the Spirits,1965,15
Rickie Lee Jones,rickie-lee-jones-criterion-closet-picks,satyricon-1969,Satyricon,1969,16
Rickie Lee Jones,rickie-lee-jones-criterion-closet-picks,roma,Roma,1972,17
Rickie Lee Jones,rickie-lee-jones-criterion-closet-picks,amarcord,Amarcord,1973,18
Rickie Lee Jones,rickie-lee-jones-criterion-closet-picks,and-the-ship-sails-on,And the Ship Sails On,1983,19
Rickie Lee Jones,rickie-lee-jones-criterion-closet-picks,intervista,Intervista,1987,20
Rickie Lee Jones,rickie-lee-jones-criterion-closet-picks,devil-in-a-blue-dress,Devil in a Blue Dress,1995,21
Guy Maddin,guy-maddins-criterion-closet-picks,lavventura,L'Avventura,1960,1
Guy Maddin,guy-maddins-criterion-closet-picks,the-night-porter,The Night Porter,1974,2
Guy Maddin,guy-maddins-criterion-closet-picks,symbiopsychotaxiplasm-take-one,Symbiopsychotaxiplasm: Take One,1968,3
Guy Maddin,guy-maddins-criterion-closet-picks,mouchette,Mouchette,1967,4
Guy Maddin,guy-maddins-criterion-closet-picks,when-a-woman-ascends-the-stairs,When a Woman Ascends the Stairs,1960,5
Guy Maddin,guy-maddins-criterion-closet-picks,wr-mysteries-of-the-organism,WR: Mysteries of the Organism,1971,6
Guy Maddin,guy-maddins-criterion-closet-picks,robinson-crusoe-on-mars,Robinson Crusoe on Mars,1964,7
Guy Maddin,guy-maddins-criterion-closet-picks,mala-noche,Mala Noche,1986,8
Guy Maddin,guy-maddins-criterion-closet-picks,house,House,1977,9
Guy Maddin,guy-maddins-criterion-closet-picks,black-narcissus,Black Narcissus,1947,10
Guy Maddin,guy-maddins-criterion-closet-picks,days-of-heaven,Days of Heaven,1978,11
Guy Maddin,guy-maddins-criterion-closet-picks,the-thin-red-line,The Thin Red Line,1998,12
Guy Maddin,guy-maddins-criterion-closet-picks,brand-upon-the-brain,Brand Upon the Brain!,2006,13
Paula Beer,paula-beers-criterion-closet-picks,afire,Afire,2023,1
Paula Beer,paula-beers-criterion-closet-picks,frances-ha,Frances Ha,2012,2
Paula Beer,paula-beers-criterion-closet-picks,la-strada,La Strada,1954,3
Steven Knight,steven-knights-criterion-closet-picks,brief-encounter,Brief Encounter,1945,1
Steven Knight,steven-knights-criterion-closet-picks,le-cercle-rouge,Le Cercle Rouge,1970,2
Steven Knight,steven-knights-criterion-closet-picks,the-spy-who-came-in-from-the-cold,The Spy Who Came In from the Cold,1965,3
Steven Knight,steven-knights-criterion-closet-picks,paris-texas,"Paris, Texas",1984,4
Steven Knight,steven-knights-criterion-closet-picks,310-to-yuma,3:10 to Yuma,1957,5
Steven Knight,steven-knights-criterion-closet-picks,one-eyed-jacks,One-Eyed Jacks,1961,6
Steven Knight,steven-knights-criterion-closet-picks,betty-blue,Betty Blue,1986,7
Steven Knight,steven-knights-criterion-closet-picks,dont-look-back-1967,Dont Look Back,1967,8
Steven Knight,steven-knights-criterion-closet-picks,citizen-kane,Citizen Kane,1941,9
Denis Villeneuve,denis-villeneuves-criterion-closet-picks,three-colours-blue,Three Colours: Blue,1993,1
Denis Villeneuve,denis-villeneuves-criterion-closet-picks,three-colours-red,Three Colours: Red,1994,2
Denis Villeneuve,denis-villeneuves-criterion-closet-picks,three-colours-white,Three Colours: White,1994,3
Denis Villeneuve,denis-villeneuves-criterion-closet-picks,through-a-glass-darkly,Through a Glass Darkly,1961,4
Denis Villeneuve,denis-villeneuves-criterion-closet-picks,winter-light,Winter Light,1963,5
Denis Villeneuve,denis-villeneuves-criterion-closet-picks,the-silence,The Silence,1963,6
Denis Villeneuve,denis-villeneuves-criterion-closet-picks,che-part-one,Che: Part One,2008,7
Denis Villeneuve,denis-villeneuves-criterion-closet-picks,che-part-two,Che: Part Two,2008,8
Denis Villeneuve,denis-villeneuves-criterion-closet-picks,the-wages-of-fear,The Wages of Fear,1953,9
Denis Villeneuve,denis-villeneuves-criterion-closet-picks,europa,Europa,1991,10
Denis Villeneuve,denis-villeneuves-criterion-closet-picks,the-element-of-crime,The Element of Crime,1984,11
Denis Villeneuve,denis-villeneuves-criterion-closet-picks,epidemic,Epidemic,1987,12
Denis Villeneuve,denis-villeneuves-criterion-closet-picks,satyricon-1969,Satyricon,1969,13
Denis Villeneuve,denis-villeneuves-criterion-closet-picks,seven-samurai,Seven Samurai,1954,14
Daniel Roher,daniel-rohers-criterion-closet-picks,navalny,Navalny,2022,1
Daniel Roher,daniel-rohers-criterion-closet-picks,orpheus,Orpheus,1950,2
Daniel Roher,daniel-rohers-criterion-closet-picks,godzilla,Godzilla,1954,3
Daniel Roher,daniel-rohers-criterion-closet-picks,before-sunrise,Before Sunrise,1995,4
Daniel Roher,daniel-rohers-criterion-closet-picks,before-sunset,Before Sunset,2004,5
Daniel Roher,daniel-rohers-criterion-closet-picks,before-midnight,Before Midnight,2013,6
Isabel Sandoval,isabel-sandovals-criterion-closet-picks,the-age-of-innocence,The Age of Innocence,1993,1
Isabel Sandoval,isabel-sandovals-criterion-closet-picks,women-in-love,Women in Love,1969,2
Isabel Sandoval,isabel-sandovals-criterion-closet-picks,the-cranes-are-flying,The Cranes Are Flying,1957,3
Isabel Sandoval,isabel-sandovals-criterion-closet-picks,shadows-1958,Shadows,1958,4
Isabel Sandoval,isabel-sandovals-criterion-closet-picks,faces-1968,Faces,1968,5
Isabel Sandoval,isabel-sandovals-criterion-closet-picks,a-woman-under-the-influence,A Woman Under the Influence,1974,6
Isabel Sandoval,isabel-sandovals-criterion-closet-picks,the-killing-of-a-chinese-bookie,The Killing of a Chinese Bookie,1976,7
Isabel Sandoval,isabel-sandovals-criterion-closet-picks,opening-night,Opening Night,1977,8
Isabel Sandoval,isabel-sandovals-criterion-closet-picks,a-constant-forge,A Constant Forge,2000,9
Isabel Sandoval,isabel-sandovals-criterion-closet-picks,black-narcissus,Black Narcissus,1947,10
Isabel Sandoval,isabel-sandovals-criterion-closet-picks,varda-by-agnes,Varda by Agnès,2019,11
Isabel Sandoval,isabel-sandovals-criterion-closet-picks,les-3-boutons,Les 3 Boutons,2015,12
Isabel Sandoval,isabel-sandovals-criterion-closet-picks,la-pointe-courte,La Pointe Courte,1955,13
Isabel Sandoval,isabel-sandovals-criterion-closet-picks,o-seasons-o-castles,"O Seasons, O Castles",1958,14
Isabel Sandoval,isabel-sandovals-criterion-closet-picks,along-the-coast,Along the Coast,1958,15
Isabel Sandoval,isabel-sandovals-criterion-closet-picks,cleo-from-5-to-7,Cléo from 5 to 7,1962,16
Isabel Sandoval,isabel-sandovals-criterion-closet-picks,fiances-on-the-bridge,Fiancés on the Bridge,1962,17
Isabel Sandoval,isabel-sandovals-criterion-closet-picks,diary-of-a-pregnant-woman,Diary of a Pregnant Woman,1958,18
Isabel Sandoval,isabel-sandovals-criterion-closet-picks,the-so-called-caryatids,The So-Called Caryatids,1984,19
Isabel Sandoval,isabel-sandovals-criterion-closet-picks,youve-got-beautiful-stairs-you-know,"You've Got Beautiful Stairs, You Know...",1986,20
Isabel Sandoval,isabel-sandovals-criterion-closet-picks,daguerreotypes,Daguerréotypes,1975,21
Isabel Sandoval,isabel-sandovals-criterion-closet-picks,the-vanishing-lion,The Vanishing Lion,2003,22
Isabel Sandoval,isabel-sandovals-criterion-closet-picks,happiness-1965,Le Bonheur,1965,23
Isabel Sandoval,isabel-sandovals-criterion-closet-picks,the-creatures,The Creatures,1966,24
Isabel Sandoval,isabel-sandovals-criterion-closet-picks,elsa-the-rose,Elsa the Rose,1966,25
Isabel Sandoval,isabel-sandovals-criterion-closet-picks,uncle-yanco,Uncle Yanco,1967,26
Isabel Sandoval,isabel-sandovals-criterion-closet-picks,black-panthers,Black Panthers,1968,27
Isabel Sandoval,isabel-sandovals-criterion-closet-picks,lions-love,Lions Love,1969,28
Isabel Sandoval,isabel-sandovals-criterion-closet-picks,mur-murs,Mur Murs,1981,29
Isabel Sandoval,isabel-sandovals-criterion-closet-picks,documenteur,Documenteur,1981,30
Isabel Sandoval,isabel-sandovals-criterion-closet-picks,one-sings-the-other-doesnt,"One Sings, the Other Doesn't",1977,31
Isabel Sandoval,isabel-sandovals-criterion-closet-picks,women-reply,Women Reply,1975,32
Isabel Sandoval,isabel-sandovals-criterion-closet-picks,the-pleasure-of-love-in-iran,The Pleasure of Love in Iran,1976,33
Isabel Sandoval,isabel-sandovals-criterion-closet-picks,vagabond,Vagabond,1985,34
Isabel Sandoval,isabel-sandovals-criterion-closet-picks,seven-rooms-kitchen-bathroom-for-sale,"Seven Rooms, Kitchen, Bathroom, for Sale",1984,35
Isabel Sandoval,isabel-sandovals-criterion-closet-picks,jane-b-by-agnes-v,Jane B. by Agnès V.,1988,36
Isabel Sandoval,isabel-sandovals-criterion-closet-picks,kung-fu-master,Kung-Fu Master!,1988,37
Isabel Sandoval,isabel-sandovals-criterion-closet-picks,jacquot-de-nantes,Jacquot de Nantes,1991,38
Isabel Sandoval,isabel-sandovals-criterion-closet-picks,the-young-girls-turn-25,The Young Girls Turn 25,1993,39
Isabel Sandoval,isabel-sandovals-criterion-closet-picks,the-world-of-jacques-demy,The World of Jacques Demy,1995,40
Isabel Sandoval,isabel-sandovals-criterion-closet-picks,one-hundred-and-one-nights,One Hundred and One Nights,1995,41
Isabel Sandoval,isabel-sandovals-criterion-closet-picks,the-gleaners-and-i,The Gleaners and I,2000,42
Isabel Sandoval,isabel-sandovals-criterion-closet-picks,the-gleaners-and-i-two-years-later,The Gleaners and I: Two Years Later,2002,43
Isabel Sandoval,isabel-sandovals-criterion-closet-picks,faces-places,Faces Places,2017,44
Isabel Sandoval,isabel-sandovals-criterion-closet-picks,hello-cubans,Hello Cubans,1963,45
Isabel Sandoval,isabel-sandovals-criterion-closet-picks,ulysse,Ulysse,1983,46
Isabel Sandoval,isabel-sandovals-criterion-closet-picks,ydessa-the-bears-and-etc,"Ydessa, the Bears and etc.",2004,47
Isabel Sandoval,isabel-sandovals-criterion-closet-picks,agnes-varda-from-here-to-there,Agnès Varda: From Here to There,2011,48
Isabel Sandoval,isabel-sandovals-criterion-closet-picks,the-beaches-of-agnes,The Beaches of Agnès,2008,49
Isabel Sandoval,isabel-sandovals-criterion-closet-picks,quadrophenia,Quadrophenia,1979,50
Isabel Sandoval,isabel-sandovals-criterion-closet-picks,dazed-and-confused,Dazed and Confused,1993,51
Isabel Sandoval,isabel-sandovals-criterion-closet-picks,mishima-a-life-in-four-chapters,Mishima: A Life in Four Chapters,1985,52
Bong Joon-ho,bong-joon-hos-criterion-closet-picks,snowpiercer,Snowpiercer,2013,1
Bong Joon-ho,bong-joon-hos-criterion-closet-picks,the-host,The Host,2006,2
Bong Joon-ho,bong-joon-hos-criterion-closet-picks,tess,Tess,1979,3
Bong Joon-ho,bong-joon-hos-criterion-closet-picks,tokyo-story,Tokyo Story,1953,4
Bong Joon-ho,bong-joon-hos-criterion-closet-picks,throne-of-blood,Throne of Blood,1957,5
Bong Joon-ho,bong-joon-hos-criterion-closet-picks,picnic-at-hanging-rock,Picnic at Hanging Rock,1975,6
Bong Joon-ho,bong-joon-hos-criterion-closet-picks,the-devils-backbone,The Devil's Backbone,2001,7
Bong Joon-ho,bong-joon-hos-criterion-closet-picks,medium-cool,Medium Cool,1969,8
Bong Joon-ho,bong-joon-hos-criterion-closet-picks,koyaanisqatsi,Koyaanisqatsi,1982,9
Bong Joon-ho,bong-joon-hos-criterion-closet-picks,powaqqatsi,Powaqqatsi,1988,10
Bong Joon-ho,bong-joon-hos-criterion-closet-picks,naqoyqatsi,Naqoyqatsi,2002,11
Bong Joon-ho,bong-joon-hos-criterion-closet-picks,the-wages-of-fear,The Wages of Fear,1953,12
Bong Joon-ho,bong-joon-hos-criterion-closet-picks,black-orpheus,Black Orpheus,1959,13
Bong Joon-ho,bong-joon-hos-criterion-closet-picks,repo-man,Repo Man,1984,14
Bong Joon-ho,bong-joon-hos-criterion-closet-picks,pleasures-of-the-flesh,Pleasures of the Flesh,1965,15
Bong Joon-ho,bong-joon-hos-criterion-closet-picks,violence-at-noon,Violence at Noon,1966,16
Bong Joon-ho,bong-joon-hos-criterion-closet-picks,sing-a-song-of-sex,Sing a Song of Sex,1967,17
Bong Joon-ho,bong-joon-hos-criterion-closet-picks,japanese-summer-double-suicide,Japanese Summer: Double Suicide,1967,18
Bong Joon-ho,bong-joon-hos-criterion-closet-picks,three-resurrected-drunkards,Three Resurrected Drunkards,1968,19
Patrick Brice,patrick-brices-criterion-closet-picks,creep-2014,Creep,2014,1
Patrick Brice,patrick-brices-criterion-closet-picks,the-overnight,The Overnight,2015,2
Patrick Brice,patrick-brices-criterion-closet-picks,mystery-train,Mystery Train,1989,3
Patrick Brice,patrick-brices-criterion-closet-picks,wings-of-desire,Wings of Desire,1987,4
Patrick Brice,patrick-brices-criterion-closet-picks,thief,Thief,1981,5
Patrick Brice,patrick-brices-criterion-closet-picks,paris-texas,"Paris, Texas",1984,6
Patrick Brice,patrick-brices-criterion-closet-picks,bottle-rocket-1996,Bottle Rocket,1996,7
Patrick Brice,patrick-brices-criterion-closet-picks,all-that-jazz,All That Jazz,1979,8
Patrick Brice,patrick-brices-criterion-closet-picks,y-tu-mama-tambien,Y Tu Mamá También,2001,9
M3gan,m3gans-criterion-closet-picks,mulholland-drive,Mulholland Drive,2001,1
M3gan,m3gans-criterion-closet-picks,brazil,Brazil,1985,2
M3gan,m3gans-criterion-closet-picks,the-others,The Others,2001,3
M3gan,m3gans-criterion-closet-picks,rosemarys-baby,Rosemary's Baby,1968,4
Aubrey Plaza and Jeff Baena,aubrey-plaza-and-jeff-baenas-criterion-closet,the-lady-eve,The Lady Eve,1941,1
Aubrey Plaza and Jeff Baena,aubrey-plaza-and-jeff-baenas-criterion-closet,safe,Safe,1995,2
Aubrey Plaza and Jeff Baena,aubrey-plaza-and-jeff-baenas-criterion-closet,for-all-mankind,For All Mankind,1989,3
Aubrey Plaza and Jeff Baena,aubrey-plaza-and-jeff-baenas-criterion-closet,harold-and-maude,Harold and Maude,1971,4
Aubrey Plaza and Jeff Baena,aubrey-plaza-and-jeff-baenas-criterion-closet,being-there,Being There,1979,5
Aubrey Plaza and Jeff Baena,aubrey-plaza-and-jeff-baenas-criterion-closet,under-the-volcano,Under the Volcano,1984,6
Aubrey Plaza and Jeff Baena,aubrey-plaza-and-jeff-baenas-criterion-closet,scenes-from-a-marriage-1973-1,Scenes from a Marriage,1973,7
Aubrey Plaza and Jeff Baena,aubrey-plaza-and-jeff-baenas-criterion-closet,the-squid-and-the-whale,The Squid and the Whale,2005,8
Aubrey Plaza and Jeff Baena,aubrey-plaza-and-jeff-baenas-criterion-closet,3-women,3 Women,1977,9
Aubrey Plaza and Jeff Baena,aubrey-plaza-and-jeff-baenas-criterion-closet,day-for-night,Day for Night,1973,10
Aubrey Plaza and Jeff Baena,aubrey-plaza-and-jeff-baenas-criterion-closet,city-lights,City Lights,1931,11
Aubrey Plaza and Jeff Baena,aubrey-plaza-and-jeff-baenas-criterion-closet,a-taste-of-honey,A Taste of Honey,1961,12
Aubrey Plaza and Jeff Baena,aubrey-plaza-and-jeff-baenas-criterion-closet,rosemarys-baby,Rosemary's Baby,1968,13
Aubrey Plaza and Jeff Baena,aubrey-plaza-and-jeff-baenas-criterion-closet,ghost-world,Ghost World,2001,14
Aubrey Plaza and Jeff Baena,aubrey-plaza-and-jeff-baenas-criterion-closet,the-big-chill,The Big Chill,1983,15
Aubrey Plaza and Jeff Baena,aubrey-plaza-and-jeff-baenas-criterion-closet,the-player,The Player,1992,16
Aubrey Plaza and Jeff Baena,aubrey-plaza-and-jeff-baenas-criterion-closet,i-married-a-witch,I Married a Witch,1942,17
Aubrey Plaza and Jeff Baena,aubrey-plaza-and-jeff-baenas-criterion-closet,five-easy-pieces,Five Easy Pieces,1970,18
Sean Durkin,sean-durkins-criterion-closet-picks,the-iron-claw-2023,The Iron Claw,2023,1
Sean Durkin,sean-durkins-criterion-closet-picks,dazed-and-confused,Dazed and Confused,1993,2
Sean Durkin,sean-durkins-criterion-closet-picks,raging-bull,Raging Bull,1980,3
Elisabeth Moss,elisabeth-moss-criterion-closet-picks,arsenic-and-old-lace,Arsenic and Old Lace,1944,1
Elisabeth Moss,elisabeth-moss-criterion-closet-picks,swing-time,Swing Time,1936,2
Elisabeth Moss,elisabeth-moss-criterion-closet-picks,the-cameraman,The Cameraman,1928,3
Elisabeth Moss,elisabeth-moss-criterion-closet-picks,holiday,Holiday,1938,4
Elisabeth Moss,elisabeth-moss-criterion-closet-picks,sweetie,Sweetie,1989,5
Elisabeth Moss,elisabeth-moss-criterion-closet-picks,all-about-eve,All About Eve,1950,6
Elisabeth Moss,elisabeth-moss-criterion-closet-picks,broadcast-news,Broadcast News,1987,7
Elisabeth Moss,elisabeth-moss-criterion-closet-picks,dont-look-now,Don't Look Now,1973,8
Steve Coogan,steve-coogans-criterion-closet-picks,the-lady-vanishes,The Lady Vanishes,1938,1
Steve Coogan,steve-coogans-criterion-closet-picks,12-angry-men,12 Angry Men,1957,2
Steve Coogan,steve-coogans-criterion-closet-picks,the-spy-who-came-in-from-the-cold,The Spy Who Came In from the Cold,1965,3
Steve Coogan,steve-coogans-criterion-closet-picks,a-matter-of-life-and-death,A Matter of Life and Death,1946,4
Steve Coogan,steve-coogans-criterion-closet-picks,the-servant,The Servant,1963,5
Steve Coogan,steve-coogans-criterion-closet-picks,klute,Klute,1971,6
Steve Coogan,steve-coogans-criterion-closet-picks,his-girl-friday,His Girl Friday,1940,7
Andre Gregory and Wallace Shawn,andre-gregory-and-wallace-shawns-criterion,a-master-builder,A Master Builder,2013,1
Andre Gregory and Wallace Shawn,andre-gregory-and-wallace-shawns-criterion,weekend-1967,Weekend,1967,2
Andre Gregory and Wallace Shawn,andre-gregory-and-wallace-shawns-criterion,leclisse,L'Eclisse,1962,3
Andre Gregory and Wallace Shawn,andre-gregory-and-wallace-shawns-criterion,red-desert,Red Desert,1964,4
Andre Gregory and Wallace Shawn,andre-gregory-and-wallace-shawns-criterion,eating-raoul,Eating Raoul,1982,5
Andre Gregory and Wallace Shawn,andre-gregory-and-wallace-shawns-criterion,my-dinner-with-andre,My Dinner with Andre,1981,6
Andre Gregory and Wallace Shawn,andre-gregory-and-wallace-shawns-criterion,the-life-and-death-of-colonel-blimp,The Life and Death of Colonel Blimp,1943,7
Andre Gregory and Wallace Shawn,andre-gregory-and-wallace-shawns-criterion,la-ceremonie,La Cérémonie,1995,8
Lee Daniels,lee-daniels-criterion-closet-picks,8-half,8½,1963,1
Lee Daniels,lee-daniels-criterion-closet-picks,variety-lights,Variety Lights,1950,2
Lee Daniels,lee-daniels-criterion-closet-picks,the-white-sheik,The White Sheik,1952,3
Lee Daniels,lee-daniels-criterion-closet-picks,i-vitelloni,I Vitelloni,1953,4
Lee Daniels,lee-daniels-criterion-closet-picks,la-strada,La Strada,1954,5
Lee Daniels,lee-daniels-criterion-closet-picks,the-swindle-1955,The Swindle,1955,6
Lee Daniels,lee-daniels-criterion-closet-picks,nights-of-cabiria,Nights of Cabiria,1957,7
Lee Daniels,lee-daniels-criterion-closet-picks,la-dolce-vita,La Dolce Vita,1960,8
Lee Daniels,lee-daniels-criterion-closet-picks,juliet-of-the-spirits,Juliet of the Spirits,1965,9
Lee Daniels,lee-daniels-criterion-closet-picks,satyricon-1969,Satyricon,1969,10
Lee Daniels,lee-daniels-criterion-closet-picks,roma,Roma,1972,11
Lee Daniels,lee-daniels-criterion-closet-picks,amarcord,Amarcord,1973,12
Lee Daniels,lee-daniels-criterion-closet-picks,and-the-ship-sails-on,And the Ship Sails On,1983,13
Lee Daniels,lee-daniels-criterion-closet-picks,intervista,Intervista,1987,14
Lee Daniels,lee-daniels-criterion-closet-picks,do-the-right-thing,Do the Right Thing,1989,15
Lee Daniels,lee-daniels-criterion-closet-picks,querelle,Querelle,1982,16
Lee Daniels,lee-daniels-criterion-closet-picks,female-trouble,Female Trouble,1974,17
Lee Daniels,lee-daniels-criterion-closet-picks,pickup-on-south-street,Pickup on South Street,1953,18
Lee Daniels,lee-daniels-criterion-closet-picks,the-piano,The Piano,1993,19
Lee Daniels,lee-daniels-criterion-closet-picks,claudine,Claudine,1974,20
Lee Daniels,lee-daniels-criterion-closet-picks,spartacus,Spartacus,1960,21
Alex Winter,alex-winters-criterion-closet-picks,where-is-the-friends-house,Where Is the Friend's House?,1987,1
Alex Winter,alex-winters-criterion-closet-picks,life-and-nothing-more,"Life, and Nothing More…",1992,2
Alex Winter,alex-winters-criterion-closet-picks,through-the-olive-trees,Through the Olive Trees,1994,3
Alex Winter,alex-winters-criterion-closet-picks,no-bears,No Bears,2022,4
Alex Winter,alex-winters-criterion-closet-picks,saint-omer,Saint Omer,2022,5
Alex Winter,alex-winters-criterion-closet-picks,ugetsu,Ugetsu,1953,6
Alex Winter,alex-winters-criterion-closet-picks,harlan-county-usa,Harlan County U.S.A.,1976,7
Alex Winter,alex-winters-criterion-closet-picks,el,Él,1953,8
Alex Winter,alex-winters-criterion-closet-picks,the-cameraman,The Cameraman,1928,9
Hari Nef,hari-nefs-criterion-closet-picks,barbie,Barbie,2023,1
Hari Nef,hari-nefs-criterion-closet-picks,bad-things,Bad Things,2023,2
Hari Nef,hari-nefs-criterion-closet-picks,the-naked-kiss,The Naked Kiss,1964,3
Hari Nef,hari-nefs-criterion-closet-picks,women-on-the-verge-of-a-nervous-breakdown,Women on the Verge of a Nervous Breakdown,1988,4
Hari Nef,hari-nefs-criterion-closet-picks,belle-de-jour,Belle de Jour,1967,5
Hari Nef,hari-nefs-criterion-closet-picks,grey-gardens,Grey Gardens,1975,6
Hari Nef,hari-nefs-criterion-closet-picks,the-red-shoes,The Red Shoes,1948,7
Hari Nef,hari-nefs-criterion-closet-picks,black-narcissus,Black Narcissus,1947,8
Hari Nef,hari-nefs-criterion-closet-picks,mishima-a-life-in-four-chapters,Mishima: A Life in Four Chapters,1985,9
Hari Nef,hari-nefs-criterion-closet-picks,design-for-living,Design for Living,1933,10
Hari Nef,hari-nefs-criterion-closet-picks,the-last-days-of-disco,The Last Days of Disco,1998,11
Hari Nef,hari-nefs-criterion-closet-picks,all-that-jazz,All That Jazz,1979,12
Kristin Scott Thomas,kristin-scott-thomas-criterion-closet-picks,the-night-porter,The Night Porter,1974,1
Kristin Scott Thomas,kristin-scott-thomas-criterion-closet-picks,casque-dor,Casque d'Or,1952,2
Kristin Scott Thomas,kristin-scott-thomas-criterion-closet-picks,the-awful-truth,The Awful Truth,1937,3
Kristin Scott Thomas,kristin-scott-thomas-criterion-closet-picks,women-in-love,Women in Love,1969,4
Kristin Scott Thomas,kristin-scott-thomas-criterion-closet-picks,elevator-to-the-gallows,Elevator to the Gallows,1958,5
Kristin Scott Thomas,kristin-scott-thomas-criterion-closet-picks,purple-noon,Purple Noon,1960,6
Kristin Scott Thomas,kristin-scott-thomas-criterion-closet-picks,you-can-count-on-me,You Can Count on Me,2000,7
Kristin Scott Thomas,kristin-scott-thomas-criterion-closet-picks,the-swimming-pool,The Swimming Pool,1969,8
Kristin Scott Thomas,kristin-scott-thomas-criterion-closet-picks,ivans-childhood,Ivan's Childhood,1962,9
Kristin Scott Thomas,kristin-scott-thomas-criterion-closet-picks,saute-ma-ville,Saute ma ville,1968,10
Kristin Scott Thomas,kristin-scott-thomas-criterion-closet-picks,the-beloved-child-or-i-play-at-being-a-married-woman,"The Beloved Child, or I Play at Being a Married Woman",1971,11
Kristin Scott Thomas,kristin-scott-thomas-criterion-closet-picks,la-chambre-1972,La chambre,1972,12
Kristin Scott Thomas,kristin-scott-thomas-criterion-closet-picks,hotel-monterey,Hotel Monterey,1973,13
Kristin Scott Thomas,kristin-scott-thomas-criterion-closet-picks,le-15-8,Le 15/8,1973,14
Kristin Scott Thomas,kristin-scott-thomas-criterion-closet-picks,je-tu-il-elle,Je Tu Il Elle,1974,15
Kristin Scott Thomas,kristin-scott-thomas-criterion-closet-picks,jeanne-dielman-23-quai-du-commerce-1080-bruxelles,"Jeanne Dielman, 23, quai du Commerce, 1080 Bruxelles",1975,16
Kristin Scott Thomas,kristin-scott-thomas-criterion-closet-picks,news-from-home,News from Home,1976,17
Kristin Scott Thomas,kristin-scott-thomas-criterion-closet-picks,the-meetings-of-anna,The Meetings of Anna,1978,18
John Cameron Mitchell,john-cameron-mitchells-criterion-closet-picks,cooley-high,Cooley High,1975,1
John Cameron Mitchell,john-cameron-mitchells-criterion-closet-picks,bottle-rocket-1996,Bottle Rocket,1996,2
John Cameron Mitchell,john-cameron-mitchells-criterion-closet-picks,rushmore,Rushmore,1998,3
John Cameron Mitchell,john-cameron-mitchells-criterion-closet-picks,the-royal-tenenbaums,The Royal Tenenbaums,2001,4
John Cameron Mitchell,john-cameron-mitchells-criterion-closet-picks,the-life-aquatic-with-steve-zissou,The Life Aquatic with Steve Zissou,2004,5
John Cameron Mitchell,john-cameron-mitchells-criterion-closet-picks,the-darjeeling-limited,The Darjeeling Limited,2007,6
John Cameron Mitchell,john-cameron-mitchells-criterion-closet-picks,fantastic-mr-fox,Fantastic Mr. Fox,2009,7
John Cameron Mitchell,john-cameron-mitchells-criterion-closet-picks,moonrise-kingdom,Moonrise Kingdom,2012,8
John Cameron Mitchell,john-cameron-mitchells-criterion-closet-picks,the-grand-budapest-hotel,The Grand Budapest Hotel,2014,9
John Cameron Mitchell,john-cameron-mitchells-criterion-closet-picks,isle-of-dogs-2018,Isle of Dogs,2018,10
John Cameron Mitchell,john-cameron-mitchells-criterion-closet-picks,the-french-dispatch-of-the-liberty-kansas,"The French Dispatch of the Liberty, Kansas Evening Sun",2021,11
John Cameron Mitchell,john-cameron-mitchells-criterion-closet-picks,shadows-1958,Shadows,1958,12
John Cameron Mitchell,john-cameron-mitchells-criterion-closet-picks,faces-1968,Faces,1968,13
John Cameron Mitchell,john-cameron-mitchells-criterion-closet-picks,a-woman-under-the-influence,A Woman Under the Influence,1974,14
John Cameron Mitchell,john-cameron-mitchells-criterion-closet-picks,the-killing-of-a-chinese-bookie,The Killing of a Chinese Bookie,1976,15
John Cameron Mitchell,john-cameron-mitchells-criterion-closet-picks,opening-night,Opening Night,1977,16
John Cameron Mitchell,john-cameron-mitchells-criterion-closet-picks,a-constant-forge,A Constant Forge,2000,17
John Cameron Mitchell,john-cameron-mitchells-criterion-closet-picks,moonage-daydream,Moonage Daydream,2022,18
John Cameron Mitchell,john-cameron-mitchells-criterion-closet-picks,all-that-jazz,All That Jazz,1979,19
John Cameron Mitchell,john-cameron-mitchells-criterion-closet-picks,multiple-maniacs,Multiple Maniacs,1970,20
John Cameron Mitchell,john-cameron-mitchells-criterion-closet-picks,after-life,After Life,1998,21
John Cameron Mitchell,john-cameron-mitchells-criterion-closet-picks,shampoo,Shampoo,1975,22
John Cameron Mitchell,john-cameron-mitchells-criterion-closet-picks,hedwig-and-the-angry-inch,Hedwig and the Angry Inch,2001,23
John Cameron Mitchell,john-cameron-mitchells-criterion-closet-picks,accattone,Accattone,1961,24
John Cameron Mitchell,john-cameron-mitchells-criterion-closet-picks,mamma-roma,Mamma Roma,1962,25
John Cameron Mitchell,john-cameron-mitchells-criterion-closet-picks,love-meetings,Love Meetings,1964,26
John Cameron Mitchell,john-cameron-mitchells-criterion-closet-picks,the-gospel-according-to-st-matthew,The Gospel According to St. Matthew,1964,27
John Cameron Mitchell,john-cameron-mitchells-criterion-closet-picks,the-hawks-and-the-sparrows,The Hawks and the Sparrows,1966,28
John Cameron Mitchell,john-cameron-mitchells-criterion-closet-picks,oedipus-rex,Oedipus Rex,1967,29
John Cameron Mitchell,john-cameron-mitchells-criterion-closet-picks,theorem,Theorem,1968,30
John Cameron Mitchell,john-cameron-mitchells-criterion-closet-picks,pigsty,Pigsty,1969,31
John Cameron Mitchell,john-cameron-mitchells-criterion-closet-picks,medea,Medea,1969,32
John Cameron Mitchell,john-cameron-mitchells-criterion-closet-picks,network,Network,1976,33
John Cameron Mitchell,john-cameron-mitchells-criterion-closet-picks,pee-wees-big-adventure,Pee-wee's Big Adventure,1985,34
Atom Egoyan,atom-egoyans-criterion-closet-picks,pather-panchali,Pather Panchali,1955,1
Atom Egoyan,atom-egoyans-criterion-closet-picks,aparajito,Aparajito,1956,2
Atom Egoyan,atom-egoyans-criterion-closet-picks,apur-sansar,Apur Sansar,1959,3
Atom Egoyan,atom-egoyans-criterion-closet-picks,crisis,Crisis,1946,4
Atom Egoyan,atom-egoyans-criterion-closet-picks,a-ship-to-india,A Ship to India,1947,5
Atom Egoyan,atom-egoyans-criterion-closet-picks,port-of-call,Port of Call,1948,6
Atom Egoyan,atom-egoyans-criterion-closet-picks,thirst,Thirst,1949,7
Atom Egoyan,atom-egoyans-criterion-closet-picks,to-joy,To Joy,1950,8
Atom Egoyan,atom-egoyans-criterion-closet-picks,summer-interlude,Summer Interlude,1951,9
Atom Egoyan,atom-egoyans-criterion-closet-picks,waiting-women,Waiting Women,1952,10
Atom Egoyan,atom-egoyans-criterion-closet-picks,summer-with-monika,Summer with Monika,1953,11
Atom Egoyan,atom-egoyans-criterion-closet-picks,sawdust-and-tinsel,Sawdust and Tinsel,1953,12
Atom Egoyan,atom-egoyans-criterion-closet-picks,a-lesson-in-love,A Lesson in Love,1954,13
Atom Egoyan,atom-egoyans-criterion-closet-picks,dreams-1955,Dreams,1955,14
Atom Egoyan,atom-egoyans-criterion-closet-picks,smiles-of-a-summer-night,Smiles of a Summer Night,1955,15
Atom Egoyan,atom-egoyans-criterion-closet-picks,the-seventh-seal,The Seventh Seal,1957,16
Atom Egoyan,atom-egoyans-criterion-closet-picks,wild-strawberries,Wild Strawberries,1957,17
Atom Egoyan,atom-egoyans-criterion-closet-picks,brink-of-life,Brink of Life,1958,18
Atom Egoyan,atom-egoyans-criterion-closet-picks,the-magician-1958,The Magician,1958,19
Atom Egoyan,atom-egoyans-criterion-closet-picks,the-virgin-spring,The Virgin Spring,1960,20
Atom Egoyan,atom-egoyans-criterion-closet-picks,the-devils-eye,The Devil's Eye,1960,21
Atom Egoyan,atom-egoyans-criterion-closet-picks,through-a-glass-darkly,Through a Glass Darkly,1961,22
Atom Egoyan,atom-egoyans-criterion-closet-picks,winter-light,Winter Light,1963,23
Atom Egoyan,atom-egoyans-criterion-closet-picks,the-silence,The Silence,1963,24
Atom Egoyan,atom-egoyans-criterion-closet-picks,all-these-women,All These Women,1964,25
Atom Egoyan,atom-egoyans-criterion-closet-picks,persona,Persona,1966,26
Atom Egoyan,atom-egoyans-criterion-closet-picks,hour-of-the-wolf,Hour of the Wolf,1968,27
Atom Egoyan,atom-egoyans-criterion-closet-picks,shame,Shame,1968,28
Atom Egoyan,atom-egoyans-criterion-closet-picks,the-rite,The Rite,1969,29
Atom Egoyan,atom-egoyans-criterion-closet-picks,the-passion-of-anna,The Passion of Anna,1969,30
Atom Egoyan,atom-egoyans-criterion-closet-picks,faro-document,Fårö Document,1970,31
Atom Egoyan,atom-egoyans-criterion-closet-picks,the-touch-1971,The Touch,1971,32
Atom Egoyan,atom-egoyans-criterion-closet-picks,cries-and-whispers,Cries and Whispers,1972,33
Atom Egoyan,atom-egoyans-criterion-closet-picks,scenes-from-a-marriage,Scenes from a Marriage,1974,34
Atom Egoyan,atom-egoyans-criterion-closet-picks,scenes-from-a-marriage-1973-1,Scenes from a Marriage,1973,35
Atom Egoyan,atom-egoyans-criterion-closet-picks,the-magic-flute,The Magic Flute,1975,36
Atom Egoyan,atom-egoyans-criterion-closet-picks,the-serpents-egg,The Serpent's Egg,1977,37
Atom Egoyan,atom-egoyans-criterion-closet-picks,autumn-sonata,Autumn Sonata,1978,38
Atom Egoyan,atom-egoyans-criterion-closet-picks,faro-document-1979,Fårö Document 1979,1979,39
Atom Egoyan,atom-egoyans-criterion-closet-picks,from-the-life-of-the-marionettes,From the Life of the Marionettes,1980,40
Atom Egoyan,atom-egoyans-criterion-closet-picks,fanny-and-alexander,Fanny and Alexander,1982,41
Atom Egoyan,atom-egoyans-criterion-closet-picks,fanny-and-alexander-1984,Fanny and Alexander,1984,42
Atom Egoyan,atom-egoyans-criterion-closet-picks,after-the-rehearsal,After the Rehearsal,1984,43
Atom Egoyan,atom-egoyans-criterion-closet-picks,saraband,Saraband,2003,44
Reginald Hudlin,reginald-hudlins-criterion-closet-picks,black-orpheus,Black Orpheus,1959,1
Reginald Hudlin,reginald-hudlins-criterion-closet-picks,killer-of-sheep,Killer of Sheep,1978,2
Reginald Hudlin,reginald-hudlins-criterion-closet-picks,menace-ii-society,Menace II Society,1993,3
Reginald Hudlin,reginald-hudlins-criterion-closet-picks,risky-business,Risky Business,1983,4
Reginald Hudlin,reginald-hudlins-criterion-closet-picks,rouge,Rouge,1987,5
Reginald Hudlin,reginald-hudlins-criterion-closet-picks,the-story-of-a-three-day-pass,The Story of a Three-Day Pass,1967,6
Reginald Hudlin,reginald-hudlins-criterion-closet-picks,watermelon-man,Watermelon Man,1970,7
Reginald Hudlin,reginald-hudlins-criterion-closet-picks,sweet-sweetbacks-baadasssss-song,Sweet Sweetback's Baadasssss Song,1971,8
Reginald Hudlin,reginald-hudlins-criterion-closet-picks,dont-play-us-cheap,Don't Play Us Cheap,1973,9
Reginald Hudlin,reginald-hudlins-criterion-closet-picks,the-big-boss,The Big Boss,1971,10
Reginald Hudlin,reginald-hudlins-criterion-closet-picks,fist-of-fury,Fist of Fury,1972,11
Reginald Hudlin,reginald-hudlins-criterion-closet-picks,the-way-of-the-dragon,The Way of the Dragon,1972,12
Reginald Hudlin,reginald-hudlins-criterion-closet-picks,enter-the-dragon,Enter the Dragon,1973,13
Reginald Hudlin,reginald-hudlins-criterion-closet-picks,game-of-death,Game of Death,1978,14
Reginald Hudlin,reginald-hudlins-criterion-closet-picks,variety-lights,Variety Lights,1950,15
Reginald Hudlin,reginald-hudlins-criterion-closet-picks,the-white-sheik,The White Sheik,1952,16
Reginald Hudlin,reginald-hudlins-criterion-closet-picks,i-vitelloni,I Vitelloni,1953,17
Reginald Hudlin,reginald-hudlins-criterion-closet-picks,la-strada,La Strada,1954,18
Reginald Hudlin,reginald-hudlins-criterion-closet-picks,the-swindle-1955,The Swindle,1955,19
Reginald Hudlin,reginald-hudlins-criterion-closet-picks,nights-of-cabiria,Nights of Cabiria,1957,20
Reginald Hudlin,reginald-hudlins-criterion-closet-picks,la-dolce-vita,La Dolce Vita,1960,21
Reginald Hudlin,reginald-hudlins-criterion-closet-picks,8-half,8½,1963,22
Reginald Hudlin,reginald-hudlins-criterion-closet-picks,juliet-of-the-spirits,Juliet of the Spirits,1965,23
Reginald Hudlin,reginald-hudlins-criterion-closet-picks,satyricon-1969,Satyricon,1969,24
Reginald Hudlin,reginald-hudlins-criterion-closet-picks,roma,Roma,1972,25
Reginald Hudlin,reginald-hudlins-criterion-closet-picks,amarcord,Amarcord,1973,26
Reginald Hudlin,reginald-hudlins-criterion-closet-picks,and-the-ship-sails-on,And the Ship Sails On,1983,27
Reginald Hudlin,reginald-hudlins-criterion-closet-picks,intervista,Intervista,1987,28
Margaret Brown,margaret-browns-criterion-closet-picks,descendant-2022,Descendant,2022,1
Margaret Brown,margaret-browns-criterion-closet-picks,bottle-rocket-1996,Bottle Rocket,1996,2
Margaret Brown,margaret-browns-criterion-closet-picks,cold-water,Cold Water,1994,3
Margaret Brown,margaret-browns-criterion-closet-picks,la-jetee,La Jetée,1962,4
Margaret Brown,margaret-browns-criterion-closet-picks,sans-soleil,Sans Soleil,1983,5
Margaret Brown,margaret-browns-criterion-closet-picks,dick-johnson-is-dead,Dick Johnson Is Dead,2020,6
Ira Sachs' Second,ira-sachs-second-criterion-closet-picks,3-women,3 Women,1977,1
Ira Sachs' Second,ira-sachs-second-criterion-closet-picks,night-and-the-city,Night and the City,1950,2
Ira Sachs' Second,ira-sachs-second-criterion-closet-picks,beau-travail,Beau Travail,1999,3
Ira Sachs' Second,ira-sachs-second-criterion-closet-picks,cold-water,Cold Water,1994,4
Ira Sachs' Second,ira-sachs-second-criterion-closet-picks,nothing-but-a-man,Nothing But a Man,1964,5
Ira Sachs' Second,ira-sachs-second-criterion-closet-picks,the-heiress,The Heiress,1949,6
Ira Sachs' Second,ira-sachs-second-criterion-closet-picks,the-bitter-tears-of-petra-von-kant,The Bitter Tears of Petra von Kant,1972,7
Kathryn Bigelow,kathryn-bigelows-criterion-closet-picks,detour,Detour,1945,1
Kathryn Bigelow,kathryn-bigelows-criterion-closet-picks,the-battle-of-algiers,The Battle of Algiers,1966,2
Kathryn Bigelow,kathryn-bigelows-criterion-closet-picks,straw-dogs,Straw Dogs,1971,3
Kathryn Bigelow,kathryn-bigelows-criterion-closet-picks,army-of-shadows,Army of Shadows,1969,4
Kathryn Bigelow,kathryn-bigelows-criterion-closet-picks,the-confession-1970,The Confession,1970,5
Kathryn Bigelow,kathryn-bigelows-criterion-closet-picks,hiroshima-mon-amour,Hiroshima Mon Amour,1959,6
Kathryn Bigelow,kathryn-bigelows-criterion-closet-picks,notorious,Notorious,1946,7
Kathryn Bigelow,kathryn-bigelows-criterion-closet-picks,the-lodger-a-story-of-the-london-fog,The Lodger: A Story of the London Fog,1927,8
Deragh Campbell and Matt Johnson,deragh-campbell-and-matt-johnsons-criterion,city-lights,City Lights,1931,1
Deragh Campbell and Matt Johnson,deragh-campbell-and-matt-johnsons-criterion,lone-wolf-and-cub-sword-of-vengeance,Lone Wolf and Cub: Sword of Vengeance,1972,2
Deragh Campbell and Matt Johnson,deragh-campbell-and-matt-johnsons-criterion,lone-wolf-and-cub-baby-cart-at-the-river-styx,Lone Wolf and Cub: Baby Cart at the River Styx,1972,3
Deragh Campbell and Matt Johnson,deragh-campbell-and-matt-johnsons-criterion,lone-wolf-and-cub-baby-cart-to-hades,Lone Wolf and Cub: Baby Cart to Hades,1972,4
Deragh Campbell and Matt Johnson,deragh-campbell-and-matt-johnsons-criterion,lone-wolf-and-cub-baby-cart-in-peril,Lone Wolf and Cub: Baby Cart in Peril,1972,5
Deragh Campbell and Matt Johnson,deragh-campbell-and-matt-johnsons-criterion,lone-wolf-and-cub-baby-cart-in-the-land-of-demons,Lone Wolf and Cub: Baby Cart in the Land of Demons,1973,6
Deragh Campbell and Matt Johnson,deragh-campbell-and-matt-johnsons-criterion,lone-wolf-and-cub-white-heaven-in-hell,Lone Wolf and Cub: White Heaven in Hell,1974,7
Deragh Campbell and Matt Johnson,deragh-campbell-and-matt-johnsons-criterion,the-battle-of-algiers,The Battle of Algiers,1966,8
Deragh Campbell and Matt Johnson,deragh-campbell-and-matt-johnsons-criterion,accattone,Accattone,1961,9
Deragh Campbell and Matt Johnson,deragh-campbell-and-matt-johnsons-criterion,mamma-roma,Mamma Roma,1962,10
Deragh Campbell and Matt Johnson,deragh-campbell-and-matt-johnsons-criterion,love-meetings,Love Meetings,1964,11
Deragh Campbell and Matt Johnson,deragh-campbell-and-matt-johnsons-criterion,the-gospel-according-to-st-matthew,The Gospel According to St. Matthew,1964,12
Deragh Campbell and Matt Johnson,deragh-campbell-and-matt-johnsons-criterion,the-hawks-and-the-sparrows,The Hawks and the Sparrows,1966,13
Deragh Campbell and Matt Johnson,deragh-campbell-and-matt-johnsons-criterion,oedipus-rex,Oedipus Rex,1967,14
Deragh Campbell and Matt Johnson,deragh-campbell-and-matt-johnsons-criterion,theorem,Theorem,1968,15
Deragh Campbell and Matt Johnson,deragh-campbell-and-matt-johnsons-criterion,pigsty,Pigsty,1969,16
Deragh Campbell and Matt Johnson,deragh-campbell-and-matt-johnsons-criterion,medea,Medea,1969,17
Andrew Garfield,andrew-garfields-criterion-closet-picks,naked,Naked,1993,1
Andrew Garfield,andrew-garfields-criterion-closet-picks,kes,Kes,1969,2
Andrew Garfield,andrew-garfields-criterion-closet-picks,tampopo,Tampopo,1985,3
Andrew Garfield,andrew-garfields-criterion-closet-picks,brazil,Brazil,1985,4
Andrew Garfield,andrew-garfields-criterion-closet-picks,the-red-shoes,The Red Shoes,1948,5
Andrew Garfield,andrew-garfields-criterion-closet-picks,salesman,Salesman,1969,6
Andrew Garfield,andrew-garfields-criterion-closet-picks,hoop-dreams,Hoop Dreams,1994,7
Andrew Garfield,andrew-garfields-criterion-closet-picks,the-game,The Game,1997,8
Andrew Garfield,andrew-garfields-criterion-closet-picks,happiness,Happiness,1998,9
Andrew Garfield,andrew-garfields-criterion-closet-picks,original-cast-album-company,Original Cast Album: Company,1970,10
John Waters,john-waters-criterion-closet-picks,polyester,Polyester,1981,1
John Waters,john-waters-criterion-closet-picks,8-half,8½,1963,2
John Waters,john-waters-criterion-closet-picks,the-blob,The Blob,1958,3
John Waters,john-waters-criterion-closet-picks,twin-peaks-fire-walk-with-me,Twin Peaks: Fire Walk with Me,1992,4
John Waters,john-waters-criterion-closet-picks,the-honeymoon-killers,The Honeymoon Killers,1970,5
John Waters,john-waters-criterion-closet-picks,beyond-the-valley-of-the-dolls,Beyond the Valley of the Dolls,1970,6
Tunde Adebimpe,tunde-adebimpes-criterion-closet-picks,dreams,Dreams,1990,1
Tunde Adebimpe,tunde-adebimpes-criterion-closet-picks,8-half,8½,1963,2
Tunde Adebimpe,tunde-adebimpes-criterion-closet-picks,stan-brakhage-exits-the-cinema-and-enters-the-light-of-day,Stan Brakhage Exits the Cinema and Enters the Light of Day,2002,3
Tunde Adebimpe,tunde-adebimpes-criterion-closet-picks,desistfilm,Desistfilm,1954,4
Tunde Adebimpe,tunde-adebimpes-criterion-closet-picks,wedlock-house-an-intercourse,Wedlock House: An Intercourse,1959,5
Tunde Adebimpe,tunde-adebimpes-criterion-closet-picks,dog-star-man,Dog Star Man,1965,6
Tunde Adebimpe,tunde-adebimpes-criterion-closet-picks,prelude-dog-star-man,Prelude: Dog Star Man,1962,7
Tunde Adebimpe,tunde-adebimpes-criterion-closet-picks,dog-star-man-part-i,Dog Star Man: Part I,1963,8
Tunde Adebimpe,tunde-adebimpes-criterion-closet-picks,dog-star-man-part-ii,Dog Star Man: Part II,1964,9
Tunde Adebimpe,tunde-adebimpes-criterion-closet-picks,dog-star-man-part-iii,Dog Star Man: Part III,1964,10
Tunde Adebimpe,tunde-adebimpes-criterion-closet-picks,dog-star-man-part-iv,Dog Star Man: Part IV,1964,11
Tunde Adebimpe,tunde-adebimpes-criterion-closet-picks,the-act-of-seeing-with-ones-own-eyes,The Act of Seeing with One's Own Eyes,1972,12
Tunde Adebimpe,tunde-adebimpes-criterion-closet-picks,cats-cradle-1959,Cat's Cradle,1959,13
Tunde Adebimpe,tunde-adebimpes-criterion-closet-picks,window-water-baby-moving,Window Water Baby Moving,1959,14
Tunde Adebimpe,tunde-adebimpes-criterion-closet-picks,mothlight,Mothlight,1963,15
Tunde Adebimpe,tunde-adebimpes-criterion-closet-picks,eye-myth,Eye Myth,1967,16
Tunde Adebimpe,tunde-adebimpes-criterion-closet-picks,the-wold-shadow,The Wold-Shadow,1972,17
Tunde Adebimpe,tunde-adebimpes-criterion-closet-picks,the-garden-of-earthly-delights-1981,The Garden of Earthly Delights,1981,18
Tunde Adebimpe,tunde-adebimpes-criterion-closet-picks,the-stars-are-beautiful,The Stars Are Beautiful,1974,19
Tunde Adebimpe,tunde-adebimpes-criterion-closet-picks,kindering,Kindering,1987,20
Tunde Adebimpe,tunde-adebimpes-criterion-closet-picks,i-dreaming,I... Dreaming,1988,21
Tunde Adebimpe,tunde-adebimpes-criterion-closet-picks,the-dante-quartet,The Dante Quartet,1987,22
Tunde Adebimpe,tunde-adebimpes-criterion-closet-picks,night-music,Night Music,1986,23
Tunde Adebimpe,tunde-adebimpes-criterion-closet-picks,rage-net,Rage Net,1988,24
Tunde Adebimpe,tunde-adebimpes-criterion-closet-picks,glaze-of-cathexis,Glaze of Cathexis,1990,25
Tunde Adebimpe,tunde-adebimpes-criterion-closet-picks,delicacies-of-molten-horror-synapse,Delicacies of Molten Horror Synapse,1991,26
Tunde Adebimpe,tunde-adebimpes-criterion-closet-picks,untitled-for-marilyn,Untitled (For Marilyn),1992,27
Tunde Adebimpe,tunde-adebimpes-criterion-closet-picks,black-ice-1994,Black Ice,1994,28
Tunde Adebimpe,tunde-adebimpes-criterion-closet-picks,study-in-color-and-black-and-white,Study in Color and Black and White,1993,29
Tunde Adebimpe,tunde-adebimpes-criterion-closet-picks,stellar,Stellar,1993,30
Tunde Adebimpe,tunde-adebimpes-criterion-closet-picks,crack-glass-eulogy,Crack Glass Eulogy,1991,31
Tunde Adebimpe,tunde-adebimpes-criterion-closet-picks,the-dark-tower-1999,The Dark Tower,1999,32
Tunde Adebimpe,tunde-adebimpes-criterion-closet-picks,comingled-containers,Comingled Containers,1996,33
Tunde Adebimpe,tunde-adebimpes-criterion-closet-picks,lovesong,Lovesong,2001,34
Tunde Adebimpe,tunde-adebimpes-criterion-closet-picks,the-wonder-ring,The Wonder Ring,1955,35
Tunde Adebimpe,tunde-adebimpes-criterion-closet-picks,the-dead-1960,The Dead,1960,36
Tunde Adebimpe,tunde-adebimpes-criterion-closet-picks,two-creeley-mcclure,Two: Creeley/McClure,1965,37
Tunde Adebimpe,tunde-adebimpes-criterion-closet-picks,23rd-psalm-branch,23rd Psalm Branch,1967,38
Tunde Adebimpe,tunde-adebimpes-criterion-closet-picks,scenes-from-under-childhood-section-one,"Scenes from Under Childhood, Section One",1968,39
Tunde Adebimpe,tunde-adebimpes-criterion-closet-picks,the-machine-of-eden,The Machine of Eden,1970,40
Tunde Adebimpe,tunde-adebimpes-criterion-closet-picks,star-garden,Star Garden,1974,41
Tunde Adebimpe,tunde-adebimpes-criterion-closet-picks,desert,Desert,1976,42
Tunde Adebimpe,tunde-adebimpes-criterion-closet-picks,the-process,The Process,1972,43
Tunde Adebimpe,tunde-adebimpes-criterion-closet-picks,burial-path,Burial Path,1978,44
Tunde Adebimpe,tunde-adebimpes-criterion-closet-picks,duplicity-iii,Duplicity III,1980,45
Tunde Adebimpe,tunde-adebimpes-criterion-closet-picks,the-domain-of-the-moment,The Domain of the Moment,1977,46
Tunde Adebimpe,tunde-adebimpes-criterion-closet-picks,murder-psalm,Murder Psalm,1980,47
Tunde Adebimpe,tunde-adebimpes-criterion-closet-picks,arabic-numeral-series-12,Arabic Numeral Series 12,1981,48
Tunde Adebimpe,tunde-adebimpes-criterion-closet-picks,visions-in-meditation-1,Visions in Meditation #1,1989,49
Tunde Adebimpe,tunde-adebimpes-criterion-closet-picks,visions-in-meditation-2-mesa-verde,Visions in Meditation #2: Mesa Verde,1989,50
Tunde Adebimpe,tunde-adebimpes-criterion-closet-picks,visions-in-meditation-3-platos-cave,Visions in Meditation #3: Plato's Cave,1990,51
Tunde Adebimpe,tunde-adebimpes-criterion-closet-picks,visions-in-meditation-4-dh-lawrence,Visions in Meditation #4: D.H. Lawrence,1990,52
Tunde Adebimpe,tunde-adebimpes-criterion-closet-picks,unconscious-london-strata,Unconscious London Strata,1981,53
Tunde Adebimpe,tunde-adebimpes-criterion-closet-picks,boulder-blues-and-pearls-and,Boulder Blues and Pearls and...,1993,54
Tunde Adebimpe,tunde-adebimpes-criterion-closet-picks,the-mammals-of-victoria,The Mammals of Victoria,1994,55
Tunde Adebimpe,tunde-adebimpes-criterion-closet-picks,from-first-hymn-to-the-night-novalis,From: First Hymn to the Night – Novalis,1994,56
Tunde Adebimpe,tunde-adebimpes-criterion-closet-picks,i-take-these-truths,I Take These Truths,1995,57
Tunde Adebimpe,tunde-adebimpes-criterion-closet-picks,the-cat-of-the-worms-green-realm,The Cat of the Worm's Green Realm,1997,58
Tunde Adebimpe,tunde-adebimpes-criterion-closet-picks,yggdrasill-whose-roots-are-stars-in-the-human-mind,Yggdrasill: Whose Roots Are Stars in the Human Mind,1997,59
Tunde Adebimpe,tunde-adebimpes-criterion-closet-picks,reel-5,&quot;...&quot; Reel 5,1998,60
Tunde Adebimpe,tunde-adebimpes-criterion-closet-picks,persian-series-1,Persian Series #1,1999,61
Tunde Adebimpe,tunde-adebimpes-criterion-closet-picks,persian-series-2,Persian Series #2,1999,62
Tunde Adebimpe,tunde-adebimpes-criterion-closet-picks,persian-series-3,Persian Series #3,1999,63
Tunde Adebimpe,tunde-adebimpes-criterion-closet-picks,chinese-series,Chinese Series,2003,64
Tunde Adebimpe,tunde-adebimpes-criterion-closet-picks,true-stories,True Stories,1986,65
Tunde Adebimpe,tunde-adebimpes-criterion-closet-picks,black-girl-1966,Black Girl,1966,66
Tunde Adebimpe,tunde-adebimpes-criterion-closet-picks,pariah,Pariah,2011,67
Tunde Adebimpe,tunde-adebimpes-criterion-closet-picks,the-silence-of-the-lambs,The Silence of the Lambs,1991,68
Tunde Adebimpe,tunde-adebimpes-criterion-closet-picks,godzilla,Godzilla,1954,69
Tunde Adebimpe,tunde-adebimpes-criterion-closet-picks,godzilla-raids-again,Godzilla Raids Again,1955,70
Tunde Adebimpe,tunde-adebimpes-criterion-closet-picks,king-kong-vs-godzilla,King Kong vs. Godzilla,1962,71
Tunde Adebimpe,tunde-adebimpes-criterion-closet-picks,king-kong-vs-godzilla-1963,King Kong vs. Godzilla,1963,72
Tunde Adebimpe,tunde-adebimpes-criterion-closet-picks,mothra-vs-godzilla,Mothra vs. Godzilla,1964,73
Tunde Adebimpe,tunde-adebimpes-criterion-closet-picks,ghidorah-the-three-headed-monster,"Ghidorah, the Three-Headed Monster",1964,74
Tunde Adebimpe,tunde-adebimpes-criterion-closet-picks,invasion-of-astro-monster,Invasion of Astro-Monster,1965,75
Tunde Adebimpe,tunde-adebimpes-criterion-closet-picks,ebirah-horror-of-the-deep,"Ebirah, Horror of the Deep",1966,76
Tunde Adebimpe,tunde-adebimpes-criterion-closet-picks,son-of-godzilla,Son of Godzilla,1967,77
Tunde Adebimpe,tunde-adebimpes-criterion-closet-picks,destroy-all-monsters,Destroy All Monsters,1968,78
Tunde Adebimpe,tunde-adebimpes-criterion-closet-picks,all-monsters-attack,All Monsters Attack,1969,79
Tunde Adebimpe,tunde-adebimpes-criterion-closet-picks,godzilla-vs-hedorah,Godzilla vs. Hedorah,1971,80
Tunde Adebimpe,tunde-adebimpes-criterion-closet-picks,godzilla-vs-gigan,Godzilla vs. Gigan,1972,81
Tunde Adebimpe,tunde-adebimpes-criterion-closet-picks,godzilla-vs-megalon,Godzilla vs. Megalon,1973,82
Tunde Adebimpe,tunde-adebimpes-criterion-closet-picks,godzilla-vs-mechagodzilla,Godzilla vs. Mechagodzilla,1974,83
Tunde Adebimpe,tunde-adebimpes-criterion-closet-picks,terror-of-mechagodzilla,Terror of Mechagodzilla,1975,84
Nicholas Britell,nicholas-britells-criterion-closet-picks,the-underground-railroad-2021,The Underground Railroad,2021,1
Nicholas Britell,nicholas-britells-criterion-closet-picks,citizen-kane,Citizen Kane,1941,2
Nicholas Britell,nicholas-britells-criterion-closet-picks,the-double-life-of-veronique,The Double Life of Véronique,1991,3
Nicholas Britell,nicholas-britells-criterion-closet-picks,tokyo-olympiad,Tokyo Olympiad,1965,4
Nicholas Britell,nicholas-britells-criterion-closet-picks,la-jetee,La Jetée,1962,5
Nicholas Britell,nicholas-britells-criterion-closet-picks,sans-soleil,Sans Soleil,1983,6
Nicholas Britell,nicholas-britells-criterion-closet-picks,malcolm-x-1992,Malcolm X,1992,7
Slavoj Zizek,slavoj-zizeks-criterion-closet-picks,trouble-in-paradise,Trouble in Paradise,1932,1
Slavoj Zizek,slavoj-zizeks-criterion-closet-picks,sweet-smell-of-success,Sweet Smell of Success,1957,2
Slavoj Zizek,slavoj-zizeks-criterion-closet-picks,murmur-of-the-heart,Murmur of the Heart,1971,3
Slavoj Zizek,slavoj-zizeks-criterion-closet-picks,the-ice-storm,The Ice Storm,1997,4
Slavoj Zizek,slavoj-zizeks-criterion-closet-picks,great-expectations,Great Expectations,1946,5
Slavoj Zizek,slavoj-zizeks-criterion-closet-picks,city-lights,City Lights,1931,6
Slavoj Zizek,slavoj-zizeks-criterion-closet-picks,y-tu-mama-tambien,Y Tu Mamá También,2001,7
Slavoj Zizek,slavoj-zizeks-criterion-closet-picks,the-age-of-the-medici,The Age of the Medici,1972,8
Slavoj Zizek,slavoj-zizeks-criterion-closet-picks,cartesius,Cartesius,1974,9
Slavoj Zizek,slavoj-zizeks-criterion-closet-picks,blaise-pascal,Blaise Pascal,1972,10
Slavoj Zizek,slavoj-zizeks-criterion-closet-picks,picnic-at-hanging-rock,Picnic at Hanging Rock,1975,11
Slavoj Zizek,slavoj-zizeks-criterion-closet-picks,day-of-wrath,Day of Wrath,1943,12
Slavoj Zizek,slavoj-zizeks-criterion-closet-picks,ordet,Ordet,1955,13
Slavoj Zizek,slavoj-zizeks-criterion-closet-picks,gertrud,Gertrud,1964,14
Slavoj Zizek,slavoj-zizeks-criterion-closet-picks,carl-th-dreyer-my-metier,Carl Th. Dreyer: My Metier,1995,15
Slavoj Zizek,slavoj-zizeks-criterion-closet-picks,antichrist,Antichrist,2009,16
Bill Pope,bill-popes-criterion-closet-picks,bound,Bound,1996,1
Bill Pope,bill-popes-criterion-closet-picks,the-matrix,The Matrix,1999,2
Bill Pope,bill-popes-criterion-closet-picks,stagecoach,Stagecoach,1939,3
Bill Pope,bill-popes-criterion-closet-picks,house,House,1977,4
Bill Pope,bill-popes-criterion-closet-picks,bowling-for-columbine,Bowling for Columbine,2002,5
Bill Pope,bill-popes-criterion-closet-picks,harlan-county-usa,Harlan County U.S.A.,1976,6
Bill Pope,bill-popes-criterion-closet-picks,band-of-outsiders,Band of Outsiders,1964,7
Bill Pope,bill-popes-criterion-closet-picks,2-or-3-things-i-know-about-her,2 or 3 Things I Know About Her,1967,8
Bill Pope,bill-popes-criterion-closet-picks,the-last-waltz,The Last Waltz,1978,9
Ethel Cain,ethel-cains-criterion-closet-picks,thelma-louise,Thelma & Louise,1991,1
Ethel Cain,ethel-cains-criterion-closet-picks,crash,Crash,1996,2
Ethel Cain,ethel-cains-criterion-closet-picks,eraserhead,Eraserhead,1977,3
Ethel Cain,ethel-cains-criterion-closet-picks,picnic-at-hanging-rock,Picnic at Hanging Rock,1975,4
Ethel Cain,ethel-cains-criterion-closet-picks,days-of-heaven,Days of Heaven,1978,5
Ethel Cain,ethel-cains-criterion-closet-picks,grey-gardens,Grey Gardens,1975,6
Jerzy Skolimowski,jerzy-skolimowskis-criterion-closet-picks,eo,EO,2022,1
Jerzy Skolimowski,jerzy-skolimowskis-criterion-closet-picks,diamonds-of-the-night,Diamonds of the Night,1964,2
Jerzy Skolimowski,jerzy-skolimowskis-criterion-closet-picks,ashes-and-diamonds,Ashes and Diamonds,1958,3
Jerzy Skolimowski,jerzy-skolimowskis-criterion-closet-picks,come-and-see,Come and See,1985,4
Jerzy Skolimowski,jerzy-skolimowskis-criterion-closet-picks,ivans-childhood,Ivan's Childhood,1962,5
Jerzy Skolimowski,jerzy-skolimowskis-criterion-closet-picks,la-strada,La Strada,1954,6
Jerzy Skolimowski,jerzy-skolimowskis-criterion-closet-picks,8-half,8½,1963,7
Jerzy Skolimowski,jerzy-skolimowskis-criterion-closet-picks,loves-of-a-blonde,Loves of a Blonde,1965,8
Jerzy Skolimowski,jerzy-skolimowskis-criterion-closet-picks,amarcord,Amarcord,1973,9
Ann Oren,ann-orens-criterion-closet-picks,celine-and-julie-go-boating,Céline and Julie Go Boating,1974,1
Ann Oren,ann-orens-criterion-closet-picks,daisies,Daisies,1966,2
Mark Jenkin,mark-jenkins-criterion-closet-picks,enys-men,Enys Men,2022,1
Mark Jenkin,mark-jenkins-criterion-closet-picks,bait-2019,Bait,2019,2
Mark Jenkin,mark-jenkins-criterion-closet-picks,three-colours-blue,Three Colours: Blue,1993,3
Mark Jenkin,mark-jenkins-criterion-closet-picks,three-colours-white,Three Colours: White,1994,4
Mark Jenkin,mark-jenkins-criterion-closet-picks,three-colours-red,Three Colours: Red,1994,5
Mark Jenkin,mark-jenkins-criterion-closet-picks,mikey-and-nicky,Mikey and Nicky,1976,6
Mark Jenkin,mark-jenkins-criterion-closet-picks,i-knew-her-well,I Knew Her Well,1965,7
Mark Jenkin,mark-jenkins-criterion-closet-picks,baal-1970,Baal,1970,8
Mark Jenkin,mark-jenkins-criterion-closet-picks,humanite,Humanité,1999,9
Mark Jenkin,mark-jenkins-criterion-closet-picks,short-cuts,Short Cuts,1993,10
Mark Jenkin,mark-jenkins-criterion-closet-picks,mirror,Mirror,1975,11
Mark Jenkin,mark-jenkins-criterion-closet-picks,head,Head,1968,12
Mark Jenkin,mark-jenkins-criterion-closet-picks,easy-rider,Easy Rider,1969,13
Mark Jenkin,mark-jenkins-criterion-closet-picks,five-easy-pieces,Five Easy Pieces,1970,14
Mark Jenkin,mark-jenkins-criterion-closet-picks,drive-he-said,"Drive, He Said",1971,15
Mark Jenkin,mark-jenkins-criterion-closet-picks,a-safe-place,A Safe Place,1971,16
Mark Jenkin,mark-jenkins-criterion-closet-picks,the-last-picture-show,The Last Picture Show,1971,17
Mark Jenkin,mark-jenkins-criterion-closet-picks,the-king-of-marvin-gardens,The King of Marvin Gardens,1972,18
Mark Jenkin,mark-jenkins-criterion-closet-picks,straw-dogs,Straw Dogs,1971,19
Judd Apatow,judd-apatows-criterion-closet-picks,george-washington,George Washington,2000,1
Judd Apatow,judd-apatows-criterion-closet-picks,shadows-1958,Shadows,1958,2
Judd Apatow,judd-apatows-criterion-closet-picks,faces-1968,Faces,1968,3
Judd Apatow,judd-apatows-criterion-closet-picks,a-woman-under-the-influence,A Woman Under the Influence,1974,4
Judd Apatow,judd-apatows-criterion-closet-picks,the-killing-of-a-chinese-bookie,The Killing of a Chinese Bookie,1976,5
Judd Apatow,judd-apatows-criterion-closet-picks,opening-night,Opening Night,1977,6
Judd Apatow,judd-apatows-criterion-closet-picks,a-constant-forge,A Constant Forge,2000,7
Judd Apatow,judd-apatows-criterion-closet-picks,fast-times-at-ridgemont-high,Fast Times at Ridgemont High,1982,8
Judd Apatow,judd-apatows-criterion-closet-picks,defending-your-life,Defending Your Life,1991,9
Judd Apatow,judd-apatows-criterion-closet-picks,original-cast-album-company,Original Cast Album: Company,1970,10
Judd Apatow,judd-apatows-criterion-closet-picks,tootsie,Tootsie,1982,11
Judd Apatow,judd-apatows-criterion-closet-picks,the-life-aquatic-with-steve-zissou,The Life Aquatic with Steve Zissou,2004,12
Judd Apatow,judd-apatows-criterion-closet-picks,in-the-mood-for-love,In the Mood for Love,2000,13
Judd Apatow,judd-apatows-criterion-closet-picks,the-age-of-innocence,The Age of Innocence,1993,14
Judd Apatow,judd-apatows-criterion-closet-picks,guillermo-del-toros-pinocchio,Guillermo del Toro's Pinocchio,2022,15
Judd Apatow,judd-apatows-criterion-closet-picks,comradeship,Comradeship,1931,16
Atom Egoyan,atom-egoyans-criterion-closet-picks-1,wings-of-desire,Wings of Desire,1987,1
Atom Egoyan,atom-egoyans-criterion-closet-picks-1,the-seventh-continent,The Seventh Continent,1989,2
Atom Egoyan,atom-egoyans-criterion-closet-picks-1,bennys-video,Benny's Video,1992,3
Atom Egoyan,atom-egoyans-criterion-closet-picks-1,71-fragments-of-a-chronology-of-chance,71 Fragments of a Chronology of Chance,1994,4
Atom Egoyan,atom-egoyans-criterion-closet-picks-1,fat-girl,Fat Girl,2001,5
Atom Egoyan,atom-egoyans-criterion-closet-picks-1,working-girls-1986,Working Girls,1986,6
Atom Egoyan,atom-egoyans-criterion-closet-picks-1,accattone,Accattone,1961,7
Atom Egoyan,atom-egoyans-criterion-closet-picks-1,mamma-roma,Mamma Roma,1962,8
Atom Egoyan,atom-egoyans-criterion-closet-picks-1,love-meetings,Love Meetings,1964,9
Atom Egoyan,atom-egoyans-criterion-closet-picks-1,the-gospel-according-to-st-matthew,The Gospel According to St. Matthew,1964,10
Atom Egoyan,atom-egoyans-criterion-closet-picks-1,the-hawks-and-the-sparrows,The Hawks and the Sparrows,1966,11
Atom Egoyan,atom-egoyans-criterion-closet-picks-1,oedipus-rex,Oedipus Rex,1967,12
Atom Egoyan,atom-egoyans-criterion-closet-picks-1,theorem,Theorem,1968,13
Atom Egoyan,atom-egoyans-criterion-closet-picks-1,pigsty,Pigsty,1969,14
Atom Egoyan,atom-egoyans-criterion-closet-picks-1,medea,Medea,1969,15
Atom Egoyan,atom-egoyans-criterion-closet-picks-1,the-night-porter,The Night Porter,1974,16
Atom Egoyan,atom-egoyans-criterion-closet-picks-1,walkabout,Walkabout,1971,17
Atom Egoyan,atom-egoyans-criterion-closet-picks-1,crisis,Crisis,1946,18
Atom Egoyan,atom-egoyans-criterion-closet-picks-1,a-ship-to-india,A Ship to India,1947,19
Atom Egoyan,atom-egoyans-criterion-closet-picks-1,port-of-call,Port of Call,1948,20
Atom Egoyan,atom-egoyans-criterion-closet-picks-1,thirst,Thirst,1949,21
Atom Egoyan,atom-egoyans-criterion-closet-picks-1,to-joy,To Joy,1950,22
Atom Egoyan,atom-egoyans-criterion-closet-picks-1,summer-interlude,Summer Interlude,1951,23
Atom Egoyan,atom-egoyans-criterion-closet-picks-1,waiting-women,Waiting Women,1952,24
Atom Egoyan,atom-egoyans-criterion-closet-picks-1,summer-with-monika,Summer with Monika,1953,25
Atom Egoyan,atom-egoyans-criterion-closet-picks-1,sawdust-and-tinsel,Sawdust and Tinsel,1953,26
Atom Egoyan,atom-egoyans-criterion-closet-picks-1,a-lesson-in-love,A Lesson in Love,1954,27
Atom Egoyan,atom-egoyans-criterion-closet-picks-1,dreams-1955,Dreams,1955,28
Atom Egoyan,atom-egoyans-criterion-closet-picks-1,smiles-of-a-summer-night,Smiles of a Summer Night,1955,29
Atom Egoyan,atom-egoyans-criterion-closet-picks-1,the-seventh-seal,The Seventh Seal,1957,30
Atom Egoyan,atom-egoyans-criterion-closet-picks-1,wild-strawberries,Wild Strawberries,1957,31
Atom Egoyan,atom-egoyans-criterion-closet-picks-1,brink-of-life,Brink of Life,1958,32
Atom Egoyan,atom-egoyans-criterion-closet-picks-1,the-magician-1958,The Magician,1958,33
Atom Egoyan,atom-egoyans-criterion-closet-picks-1,the-virgin-spring,The Virgin Spring,1960,34
Atom Egoyan,atom-egoyans-criterion-closet-picks-1,the-devils-eye,The Devil's Eye,1960,35
Atom Egoyan,atom-egoyans-criterion-closet-picks-1,through-a-glass-darkly,Through a Glass Darkly,1961,36
Atom Egoyan,atom-egoyans-criterion-closet-picks-1,winter-light,Winter Light,1963,37
Atom Egoyan,atom-egoyans-criterion-closet-picks-1,the-silence,The Silence,1963,38
Atom Egoyan,atom-egoyans-criterion-closet-picks-1,all-these-women,All These Women,1964,39
Atom Egoyan,atom-egoyans-criterion-closet-picks-1,persona,Persona,1966,40
Atom Egoyan,atom-egoyans-criterion-closet-picks-1,hour-of-the-wolf,Hour of the Wolf,1968,41
Atom Egoyan,atom-egoyans-criterion-closet-picks-1,shame,Shame,1968,42
Atom Egoyan,atom-egoyans-criterion-closet-picks-1,the-rite,The Rite,1969,43
Atom Egoyan,atom-egoyans-criterion-closet-picks-1,the-passion-of-anna,The Passion of Anna,1969,44
Atom Egoyan,atom-egoyans-criterion-closet-picks-1,faro-document,Fårö Document,1970,45
Atom Egoyan,atom-egoyans-criterion-closet-picks-1,the-touch-1971,The Touch,1971,46
Atom Egoyan,atom-egoyans-criterion-closet-picks-1,cries-and-whispers,Cries and Whispers,1972,47
Atom Egoyan,atom-egoyans-criterion-closet-picks-1,scenes-from-a-marriage,Scenes from a Marriage,1974,48
Atom Egoyan,atom-egoyans-criterion-closet-picks-1,scenes-from-a-marriage-1973-1,Scenes from a Marriage,1973,49
Atom Egoyan,atom-egoyans-criterion-closet-picks-1,the-magic-flute,The Magic Flute,1975,50
Atom Egoyan,atom-egoyans-criterion-closet-picks-1,the-serpents-egg,The Serpent's Egg,1977,51
Atom Egoyan,atom-egoyans-criterion-closet-picks-1,autumn-sonata,Autumn Sonata,1978,52
Atom Egoyan,atom-egoyans-criterion-closet-picks-1,faro-document-1979,Fårö Document 1979,1979,53
Atom Egoyan,atom-egoyans-criterion-closet-picks-1,from-the-life-of-the-marionettes,From the Life of the Marionettes,1980,54
Atom Egoyan,atom-egoyans-criterion-closet-picks-1,fanny-and-alexander,Fanny and Alexander,1982,55
Atom Egoyan,atom-egoyans-criterion-closet-picks-1,fanny-and-alexander-1984,Fanny and Alexander,1984,56
Atom Egoyan,atom-egoyans-criterion-closet-picks-1,after-the-rehearsal,After the Rehearsal,1984,57
Atom Egoyan,atom-egoyans-criterion-closet-picks-1,saraband,Saraband,2003,58
Atom Egoyan,atom-egoyans-criterion-closet-picks-1,the-making-of-fanny-and-alexander,The Making of Fanny and Alexander,1984,59
Mary Bronstein,mary-bronsteins-criterion-closet-picks,dance-girl-dance,"Dance, Girl, Dance",1940,1
Mary Bronstein,mary-bronsteins-criterion-closet-picks,merrily-we-go-to-hell,Merrily We Go to Hell,1932,2
Mary Bronstein,mary-bronsteins-criterion-closet-picks,frownland,Frownland,2007,3
Mary Bronstein,mary-bronsteins-criterion-closet-picks,daddy-longlegs,Daddy Longlegs,2009,4
Mary Bronstein,mary-bronsteins-criterion-closet-picks,saute-ma-ville,Saute ma ville,1968,5
Mary Bronstein,mary-bronsteins-criterion-closet-picks,the-beloved-child-or-i-play-at-being-a-married-woman,"The Beloved Child, or I Play at Being a Married Woman",1971,6
Mary Bronstein,mary-bronsteins-criterion-closet-picks,la-chambre-1972,La chambre,1972,7
Mary Bronstein,mary-bronsteins-criterion-closet-picks,hotel-monterey,Hotel Monterey,1973,8
Mary Bronstein,mary-bronsteins-criterion-closet-picks,le-15-8,Le 15/8,1973,9
Mary Bronstein,mary-bronsteins-criterion-closet-picks,je-tu-il-elle,Je Tu Il Elle,1974,10
Mary Bronstein,mary-bronsteins-criterion-closet-picks,jeanne-dielman-23-quai-du-commerce-1080-bruxelles,"Jeanne Dielman, 23, quai du Commerce, 1080 Bruxelles",1975,11
Mary Bronstein,mary-bronsteins-criterion-closet-picks,news-from-home,News from Home,1976,12
Mary Bronstein,mary-bronsteins-criterion-closet-picks,the-meetings-of-anna,The Meetings of Anna,1978,13
Mary Bronstein,mary-bronsteins-criterion-closet-picks,inland-empire,Inland Empire,2006,14
Mary Bronstein,mary-bronsteins-criterion-closet-picks,this-is-spinal-tap,This Is Spinal Tap,1984,15
Mary Bronstein,mary-bronsteins-criterion-closet-picks,the-bakery-girl-of-monceau,The Bakery Girl of Monceau,1963,16
Mary Bronstein,mary-bronsteins-criterion-closet-picks,suzannes-career,Suzanne’s Career,1963,17
Mary Bronstein,mary-bronsteins-criterion-closet-picks,my-night-at-mauds,My Night at Maud's,1969,18
Mary Bronstein,mary-bronsteins-criterion-closet-picks,la-collectionneuse,La Collectionneuse,1967,19
Mary Bronstein,mary-bronsteins-criterion-closet-picks,claires-knee,Claire's Knee,1970,20
Mary Bronstein,mary-bronsteins-criterion-closet-picks,love-in-the-afternoon-1972,Love in the Afternoon,1972,21
Mary Bronstein,mary-bronsteins-criterion-closet-picks,its-a-mad-mad-mad-mad-world,"It's a Mad, Mad, Mad, Mad World",1963,22
Catherine Breillat,catherine-breillats-criterion-closet-picks,viridiana,Viridiana,1961,1
Catherine Breillat,catherine-breillats-criterion-closet-picks,black-orpheus,Black Orpheus,1959,2
Catherine Breillat,catherine-breillats-criterion-closet-picks,eraserhead,Eraserhead,1977,3
Catherine Breillat,catherine-breillats-criterion-closet-picks,on-the-waterfront,On the Waterfront,1954,4
Catherine Breillat,catherine-breillats-criterion-closet-picks,vengeance-is-mine,Vengeance Is Mine,1979,5
Catherine Breillat,catherine-breillats-criterion-closet-picks,andrei-rublev,Andrei Rublev,1966,6
Catherine Breillat,catherine-breillats-criterion-closet-picks,crisis,Crisis,1946,7
Catherine Breillat,catherine-breillats-criterion-closet-picks,a-ship-to-india,A Ship to India,1947,8
Catherine Breillat,catherine-breillats-criterion-closet-picks,port-of-call,Port of Call,1948,9
Catherine Breillat,catherine-breillats-criterion-closet-picks,thirst,Thirst,1949,10
Catherine Breillat,catherine-breillats-criterion-closet-picks,to-joy,To Joy,1950,11
Catherine Breillat,catherine-breillats-criterion-closet-picks,summer-interlude,Summer Interlude,1951,12
Catherine Breillat,catherine-breillats-criterion-closet-picks,waiting-women,Waiting Women,1952,13
Catherine Breillat,catherine-breillats-criterion-closet-picks,summer-with-monika,Summer with Monika,1953,14
Catherine Breillat,catherine-breillats-criterion-closet-picks,sawdust-and-tinsel,Sawdust and Tinsel,1953,15
Catherine Breillat,catherine-breillats-criterion-closet-picks,a-lesson-in-love,A Lesson in Love,1954,16
Catherine Breillat,catherine-breillats-criterion-closet-picks,dreams-1955,Dreams,1955,17
Catherine Breillat,catherine-breillats-criterion-closet-picks,smiles-of-a-summer-night,Smiles of a Summer Night,1955,18
Catherine Breillat,catherine-breillats-criterion-closet-picks,the-seventh-seal,The Seventh Seal,1957,19
Catherine Breillat,catherine-breillats-criterion-closet-picks,wild-strawberries,Wild Strawberries,1957,20
Catherine Breillat,catherine-breillats-criterion-closet-picks,brink-of-life,Brink of Life,1958,21
Catherine Breillat,catherine-breillats-criterion-closet-picks,the-magician-1958,The Magician,1958,22
Catherine Breillat,catherine-breillats-criterion-closet-picks,the-virgin-spring,The Virgin Spring,1960,23
Catherine Breillat,catherine-breillats-criterion-closet-picks,the-devils-eye,The Devil's Eye,1960,24
Catherine Breillat,catherine-breillats-criterion-closet-picks,through-a-glass-darkly,Through a Glass Darkly,1961,25
Catherine Breillat,catherine-breillats-criterion-closet-picks,winter-light,Winter Light,1963,26
Catherine Breillat,catherine-breillats-criterion-closet-picks,the-silence,The Silence,1963,27
Catherine Breillat,catherine-breillats-criterion-closet-picks,all-these-women,All These Women,1964,28
Catherine Breillat,catherine-breillats-criterion-closet-picks,persona,Persona,1966,29
Catherine Breillat,catherine-breillats-criterion-closet-picks,hour-of-the-wolf,Hour of the Wolf,1968,30
Catherine Breillat,catherine-breillats-criterion-closet-picks,shame,Shame,1968,31
Catherine Breillat,catherine-breillats-criterion-closet-picks,the-rite,The Rite,1969,32
Catherine Breillat,catherine-breillats-criterion-closet-picks,the-passion-of-anna,The Passion of Anna,1969,33
Catherine Breillat,catherine-breillats-criterion-closet-picks,faro-document,Fårö Document,1970,34
Catherine Breillat,catherine-breillats-criterion-closet-picks,the-touch-1971,The Touch,1971,35
Catherine Breillat,catherine-breillats-criterion-closet-picks,cries-and-whispers,Cries and Whispers,1972,36
Catherine Breillat,catherine-breillats-criterion-closet-picks,scenes-from-a-marriage,Scenes from a Marriage,1974,37
Catherine Breillat,catherine-breillats-criterion-closet-picks,scenes-from-a-marriage-1973-1,Scenes from a Marriage,1973,38
Catherine Breillat,catherine-breillats-criterion-closet-picks,the-magic-flute,The Magic Flute,1975,39
Catherine Breillat,catherine-breillats-criterion-closet-picks,the-serpents-egg,The Serpent's Egg,1977,40
Catherine Breillat,catherine-breillats-criterion-closet-picks,autumn-sonata,Autumn Sonata,1978,41
Catherine Breillat,catherine-breillats-criterion-closet-picks,faro-document-1979,Fårö Document 1979,1979,42
Catherine Breillat,catherine-breillats-criterion-closet-picks,from-the-life-of-the-marionettes,From the Life of the Marionettes,1980,43
Catherine Breillat,catherine-breillats-criterion-closet-picks,fanny-and-alexander,Fanny and Alexander,1982,44
Catherine Breillat,catherine-breillats-criterion-closet-picks,fanny-and-alexander-1984,Fanny and Alexander,1984,45
Catherine Breillat,catherine-breillats-criterion-closet-picks,after-the-rehearsal,After the Rehearsal,1984,46
Catherine Breillat,catherine-breillats-criterion-closet-picks,saraband,Saraband,2003,47
Ethan Hawke and Jonathan Marc Sherman,ethan-hawke-and-jonathan-marc-shermans-criterion,baal-1970,Baal,1970,1
Ethan Hawke and Jonathan Marc Sherman,ethan-hawke-and-jonathan-marc-shermans-criterion,black-orpheus,Black Orpheus,1959,2
Ethan Hawke and Jonathan Marc Sherman,ethan-hawke-and-jonathan-marc-shermans-criterion,the-400-blows,The 400 Blows,1959,3
Ethan Hawke and Jonathan Marc Sherman,ethan-hawke-and-jonathan-marc-shermans-criterion,tootsie,Tootsie,1982,4
Ethan Hawke and Jonathan Marc Sherman,ethan-hawke-and-jonathan-marc-shermans-criterion,breaker-morant,Breaker Morant,1980,5
Ethan Hawke and Jonathan Marc Sherman,ethan-hawke-and-jonathan-marc-shermans-criterion,rumble-fish,Rumble Fish,1983,6
Ethan Hawke and Jonathan Marc Sherman,ethan-hawke-and-jonathan-marc-shermans-criterion,berlin-alexanderplatz,Berlin Alexanderplatz,1980,7
Ethan Hawke and Jonathan Marc Sherman,ethan-hawke-and-jonathan-marc-shermans-criterion,ace-in-the-hole,Ace in the Hole,1951,8
Ethan Hawke and Jonathan Marc Sherman,ethan-hawke-and-jonathan-marc-shermans-criterion,paris-texas,"Paris, Texas",1984,9
Ethan Hawke and Jonathan Marc Sherman,ethan-hawke-and-jonathan-marc-shermans-criterion,sullivans-travels,Sullivan's Travels,1941,10
Ethan Hawke and Jonathan Marc Sherman,ethan-hawke-and-jonathan-marc-shermans-criterion,before-sunrise,Before Sunrise,1995,11
Ethan Hawke and Jonathan Marc Sherman,ethan-hawke-and-jonathan-marc-shermans-criterion,before-sunset,Before Sunset,2004,12
Ethan Hawke and Jonathan Marc Sherman,ethan-hawke-and-jonathan-marc-shermans-criterion,before-midnight,Before Midnight,2013,13
Ethan Hawke and Jonathan Marc Sherman,ethan-hawke-and-jonathan-marc-shermans-criterion,one-eyed-jacks,One-Eyed Jacks,1961,14
Ethan Hawke and Jonathan Marc Sherman,ethan-hawke-and-jonathan-marc-shermans-criterion,five-easy-pieces,Five Easy Pieces,1970,15
Ethan Hawke and Jonathan Marc Sherman,ethan-hawke-and-jonathan-marc-shermans-criterion,house,House,1977,16
Ethan Hawke and Jonathan Marc Sherman,ethan-hawke-and-jonathan-marc-shermans-criterion,lola,Lola,1961,17
Ethan Hawke and Jonathan Marc Sherman,ethan-hawke-and-jonathan-marc-shermans-criterion,bay-of-angels,Bay of Angels,1963,18
Ethan Hawke and Jonathan Marc Sherman,ethan-hawke-and-jonathan-marc-shermans-criterion,the-umbrellas-of-cherbourg,The Umbrellas of Cherbourg,1964,19
Ethan Hawke and Jonathan Marc Sherman,ethan-hawke-and-jonathan-marc-shermans-criterion,the-young-girls-of-rochefort,The Young Girls of Rochefort,1967,20
Ethan Hawke and Jonathan Marc Sherman,ethan-hawke-and-jonathan-marc-shermans-criterion,donkey-skin,Donkey Skin,1970,21
Ethan Hawke and Jonathan Marc Sherman,ethan-hawke-and-jonathan-marc-shermans-criterion,a-room-in-town-1982,A Room in Town,1982,22
Benny Safdie's Second,benny-safdies-second-criterion-closet-picks,the-princess-bride,The Princess Bride,1987,1
Benny Safdie's Second,benny-safdies-second-criterion-closet-picks,the-war-room,The War Room,1993,2
Benny Safdie's Second,benny-safdies-second-criterion-closet-picks,when-we-were-kings,When We Were Kings,1996,3
Benny Safdie's Second,benny-safdies-second-criterion-closet-picks,alice-in-the-cities,Alice in the Cities,1974,4
Benny Safdie's Second,benny-safdies-second-criterion-closet-picks,wrong-move,Wrong Move,1975,5
Benny Safdie's Second,benny-safdies-second-criterion-closet-picks,kings-of-the-road,Kings of the Road,1976,6
Benny Safdie's Second,benny-safdies-second-criterion-closet-picks,carnal-knowledge,Carnal Knowledge,1971,7
Benny Safdie's Second,benny-safdies-second-criterion-closet-picks,flow-2024,Flow,2024,8
Benny Safdie's Second,benny-safdies-second-criterion-closet-picks,the-red-balloon,The Red Balloon,1956,9
Benny Safdie's Second,benny-safdies-second-criterion-closet-picks,white-mane,White Mane,1953,10
Benny Safdie's Second,benny-safdies-second-criterion-closet-picks,bim-the-little-donkey,"Bim, the Little Donkey",1951,11
Benny Safdie's Second,benny-safdies-second-criterion-closet-picks,stowaway-in-the-sky,Stowaway in the Sky,1960,12
Benny Safdie's Second,benny-safdies-second-criterion-closet-picks,circus-angel,Circus Angel,1965,13
Benny Safdie's Second,benny-safdies-second-criterion-closet-picks,husbands,Husbands,1970,14
Benny Safdie's Second,benny-safdies-second-criterion-closet-picks,the-great-escape,The Great Escape,1963,15
Chloe Domont,chloe-domonts-criterion-closet-picks,fair-play-2023,Fair Play,2023,1
Chloe Domont,chloe-domonts-criterion-closet-picks,thelma-louise,Thelma & Louise,1991,2
Chloe Domont,chloe-domonts-criterion-closet-picks,breaking-the-waves,Breaking the Waves,1996,3
Chloe Domont,chloe-domonts-criterion-closet-picks,the-celebration,The Celebration,1998,4
Veronika Franz and Severin Fiala,veronika-franz-and-severin-fialas-criterion,seconds,Seconds,1966,1
Veronika Franz and Severin Fiala,veronika-franz-and-severin-fialas-criterion,the-ballad-of-narayama-1958,The Ballad of Narayama,1958,2
Veronika Franz and Severin Fiala,veronika-franz-and-severin-fialas-criterion,the-insect-woman,The Insect Woman,1963,3
Veronika Franz and Severin Fiala,veronika-franz-and-severin-fialas-criterion,pigs-and-battleships,Pigs and Battleships,1961,4
Veronika Franz and Severin Fiala,veronika-franz-and-severin-fialas-criterion,intentions-of-murder,Intentions of Murder,1964,5
Veronika Franz and Severin Fiala,veronika-franz-and-severin-fialas-criterion,the-human-condition-i-no-greater-love,The Human Condition I: No Greater Love,1959,6
Veronika Franz and Severin Fiala,veronika-franz-and-severin-fialas-criterion,the-human-condition-ii-road-to-eternity,The Human Condition II: Road to Eternity,1959,7
Veronika Franz and Severin Fiala,veronika-franz-and-severin-fialas-criterion,the-human-condition-iii-a-soldiers-prayer,The Human Condition III: A Soldier's Prayer,1961,8
Rose Byrne,rose-byrnes-criterion-closet-picks,the-piano,The Piano,1993,1
Rose Byrne,rose-byrnes-criterion-closet-picks,trainspotting,Trainspotting,1996,2
Rose Byrne,rose-byrnes-criterion-closet-picks,mulholland-drive,Mulholland Drive,2001,3
Rose Byrne,rose-byrnes-criterion-closet-picks,paris-texas,"Paris, Texas",1984,4
Rose Byrne,rose-byrnes-criterion-closet-picks,secrets-lies,Secrets & Lies,1996,5
Rose Byrne,rose-byrnes-criterion-closet-picks,an-unmarried-woman,An Unmarried Woman,1978,6
Seth Myers,seth-myers-criterion-closet-picks,army-of-shadows,Army of Shadows,1969,1
Seth Myers,seth-myers-criterion-closet-picks,the-grand-budapest-hotel,The Grand Budapest Hotel,2014,2
Seth Myers,seth-myers-criterion-closet-picks,millers-crossing,Miller's Crossing,1990,3
Seth Myers,seth-myers-criterion-closet-picks,watership-down,Watership Down,1978,4
Seth Myers,seth-myers-criterion-closet-picks,lost-in-america,Lost in America,1985,5
Seth Myers,seth-myers-criterion-closet-picks,withnail-i,Withnail & I,1987,6
Seth Myers,seth-myers-criterion-closet-picks,the-long-good-friday,The Long Good Friday,1980,7
Seth Myers,seth-myers-criterion-closet-picks,grey-gardens,Grey Gardens,1975,8
Seth Myers,seth-myers-criterion-closet-picks,salesman,Salesman,1969,9
Seth Myers,seth-myers-criterion-closet-picks,jules-and-jim,Jules and Jim,1962,10
Jeremy Thomas,jeremy-thomas-criterion-closet-picks,a-touch-of-zen,A Touch of Zen,1970,1
Jeremy Thomas,jeremy-thomas-criterion-closet-picks,the-leopard,The Leopard,1963,2
Jeremy Thomas,jeremy-thomas-criterion-closet-picks,beau-travail,Beau Travail,1999,3
Jeremy Thomas,jeremy-thomas-criterion-closet-picks,the-last-wave,The Last Wave,1977,4
Jeremy Thomas,jeremy-thomas-criterion-closet-picks,the-discreet-charm-of-the-bourgeoisie,The Discreet Charm of the Bourgeoisie,1972,5
Jeremy Thomas,jeremy-thomas-criterion-closet-picks,the-phantom-of-liberty,The Phantom of Liberty,1974,6
Jeremy Thomas,jeremy-thomas-criterion-closet-picks,that-obscure-object-of-desire,That Obscure Object of Desire,1977,7
Jeremy Thomas,jeremy-thomas-criterion-closet-picks,the-last-emperor,The Last Emperor,1987,8
Jeremy Thomas,jeremy-thomas-criterion-closet-picks,the-double-life-of-veronique,The Double Life of Véronique,1991,9
Jeremy Thomas,jeremy-thomas-criterion-closet-picks,the-rules-of-the-game,The Rules of the Game,1939,10
Jeremy Thomas,jeremy-thomas-criterion-closet-picks,alice-in-the-cities,Alice in the Cities,1974,11
Jeremy Thomas,jeremy-thomas-criterion-closet-picks,wrong-move,Wrong Move,1975,12
Jeremy Thomas,jeremy-thomas-criterion-closet-picks,kings-of-the-road,Kings of the Road,1976,13
Jeremy Thomas,jeremy-thomas-criterion-closet-picks,la-strada,La Strada,1954,14
Jeremy Thomas,jeremy-thomas-criterion-closet-picks,ace-in-the-hole,Ace in the Hole,1951,15
Jeremy Thomas,jeremy-thomas-criterion-closet-picks,eo,EO,2022,16
Pablo Larraín,pablo-larrains-criterion-closet-picks,maria-2024,Maria,2024,1
Pablo Larraín,pablo-larrains-criterion-closet-picks,berlin-alexanderplatz,Berlin Alexanderplatz,1980,2
Pablo Larraín,pablo-larrains-criterion-closet-picks,medea,Medea,1969,3
Pablo Larraín,pablo-larrains-criterion-closet-picks,boyhood,Boyhood,2014,4
Pablo Larraín,pablo-larrains-criterion-closet-picks,y-tu-mama-tambien,Y Tu Mamá También,2001,5
Pablo Larraín,pablo-larrains-criterion-closet-picks,accattone,Accattone,1961,6
Pablo Larraín,pablo-larrains-criterion-closet-picks,mamma-roma,Mamma Roma,1962,7
Pablo Larraín,pablo-larrains-criterion-closet-picks,love-meetings,Love Meetings,1964,8
Pablo Larraín,pablo-larrains-criterion-closet-picks,the-gospel-according-to-st-matthew,The Gospel According to St. Matthew,1964,9
Pablo Larraín,pablo-larrains-criterion-closet-picks,the-hawks-and-the-sparrows,The Hawks and the Sparrows,1966,10
Pablo Larraín,pablo-larrains-criterion-closet-picks,oedipus-rex,Oedipus Rex,1967,11
Pablo Larraín,pablo-larrains-criterion-closet-picks,theorem,Theorem,1968,12
Pablo Larraín,pablo-larrains-criterion-closet-picks,pigsty,Pigsty,1969,13
Pablo Larraín,pablo-larrains-criterion-closet-picks,three-colours-blue,Three Colours: Blue,1993,14
Pablo Larraín,pablo-larrains-criterion-closet-picks,three-colours-red,Three Colours: Red,1994,15
Pablo Larraín,pablo-larrains-criterion-closet-picks,three-colours-white,Three Colours: White,1994,16
Pablo Larraín,pablo-larrains-criterion-closet-picks,all-about-my-mother,All About My Mother,1999,17
Pablo Larraín,pablo-larrains-criterion-closet-picks,certified-copy,Certified Copy,2010,18
Nia DaCosta,nia-dacostas-criterion-closet-picks,love-basketball,Love & Basketball,2000,1
Nia DaCosta,nia-dacostas-criterion-closet-picks,come-and-see,Come and See,1985,2
Nia DaCosta,nia-dacostas-criterion-closet-picks,the-cranes-are-flying,The Cranes Are Flying,1957,3
Nia DaCosta,nia-dacostas-criterion-closet-picks,barry-lyndon,Barry Lyndon,1975,4
Nia DaCosta,nia-dacostas-criterion-closet-picks,summer-hours,Summer Hours,2008,5
Nia DaCosta,nia-dacostas-criterion-closet-picks,the-power-of-the-dog,The Power of the Dog,2021,6
Nia DaCosta,nia-dacostas-criterion-closet-picks,varda-by-agnes,Varda by Agnès,2019,7
Nia DaCosta,nia-dacostas-criterion-closet-picks,la-pointe-courte,La Pointe Courte,1955,8
Nia DaCosta,nia-dacostas-criterion-closet-picks,cleo-from-5-to-7,Cléo from 5 to 7,1962,9
Nia DaCosta,nia-dacostas-criterion-closet-picks,daguerreotypes,Daguerréotypes,1975,10
Nia DaCosta,nia-dacostas-criterion-closet-picks,happiness-1965,Le Bonheur,1965,11
Nia DaCosta,nia-dacostas-criterion-closet-picks,the-creatures,The Creatures,1966,12
Nia DaCosta,nia-dacostas-criterion-closet-picks,uncle-yanco,Uncle Yanco,1967,13
Nia DaCosta,nia-dacostas-criterion-closet-picks,black-panthers,Black Panthers,1968,14
Nia DaCosta,nia-dacostas-criterion-closet-picks,lions-love,Lions Love,1969,15
Nia DaCosta,nia-dacostas-criterion-closet-picks,mur-murs,Mur Murs,1981,16
Nia DaCosta,nia-dacostas-criterion-closet-picks,documenteur,Documenteur,1981,17
Nia DaCosta,nia-dacostas-criterion-closet-picks,one-sings-the-other-doesnt,"One Sings, the Other Doesn't",1977,18
Nia DaCosta,nia-dacostas-criterion-closet-picks,vagabond,Vagabond,1985,19
Nia DaCosta,nia-dacostas-criterion-closet-picks,jane-b-by-agnes-v,Jane B. by Agnès V.,1988,20
Nia DaCosta,nia-dacostas-criterion-closet-picks,kung-fu-master,Kung-Fu Master!,1988,21
Nia DaCosta,nia-dacostas-criterion-closet-picks,jacquot-de-nantes,Jacquot de Nantes,1991,22
Nia DaCosta,nia-dacostas-criterion-closet-picks,one-hundred-and-one-nights,One Hundred and One Nights,1995,23
Nia DaCosta,nia-dacostas-criterion-closet-picks,the-gleaners-and-i,The Gleaners and I,2000,24
Nia DaCosta,nia-dacostas-criterion-closet-picks,the-gleaners-and-i-two-years-later,The Gleaners and I: Two Years Later,2002,25
Nia DaCosta,nia-dacostas-criterion-closet-picks,faces-places,Faces Places,2017,26
Nia DaCosta,nia-dacostas-criterion-closet-picks,agnes-varda-from-here-to-there,Agnès Varda: From Here to There,2011,27
Nia DaCosta,nia-dacostas-criterion-closet-picks,the-beaches-of-agnes,The Beaches of Agnès,2008,28
Nia DaCosta,nia-dacostas-criterion-closet-picks,phoenix-2014,Phoenix,2014,29
Nia DaCosta,nia-dacostas-criterion-closet-picks,twin-peaks-fire-walk-with-me,Twin Peaks: Fire Walk with Me,1992,30
John Dwyer,john-dwyers-criterion-closet-picks,repo-man,Repo Man,1984,1
John Dwyer,john-dwyers-criterion-closet-picks,naked-lunch,Naked Lunch,1991,2
John Dwyer,john-dwyers-criterion-closet-picks,grey-gardens,Grey Gardens,1975,3
John Dwyer,john-dwyers-criterion-closet-picks,odd-man-out,Odd Man Out,1947,4
John Dwyer,john-dwyers-criterion-closet-picks,the-manchurian-candidate,The Manchurian Candidate,1962,5
John Dwyer,john-dwyers-criterion-closet-picks,night-of-the-living-dead,Night of the Living Dead,1968,6
John Dwyer,john-dwyers-criterion-closet-picks,true-stories,True Stories,1986,7
Oscar Isaac,oscar-isaacs-criterion-closet-picks,the-last-temptation-of-christ,The Last Temptation of Christ,1988,1
Oscar Isaac,oscar-isaacs-criterion-closet-picks,rushmore,Rushmore,1998,2
Oscar Isaac,oscar-isaacs-criterion-closet-picks,shadows-1958,Shadows,1958,3
Oscar Isaac,oscar-isaacs-criterion-closet-picks,faces-1968,Faces,1968,4
Oscar Isaac,oscar-isaacs-criterion-closet-picks,a-woman-under-the-influence,A Woman Under the Influence,1974,5
Oscar Isaac,oscar-isaacs-criterion-closet-picks,the-killing-of-a-chinese-bookie,The Killing of a Chinese Bookie,1976,6
Oscar Isaac,oscar-isaacs-criterion-closet-picks,opening-night,Opening Night,1977,7
Oscar Isaac,oscar-isaacs-criterion-closet-picks,a-constant-forge,A Constant Forge,2000,8
Oscar Isaac,oscar-isaacs-criterion-closet-picks,the-fisher-king,The Fisher King,1991,9
Oscar Isaac,oscar-isaacs-criterion-closet-picks,dont-look-back-1967,Dont Look Back,1967,10
Oscar Isaac,oscar-isaacs-criterion-closet-picks,pans-labyrinth,Pan's Labyrinth,2006,11
Oscar Isaac,oscar-isaacs-criterion-closet-picks,inside-llewyn-davis,Inside Llewyn Davis,2013,12
Oscar Isaac,oscar-isaacs-criterion-closet-picks,dreams,Dreams,1990,13
Oscar Isaac,oscar-isaacs-criterion-closet-picks,throne-of-blood,Throne of Blood,1957,14
Oscar Isaac,oscar-isaacs-criterion-closet-picks,the-tree-of-life-2011,The Tree of Life,2011,15
Oscar Isaac,oscar-isaacs-criterion-closet-picks,la-llorona-2019,La Llorona,2019,16
Oscar Isaac,oscar-isaacs-criterion-closet-picks,guillermo-del-toros-pinocchio,Guillermo del Toro's Pinocchio,2022,17
Oscar Isaac,oscar-isaacs-criterion-closet-picks,raging-bull,Raging Bull,1980,18
Oscar Isaac,oscar-isaacs-criterion-closet-picks,you-can-count-on-me,You Can Count on Me,2000,19
Azazel Jacobs,azazel-jacobs-criterion-closet-picks,the-exterminating-angel,The Exterminating Angel,1962,1
Azazel Jacobs,azazel-jacobs-criterion-closet-picks,the-night-of-the-hunter,The Night of the Hunter,1955,2
Azazel Jacobs,azazel-jacobs-criterion-closet-picks,hobsons-choice,Hobson's Choice,1954,3
Azazel Jacobs,azazel-jacobs-criterion-closet-picks,la-vie-de-boheme,La Vie de Bohème,1992,4
Azazel Jacobs,azazel-jacobs-criterion-closet-picks,la-cienaga,La Ciénaga,2001,5
Azazel Jacobs,azazel-jacobs-criterion-closet-picks,girlfriends-1978,Girlfriends,1978,6
Azazel Jacobs,azazel-jacobs-criterion-closet-picks,totem-2023,Tótem,2023,7
Azazel Jacobs,azazel-jacobs-criterion-closet-picks,miracle-in-milan,Miracle in Milan,1951,8
Azazel Jacobs,azazel-jacobs-criterion-closet-picks,the-breakfast-club,The Breakfast Club,1985,9
Azazel Jacobs,azazel-jacobs-criterion-closet-picks,pandoras-box,Pandora's Box,1929,10
Ben Gibbard,ben-gibbards-criterion-closet-picks,streetwise,Streetwise,1984,1
Ben Gibbard,ben-gibbards-criterion-closet-picks,the-exterminating-angel,The Exterminating Angel,1962,2
Ben Gibbard,ben-gibbards-criterion-closet-picks,the-discreet-charm-of-the-bourgeoisie,The Discreet Charm of the Bourgeoisie,1972,3
Ben Gibbard,ben-gibbards-criterion-closet-picks,the-phantom-of-liberty,The Phantom of Liberty,1974,4
Ben Gibbard,ben-gibbards-criterion-closet-picks,that-obscure-object-of-desire,That Obscure Object of Desire,1977,5
Ben Gibbard,ben-gibbards-criterion-closet-picks,monterey-pop,Monterey Pop,1968,6
Ben Gibbard,ben-gibbards-criterion-closet-picks,jimi-plays-monterey,Jimi Plays Monterey,1986,7
Ben Gibbard,ben-gibbards-criterion-closet-picks,old-joy,Old Joy,2006,8
Ben Gibbard,ben-gibbards-criterion-closet-picks,take-out-2004,Take Out,2004,9
Ben Gibbard,ben-gibbards-criterion-closet-picks,brute-force,Brute Force,1947,10
Ben Gibbard,ben-gibbards-criterion-closet-picks,le-havre,Le Havre,2011,11
Ben Gibbard,ben-gibbards-criterion-closet-picks,shadows-in-paradise,Shadows in Paradise,1986,12
Ben Gibbard,ben-gibbards-criterion-closet-picks,ariel,Ariel,1988,13
Ben Gibbard,ben-gibbards-criterion-closet-picks,the-match-factory-girl,The Match Factory Girl,1990,14
Ben Gibbard,ben-gibbards-criterion-closet-picks,tiny-the-life-of-erin-blackwell,Tiny: The Life of Erin Blackwell,2016,15
Alain Guiraudie,alain-guiraudies-criterion-closet-picks,happiness,Happiness,1998,1
Alain Guiraudie,alain-guiraudies-criterion-closet-picks,walle,WALL·E,2008,2
Alain Guiraudie,alain-guiraudies-criterion-closet-picks,rome-open-city,"Rome, Open City",1945,3
Alain Guiraudie,alain-guiraudies-criterion-closet-picks,paisan,Paisan,1946,4
Alain Guiraudie,alain-guiraudies-criterion-closet-picks,germany-year-zero,"Germany, Year Zero",1948,5
Alain Guiraudie,alain-guiraudies-criterion-closet-picks,mulholland-drive,Mulholland Drive,2001,6
Alain Guiraudie,alain-guiraudies-criterion-closet-picks,pickpocket,Pickpocket,1959,7
Alain Guiraudie,alain-guiraudies-criterion-closet-picks,the-exterminating-angel,The Exterminating Angel,1962,8
Jude Law,jude-laws-criterion-closet-picks-1,my-beautiful-laundrette,My Beautiful Laundrette,1985,1
Jude Law,jude-laws-criterion-closet-picks-1,mona-lisa,Mona Lisa,1986,2
Jude Law,jude-laws-criterion-closet-picks-1,stalker,Stalker,1979,3
Jude Law,jude-laws-criterion-closet-picks-1,andrei-rublev,Andrei Rublev,1966,4
Jude Law,jude-laws-criterion-closet-picks-1,purple-noon,Purple Noon,1960,5
Jude Law,jude-laws-criterion-closet-picks-1,the-wages-of-fear,The Wages of Fear,1953,6
Jude Law,jude-laws-criterion-closet-picks-1,local-hero,Local Hero,1983,7
Jude Law,jude-laws-criterion-closet-picks-1,the-night-of-the-hunter,The Night of the Hunter,1955,8
Winona Ryder,winona-ryders-criterion-closet-picks,after-life,After Life,1998,1
Winona Ryder,winona-ryders-criterion-closet-picks,au-revoir-les-enfants,Au Revoir les Enfants,1987,2
Winona Ryder,winona-ryders-criterion-closet-picks,the-learning-tree,The Learning Tree,1969,3
Winona Ryder,winona-ryders-criterion-closet-picks,shadows-1958,Shadows,1958,4
Winona Ryder,winona-ryders-criterion-closet-picks,faces-1968,Faces,1968,5
Winona Ryder,winona-ryders-criterion-closet-picks,a-woman-under-the-influence,A Woman Under the Influence,1974,6
Winona Ryder,winona-ryders-criterion-closet-picks,the-killing-of-a-chinese-bookie,The Killing of a Chinese Bookie,1976,7
Winona Ryder,winona-ryders-criterion-closet-picks,opening-night,Opening Night,1977,8
Winona Ryder,winona-ryders-criterion-closet-picks,a-constant-forge,A Constant Forge,2000,9
Winona Ryder,winona-ryders-criterion-closet-picks,ghost-dog-the-way-of-the-samurai,Ghost Dog: The Way of the Samurai,1999,10
Winona Ryder,winona-ryders-criterion-closet-picks,down-by-law,Down by Law,1986,11
Winona Ryder,winona-ryders-criterion-closet-picks,lost-in-america,Lost in America,1985,12
Winona Ryder,winona-ryders-criterion-closet-picks,matewan,Matewan,1987,13
Winona Ryder,winona-ryders-criterion-closet-picks,pat-garrett-billy-the-kid,Pat Garrett & Billy the Kid,1973,14
Kevin Smith,kevin-smiths-criterion-closet-picks,his-girl-friday,His Girl Friday,1940,1
Kevin Smith,kevin-smiths-criterion-closet-picks,citizen-kane,Citizen Kane,1941,2
Kevin Smith,kevin-smiths-criterion-closet-picks,hollywood-shuffle,Hollywood Shuffle,1987,3
Kevin Smith,kevin-smiths-criterion-closet-picks,bull-durham,Bull Durham,1988,4
Kevin Smith,kevin-smiths-criterion-closet-picks,the-prince-of-tides,The Prince of Tides,1991,5
Kevin Smith,kevin-smiths-criterion-closet-picks,deep-cover,Deep Cover,1992,6
Kevin Smith,kevin-smiths-criterion-closet-picks,slacker,Slacker,1990,7
John Sayles,john-sayles-criterion-closet-picks,matewan,Matewan,1987,1
John Sayles,john-sayles-criterion-closet-picks,la-strada,La Strada,1954,2
John Sayles,john-sayles-criterion-closet-picks,the-organizer,The Organizer,1963,3
John Sayles,john-sayles-criterion-closet-picks,state-of-siege,State of Siege,1972,4
John Sayles,john-sayles-criterion-closet-picks,his-girl-friday,His Girl Friday,1940,5
Luca Guadagnino,luca-guadagninos-criterion-closet-picks,as-tears-go-by,As Tears Go By,1988,1
Luca Guadagnino,luca-guadagninos-criterion-closet-picks,ah-fei-jing-juen,Days of Being Wild,1990,2
Luca Guadagnino,luca-guadagninos-criterion-closet-picks,chungking-express,Chungking Express,1994,3
Luca Guadagnino,luca-guadagninos-criterion-closet-picks,fallen-angels,Fallen Angels,1995,4
Luca Guadagnino,luca-guadagninos-criterion-closet-picks,happy-together-1997,Happy Together,1997,5
Luca Guadagnino,luca-guadagninos-criterion-closet-picks,in-the-mood-for-love,In the Mood for Love,2000,6
Luca Guadagnino,luca-guadagninos-criterion-closet-picks,2046,2046,2004,7
Luca Guadagnino,luca-guadagninos-criterion-closet-picks,the-naked-kiss,The Naked Kiss,1964,8
Luca Guadagnino,luca-guadagninos-criterion-closet-picks,fat-girl,Fat Girl,2001,9
Luca Guadagnino,luca-guadagninos-criterion-closet-picks,the-age-of-innocence,The Age of Innocence,1993,10
Luca Guadagnino,luca-guadagninos-criterion-closet-picks,the-last-temptation-of-christ,The Last Temptation of Christ,1988,11
Luca Guadagnino,luca-guadagninos-criterion-closet-picks,cairo-station,Cairo Station,1958,12
Luca Guadagnino,luca-guadagninos-criterion-closet-picks,sorcerer,Sorcerer,1977,13
Luca Guadagnino,luca-guadagninos-criterion-closet-picks,night-moves,Night Moves,1975,14
Jerry Schatzberg,jerry-schatzbergs-criterion-closet-picks,morocco,Morocco,1930,1
Jerry Schatzberg,jerry-schatzbergs-criterion-closet-picks,dishonored,Dishonored,1931,2
Jerry Schatzberg,jerry-schatzbergs-criterion-closet-picks,shanghai-express,Shanghai Express,1932,3
Jerry Schatzberg,jerry-schatzbergs-criterion-closet-picks,blonde-venus,Blonde Venus,1932,4
Jerry Schatzberg,jerry-schatzbergs-criterion-closet-picks,the-scarlet-empress,The Scarlet Empress,1934,5
Jerry Schatzberg,jerry-schatzbergs-criterion-closet-picks,the-devil-is-a-woman,The Devil Is a Woman,1935,6
Jerry Schatzberg,jerry-schatzbergs-criterion-closet-picks,on-the-waterfront,On the Waterfront,1954,7
Jerry Schatzberg,jerry-schatzbergs-criterion-closet-picks,round-midnight,'Round Midnight,1986,8
Jerry Schatzberg,jerry-schatzbergs-criterion-closet-picks,the-shooting,The Shooting,1966,9
Jerry Schatzberg,jerry-schatzbergs-criterion-closet-picks,varda-by-agnes,Varda by Agnès,2019,10
Jerry Schatzberg,jerry-schatzbergs-criterion-closet-picks,la-pointe-courte,La Pointe Courte,1955,11
Jerry Schatzberg,jerry-schatzbergs-criterion-closet-picks,cleo-from-5-to-7,Cléo from 5 to 7,1962,12
Jerry Schatzberg,jerry-schatzbergs-criterion-closet-picks,daguerreotypes,Daguerréotypes,1975,13
Jerry Schatzberg,jerry-schatzbergs-criterion-closet-picks,happiness-1965,Le Bonheur,1965,14
Jerry Schatzberg,jerry-schatzbergs-criterion-closet-picks,the-creatures,The Creatures,1966,15
Jerry Schatzberg,jerry-schatzbergs-criterion-closet-picks,uncle-yanco,Uncle Yanco,1967,16
Jerry Schatzberg,jerry-schatzbergs-criterion-closet-picks,black-panthers,Black Panthers,1968,17
Jerry Schatzberg,jerry-schatzbergs-criterion-closet-picks,lions-love,Lions Love,1969,18
Jerry Schatzberg,jerry-schatzbergs-criterion-closet-picks,mur-murs,Mur Murs,1981,19
Jerry Schatzberg,jerry-schatzbergs-criterion-closet-picks,documenteur,Documenteur,1981,20
Jerry Schatzberg,jerry-schatzbergs-criterion-closet-picks,one-sings-the-other-doesnt,"One Sings, the Other Doesn't",1977,21
Jerry Schatzberg,jerry-schatzbergs-criterion-closet-picks,vagabond,Vagabond,1985,22
Jerry Schatzberg,jerry-schatzbergs-criterion-closet-picks,jane-b-by-agnes-v,Jane B. by Agnès V.,1988,23
Jerry Schatzberg,jerry-schatzbergs-criterion-closet-picks,kung-fu-master,Kung-Fu Master!,1988,24
Jerry Schatzberg,jerry-schatzbergs-criterion-closet-picks,jacquot-de-nantes,Jacquot de Nantes,1991,25
Jerry Schatzberg,jerry-schatzbergs-criterion-closet-picks,one-hundred-and-one-nights,One Hundred and One Nights,1995,26
Jerry Schatzberg,jerry-schatzbergs-criterion-closet-picks,the-gleaners-and-i,The Gleaners and I,2000,27
Jerry Schatzberg,jerry-schatzbergs-criterion-closet-picks,the-gleaners-and-i-two-years-later,The Gleaners and I: Two Years Later,2002,28
Jerry Schatzberg,jerry-schatzbergs-criterion-closet-picks,faces-places,Faces Places,2017,29
Jerry Schatzberg,jerry-schatzbergs-criterion-closet-picks,agnes-varda-from-here-to-there,Agnès Varda: From Here to There,2011,30
Jerry Schatzberg,jerry-schatzbergs-criterion-closet-picks,the-beaches-of-agnes,The Beaches of Agnès,2008,31
Questlove,questloves-criterion-closet-picks,beastie-boys-video-anthology,Beastie Boys: Video Anthology,2000,1
Questlove,questloves-criterion-closet-picks,black-orpheus,Black Orpheus,1959,2
Questlove,questloves-criterion-closet-picks,monterey-pop,Monterey Pop,1968,3
Questlove,questloves-criterion-closet-picks,jimi-plays-monterey,Jimi Plays Monterey,1986,4
Questlove,questloves-criterion-closet-picks,shake-otis-at-monterey,Shake! Otis at Monterey,1987,5
Questlove,questloves-criterion-closet-picks,gimme-shelter-1970,Gimme Shelter,1970,6
Questlove,questloves-criterion-closet-picks,do-the-right-thing,Do the Right Thing,1989,7
Questlove,questloves-criterion-closet-picks,bamboozled,Bamboozled,2000,8
Robert De Niro,robert-de-niros-criterion-closet-picks,big-deal-on-madonna-street,Big Deal on Madonna Street,1958,1
Robert De Niro,robert-de-niros-criterion-closet-picks,divorce-italian-style,Divorce Italian Style,1961,2
Robert De Niro,robert-de-niros-criterion-closet-picks,blow-up,Blow-Up,1966,3
Robert De Niro,robert-de-niros-criterion-closet-picks,varda-by-agnes,Varda by Agnès,2019,4
Robert De Niro,robert-de-niros-criterion-closet-picks,la-pointe-courte,La Pointe Courte,1955,5
Robert De Niro,robert-de-niros-criterion-closet-picks,cleo-from-5-to-7,Cléo from 5 to 7,1962,6
Robert De Niro,robert-de-niros-criterion-closet-picks,daguerreotypes,Daguerréotypes,1975,7
Robert De Niro,robert-de-niros-criterion-closet-picks,happiness-1965,Le Bonheur,1965,8
Robert De Niro,robert-de-niros-criterion-closet-picks,the-creatures,The Creatures,1966,9
Robert De Niro,robert-de-niros-criterion-closet-picks,uncle-yanco,Uncle Yanco,1967,10
Robert De Niro,robert-de-niros-criterion-closet-picks,black-panthers,Black Panthers,1968,11
Robert De Niro,robert-de-niros-criterion-closet-picks,lions-love,Lions Love,1969,12
Robert De Niro,robert-de-niros-criterion-closet-picks,mur-murs,Mur Murs,1981,13
Robert De Niro,robert-de-niros-criterion-closet-picks,documenteur,Documenteur,1981,14
Robert De Niro,robert-de-niros-criterion-closet-picks,one-sings-the-other-doesnt,"One Sings, the Other Doesn't",1977,15
Robert De Niro,robert-de-niros-criterion-closet-picks,vagabond,Vagabond,1985,16
Robert De Niro,robert-de-niros-criterion-closet-picks,jane-b-by-agnes-v,Jane B. by Agnès V.,1988,17
Robert De Niro,robert-de-niros-criterion-closet-picks,kung-fu-master,Kung-Fu Master!,1988,18
Robert De Niro,robert-de-niros-criterion-closet-picks,jacquot-de-nantes,Jacquot de Nantes,1991,19
Robert De Niro,robert-de-niros-criterion-closet-picks,one-hundred-and-one-nights,One Hundred and One Nights,1995,20
Robert De Niro,robert-de-niros-criterion-closet-picks,the-gleaners-and-i,The Gleaners and I,2000,21
Robert De Niro,robert-de-niros-criterion-closet-picks,the-gleaners-and-i-two-years-later,The Gleaners and I: Two Years Later,2002,22
Robert De Niro,robert-de-niros-criterion-closet-picks,faces-places,Faces Places,2017,23
Robert De Niro,robert-de-niros-criterion-closet-picks,agnes-varda-from-here-to-there,Agnès Varda: From Here to There,2011,24
Robert De Niro,robert-de-niros-criterion-closet-picks,the-beaches-of-agnes,The Beaches of Agnès,2008,25
Robert De Niro,robert-de-niros-criterion-closet-picks,variety-lights,Variety Lights,1950,26
Robert De Niro,robert-de-niros-criterion-closet-picks,the-white-sheik,The White Sheik,1952,27
Robert De Niro,robert-de-niros-criterion-closet-picks,i-vitelloni,I Vitelloni,1953,28
Robert De Niro,robert-de-niros-criterion-closet-picks,la-strada,La Strada,1954,29
Robert De Niro,robert-de-niros-criterion-closet-picks,the-swindle-1955,The Swindle,1955,30
Robert De Niro,robert-de-niros-criterion-closet-picks,nights-of-cabiria,Nights of Cabiria,1957,31
Robert De Niro,robert-de-niros-criterion-closet-picks,la-dolce-vita,La Dolce Vita,1960,32
Robert De Niro,robert-de-niros-criterion-closet-picks,8-half,8½,1963,33
Robert De Niro,robert-de-niros-criterion-closet-picks,juliet-of-the-spirits,Juliet of the Spirits,1965,34
Robert De Niro,robert-de-niros-criterion-closet-picks,satyricon-1969,Satyricon,1969,35
Robert De Niro,robert-de-niros-criterion-closet-picks,roma,Roma,1972,36
Robert De Niro,robert-de-niros-criterion-closet-picks,amarcord,Amarcord,1973,37
Robert De Niro,robert-de-niros-criterion-closet-picks,and-the-ship-sails-on,And the Ship Sails On,1983,38
Robert De Niro,robert-de-niros-criterion-closet-picks,intervista,Intervista,1987,39
Maggie Gyllenhaal,maggie-gyllenhaals-criterion-closet-picks,beau-travail,Beau Travail,1999,1
Maggie Gyllenhaal,maggie-gyllenhaals-criterion-closet-picks,tampopo,Tampopo,1985,2
Maggie Gyllenhaal,maggie-gyllenhaals-criterion-closet-picks,round-midnight,'Round Midnight,1986,3
Maggie Gyllenhaal,maggie-gyllenhaals-criterion-closet-picks,the-marriage-of-maria-braun,The Marriage of Maria Braun,1979,4
Maggie Gyllenhaal,maggie-gyllenhaals-criterion-closet-picks,veronika-voss,Veronika Voss,1982,5
Maggie Gyllenhaal,maggie-gyllenhaals-criterion-closet-picks,lola-1981,Lola,1981,6
Maggie Gyllenhaal,maggie-gyllenhaals-criterion-closet-picks,where-is-the-friends-house,Where Is the Friend's House?,1987,7
Maggie Gyllenhaal,maggie-gyllenhaals-criterion-closet-picks,the-fiances,The Fiancés,1963,8
Maggie Gyllenhaal,maggie-gyllenhaals-criterion-closet-picks,il-posto,Il Posto,1961,9
Maggie Gyllenhaal,maggie-gyllenhaals-criterion-closet-picks,persona,Persona,1966,10
Maggie Gyllenhaal,maggie-gyllenhaals-criterion-closet-picks,trainspotting,Trainspotting,1996,11
Maggie Gyllenhaal,maggie-gyllenhaals-criterion-closet-picks,breathless,Breathless,1960,12
Maggie Gyllenhaal,maggie-gyllenhaals-criterion-closet-picks,vivre-sa-vie,Vivre Sa Vie,1962,13
Maggie Gyllenhaal,maggie-gyllenhaals-criterion-closet-picks,white-material,White Material,2009,14
Maggie Gyllenhaal,maggie-gyllenhaals-criterion-closet-picks,lone-star-1996,Lone Star,1996,15
Greg Gonzalez,greg-gonzalezs-criterion-closet-picks,la-bamba,La Bamba,1987,1
Greg Gonzalez,greg-gonzalezs-criterion-closet-picks,the-last-picture-show,The Last Picture Show,1971,2
Greg Gonzalez,greg-gonzalezs-criterion-closet-picks,a-tale-of-springtime,A Tale of Springtime,1990,3
Greg Gonzalez,greg-gonzalezs-criterion-closet-picks,a-tale-of-winter,A Tale of Winter,1992,4
Greg Gonzalez,greg-gonzalezs-criterion-closet-picks,a-summers-tale,A Summer's Tale,1996,5
Greg Gonzalez,greg-gonzalezs-criterion-closet-picks,a-tale-of-autumn,A Tale of Autumn,1998,6
Greg Gonzalez,greg-gonzalezs-criterion-closet-picks,the-worst-person-in-the-world,The Worst Person in the World,2021,7
Greg Gonzalez,greg-gonzalezs-criterion-closet-picks,risky-business,Risky Business,1983,8
Greg Gonzalez,greg-gonzalezs-criterion-closet-picks,the-tales-of-hoffmann,The Tales of Hoffmann,1951,9
Richard Gadd,richard-gadds-criterion-closet-picks,happiness,Happiness,1998,1
Richard Gadd,richard-gadds-criterion-closet-picks,memories-of-murder,Memories of Murder,2003,2
Richard Gadd,richard-gadds-criterion-closet-picks,trainspotting,Trainspotting,1996,3
Richard Gadd,richard-gadds-criterion-closet-picks,raging-bull,Raging Bull,1980,4
Richard Gadd,richard-gadds-criterion-closet-picks,the-last-waltz,The Last Waltz,1978,5
Richard Gadd,richard-gadds-criterion-closet-picks,gimme-shelter-1970,Gimme Shelter,1970,6
Richard Gadd,richard-gadds-criterion-closet-picks,easy-rider,Easy Rider,1969,7
Rosine Mbakam,rosine-mbakams-criterion-closet-picks,the-two-faces-of-a-bamileke-woman,The Two Faces of a Bamileke Woman,2018,1
Rosine Mbakam,rosine-mbakams-criterion-closet-picks,mambar-pierrette,Mambar Pierrette,2023,2
Rosine Mbakam,rosine-mbakams-criterion-closet-picks,mandabi,Mandabi,1968,3
Rosine Mbakam,rosine-mbakams-criterion-closet-picks,black-girl-1966,Black Girl,1966,4
Rosine Mbakam,rosine-mbakams-criterion-closet-picks,bicycle-thieves,Bicycle Thieves,1948,5
Rosine Mbakam,rosine-mbakams-criterion-closet-picks,close-up,Close-Up,1990,6
Rosine Mbakam,rosine-mbakams-criterion-closet-picks,the-new-world,The New World,2005,7
Michael Shannon,michael-shannons-criterion-closet-picks,the-elephant-man,The Elephant Man,1980,1
Michael Shannon,michael-shannons-criterion-closet-picks,being-there,Being There,1979,2
Michael Shannon,michael-shannons-criterion-closet-picks,being-john-malkovich,Being John Malkovich,1999,3
Michael Shannon,michael-shannons-criterion-closet-picks,down-by-law,Down by Law,1986,4
Michael Shannon,michael-shannons-criterion-closet-picks,seconds,Seconds,1966,5
Michael Shannon,michael-shannons-criterion-closet-picks,five-easy-pieces,Five Easy Pieces,1970,6
Michael Shannon,michael-shannons-criterion-closet-picks,head,Head,1968,7
Michael Shannon,michael-shannons-criterion-closet-picks,easy-rider,Easy Rider,1969,8
Michael Shannon,michael-shannons-criterion-closet-picks,drive-he-said,"Drive, He Said",1971,9
Michael Shannon,michael-shannons-criterion-closet-picks,a-safe-place,A Safe Place,1971,10
Michael Shannon,michael-shannons-criterion-closet-picks,the-last-picture-show,The Last Picture Show,1971,11
Michael Shannon,michael-shannons-criterion-closet-picks,the-king-of-marvin-gardens,The King of Marvin Gardens,1972,12
Michael Shannon,michael-shannons-criterion-closet-picks,eraserhead,Eraserhead,1977,13
Viggo Mortensen,viggo-mortensens-criterion-closet-picks,stagecoach,Stagecoach,1939,1
Viggo Mortensen,viggo-mortensens-criterion-closet-picks,red-river,Red River,1948,2
Viggo Mortensen,viggo-mortensens-criterion-closet-picks,forty-guns,Forty Guns,1957,3
Viggo Mortensen,viggo-mortensens-criterion-closet-picks,the-gunfighter,The Gunfighter,1950,4
Viggo Mortensen,viggo-mortensens-criterion-closet-picks,the-furies,The Furies,1950,5
Viggo Mortensen,viggo-mortensens-criterion-closet-picks,310-to-yuma,3:10 to Yuma,1957,6
Viggo Mortensen,viggo-mortensens-criterion-closet-picks,mccabe-mrs-miller,McCabe & Mrs. Miller,1971,7
Viggo Mortensen,viggo-mortensens-criterion-closet-picks,the-tall-t,The Tall T,1957,8
Viggo Mortensen,viggo-mortensens-criterion-closet-picks,decision-at-sundown,Decision at Sundown,1957,9
Viggo Mortensen,viggo-mortensens-criterion-closet-picks,buchanan-rides-alone,Buchanan Rides Alone,1958,10
Viggo Mortensen,viggo-mortensens-criterion-closet-picks,ride-lonesome,Ride Lonesome,1959,11
Viggo Mortensen,viggo-mortensens-criterion-closet-picks,comanche-station,Comanche Station,1960,12
Paul Smith,paul-smiths-criterion-closet-picks,withnail-i,Withnail & I,1987,1
Paul Smith,paul-smiths-criterion-closet-picks,breathless,Breathless,1960,2
Paul Smith,paul-smiths-criterion-closet-picks,my-beautiful-laundrette,My Beautiful Laundrette,1985,3
Paul Smith,paul-smiths-criterion-closet-picks,kagemusha,Kagemusha,1980,4
Paul Smith,paul-smiths-criterion-closet-picks,the-kid-brother,The Kid Brother,1927,5
Eric Bana,eric-banas-criterion-closet-picks-1,the-silence-of-the-lambs,The Silence of the Lambs,1991,1
Eric Bana,eric-banas-criterion-closet-picks-1,badlands,Badlands,1973,2
Eric Bana,eric-banas-criterion-closet-picks-1,breaker-morant,Breaker Morant,1980,3
Eric Bana,eric-banas-criterion-closet-picks-1,the-blob,The Blob,1958,4
Eric Bana,eric-banas-criterion-closet-picks-1,the-great-escape,The Great Escape,1963,5
Eric Bana,eric-banas-criterion-closet-picks-1,night-on-earth,Night on Earth,1991,6
Carol Kane,carol-kanes-criterion-closet-picks,all-about-eve,All About Eve,1950,1
Carol Kane,carol-kanes-criterion-closet-picks,shadows-1958,Shadows,1958,2
Carol Kane,carol-kanes-criterion-closet-picks,faces-1968,Faces,1968,3
Carol Kane,carol-kanes-criterion-closet-picks,a-woman-under-the-influence,A Woman Under the Influence,1974,4
Carol Kane,carol-kanes-criterion-closet-picks,the-killing-of-a-chinese-bookie,The Killing of a Chinese Bookie,1976,5
Carol Kane,carol-kanes-criterion-closet-picks,opening-night,Opening Night,1977,6
Carol Kane,carol-kanes-criterion-closet-picks,a-constant-forge,A Constant Forge,2000,7
Carol Kane,carol-kanes-criterion-closet-picks,local-hero,Local Hero,1983,8
Carol Kane,carol-kanes-criterion-closet-picks,my-brilliant-career,My Brilliant Career,1979,9
Carol Kane,carol-kanes-criterion-closet-picks,the-princess-bride,The Princess Bride,1987,10
Carol Kane,carol-kanes-criterion-closet-picks,shampoo,Shampoo,1975,11
Carol Kane,carol-kanes-criterion-closet-picks,hobsons-choice,Hobson's Choice,1954,12
Carol Kane,carol-kanes-criterion-closet-picks,my-own-private-idaho,My Own Private Idaho,1991,13
Carol Kane,carol-kanes-criterion-closet-picks,the-fisher-king,The Fisher King,1991,14
Carol Kane,carol-kanes-criterion-closet-picks,city-lights,City Lights,1931,15
Carol Kane,carol-kanes-criterion-closet-picks,the-ice-storm,The Ice Storm,1997,16
Carol Kane,carol-kanes-criterion-closet-picks,the-royal-tenenbaums,The Royal Tenenbaums,2001,17
Carol Kane,carol-kanes-criterion-closet-picks,being-there,Being There,1979,18
Carol Kane,carol-kanes-criterion-closet-picks,the-fugitive-kind,The Fugitive Kind,1960,19
Joel Edgerton,joel-edgertons-criterion-closet-picks,bennys-video,Benny's Video,1992,1
Joel Edgerton,joel-edgertons-criterion-closet-picks,the-wages-of-fear,The Wages of Fear,1953,2
Joel Edgerton,joel-edgertons-criterion-closet-picks,bicycle-thieves,Bicycle Thieves,1948,3
Joel Edgerton,joel-edgertons-criterion-closet-picks,police-story,Police Story,1985,4
Joel Edgerton,joel-edgertons-criterion-closet-picks,police-story-2,Police Story 2,1988,5
Joel Edgerton,joel-edgertons-criterion-closet-picks,my-life-as-a-dog,My Life as a Dog,1985,6
Joel Edgerton,joel-edgertons-criterion-closet-picks,the-hero-1966,The Hero,1966,7
Joel Edgerton,joel-edgertons-criterion-closet-picks,the-seventh-continent,The Seventh Continent,1989,8
Joel Edgerton,joel-edgertons-criterion-closet-picks,71-fragments-of-a-chronology-of-chance,71 Fragments of a Chronology of Chance,1994,9
Joel Edgerton,joel-edgertons-criterion-closet-picks,uncut-gems,Uncut Gems,2019,10
Joel Edgerton,joel-edgertons-criterion-closet-picks,man-bites-dog,Man Bites Dog,1992,11
Joel Edgerton,joel-edgertons-criterion-closet-picks,blood-simple,Blood Simple,1984,12
Joel Edgerton,joel-edgertons-criterion-closet-picks,memories-of-murder,Memories of Murder,2003,13
Mike Leigh,mike-leighs-criterion-closet-picks,naked,Naked,1993,1
Mike Leigh,mike-leighs-criterion-closet-picks,another-year,Another Year,2010,2
Mike Leigh,mike-leighs-criterion-closet-picks,bicycle-thieves,Bicycle Thieves,1948,3
Mike Leigh,mike-leighs-criterion-closet-picks,vivre-sa-vie,Vivre Sa Vie,1962,4
Mike Leigh,mike-leighs-criterion-closet-picks,a-hard-days-night,A Hard Day's Night,1964,5
Mike Leigh,mike-leighs-criterion-closet-picks,late-spring,Late Spring,1949,6
Mike Leigh,mike-leighs-criterion-closet-picks,judex-1963,Judex,1963,7
Mike Leigh,mike-leighs-criterion-closet-picks,the-firemens-ball,The Firemen's Ball,1967,8
Mike Leigh,mike-leighs-criterion-closet-picks,berlin-alexanderplatz,Berlin Alexanderplatz,1980,9
Mike Leigh,mike-leighs-criterion-closet-picks,jules-and-jim,Jules and Jim,1962,10
Mike Leigh,mike-leighs-criterion-closet-picks,divorce-italian-style,Divorce Italian Style,1961,11
Kyle MacLachlan,kyle-maclachlans-criterion-closet-picks,sex-lies-and-videotape,"sex, lies, and videotape",1989,1
Kyle MacLachlan,kyle-maclachlans-criterion-closet-picks,le-cercle-rouge,Le Cercle Rouge,1970,2
Kyle MacLachlan,kyle-maclachlans-criterion-closet-picks,the-manchurian-candidate,The Manchurian Candidate,1962,3
Kyle MacLachlan,kyle-maclachlans-criterion-closet-picks,being-there,Being There,1979,4
Kyle MacLachlan,kyle-maclachlans-criterion-closet-picks,roma,Roma,1972,5
Kyle MacLachlan,kyle-maclachlans-criterion-closet-picks,the-elephant-man,The Elephant Man,1980,6
Kyle MacLachlan,kyle-maclachlans-criterion-closet-picks,blue-velvet,Blue Velvet,1986,7
Chelsea Peretti,chelsea-perettis-criterion-closet-picks,first-time-female-director,First Time Female Director,2023,1
Chelsea Peretti,chelsea-perettis-criterion-closet-picks,girlfriends-1978,Girlfriends,1978,2
Chelsea Peretti,chelsea-perettis-criterion-closet-picks,me-and-you-and-everyone-we-know,Me and You and Everyone We Know,2005,3
Chelsea Peretti,chelsea-perettis-criterion-closet-picks,trainspotting,Trainspotting,1996,4
Chelsea Peretti,chelsea-perettis-criterion-closet-picks,grey-gardens,Grey Gardens,1975,5
Chelsea Peretti,chelsea-perettis-criterion-closet-picks,crumb,Crumb,1994,6
Chelsea Peretti,chelsea-perettis-criterion-closet-picks,hollywood-shuffle,Hollywood Shuffle,1987,7
Chelsea Peretti,chelsea-perettis-criterion-closet-picks,wild-strawberries,Wild Strawberries,1957,8
Chelsea Peretti,chelsea-perettis-criterion-closet-picks,the-red-balloon,The Red Balloon,1956,9
Chelsea Peretti,chelsea-perettis-criterion-closet-picks,white-mane,White Mane,1953,10
Chelsea Peretti,chelsea-perettis-criterion-closet-picks,bim-the-little-donkey,"Bim, the Little Donkey",1951,11
Chelsea Peretti,chelsea-perettis-criterion-closet-picks,stowaway-in-the-sky,Stowaway in the Sky,1960,12
Chelsea Peretti,chelsea-perettis-criterion-closet-picks,circus-angel,Circus Angel,1965,13
Chelsea Peretti,chelsea-perettis-criterion-closet-picks,the-400-blows,The 400 Blows,1959,14
Chelsea Peretti,chelsea-perettis-criterion-closet-picks,mikey-and-nicky,Mikey and Nicky,1976,15
Chelsea Peretti,chelsea-perettis-criterion-closet-picks,the-blob,The Blob,1958,16
Chelsea Peretti,chelsea-perettis-criterion-closet-picks,as-tears-go-by,As Tears Go By,1988,17
Chelsea Peretti,chelsea-perettis-criterion-closet-picks,ah-fei-jing-juen,Days of Being Wild,1990,18
Chelsea Peretti,chelsea-perettis-criterion-closet-picks,chungking-express,Chungking Express,1994,19
Chelsea Peretti,chelsea-perettis-criterion-closet-picks,fallen-angels,Fallen Angels,1995,20
Chelsea Peretti,chelsea-perettis-criterion-closet-picks,happy-together-1997,Happy Together,1997,21
Chelsea Peretti,chelsea-perettis-criterion-closet-picks,in-the-mood-for-love,In the Mood for Love,2000,22
Chelsea Peretti,chelsea-perettis-criterion-closet-picks,2046,2046,2004,23
Chelsea Peretti,chelsea-perettis-criterion-closet-picks,rushmore,Rushmore,1998,24
Chelsea Peretti,chelsea-perettis-criterion-closet-picks,being-john-malkovich,Being John Malkovich,1999,25
Chelsea Peretti,chelsea-perettis-criterion-closet-picks,defending-your-life,Defending Your Life,1991,26
Chelsea Peretti,chelsea-perettis-criterion-closet-picks,thelma-louise,Thelma & Louise,1991,27
Cheryl Dunye,cheryl-dunyes-criterion-closet-picks,i-married-a-witch,I Married a Witch,1942,1
Cheryl Dunye,cheryl-dunyes-criterion-closet-picks,manual-of-arms,Manual of Arms,1966,2
Cheryl Dunye,cheryl-dunyes-criterion-closet-picks,process-red,Process Red,1966,3
Cheryl Dunye,cheryl-dunyes-criterion-closet-picks,maxwells-demon,Maxwell's Demon,1968,4
Cheryl Dunye,cheryl-dunyes-criterion-closet-picks,surface-tension,Surface Tension,1968,5
Cheryl Dunye,cheryl-dunyes-criterion-closet-picks,carrots-peas,Carrots & Peas,1969,6
Cheryl Dunye,cheryl-dunyes-criterion-closet-picks,lemon-1969,Lemon,1969,7
Cheryl Dunye,cheryl-dunyes-criterion-closet-picks,zorns-lemma,Zorns Lemma,1970,8
Cheryl Dunye,cheryl-dunyes-criterion-closet-picks,hapax-legomena-i-nostalgia,Hapax Legomena I: (nostalgia),1971,9
Cheryl Dunye,cheryl-dunyes-criterion-closet-picks,hapax-legomena-ii-poetic-justice,Hapax Legomena II: Poetic Justice,1972,10
Cheryl Dunye,cheryl-dunyes-criterion-closet-picks,hapax-legomena-iii-critical-mass,Hapax Legomena III: Critical Mass,1971,11
Cheryl Dunye,cheryl-dunyes-criterion-closet-picks,the-birth-of-magellan-cadenza-i,The Birth of Magellan: Cadenza I,1977,12
Cheryl Dunye,cheryl-dunyes-criterion-closet-picks,pan-0,Pan 0,1974,13
Cheryl Dunye,cheryl-dunyes-criterion-closet-picks,pan-1,Pan 1,1974,14
Cheryl Dunye,cheryl-dunyes-criterion-closet-picks,pan-2,Pan 2,1974,15
Cheryl Dunye,cheryl-dunyes-criterion-closet-picks,pan-3,Pan 3,1974,16
Cheryl Dunye,cheryl-dunyes-criterion-closet-picks,pan-4,Pan 4,1974,17
Cheryl Dunye,cheryl-dunyes-criterion-closet-picks,pan-697,Pan 697,1974,18
Cheryl Dunye,cheryl-dunyes-criterion-closet-picks,pan-698,Pan 698,1974,19
Cheryl Dunye,cheryl-dunyes-criterion-closet-picks,pan-699,Pan 699,1974,20
Cheryl Dunye,cheryl-dunyes-criterion-closet-picks,pan-700,Pan 700,1974,21
Cheryl Dunye,cheryl-dunyes-criterion-closet-picks,ingenivm-nobis-ipsa-pvella-fecit-part-i,Ingenivm Nobis Ipsa Pvella Fecit: Part I,1974,22
Cheryl Dunye,cheryl-dunyes-criterion-closet-picks,magellan-at-the-gates-of-death-part-i-the-red-gate-i-0,"Magellan: At the Gates of Death, Part I: The Red Gate I, 0",1976,23
Cheryl Dunye,cheryl-dunyes-criterion-closet-picks,winter-solstice-1974,Winter Solstice,1974,24
Cheryl Dunye,cheryl-dunyes-criterion-closet-picks,gloria-1979,Gloria!,1979,25
Cheryl Dunye,cheryl-dunyes-criterion-closet-picks,mudbound,Mudbound,2017,26
Cheryl Dunye,cheryl-dunyes-criterion-closet-picks,the-cameraman,The Cameraman,1928,27
Cheryl Dunye,cheryl-dunyes-criterion-closet-picks,saute-ma-ville,Saute ma ville,1968,28
Cheryl Dunye,cheryl-dunyes-criterion-closet-picks,the-beloved-child-or-i-play-at-being-a-married-woman,"The Beloved Child, or I Play at Being a Married Woman",1971,29
Cheryl Dunye,cheryl-dunyes-criterion-closet-picks,la-chambre-1972,La chambre,1972,30
Cheryl Dunye,cheryl-dunyes-criterion-closet-picks,hotel-monterey,Hotel Monterey,1973,31
Cheryl Dunye,cheryl-dunyes-criterion-closet-picks,le-15-8,Le 15/8,1973,32
Cheryl Dunye,cheryl-dunyes-criterion-closet-picks,je-tu-il-elle,Je Tu Il Elle,1974,33
Cheryl Dunye,cheryl-dunyes-criterion-closet-picks,jeanne-dielman-23-quai-du-commerce-1080-bruxelles,"Jeanne Dielman, 23, quai du Commerce, 1080 Bruxelles",1975,34
Cheryl Dunye,cheryl-dunyes-criterion-closet-picks,news-from-home,News from Home,1976,35
Cheryl Dunye,cheryl-dunyes-criterion-closet-picks,the-meetings-of-anna,The Meetings of Anna,1978,36
Cheryl Dunye,cheryl-dunyes-criterion-closet-picks,to-die-for,To Die For,1995,37
Cheryl Dunye,cheryl-dunyes-criterion-closet-picks,ethnic-notions,Ethnic Notions,1986,38
Cheryl Dunye,cheryl-dunyes-criterion-closet-picks,tongues-untied,Tongues Untied,1989,39
Cheryl Dunye,cheryl-dunyes-criterion-closet-picks,affirmations,Affirmations,1990,40
Cheryl Dunye,cheryl-dunyes-criterion-closet-picks,anthem-1992,Anthem,1992,41
Cheryl Dunye,cheryl-dunyes-criterion-closet-picks,color-adjustment,Color Adjustment,1992,42
Cheryl Dunye,cheryl-dunyes-criterion-closet-picks,no-regret-1993,No Regret,1993,43
Cheryl Dunye,cheryl-dunyes-criterion-closet-picks,black-is-black-aint,Black Is… Black Ain’t,1994,44
Cheryl Dunye,cheryl-dunyes-criterion-closet-picks,the-marriage-of-maria-braun,The Marriage of Maria Braun,1979,45
Cheryl Dunye,cheryl-dunyes-criterion-closet-picks,veronika-voss,Veronika Voss,1982,46
Cheryl Dunye,cheryl-dunyes-criterion-closet-picks,lola-1981,Lola,1981,47
Cheryl Dunye,cheryl-dunyes-criterion-closet-picks,varda-by-agnes,Varda by Agnès,2019,48
Cheryl Dunye,cheryl-dunyes-criterion-closet-picks,la-pointe-courte,La Pointe Courte,1955,49
Cheryl Dunye,cheryl-dunyes-criterion-closet-picks,cleo-from-5-to-7,Cléo from 5 to 7,1962,50
Cheryl Dunye,cheryl-dunyes-criterion-closet-picks,daguerreotypes,Daguerréotypes,1975,51
Cheryl Dunye,cheryl-dunyes-criterion-closet-picks,happiness-1965,Le Bonheur,1965,52
Cheryl Dunye,cheryl-dunyes-criterion-closet-picks,the-creatures,The Creatures,1966,53
Cheryl Dunye,cheryl-dunyes-criterion-closet-picks,uncle-yanco,Uncle Yanco,1967,54
Cheryl Dunye,cheryl-dunyes-criterion-closet-picks,black-panthers,Black Panthers,1968,55
Cheryl Dunye,cheryl-dunyes-criterion-closet-picks,lions-love,Lions Love,1969,56
Cheryl Dunye,cheryl-dunyes-criterion-closet-picks,mur-murs,Mur Murs,1981,57
Cheryl Dunye,cheryl-dunyes-criterion-closet-picks,documenteur,Documenteur,1981,58
Cheryl Dunye,cheryl-dunyes-criterion-closet-picks,one-sings-the-other-doesnt,"One Sings, the Other Doesn't",1977,59
Cheryl Dunye,cheryl-dunyes-criterion-closet-picks,vagabond,Vagabond,1985,60
Cheryl Dunye,cheryl-dunyes-criterion-closet-picks,jane-b-by-agnes-v,Jane B. by Agnès V.,1988,61
Cheryl Dunye,cheryl-dunyes-criterion-closet-picks,kung-fu-master,Kung-Fu Master!,1988,62
Cheryl Dunye,cheryl-dunyes-criterion-closet-picks,jacquot-de-nantes,Jacquot de Nantes,1991,63
Cheryl Dunye,cheryl-dunyes-criterion-closet-picks,one-hundred-and-one-nights,One Hundred and One Nights,1995,64
Cheryl Dunye,cheryl-dunyes-criterion-closet-picks,the-gleaners-and-i,The Gleaners and I,2000,65
Cheryl Dunye,cheryl-dunyes-criterion-closet-picks,the-gleaners-and-i-two-years-later,The Gleaners and I: Two Years Later,2002,66
Cheryl Dunye,cheryl-dunyes-criterion-closet-picks,faces-places,Faces Places,2017,67
Cheryl Dunye,cheryl-dunyes-criterion-closet-picks,agnes-varda-from-here-to-there,Agnès Varda: From Here to There,2011,68
Cheryl Dunye,cheryl-dunyes-criterion-closet-picks,the-beaches-of-agnes,The Beaches of Agnès,2008,69
Cheryl Dunye,cheryl-dunyes-criterion-closet-picks,symbiopsychotaxiplasm-take-one,Symbiopsychotaxiplasm: Take One,1968,70
Cheryl Dunye,cheryl-dunyes-criterion-closet-picks,symbiopsychotaxiplasm-take-2,Symbiopsychotaxiplasm: Take 2½,2005,71
Cheryl Dunye,cheryl-dunyes-criterion-closet-picks,the-watermelon-woman,The Watermelon Woman,1996,72
Cauleen Smith,cauleen-smiths-criterion-closet-picks,drylongso,Drylongso,1998,1
Cauleen Smith,cauleen-smiths-criterion-closet-picks,to-sleep-with-anger,To Sleep with Anger,1990,2
Cauleen Smith,cauleen-smiths-criterion-closet-picks,do-the-right-thing,Do the Right Thing,1989,3
Cauleen Smith,cauleen-smiths-criterion-closet-picks,la-jetee,La Jetée,1962,4
Cauleen Smith,cauleen-smiths-criterion-closet-picks,sans-soleil,Sans Soleil,1983,5
Cauleen Smith,cauleen-smiths-criterion-closet-picks,the-flavor-of-green-tea-over-rice,The Flavor of Green Tea Over Rice,1952,6
Cauleen Smith,cauleen-smiths-criterion-closet-picks,poto-and-cabengo,Poto and Cabengo,1979,7
Cauleen Smith,cauleen-smiths-criterion-closet-picks,routine-pleasures,Routine Pleasures,1986,8
Cauleen Smith,cauleen-smiths-criterion-closet-picks,my-crasy-life,My Crasy Life,1992,9
Cauleen Smith,cauleen-smiths-criterion-closet-picks,stalker,Stalker,1979,10
Cauleen Smith,cauleen-smiths-criterion-closet-picks,blow-up,Blow-Up,1966,11
Cauleen Smith,cauleen-smiths-criterion-closet-picks,the-color-of-pomegranates,The Color of Pomegranates,1969,12
Cauleen Smith,cauleen-smiths-criterion-closet-picks,black-girl-1966,Black Girl,1966,13
Cauleen Smith,cauleen-smiths-criterion-closet-picks,symbiopsychotaxiplasm-take-one,Symbiopsychotaxiplasm: Take One,1968,14
Cauleen Smith,cauleen-smiths-criterion-closet-picks,symbiopsychotaxiplasm-take-2,Symbiopsychotaxiplasm: Take 2½,2005,15
Cauleen Smith,cauleen-smiths-criterion-closet-picks,the-princess-bride,The Princess Bride,1987,16
Matt Johnson,matt-johnsons-criterion-closet-picks,blackberry-2023,BlackBerry,2023,1
Matt Johnson,matt-johnsons-criterion-closet-picks,malcolm-x-1992,Malcolm X,1992,2
Matt Johnson,matt-johnsons-criterion-closet-picks,bamboozled,Bamboozled,2000,3
Matt Johnson,matt-johnsons-criterion-closet-picks,menace-ii-society,Menace II Society,1993,4
Matt Johnson,matt-johnsons-criterion-closet-picks,le-samourai,Le Samouraï,1967,5
Daniel Goldhaber,daniel-goldhabers-criterion-closet-picks,how-to-blow-up-a-pipeline,How to Blow Up a Pipeline,2022,1
Daniel Goldhaber,daniel-goldhabers-criterion-closet-picks,thief,Thief,1981,2
Daniel Goldhaber,daniel-goldhabers-criterion-closet-picks,world-on-a-wire-1973,World on a Wire,1973,3
Amy Irving,amy-irvings-criterion-closet-picks,the-great-escape,The Great Escape,1963,1
Amy Irving,amy-irvings-criterion-closet-picks,blue-velvet,Blue Velvet,1986,2
Amy Irving,amy-irvings-criterion-closet-picks,cries-and-whispers,Cries and Whispers,1972,3
Amy Irving,amy-irvings-criterion-closet-picks,thief,Thief,1981,4
Amy Irving,amy-irvings-criterion-closet-picks,days-of-heaven,Days of Heaven,1978,5
Amy Irving,amy-irvings-criterion-closet-picks,the-tall-t,The Tall T,1957,6
Amy Irving,amy-irvings-criterion-closet-picks,decision-at-sundown,Decision at Sundown,1957,7
Amy Irving,amy-irvings-criterion-closet-picks,buchanan-rides-alone,Buchanan Rides Alone,1958,8
Amy Irving,amy-irvings-criterion-closet-picks,ride-lonesome,Ride Lonesome,1959,9
Amy Irving,amy-irvings-criterion-closet-picks,comanche-station,Comanche Station,1960,10
Amy Irving,amy-irvings-criterion-closet-picks,crossing-delancey,Crossing Delancey,1988,11
Amy Irving,amy-irvings-criterion-closet-picks,the-rules-of-the-game,The Rules of the Game,1939,12
Amy Irving,amy-irvings-criterion-closet-picks,the-little-soldier-1963,The Little Soldier,1963,13
Lav Diaz,lav-diazs-criterion-closet-picks,lost-highway,Lost Highway,1997,1
Lav Diaz,lav-diazs-criterion-closet-picks,pather-panchali,Pather Panchali,1955,2
Lav Diaz,lav-diazs-criterion-closet-picks,aparajito,Aparajito,1956,3
Lav Diaz,lav-diazs-criterion-closet-picks,apur-sansar,Apur Sansar,1959,4
Lav Diaz,lav-diazs-criterion-closet-picks,the-leopard,The Leopard,1963,5
Lav Diaz,lav-diazs-criterion-closet-picks,le-samourai,Le Samouraï,1967,6
Lav Diaz,lav-diazs-criterion-closet-picks,variety-lights,Variety Lights,1950,7
Lav Diaz,lav-diazs-criterion-closet-picks,the-white-sheik,The White Sheik,1952,8
Lav Diaz,lav-diazs-criterion-closet-picks,i-vitelloni,I Vitelloni,1953,9
Lav Diaz,lav-diazs-criterion-closet-picks,la-strada,La Strada,1954,10
Lav Diaz,lav-diazs-criterion-closet-picks,the-swindle-1955,The Swindle,1955,11
Lav Diaz,lav-diazs-criterion-closet-picks,nights-of-cabiria,Nights of Cabiria,1957,12
Lav Diaz,lav-diazs-criterion-closet-picks,la-dolce-vita,La Dolce Vita,1960,13
Lav Diaz,lav-diazs-criterion-closet-picks,8-half,8½,1963,14
Lav Diaz,lav-diazs-criterion-closet-picks,juliet-of-the-spirits,Juliet of the Spirits,1965,15
Lav Diaz,lav-diazs-criterion-closet-picks,satyricon-1969,Satyricon,1969,16
Lav Diaz,lav-diazs-criterion-closet-picks,roma,Roma,1972,17
Lav Diaz,lav-diazs-criterion-closet-picks,amarcord,Amarcord,1973,18
Lav Diaz,lav-diazs-criterion-closet-picks,and-the-ship-sails-on,And the Ship Sails On,1983,19
Lav Diaz,lav-diazs-criterion-closet-picks,intervista,Intervista,1987,20
Lav Diaz,lav-diazs-criterion-closet-picks,crisis,Crisis,1946,21
Lav Diaz,lav-diazs-criterion-closet-picks,a-ship-to-india,A Ship to India,1947,22
Lav Diaz,lav-diazs-criterion-closet-picks,port-of-call,Port of Call,1948,23
Lav Diaz,lav-diazs-criterion-closet-picks,thirst,Thirst,1949,24
Lav Diaz,lav-diazs-criterion-closet-picks,to-joy,To Joy,1950,25
Lav Diaz,lav-diazs-criterion-closet-picks,summer-interlude,Summer Interlude,1951,26
Lav Diaz,lav-diazs-criterion-closet-picks,waiting-women,Waiting Women,1952,27
Lav Diaz,lav-diazs-criterion-closet-picks,summer-with-monika,Summer with Monika,1953,28
Lav Diaz,lav-diazs-criterion-closet-picks,sawdust-and-tinsel,Sawdust and Tinsel,1953,29
Lav Diaz,lav-diazs-criterion-closet-picks,a-lesson-in-love,A Lesson in Love,1954,30
Lav Diaz,lav-diazs-criterion-closet-picks,dreams-1955,Dreams,1955,31
Lav Diaz,lav-diazs-criterion-closet-picks,smiles-of-a-summer-night,Smiles of a Summer Night,1955,32
Lav Diaz,lav-diazs-criterion-closet-picks,the-seventh-seal,The Seventh Seal,1957,33
Lav Diaz,lav-diazs-criterion-closet-picks,wild-strawberries,Wild Strawberries,1957,34
Lav Diaz,lav-diazs-criterion-closet-picks,brink-of-life,Brink of Life,1958,35
Lav Diaz,lav-diazs-criterion-closet-picks,the-magician-1958,The Magician,1958,36
Lav Diaz,lav-diazs-criterion-closet-picks,the-virgin-spring,The Virgin Spring,1960,37
Lav Diaz,lav-diazs-criterion-closet-picks,the-devils-eye,The Devil's Eye,1960,38
Lav Diaz,lav-diazs-criterion-closet-picks,through-a-glass-darkly,Through a Glass Darkly,1961,39
Lav Diaz,lav-diazs-criterion-closet-picks,winter-light,Winter Light,1963,40
Lav Diaz,lav-diazs-criterion-closet-picks,the-silence,The Silence,1963,41
Lav Diaz,lav-diazs-criterion-closet-picks,all-these-women,All These Women,1964,42
Lav Diaz,lav-diazs-criterion-closet-picks,persona,Persona,1966,43
Lav Diaz,lav-diazs-criterion-closet-picks,hour-of-the-wolf,Hour of the Wolf,1968,44
Lav Diaz,lav-diazs-criterion-closet-picks,shame,Shame,1968,45
Lav Diaz,lav-diazs-criterion-closet-picks,the-rite,The Rite,1969,46
Lav Diaz,lav-diazs-criterion-closet-picks,the-passion-of-anna,The Passion of Anna,1969,47
Lav Diaz,lav-diazs-criterion-closet-picks,faro-document,Fårö Document,1970,48
Lav Diaz,lav-diazs-criterion-closet-picks,the-touch-1971,The Touch,1971,49
Lav Diaz,lav-diazs-criterion-closet-picks,cries-and-whispers,Cries and Whispers,1972,50
Lav Diaz,lav-diazs-criterion-closet-picks,scenes-from-a-marriage,Scenes from a Marriage,1974,51
Lav Diaz,lav-diazs-criterion-closet-picks,scenes-from-a-marriage-1973-1,Scenes from a Marriage,1973,52
Lav Diaz,lav-diazs-criterion-closet-picks,the-magic-flute,The Magic Flute,1975,53
Lav Diaz,lav-diazs-criterion-closet-picks,the-serpents-egg,The Serpent's Egg,1977,54
Lav Diaz,lav-diazs-criterion-closet-picks,autumn-sonata,Autumn Sonata,1978,55
Lav Diaz,lav-diazs-criterion-closet-picks,faro-document-1979,Fårö Document 1979,1979,56
Lav Diaz,lav-diazs-criterion-closet-picks,from-the-life-of-the-marionettes,From the Life of the Marionettes,1980,57
Lav Diaz,lav-diazs-criterion-closet-picks,fanny-and-alexander,Fanny and Alexander,1982,58
Lav Diaz,lav-diazs-criterion-closet-picks,fanny-and-alexander-1984,Fanny and Alexander,1984,59
Lav Diaz,lav-diazs-criterion-closet-picks,after-the-rehearsal,After the Rehearsal,1984,60
Lav Diaz,lav-diazs-criterion-closet-picks,saraband,Saraband,2003,61
Lav Diaz,lav-diazs-criterion-closet-picks,the-making-of-fanny-and-alexander,The Making of Fanny and Alexander,1984,62
Lav Diaz,lav-diazs-criterion-closet-picks,i-am-cuba,I Am Cuba,1964,63
Lav Diaz,lav-diazs-criterion-closet-picks,werckmeister-harmonies,Werckmeister Harmonies,2000,64
Lav Diaz,lav-diazs-criterion-closet-picks,naked,Naked,1993,65
Lav Diaz,lav-diazs-criterion-closet-picks,ugetsu,Ugetsu,1953,66
Lav Diaz,lav-diazs-criterion-closet-picks,ossos,Ossos,1997,67
Lav Diaz,lav-diazs-criterion-closet-picks,in-vandas-room,In Vanda's Room,2000,68
Lav Diaz,lav-diazs-criterion-closet-picks,colossal-youth,Colossal Youth,2006,69
Robert Kolodny,robert-kolodnys-criterion-closet-picks,mean-streets,Mean Streets,1973,1
Robert Kolodny,robert-kolodnys-criterion-closet-picks,husbands,Husbands,1970,2
Robert Kolodny,robert-kolodnys-criterion-closet-picks,heart-of-a-dog-2015,Heart of a Dog,2015,3
Robert Kolodny,robert-kolodnys-criterion-closet-picks,salesman,Salesman,1969,4
Leslie Harris,leslie-harris-criterion-closet-picks,just-another-girl-on-the-irt,Just Another Girl on the I.R.T.,1992,1
Leslie Harris,leslie-harris-criterion-closet-picks,the-rules-of-the-game,The Rules of the Game,1939,2
Leslie Harris,leslie-harris-criterion-closet-picks,la-pointe-courte,La Pointe Courte,1955,3
Leslie Harris,leslie-harris-criterion-closet-picks,cleo-from-5-to-7,Cléo from 5 to 7,1962,4
Leslie Harris,leslie-harris-criterion-closet-picks,happiness-1965,Le Bonheur,1965,5
Leslie Harris,leslie-harris-criterion-closet-picks,vagabond,Vagabond,1985,6
Leslie Harris,leslie-harris-criterion-closet-picks,divorce-italian-style,Divorce Italian Style,1961,7
Leslie Harris,leslie-harris-criterion-closet-picks,scenes-from-a-marriage-1973-1,Scenes from a Marriage,1973,8
Leslie Harris,leslie-harris-criterion-closet-picks,8-half,8½,1963,9
Leslie Harris,leslie-harris-criterion-closet-picks,day-for-night,Day for Night,1973,10
Matthew Broderick,matthew-brodericks-criterion-closet-picks,the-lady-eve,The Lady Eve,1941,1
Matthew Broderick,matthew-brodericks-criterion-closet-picks,the-39-steps,The 39 Steps,1935,2
Matthew Broderick,matthew-brodericks-criterion-closet-picks,my-man-godfrey,My Man Godfrey,1936,3
Matthew Broderick,matthew-brodericks-criterion-closet-picks,brief-encounter,Brief Encounter,1945,4
Matthew Broderick,matthew-brodericks-criterion-closet-picks,in-which-we-serve,In Which We Serve,1942,5
Matthew Broderick,matthew-brodericks-criterion-closet-picks,this-happy-breed,This Happy Breed,1944,6
Matthew Broderick,matthew-brodericks-criterion-closet-picks,blithe-spirit,Blithe Spirit,1945,7
Matthew Broderick,matthew-brodericks-criterion-closet-picks,now-voyager,"Now, Voyager",1942,8
Matthew Broderick,matthew-brodericks-criterion-closet-picks,double-indemnity,Double Indemnity,1944,9
Matthew Broderick,matthew-brodericks-criterion-closet-picks,the-cameraman,The Cameraman,1928,10
Nicolas Winding Refn,nicolas-winding-refns-criterion-closet-picks,drive-2011,Drive,2011,1
Nicolas Winding Refn,nicolas-winding-refns-criterion-closet-picks,only-god-forgives,Only God Forgives,2013,2
Nicolas Winding Refn,nicolas-winding-refns-criterion-closet-picks,ivans-childhood,Ivan's Childhood,1962,3
Nicolas Winding Refn,nicolas-winding-refns-criterion-closet-picks,quadrophenia,Quadrophenia,1979,4
Nicolas Winding Refn,nicolas-winding-refns-criterion-closet-picks,bigger-than-life,Bigger Than Life,1956,5
Nicolas Winding Refn,nicolas-winding-refns-criterion-closet-picks,something-wild,Something Wild,1986,6
Nicolas Winding Refn,nicolas-winding-refns-criterion-closet-picks,insignificance,Insignificance,1985,7
Nicolas Winding Refn,nicolas-winding-refns-criterion-closet-picks,repo-man,Repo Man,1984,8
Nicolas Winding Refn,nicolas-winding-refns-criterion-closet-picks,things-to-come,Things to Come,1936,9
Nicolas Winding Refn,nicolas-winding-refns-criterion-closet-picks,on-the-waterfront,On the Waterfront,1954,10
Nicolas Winding Refn,nicolas-winding-refns-criterion-closet-picks,the-tramp-and-the-dictator,The Tramp and the Dictator,2002,11
Charles Melton,charles-meltons-criterion-closet-picks,mikey-and-nicky,Mikey and Nicky,1976,1
Charles Melton,charles-meltons-criterion-closet-picks,after-life,After Life,1998,2
Charles Melton,charles-meltons-criterion-closet-picks,memories-of-murder,Memories of Murder,2003,3
Charles Melton,charles-meltons-criterion-closet-picks,eo,EO,2022,4
Charles Melton,charles-meltons-criterion-closet-picks,eyes-without-a-face,Eyes Without a Face,1960,5
Charles Melton,charles-meltons-criterion-closet-picks,le-samourai,Le Samouraï,1967,6
Charles Melton,charles-meltons-criterion-closet-picks,the-swimming-pool,The Swimming Pool,1969,7
Charles Melton,charles-meltons-criterion-closet-picks,cure,Cure,1997,8
Charles Melton,charles-meltons-criterion-closet-picks,drive-my-car,Drive My Car,2021,9
Charles Melton,charles-meltons-criterion-closet-picks,short-cuts,Short Cuts,1993,10
Charles Melton,charles-meltons-criterion-closet-picks,3-women,3 Women,1977,11
Charles Melton,charles-meltons-criterion-closet-picks,safe,Safe,1995,12
Charles Melton,charles-meltons-criterion-closet-picks,a-special-day,A Special Day,1977,13
Charles Melton,charles-meltons-criterion-closet-picks,walle,WALL·E,2008,14
Paul Giamatti,paul-giamattis-criterion-closet-picks,carnival-of-souls,Carnival of Souls,1962,1
Paul Giamatti,paul-giamattis-criterion-closet-picks,blue-velvet,Blue Velvet,1986,2
Paul Giamatti,paul-giamattis-criterion-closet-picks,rashomon,Rashomon,1950,3
Paul Giamatti,paul-giamattis-criterion-closet-picks,seconds,Seconds,1966,4
Paul Giamatti,paul-giamattis-criterion-closet-picks,the-life-and-death-of-colonel-blimp,The Life and Death of Colonel Blimp,1943,5
Paul Giamatti,paul-giamattis-criterion-closet-picks,solaris,Solaris,1972,6
Paul Giamatti,paul-giamattis-criterion-closet-picks,cat-people,Cat People,1942,7
Paul Giamatti,paul-giamattis-criterion-closet-picks,wings-1966,Wings,1966,8
Paul Giamatti,paul-giamattis-criterion-closet-picks,the-ascent,The Ascent,1977,9
Paul Giamatti,paul-giamattis-criterion-closet-picks,kwaidan,Kwaidan,1964,10
Jenni Olson,jenni-olsons-criterion-closet-picks,jeanne-dielman-23-quai-du-commerce-1080-bruxelles,"Jeanne Dielman, 23, quai du Commerce, 1080 Bruxelles",1975,1
Jenni Olson,jenni-olsons-criterion-closet-picks,sweet-smell-of-success,Sweet Smell of Success,1957,2
Jenni Olson,jenni-olsons-criterion-closet-picks,desert-hearts,Desert Hearts,1985,3
Jenni Olson,jenni-olsons-criterion-closet-picks,memories-of-underdevelopment,Memories of Underdevelopment,1968,4
Jenni Olson,jenni-olsons-criterion-closet-picks,vive-le-tour,Vive Le Tour,1962,5
Jenni Olson,jenni-olsons-criterion-closet-picks,a-human-condition,A Human Condition,1974,6
Jenni Olson,jenni-olsons-criterion-closet-picks,place-de-la-republique,Place de la République,1974,7
Jenni Olson,jenni-olsons-criterion-closet-picks,phantom-india,Phantom India,1969,8
Jenni Olson,jenni-olsons-criterion-closet-picks,calcutta-1969,Calcutta,1969,9
Jenni Olson,jenni-olsons-criterion-closet-picks,gods-country-1985,God's Country,1985,10
Jenni Olson,jenni-olsons-criterion-closet-picks,and-the-pursuit-of-happiness,… And the Pursuit of Happiness,1986,11
Cristian Mungiu,cristian-mungius-criterion-closet-picks,graduation-2016,Graduation,2016,1
Cristian Mungiu,cristian-mungius-criterion-closet-picks,beyond-the-hills,Beyond the Hills,2012,2
Cristian Mungiu,cristian-mungius-criterion-closet-picks,modern-times,Modern Times,1936,3
Cristian Mungiu,cristian-mungius-criterion-closet-picks,dekalog,Dekalog,1989,4
Cristian Mungiu,cristian-mungius-criterion-closet-picks,bicycle-thieves,Bicycle Thieves,1948,5
Cristian Mungiu,cristian-mungius-criterion-closet-picks,blood-simple,Blood Simple,1984,6
Cristian Mungiu,cristian-mungius-criterion-closet-picks,easy-rider,Easy Rider,1969,7
Juliette Binoche & Ralph Fiennes,juliette-binoche-ralph-fienness-criterion,the-return-2024,The Return,2024,1
Juliette Binoche & Ralph Fiennes,juliette-binoche-ralph-fienness-criterion,down-by-law,Down by Law,1986,2
Juliette Binoche & Ralph Fiennes,juliette-binoche-ralph-fienness-criterion,amores-perros,Amores Perros,2000,3
Juliette Binoche & Ralph Fiennes,juliette-binoche-ralph-fienness-criterion,the-magnificent-ambersons,The Magnificent Ambersons,1942,4
Juliette Binoche & Ralph Fiennes,juliette-binoche-ralph-fienness-criterion,variety-lights,Variety Lights,1950,5
Juliette Binoche & Ralph Fiennes,juliette-binoche-ralph-fienness-criterion,the-white-sheik,The White Sheik,1952,6
Juliette Binoche & Ralph Fiennes,juliette-binoche-ralph-fienness-criterion,i-vitelloni,I Vitelloni,1953,7
Juliette Binoche & Ralph Fiennes,juliette-binoche-ralph-fienness-criterion,la-strada,La Strada,1954,8
Juliette Binoche & Ralph Fiennes,juliette-binoche-ralph-fienness-criterion,the-swindle-1955,The Swindle,1955,9
Juliette Binoche & Ralph Fiennes,juliette-binoche-ralph-fienness-criterion,nights-of-cabiria,Nights of Cabiria,1957,10
Juliette Binoche & Ralph Fiennes,juliette-binoche-ralph-fienness-criterion,la-dolce-vita,La Dolce Vita,1960,11
Juliette Binoche & Ralph Fiennes,juliette-binoche-ralph-fienness-criterion,8-half,8½,1963,12
Juliette Binoche & Ralph Fiennes,juliette-binoche-ralph-fienness-criterion,juliet-of-the-spirits,Juliet of the Spirits,1965,13
Juliette Binoche & Ralph Fiennes,juliette-binoche-ralph-fienness-criterion,satyricon-1969,Satyricon,1969,14
Juliette Binoche & Ralph Fiennes,juliette-binoche-ralph-fienness-criterion,roma,Roma,1972,15
Juliette Binoche & Ralph Fiennes,juliette-binoche-ralph-fienness-criterion,amarcord,Amarcord,1973,16
Juliette Binoche & Ralph Fiennes,juliette-binoche-ralph-fienness-criterion,and-the-ship-sails-on,And the Ship Sails On,1983,17
Juliette Binoche & Ralph Fiennes,juliette-binoche-ralph-fienness-criterion,intervista,Intervista,1987,18
Juliette Binoche & Ralph Fiennes,juliette-binoche-ralph-fienness-criterion,accattone,Accattone,1961,19
Juliette Binoche & Ralph Fiennes,juliette-binoche-ralph-fienness-criterion,mamma-roma,Mamma Roma,1962,20
Juliette Binoche & Ralph Fiennes,juliette-binoche-ralph-fienness-criterion,love-meetings,Love Meetings,1964,21
Juliette Binoche & Ralph Fiennes,juliette-binoche-ralph-fienness-criterion,the-gospel-according-to-st-matthew,The Gospel According to St. Matthew,1964,22
Juliette Binoche & Ralph Fiennes,juliette-binoche-ralph-fienness-criterion,the-hawks-and-the-sparrows,The Hawks and the Sparrows,1966,23
Juliette Binoche & Ralph Fiennes,juliette-binoche-ralph-fienness-criterion,oedipus-rex,Oedipus Rex,1967,24
Juliette Binoche & Ralph Fiennes,juliette-binoche-ralph-fienness-criterion,theorem,Theorem,1968,25
Juliette Binoche & Ralph Fiennes,juliette-binoche-ralph-fienness-criterion,pigsty,Pigsty,1969,26
Juliette Binoche & Ralph Fiennes,juliette-binoche-ralph-fienness-criterion,medea,Medea,1969,27
Juliette Binoche & Ralph Fiennes,juliette-binoche-ralph-fienness-criterion,sanshiro-sugata,Sanshiro Sugata,1943,28
Juliette Binoche & Ralph Fiennes,juliette-binoche-ralph-fienness-criterion,the-most-beautiful,The Most Beautiful,1944,29
Juliette Binoche & Ralph Fiennes,juliette-binoche-ralph-fienness-criterion,sanshiro-sugata-part-two,"Sanshiro Sugata, Part Two",1945,30
Juliette Binoche & Ralph Fiennes,juliette-binoche-ralph-fienness-criterion,the-men-who-tread-on-the-tigers-tail,The Men Who Tread on the Tiger's Tail,1945,31
Juliette Binoche & Ralph Fiennes,juliette-binoche-ralph-fienness-criterion,early-spring,Early Spring,1956,32
Juliette Binoche & Ralph Fiennes,juliette-binoche-ralph-fienness-criterion,tokyo-twilight,Tokyo Twilight,1957,33
Juliette Binoche & Ralph Fiennes,juliette-binoche-ralph-fienness-criterion,equinox-flower,Equinox Flower,1958,34
Juliette Binoche & Ralph Fiennes,juliette-binoche-ralph-fienness-criterion,late-autumn,Late Autumn,1960,35
Juliette Binoche & Ralph Fiennes,juliette-binoche-ralph-fienness-criterion,the-end-of-summer,The End of Summer,1961,36
Juliette Binoche & Ralph Fiennes,juliette-binoche-ralph-fienness-criterion,i-shot-jesse-james,I Shot Jesse James,1949,37
Juliette Binoche & Ralph Fiennes,juliette-binoche-ralph-fienness-criterion,the-baron-of-arizona,The Baron of Arizona,1950,38
Juliette Binoche & Ralph Fiennes,juliette-binoche-ralph-fienness-criterion,the-steel-helmet,The Steel Helmet,1951,39
Juliette Binoche & Ralph Fiennes,juliette-binoche-ralph-fienness-criterion,vive-le-tour,Vive Le Tour,1962,40
Juliette Binoche & Ralph Fiennes,juliette-binoche-ralph-fienness-criterion,a-human-condition,A Human Condition,1974,41
Juliette Binoche & Ralph Fiennes,juliette-binoche-ralph-fienness-criterion,place-de-la-republique,Place de la République,1974,42
Juliette Binoche & Ralph Fiennes,juliette-binoche-ralph-fienness-criterion,phantom-india,Phantom India,1969,43
Juliette Binoche & Ralph Fiennes,juliette-binoche-ralph-fienness-criterion,calcutta-1969,Calcutta,1969,44
Juliette Binoche & Ralph Fiennes,juliette-binoche-ralph-fienness-criterion,gods-country-1985,God's Country,1985,45
Juliette Binoche & Ralph Fiennes,juliette-binoche-ralph-fienness-criterion,and-the-pursuit-of-happiness,… And the Pursuit of Happiness,1986,46
Juliette Binoche & Ralph Fiennes,juliette-binoche-ralph-fienness-criterion,flunky-work-hard,"Flunky, Work Hard!",1931,47
Juliette Binoche & Ralph Fiennes,juliette-binoche-ralph-fienness-criterion,no-blood-relation,No Blood Relation,1932,48
Juliette Binoche & Ralph Fiennes,juliette-binoche-ralph-fienness-criterion,apart-from-you,Apart from You,1933,49
Juliette Binoche & Ralph Fiennes,juliette-binoche-ralph-fienness-criterion,every-night-dreams,Every-Night Dreams,1933,50
Juliette Binoche & Ralph Fiennes,juliette-binoche-ralph-fienness-criterion,street-without-end,Street Without End,1934,51
Juliette Binoche & Ralph Fiennes,juliette-binoche-ralph-fienness-criterion,sapphire,Sapphire,1959,52
Juliette Binoche & Ralph Fiennes,juliette-binoche-ralph-fienness-criterion,the-league-of-gentlemen,The League of Gentlemen,1960,53
Juliette Binoche & Ralph Fiennes,juliette-binoche-ralph-fienness-criterion,victim,Victim,1961,54
Juliette Binoche & Ralph Fiennes,juliette-binoche-ralph-fienness-criterion,all-night-long,All Night Long,1962,55
Juliette Binoche & Ralph Fiennes,juliette-binoche-ralph-fienness-criterion,the-furies,The Furies,1950,56
Juliette Binoche & Ralph Fiennes,juliette-binoche-ralph-fienness-criterion,the-tall-t,The Tall T,1957,57
Juliette Binoche & Ralph Fiennes,juliette-binoche-ralph-fienness-criterion,decision-at-sundown,Decision at Sundown,1957,58
Juliette Binoche & Ralph Fiennes,juliette-binoche-ralph-fienness-criterion,buchanan-rides-alone,Buchanan Rides Alone,1958,59
Juliette Binoche & Ralph Fiennes,juliette-binoche-ralph-fienness-criterion,ride-lonesome,Ride Lonesome,1959,60
Juliette Binoche & Ralph Fiennes,juliette-binoche-ralph-fienness-criterion,comanche-station,Comanche Station,1960,61
Juliette Binoche & Ralph Fiennes,juliette-binoche-ralph-fienness-criterion,mouchette,Mouchette,1967,62
Juliette Binoche & Ralph Fiennes,juliette-binoche-ralph-fienness-criterion,au-hasard-balthazar,Au Hasard Balthazar,1966,63
Juliette Binoche & Ralph Fiennes,juliette-binoche-ralph-fienness-criterion,mirror,Mirror,1975,64
Juliette Binoche & Ralph Fiennes,juliette-binoche-ralph-fienness-criterion,andrei-rublev,Andrei Rublev,1966,65
Letterboxd Visits The Criterion Mobile Closet at SXSW,letterboxd-visits-the-criterion-mobile-closet,crash,Crash,1996,1
Letterboxd Visits The Criterion Mobile Closet at SXSW,letterboxd-visits-the-criterion-mobile-closet,smooth-talk,Smooth Talk,1985,2
Letterboxd Visits The Criterion Mobile Closet at SXSW,letterboxd-visits-the-criterion-mobile-closet,bound,Bound,1996,3
Letterboxd Visits The Criterion Mobile Closet at SXSW,letterboxd-visits-the-criterion-mobile-closet,blue-velvet,Blue Velvet,1986,4
Letterboxd Visits The Criterion Mobile Closet at SXSW,letterboxd-visits-the-criterion-mobile-closet,repo-man,Repo Man,1984,5
Letterboxd Visits The Criterion Mobile Closet at SXSW,letterboxd-visits-the-criterion-mobile-closet,the-piano,The Piano,1993,6
Letterboxd Visits The Criterion Mobile Closet at SXSW,letterboxd-visits-the-criterion-mobile-closet,mississippi-masala,Mississippi Masala,1991,7
Letterboxd Visits The Criterion Mobile Closet at SXSW,letterboxd-visits-the-criterion-mobile-closet,the-player,The Player,1992,8
Letterboxd Visits The Criterion Mobile Closet at SXSW,letterboxd-visits-the-criterion-mobile-closet,the-blues-accordin-to-lightnin-hopkins,The Blues Accordin' to Lightnin' Hopkins,1968,9
Letterboxd Visits The Criterion Mobile Closet at SXSW,letterboxd-visits-the-criterion-mobile-closet,god-respects-us-when-we-work-but-loves-us-when-we-dance,"God Respects Us When We Work, But Loves Us When We Dance",1968,10
Letterboxd Visits The Criterion Mobile Closet at SXSW,letterboxd-visits-the-criterion-mobile-closet,spend-it-all,Spend It All,1972,11
Letterboxd Visits The Criterion Mobile Closet at SXSW,letterboxd-visits-the-criterion-mobile-closet,a-well-spent-life,A Well Spent Life,1971,12
Letterboxd Visits The Criterion Mobile Closet at SXSW,letterboxd-visits-the-criterion-mobile-closet,dry-wood,Dry Wood,1973,13
Letterboxd Visits The Criterion Mobile Closet at SXSW,letterboxd-visits-the-criterion-mobile-closet,hot-pepper,Hot Pepper,1973,14
Letterboxd Visits The Criterion Mobile Closet at SXSW,letterboxd-visits-the-criterion-mobile-closet,always-for-pleasure,Always for Pleasure,1978,15
Letterboxd Visits The Criterion Mobile Closet at SXSW,letterboxd-visits-the-criterion-mobile-closet,garlic-is-as-good-as-ten-mothers,Garlic Is as Good as Ten Mothers,1980,16
Letterboxd Visits The Criterion Mobile Closet at SXSW,letterboxd-visits-the-criterion-mobile-closet,sprout-wings-and-fly,Sprout Wings and Fly,1983,17
Letterboxd Visits The Criterion Mobile Closet at SXSW,letterboxd-visits-the-criterion-mobile-closet,in-heaven-there-is-no-beer,In Heaven There Is No Beer?,1984,18
Letterboxd Visits The Criterion Mobile Closet at SXSW,letterboxd-visits-the-criterion-mobile-closet,gap-toothed-women,Gap-Toothed Women,1987,19
Letterboxd Visits The Criterion Mobile Closet at SXSW,letterboxd-visits-the-criterion-mobile-closet,yum-yum-yum-a-taste-of-the-cajun-and-creole,"Yum, Yum, Yum! A Taste of the Cajun and Creole Cooking of Louisiana",1990,20
Letterboxd Visits The Criterion Mobile Closet at SXSW,letterboxd-visits-the-criterion-mobile-closet,the-maestro-king-of-the-cowboy-artists,The Maestro: King of the Cowboy Artists,1995,21
Letterboxd Visits The Criterion Mobile Closet at SXSW,letterboxd-visits-the-criterion-mobile-closet,sworn-to-the-drum-a-tribute-to-francisco-aguabella,Sworn to the Drum: A Tribute to Francisco Aguabella,1995,22
Jacqueline Novak and John Early,jacqueline-novak-and-john-earlys-criterion,picnic-at-hanging-rock,Picnic at Hanging Rock,1975,1
Jacqueline Novak and John Early,jacqueline-novak-and-john-earlys-criterion,3-women,3 Women,1977,2
Jacqueline Novak and John Early,jacqueline-novak-and-john-earlys-criterion,the-uninvited,The Uninvited,1944,3
Jacqueline Novak and John Early,jacqueline-novak-and-john-earlys-criterion,night-of-the-living-dead,Night of the Living Dead,1968,4
Jacqueline Novak and John Early,jacqueline-novak-and-john-earlys-criterion,fat-girl,Fat Girl,2001,5
Jacqueline Novak and John Early,jacqueline-novak-and-john-earlys-criterion,twin-peaks-fire-walk-with-me,Twin Peaks: Fire Walk with Me,1992,6
Jacqueline Novak and John Early,jacqueline-novak-and-john-earlys-criterion,magnificent-obsession-1954,Magnificent Obsession,1954,7
Jacqueline Novak and John Early,jacqueline-novak-and-john-earlys-criterion,island-of-lost-souls,Island of Lost Souls,1932,8
Jacqueline Novak and John Early,jacqueline-novak-and-john-earlys-criterion,broadcast-news,Broadcast News,1987,9
Jacqueline Novak and John Early,jacqueline-novak-and-john-earlys-criterion,white-material,White Material,2009,10
Jacqueline Novak and John Early,jacqueline-novak-and-john-earlys-criterion,shampoo,Shampoo,1975,11
Jacqueline Novak and John Early,jacqueline-novak-and-john-earlys-criterion,female-trouble,Female Trouble,1974,12
Jacqueline Novak and John Early,jacqueline-novak-and-john-earlys-criterion,tie-me-up-tie-me-down,Tie Me Up! Tie Me Down!,1989,13
John Darnielle,john-darnielles-criterion-closet-picks,salo-or-the-120-days-of-sodom,"Salò, or the 120 Days of Sodom",1975,1
John Darnielle,john-darnielles-criterion-closet-picks,samurai-i-musashi-miyamoto,Samurai I: Musashi Miyamoto,1954,2
John Darnielle,john-darnielles-criterion-closet-picks,samurai-ii-duel-at-ichijoji-temple,Samurai II: Duel at Ichijoji Temple,1955,3
John Darnielle,john-darnielles-criterion-closet-picks,samurai-iii-duel-at-ganryu-island,Samurai III: Duel at Ganryu Island,1956,4
John Darnielle,john-darnielles-criterion-closet-picks,original-cast-album-company,Original Cast Album: Company,1970,5
John Darnielle,john-darnielles-criterion-closet-picks,salvatore-giuliano,Salvatore Giuliano,1962,6
John Darnielle,john-darnielles-criterion-closet-picks,richard-iii,Richard III,1955,7
John Darnielle,john-darnielles-criterion-closet-picks,kagemusha,Kagemusha,1980,8
John Darnielle,john-darnielles-criterion-closet-picks,ethnic-notions,Ethnic Notions,1986,9
John Darnielle,john-darnielles-criterion-closet-picks,tongues-untied,Tongues Untied,1989,10
John Darnielle,john-darnielles-criterion-closet-picks,affirmations,Affirmations,1990,11
John Darnielle,john-darnielles-criterion-closet-picks,anthem-1992,Anthem,1992,12
John Darnielle,john-darnielles-criterion-closet-picks,color-adjustment,Color Adjustment,1992,13
John Darnielle,john-darnielles-criterion-closet-picks,no-regret-1993,No Regret,1993,14
John Darnielle,john-darnielles-criterion-closet-picks,black-is-black-aint,Black Is… Black Ain’t,1994,15
John Darnielle,john-darnielles-criterion-closet-picks,the-big-boss,The Big Boss,1971,16
John Darnielle,john-darnielles-criterion-closet-picks,fist-of-fury,Fist of Fury,1972,17
John Darnielle,john-darnielles-criterion-closet-picks,the-way-of-the-dragon,The Way of the Dragon,1972,18
John Darnielle,john-darnielles-criterion-closet-picks,enter-the-dragon,Enter the Dragon,1973,19
John Darnielle,john-darnielles-criterion-closet-picks,game-of-death,Game of Death,1978,20
John Darnielle,john-darnielles-criterion-closet-picks,youth-of-the-beast,Youth of the Beast,1963,21
John Darnielle,john-darnielles-criterion-closet-picks,the-ballad-of-narayama-1958,The Ballad of Narayama,1958,22
Eiza González,eiza-gonzalezs-criterion-closet-picks,midnight-cowboy,Midnight Cowboy,1969,1
Eiza González,eiza-gonzalezs-criterion-closet-picks,klute,Klute,1971,2
Eiza González,eiza-gonzalezs-criterion-closet-picks,fanny-and-alexander,Fanny and Alexander,1982,3
Eiza González,eiza-gonzalezs-criterion-closet-picks,fanny-and-alexander-1984,Fanny and Alexander,1984,4
Eiza González,eiza-gonzalezs-criterion-closet-picks,in-the-mood-for-love,In the Mood for Love,2000,5
Eiza González,eiza-gonzalezs-criterion-closet-picks,the-mother-and-the-whore,The Mother and the Whore,1973,6
Eiza González,eiza-gonzalezs-criterion-closet-picks,monsieur-verdoux,Monsieur Verdoux,1947,7
Rodarte,rodartes-criterion-closet-picks,videodrome,Videodrome,1983,1
Rodarte,rodartes-criterion-closet-picks,sisters,Sisters,1972,2
Rodarte,rodartes-criterion-closet-picks,in-a-lonely-place,In a Lonely Place,1950,3
Rodarte,rodartes-criterion-closet-picks,shampoo,Shampoo,1975,4
Rodarte,rodartes-criterion-closet-picks,the-double-life-of-veronique,The Double Life of Véronique,1991,5
Rodarte,rodartes-criterion-closet-picks,polyester,Polyester,1981,6
Rodarte,rodartes-criterion-closet-picks,multiple-maniacs,Multiple Maniacs,1970,7
Rodarte,rodartes-criterion-closet-picks,in-the-mood-for-love,In the Mood for Love,2000,8
Rodarte,rodartes-criterion-closet-picks,the-red-shoes,The Red Shoes,1948,9
Molly Manning Walker,molly-manning-walkers-criterion-closet-picks,how-to-have-sex,How to Have Sex,2023,1
Molly Manning Walker,molly-manning-walkers-criterion-closet-picks,the-worst-person-in-the-world,The Worst Person in the World,2021,2
Molly Manning Walker,molly-manning-walkers-criterion-closet-picks,trainspotting,Trainspotting,1996,3
Joel Potrykus,joel-potrykus-criterion-closet-picks,fast-times-at-ridgemont-high,Fast Times at Ridgemont High,1982,1
Joel Potrykus,joel-potrykus-criterion-closet-picks,equinox,Equinox,1970,2
Joel Potrykus,joel-potrykus-criterion-closet-picks,italianamerican,Italianamerican,1974,3
Joel Potrykus,joel-potrykus-criterion-closet-picks,american-boy-a-profile-of-steven-prince,American Boy: A Profile of Steven Prince,1978,4
Joel Potrykus,joel-potrykus-criterion-closet-picks,the-big-shave,The Big Shave,1967,5
Joel Potrykus,joel-potrykus-criterion-closet-picks,its-not-just-you-murray,"It's Not Just You, Murray!",1964,6
Joel Potrykus,joel-potrykus-criterion-closet-picks,whats-a-nice-girl-like-you-doing-in-a-place-like-this,What's a Nice Girl Like You Doing in a Place Like This?,1963,7
Joel Potrykus,joel-potrykus-criterion-closet-picks,trainspotting,Trainspotting,1996,8
Joel Potrykus,joel-potrykus-criterion-closet-picks,the-discreet-charm-of-the-bourgeoisie,The Discreet Charm of the Bourgeoisie,1972,9
Joel Potrykus,joel-potrykus-criterion-closet-picks,the-phantom-of-liberty,The Phantom of Liberty,1974,10
Joel Potrykus,joel-potrykus-criterion-closet-picks,that-obscure-object-of-desire,That Obscure Object of Desire,1977,11
Joel Potrykus,joel-potrykus-criterion-closet-picks,if,if....,1968,12
Chiara Mastroianni,chiara-mastroiannis-criterion-closet,marcello-mio,Marcello Mio,2024,1
Chiara Mastroianni,chiara-mastroiannis-criterion-closet,to-be-or-not-to-be,To Be or Not to Be,1942,2
Chiara Mastroianni,chiara-mastroiannis-criterion-closet,divorce-italian-style,Divorce Italian Style,1961,3
Chiara Mastroianni,chiara-mastroiannis-criterion-closet,rebecca,Rebecca,1940,4
Chiara Mastroianni,chiara-mastroiannis-criterion-closet,mean-streets,Mean Streets,1973,5
Chiara Mastroianni,chiara-mastroiannis-criterion-closet,cure,Cure,1997,6
Chiara Mastroianni,chiara-mastroiannis-criterion-closet,the-night-of-the-hunter,The Night of the Hunter,1955,7
Chiara Mastroianni,chiara-mastroiannis-criterion-closet,a-special-day,A Special Day,1977,8
Chiara Mastroianni,chiara-mastroiannis-criterion-closet,the-organizer,The Organizer,1963,9
Chiara Mastroianni,chiara-mastroiannis-criterion-closet,things-to-come,Things to Come,1936,10
Marc Maron,marc-marons-criterion-closet-picks,gimme-shelter-1970,Gimme Shelter,1970,1
Marc Maron,marc-marons-criterion-closet-picks,burden-of-dreams,Burden of Dreams,1982,2
Marc Maron,marc-marons-criterion-closet-picks,being-there,Being There,1979,3
Marc Maron,marc-marons-criterion-closet-picks,female-trouble,Female Trouble,1974,4
Marc Maron,marc-marons-criterion-closet-picks,mccabe-mrs-miller,McCabe & Mrs. Miller,1971,5
Marc Maron,marc-marons-criterion-closet-picks,the-american-friend,The American Friend,1977,6
Marc Maron,marc-marons-criterion-closet-picks,my-darling-clementine,My Darling Clementine,1946,7
Marc Maron,marc-marons-criterion-closet-picks,burroughs-the-movie,Burroughs: The Movie,1983,8
Marc Maron,marc-marons-criterion-closet-picks,ace-in-the-hole,Ace in the Hole,1951,9
Marc Maron,marc-marons-criterion-closet-picks,a-face-in-the-crowd,A Face in the Crowd,1957,10
Marc Maron,marc-marons-criterion-closet-picks,shame,Shame,1968,11
Brady Corbet,brady-corbets-criterion-closet-picks,the-brutalist,The Brutalist,2024,1
Brady Corbet,brady-corbets-criterion-closet-picks,the-mother-and-the-whore,The Mother and the Whore,1973,2
Brady Corbet,brady-corbets-criterion-closet-picks,the-leopard,The Leopard,1963,3
Brady Corbet,brady-corbets-criterion-closet-picks,death-in-venice,Death in Venice,1971,4
Brady Corbet,brady-corbets-criterion-closet-picks,the-damned,The Damned,1969,5
Brady Corbet,brady-corbets-criterion-closet-picks,marketa-lazarova,Marketa Lazarová,1967,6
Brady Corbet,brady-corbets-criterion-closet-picks,the-virgin-spring,The Virgin Spring,1960,7
Brady Corbet,brady-corbets-criterion-closet-picks,andrei-rublev,Andrei Rublev,1966,8
Brady Corbet,brady-corbets-criterion-closet-picks,salo-or-the-120-days-of-sodom,"Salò, or the 120 Days of Sodom",1975,9
Brady Corbet,brady-corbets-criterion-closet-picks,the-ascent,The Ascent,1977,10
Brady Corbet,brady-corbets-criterion-closet-picks,bergman-island-2021,Bergman Island,2021,11
Brady Corbet,brady-corbets-criterion-closet-picks,as-tears-go-by,As Tears Go By,1988,12
Brady Corbet,brady-corbets-criterion-closet-picks,ah-fei-jing-juen,Days of Being Wild,1990,13
Brady Corbet,brady-corbets-criterion-closet-picks,chungking-express,Chungking Express,1994,14
Brady Corbet,brady-corbets-criterion-closet-picks,fallen-angels,Fallen Angels,1995,15
Brady Corbet,brady-corbets-criterion-closet-picks,happy-together-1997,Happy Together,1997,16
Brady Corbet,brady-corbets-criterion-closet-picks,in-the-mood-for-love,In the Mood for Love,2000,17
Brady Corbet,brady-corbets-criterion-closet-picks,2046,2046,2004,18
Brady Corbet,brady-corbets-criterion-closet-picks,accattone,Accattone,1961,19
Brady Corbet,brady-corbets-criterion-closet-picks,mamma-roma,Mamma Roma,1962,20
Brady Corbet,brady-corbets-criterion-closet-picks,love-meetings,Love Meetings,1964,21
Brady Corbet,brady-corbets-criterion-closet-picks,the-gospel-according-to-st-matthew,The Gospel According to St. Matthew,1964,22
Brady Corbet,brady-corbets-criterion-closet-picks,the-hawks-and-the-sparrows,The Hawks and the Sparrows,1966,23
Brady Corbet,brady-corbets-criterion-closet-picks,oedipus-rex,Oedipus Rex,1967,24
Brady Corbet,brady-corbets-criterion-closet-picks,theorem,Theorem,1968,25
Brady Corbet,brady-corbets-criterion-closet-picks,pigsty,Pigsty,1969,26
Brady Corbet,brady-corbets-criterion-closet-picks,medea,Medea,1969,27
Brady Corbet,brady-corbets-criterion-closet-picks,dekalog,Dekalog,1989,28
Mary Harron,mary-harrons-criterion-closet-picks,american-psycho,American Psycho,2000,1
Mary Harron,mary-harrons-criterion-closet-picks,i-shot-andy-warhol,I Shot Andy Warhol,1996,2
Mary Harron,mary-harrons-criterion-closet-picks,daliland,Dalíland,2022,3
Mary Harron,mary-harrons-criterion-closet-picks,lost-highway,Lost Highway,1997,4
Mary Harron,mary-harrons-criterion-closet-picks,the-naked-city,The Naked City,1948,5
Mary Harron,mary-harrons-criterion-closet-picks,the-killing-of-a-chinese-bookie,The Killing of a Chinese Bookie,1976,6
Mary Harron,mary-harrons-criterion-closet-picks,the-naked-kiss,The Naked Kiss,1964,7
Mary Harron,mary-harrons-criterion-closet-picks,shock-corridor,Shock Corridor,1963,8
Mary Harron,mary-harrons-criterion-closet-picks,sid-and-nancy,Sid and Nancy,1986,9
Mary Harron,mary-harrons-criterion-closet-picks,mala-noche,Mala Noche,1986,10
Mary Harron,mary-harrons-criterion-closet-picks,my-man-godfrey,My Man Godfrey,1936,11
Mary Harron,mary-harrons-criterion-closet-picks,the-discreet-charm-of-the-bourgeoisie,The Discreet Charm of the Bourgeoisie,1972,12
Mary Harron,mary-harrons-criterion-closet-picks,the-phantom-of-liberty,The Phantom of Liberty,1974,13
Mary Harron,mary-harrons-criterion-closet-picks,that-obscure-object-of-desire,That Obscure Object of Desire,1977,14
Mary Harron,mary-harrons-criterion-closet-picks,infernal-affairs,Infernal Affairs,2002,15
Mary Harron,mary-harrons-criterion-closet-picks,infernal-affairs-ii,Infernal Affairs II,2003,16
Mary Harron,mary-harrons-criterion-closet-picks,infernal-affairs-iii,Infernal Affairs III,2003,17
Juliette Binoche,juliette-binoches-criterion-closet-picks,like-someone-in-love,Like Someone in Love,2012,1
Juliette Binoche,juliette-binoches-criterion-closet-picks,the-innocents,The Innocents,1961,2
Juliette Binoche,juliette-binoches-criterion-closet-picks,speedy,Speedy,1928,3
Juliette Binoche,juliette-binoches-criterion-closet-picks,primary,Primary,1960,4
Juliette Binoche,juliette-binoches-criterion-closet-picks,adventures-on-the-new-frontier,Adventures on the New Frontier,1961,5
Juliette Binoche,juliette-binoches-criterion-closet-picks,crisis-behind-a-presidential-commitment,Crisis: Behind a Presidential Commitment,1963,6
Juliette Binoche,juliette-binoches-criterion-closet-picks,faces-of-november,Faces of November,1964,7
Juliette Binoche,juliette-binoches-criterion-closet-picks,la-chienne,La Chienne,1931,8
Juliette Binoche,juliette-binoches-criterion-closet-picks,ingrid-bergman-in-her-own-words,Ingrid Bergman: In Her Own Words,2015,9
Juliette Binoche,juliette-binoches-criterion-closet-picks,the-immortal-story,The Immortal Story,1968,10
Juliette Binoche,juliette-binoches-criterion-closet-picks,dont-look-back-1967,Dont Look Back,1967,11
Juliette Binoche,juliette-binoches-criterion-closet-picks,the-age-of-the-medici,The Age of the Medici,1972,12
Juliette Binoche,juliette-binoches-criterion-closet-picks,cartesius,Cartesius,1974,13
Juliette Binoche,juliette-binoches-criterion-closet-picks,blaise-pascal,Blaise Pascal,1972,14
Juliette Binoche,juliette-binoches-criterion-closet-picks,david-golder,David Golder,1931,15
Juliette Binoche,juliette-binoches-criterion-closet-picks,the-red-head,The Red Head,1932,16
Juliette Binoche,juliette-binoches-criterion-closet-picks,a-mans-head,A Man's Head,1933,17
Juliette Binoche,juliette-binoches-criterion-closet-picks,life-dances-on-1937,Life Dances On,1937,18
Juliette Binoche,juliette-binoches-criterion-closet-picks,walk-cheerfully,Walk Cheerfully,1930,19
Juliette Binoche,juliette-binoches-criterion-closet-picks,that-nights-wife,That Night's Wife,1930,20
Juliette Binoche,juliette-binoches-criterion-closet-picks,dragnet-girl,Dragnet Girl,1933,21
Davy Chou,davy-chous-criterion-closet-picks,pather-panchali,Pather Panchali,1955,1
Davy Chou,davy-chous-criterion-closet-picks,aparajito,Aparajito,1956,2
Davy Chou,davy-chous-criterion-closet-picks,apur-sansar,Apur Sansar,1959,3
Davy Chou,davy-chous-criterion-closet-picks,heavens-gate,Heaven's Gate,1980,4
Davy Chou,davy-chous-criterion-closet-picks,a-brighter-summer-day,A Brighter Summer Day,1991,5
Rodrigo Prieto,rodrigo-prietos-criterion-closet-picks,amores-perros,Amores Perros,2000,1
Rodrigo Prieto,rodrigo-prietos-criterion-closet-picks,the-irishman-2019,The Irishman,2019,2
Rodrigo Prieto,rodrigo-prietos-criterion-closet-picks,25th-hour,25th Hour,2002,3
Rodrigo Prieto,rodrigo-prietos-criterion-closet-picks,silence,Silence,2016,4
Rodrigo Prieto,rodrigo-prietos-criterion-closet-picks,kwaidan,Kwaidan,1964,5
Rodrigo Prieto,rodrigo-prietos-criterion-closet-picks,women-on-the-verge-of-a-nervous-breakdown,Women on the Verge of a Nervous Breakdown,1988,6
Rodrigo Prieto,rodrigo-prietos-criterion-closet-picks,raging-bull,Raging Bull,1980,7
Rodrigo Prieto,rodrigo-prietos-criterion-closet-picks,rumble-fish,Rumble Fish,1983,8
Rodrigo Prieto,rodrigo-prietos-criterion-closet-picks,after-life,After Life,1998,9
Lena Dunham,lena-dunhams-criterion-closet-picks,girlfriends-1978,Girlfriends,1978,1
Lena Dunham,lena-dunhams-criterion-closet-picks,town-bloody-hall,Town Bloody Hall,1979,2
Lena Dunham,lena-dunhams-criterion-closet-picks,love-basketball,Love & Basketball,2000,3
Lena Dunham,lena-dunhams-criterion-closet-picks,streetwise,Streetwise,1984,4
Lena Dunham,lena-dunhams-criterion-closet-picks,my-brilliant-career,My Brilliant Career,1979,5
Lena Dunham,lena-dunhams-criterion-closet-picks,the-daytrippers,The Daytrippers,1996,6
Lena Dunham,lena-dunhams-criterion-closet-picks,okja,Okja,2017,7
Lena Dunham,lena-dunhams-criterion-closet-picks,night-on-earth,Night on Earth,1991,8
Lena Dunham,lena-dunhams-criterion-closet-picks,defending-your-life,Defending Your Life,1991,9
Lena Dunham,lena-dunhams-criterion-closet-picks,wanda,Wanda,1970,10
JR,jrs-criterion-closet-picks,faces-places,Faces Places,2017,1
JR,jrs-criterion-closet-picks,la-haine,La Haine,1995,2
JR,jrs-criterion-closet-picks,roma-2018,Roma,2018,3
JR,jrs-criterion-closet-picks,varda-by-agnes,Varda by Agnès,2019,4
JR,jrs-criterion-closet-picks,la-pointe-courte,La Pointe Courte,1955,5
JR,jrs-criterion-closet-picks,cleo-from-5-to-7,Cléo from 5 to 7,1962,6
JR,jrs-criterion-closet-picks,daguerreotypes,Daguerréotypes,1975,7
JR,jrs-criterion-closet-picks,happiness-1965,Le Bonheur,1965,8
JR,jrs-criterion-closet-picks,the-creatures,The Creatures,1966,9
JR,jrs-criterion-closet-picks,uncle-yanco,Uncle Yanco,1967,10
JR,jrs-criterion-closet-picks,black-panthers,Black Panthers,1968,11
JR,jrs-criterion-closet-picks,lions-love,Lions Love,1969,12
JR,jrs-criterion-closet-picks,mur-murs,Mur Murs,1981,13
JR,jrs-criterion-closet-picks,documenteur,Documenteur,1981,14
JR,jrs-criterion-closet-picks,one-sings-the-other-doesnt,"One Sings, the Other Doesn't",1977,15
JR,jrs-criterion-closet-picks,vagabond,Vagabond,1985,16
JR,jrs-criterion-closet-picks,jane-b-by-agnes-v,Jane B. by Agnès V.,1988,17
JR,jrs-criterion-closet-picks,kung-fu-master,Kung-Fu Master!,1988,18
JR,jrs-criterion-closet-picks,jacquot-de-nantes,Jacquot de Nantes,1991,19
JR,jrs-criterion-closet-picks,one-hundred-and-one-nights,One Hundred and One Nights,1995,20
JR,jrs-criterion-closet-picks,the-gleaners-and-i,The Gleaners and I,2000,21
JR,jrs-criterion-closet-picks,the-gleaners-and-i-two-years-later,The Gleaners and I: Two Years Later,2002,22
JR,jrs-criterion-closet-picks,agnes-varda-from-here-to-there,Agnès Varda: From Here to There,2011,23
JR,jrs-criterion-closet-picks,the-beaches-of-agnes,The Beaches of Agnès,2008,24
JR,jrs-criterion-closet-picks,shadows-1958,Shadows,1958,25
JR,jrs-criterion-closet-picks,faces-1968,Faces,1968,26
JR,jrs-criterion-closet-picks,a-woman-under-the-influence,A Woman Under the Influence,1974,27
JR,jrs-criterion-closet-picks,the-killing-of-a-chinese-bookie,The Killing of a Chinese Bookie,1976,28
JR,jrs-criterion-closet-picks,opening-night,Opening Night,1977,29
JR,jrs-criterion-closet-picks,a-constant-forge,A Constant Forge,2000,30
JR,jrs-criterion-closet-picks,amores-perros,Amores Perros,2000,31
JR,jrs-criterion-closet-picks,walle,WALL·E,2008,32
JR,jrs-criterion-closet-picks,mean-streets,Mean Streets,1973,33
JR,jrs-criterion-closet-picks,the-innocent-2022,The Innocent,2022,34
JR,jrs-criterion-closet-picks,eo,EO,2022,35
Jack Harlow,jack-harlows-criterion-closet-picks,the-bakery-girl-of-monceau,The Bakery Girl of Monceau,1963,1
Jack Harlow,jack-harlows-criterion-closet-picks,suzannes-career,Suzanne’s Career,1963,2
Jack Harlow,jack-harlows-criterion-closet-picks,my-night-at-mauds,My Night at Maud's,1969,3
Jack Harlow,jack-harlows-criterion-closet-picks,la-collectionneuse,La Collectionneuse,1967,4
Jack Harlow,jack-harlows-criterion-closet-picks,claires-knee,Claire's Knee,1970,5
Jack Harlow,jack-harlows-criterion-closet-picks,love-in-the-afternoon-1972,Love in the Afternoon,1972,6
Jack Harlow,jack-harlows-criterion-closet-picks,12-angry-men,12 Angry Men,1957,7
Jack Harlow,jack-harlows-criterion-closet-picks,the-ice-storm,The Ice Storm,1997,8
Jack Harlow,jack-harlows-criterion-closet-picks,la-notte,La Notte,1961,9
Jack Harlow,jack-harlows-criterion-closet-picks,to-sleep-with-anger,To Sleep with Anger,1990,10
Jack Harlow,jack-harlows-criterion-closet-picks,close-up,Close-Up,1990,11
Jack Harlow,jack-harlows-criterion-closet-picks,8-half,8½,1963,12
Jack Harlow,jack-harlows-criterion-closet-picks,fail-safe,Fail Safe,1964,13
Jack Harlow,jack-harlows-criterion-closet-picks,varda-by-agnes,Varda by Agnès,2019,14
Jack Harlow,jack-harlows-criterion-closet-picks,la-pointe-courte,La Pointe Courte,1955,15
Jack Harlow,jack-harlows-criterion-closet-picks,cleo-from-5-to-7,Cléo from 5 to 7,1962,16
Jack Harlow,jack-harlows-criterion-closet-picks,daguerreotypes,Daguerréotypes,1975,17
Jack Harlow,jack-harlows-criterion-closet-picks,happiness-1965,Le Bonheur,1965,18
Jack Harlow,jack-harlows-criterion-closet-picks,the-creatures,The Creatures,1966,19
Jack Harlow,jack-harlows-criterion-closet-picks,uncle-yanco,Uncle Yanco,1967,20
Jack Harlow,jack-harlows-criterion-closet-picks,black-panthers,Black Panthers,1968,21
Jack Harlow,jack-harlows-criterion-closet-picks,lions-love,Lions Love,1969,22
Jack Harlow,jack-harlows-criterion-closet-picks,mur-murs,Mur Murs,1981,23
Jack Harlow,jack-harlows-criterion-closet-picks,documenteur,Documenteur,1981,24
Jack Harlow,jack-harlows-criterion-closet-picks,one-sings-the-other-doesnt,"One Sings, the Other Doesn't",1977,25
Jack Harlow,jack-harlows-criterion-closet-picks,vagabond,Vagabond,1985,26
Jack Harlow,jack-harlows-criterion-closet-picks,jane-b-by-agnes-v,Jane B. by Agnès V.,1988,27
Jack Harlow,jack-harlows-criterion-closet-picks,kung-fu-master,Kung-Fu Master!,1988,28
Jack Harlow,jack-harlows-criterion-closet-picks,jacquot-de-nantes,Jacquot de Nantes,1991,29
Jack Harlow,jack-harlows-criterion-closet-picks,one-hundred-and-one-nights,One Hundred and One Nights,1995,30
Jack Harlow,jack-harlows-criterion-closet-picks,the-gleaners-and-i,The Gleaners and I,2000,31
Jack Harlow,jack-harlows-criterion-closet-picks,the-gleaners-and-i-two-years-later,The Gleaners and I: Two Years Later,2002,32
Jack Harlow,jack-harlows-criterion-closet-picks,faces-places,Faces Places,2017,33
Jack Harlow,jack-harlows-criterion-closet-picks,agnes-varda-from-here-to-there,Agnès Varda: From Here to There,2011,34
Jack Harlow,jack-harlows-criterion-closet-picks,the-beaches-of-agnes,The Beaches of Agnès,2008,35
Jack Harlow,jack-harlows-criterion-closet-picks,a-man-and-a-woman,A Man and a Woman,1966,36
Jack Harlow,jack-harlows-criterion-closet-picks,notorious,Notorious,1946,37
Laura Dern,laura-derns-criterion-closet-picks,3-women,3 Women,1977,1
Laura Dern,laura-derns-criterion-closet-picks,mccabe-mrs-miller,McCabe & Mrs. Miller,1971,2
Laura Dern,laura-derns-criterion-closet-picks,tanner-88,Tanner '88,1988,3
Laura Dern,laura-derns-criterion-closet-picks,fanny-and-alexander,Fanny and Alexander,1982,4
Laura Dern,laura-derns-criterion-closet-picks,fanny-and-alexander-1984,Fanny and Alexander,1984,5
Laura Dern,laura-derns-criterion-closet-picks,persona,Persona,1966,6
Laura Dern,laura-derns-criterion-closet-picks,diabolique-1955,Diabolique,1955,7
Laura Dern,laura-derns-criterion-closet-picks,the-umbrellas-of-cherbourg,The Umbrellas of Cherbourg,1964,8
Laura Dern,laura-derns-criterion-closet-picks,belle-de-jour,Belle de Jour,1967,9
Laura Dern,laura-derns-criterion-closet-picks,the-philadelphia-story,The Philadelphia Story,1940,10
Laura Dern,laura-derns-criterion-closet-picks,david-lynch-the-art-life,David Lynch: The Art Life,2016,11
Laura Dern,laura-derns-criterion-closet-picks,inland-empire,Inland Empire,2006,12
Laura Dern,laura-derns-criterion-closet-picks,smooth-talk,Smooth Talk,1985,13
Laura Dern,laura-derns-criterion-closet-picks,real-life,Real Life,1979,14
Laura Dern,laura-derns-criterion-closet-picks,defending-your-life,Defending Your Life,1991,15
Laura Dern,laura-derns-criterion-closet-picks,variety-lights,Variety Lights,1950,16
Laura Dern,laura-derns-criterion-closet-picks,the-white-sheik,The White Sheik,1952,17
Laura Dern,laura-derns-criterion-closet-picks,i-vitelloni,I Vitelloni,1953,18
Laura Dern,laura-derns-criterion-closet-picks,la-strada,La Strada,1954,19
Laura Dern,laura-derns-criterion-closet-picks,the-swindle-1955,The Swindle,1955,20
Laura Dern,laura-derns-criterion-closet-picks,nights-of-cabiria,Nights of Cabiria,1957,21
Laura Dern,laura-derns-criterion-closet-picks,la-dolce-vita,La Dolce Vita,1960,22
Laura Dern,laura-derns-criterion-closet-picks,8-half,8½,1963,23
Laura Dern,laura-derns-criterion-closet-picks,juliet-of-the-spirits,Juliet of the Spirits,1965,24
Laura Dern,laura-derns-criterion-closet-picks,satyricon-1969,Satyricon,1969,25
Laura Dern,laura-derns-criterion-closet-picks,roma,Roma,1972,26
Laura Dern,laura-derns-criterion-closet-picks,amarcord,Amarcord,1973,27
Laura Dern,laura-derns-criterion-closet-picks,and-the-ship-sails-on,And the Ship Sails On,1983,28
Laura Dern,laura-derns-criterion-closet-picks,intervista,Intervista,1987,29
Laura Dern,laura-derns-criterion-closet-picks,italianamerican,Italianamerican,1974,30
Laura Dern,laura-derns-criterion-closet-picks,american-boy-a-profile-of-steven-prince,American Boy: A Profile of Steven Prince,1978,31
Laura Dern,laura-derns-criterion-closet-picks,the-big-shave,The Big Shave,1967,32
Laura Dern,laura-derns-criterion-closet-picks,its-not-just-you-murray,"It's Not Just You, Murray!",1964,33
Laura Dern,laura-derns-criterion-closet-picks,whats-a-nice-girl-like-you-doing-in-a-place-like-this,What's a Nice Girl Like You Doing in a Place Like This?,1963,34
Laura Dern,laura-derns-criterion-closet-picks,the-awful-truth,The Awful Truth,1937,35
Laura Dern,laura-derns-criterion-closet-picks,do-the-right-thing,Do the Right Thing,1989,36
Laura Dern,laura-derns-criterion-closet-picks,the-night-of-the-hunter,The Night of the Hunter,1955,37
Laura Dern,laura-derns-criterion-closet-picks,the-last-picture-show,The Last Picture Show,1971,38
Laura Dern,laura-derns-criterion-closet-picks,head,Head,1968,39
Laura Dern,laura-derns-criterion-closet-picks,easy-rider,Easy Rider,1969,40
Laura Dern,laura-derns-criterion-closet-picks,five-easy-pieces,Five Easy Pieces,1970,41
Laura Dern,laura-derns-criterion-closet-picks,drive-he-said,"Drive, He Said",1971,42
Laura Dern,laura-derns-criterion-closet-picks,a-safe-place,A Safe Place,1971,43
Laura Dern,laura-derns-criterion-closet-picks,the-king-of-marvin-gardens,The King of Marvin Gardens,1972,44
Anna Kendrick,anna-kendricks-criterion-closet-picks,all-that-jazz,All That Jazz,1979,1
Anna Kendrick,anna-kendricks-criterion-closet-picks,klute,Klute,1971,2
Anna Kendrick,anna-kendricks-criterion-closet-picks,twilight-2008,Twilight,2008,3
Anna Kendrick,anna-kendricks-criterion-closet-picks,winter-light,Winter Light,1963,4
Anna Kendrick,anna-kendricks-criterion-closet-picks,cries-and-whispers,Cries and Whispers,1972,5
Anna Kendrick,anna-kendricks-criterion-closet-picks,stalker,Stalker,1979,6
Anna Kendrick,anna-kendricks-criterion-closet-picks,the-passion-of-joan-of-arc,The Passion of Joan of Arc,1928,7
Anna Kendrick,anna-kendricks-criterion-closet-picks,saint-omer,Saint Omer,2022,8
Anna Kendrick,anna-kendricks-criterion-closet-picks,crisis,Crisis,1946,9
Anna Kendrick,anna-kendricks-criterion-closet-picks,a-ship-to-india,A Ship to India,1947,10
Anna Kendrick,anna-kendricks-criterion-closet-picks,port-of-call,Port of Call,1948,11
Anna Kendrick,anna-kendricks-criterion-closet-picks,thirst,Thirst,1949,12
Anna Kendrick,anna-kendricks-criterion-closet-picks,to-joy,To Joy,1950,13
Anna Kendrick,anna-kendricks-criterion-closet-picks,summer-interlude,Summer Interlude,1951,14
Anna Kendrick,anna-kendricks-criterion-closet-picks,waiting-women,Waiting Women,1952,15
Anna Kendrick,anna-kendricks-criterion-closet-picks,summer-with-monika,Summer with Monika,1953,16
Anna Kendrick,anna-kendricks-criterion-closet-picks,sawdust-and-tinsel,Sawdust and Tinsel,1953,17
Anna Kendrick,anna-kendricks-criterion-closet-picks,a-lesson-in-love,A Lesson in Love,1954,18
Anna Kendrick,anna-kendricks-criterion-closet-picks,dreams-1955,Dreams,1955,19
Anna Kendrick,anna-kendricks-criterion-closet-picks,smiles-of-a-summer-night,Smiles of a Summer Night,1955,20
Anna Kendrick,anna-kendricks-criterion-closet-picks,the-seventh-seal,The Seventh Seal,1957,21
Anna Kendrick,anna-kendricks-criterion-closet-picks,wild-strawberries,Wild Strawberries,1957,22
Anna Kendrick,anna-kendricks-criterion-closet-picks,brink-of-life,Brink of Life,1958,23
Anna Kendrick,anna-kendricks-criterion-closet-picks,the-magician-1958,The Magician,1958,24
Anna Kendrick,anna-kendricks-criterion-closet-picks,the-virgin-spring,The Virgin Spring,1960,25
Anna Kendrick,anna-kendricks-criterion-closet-picks,the-devils-eye,The Devil's Eye,1960,26
Anna Kendrick,anna-kendricks-criterion-closet-picks,through-a-glass-darkly,Through a Glass Darkly,1961,27
Anna Kendrick,anna-kendricks-criterion-closet-picks,the-silence,The Silence,1963,28
Anna Kendrick,anna-kendricks-criterion-closet-picks,all-these-women,All These Women,1964,29
Anna Kendrick,anna-kendricks-criterion-closet-picks,persona,Persona,1966,30
Anna Kendrick,anna-kendricks-criterion-closet-picks,hour-of-the-wolf,Hour of the Wolf,1968,31
Anna Kendrick,anna-kendricks-criterion-closet-picks,shame,Shame,1968,32
Anna Kendrick,anna-kendricks-criterion-closet-picks,the-rite,The Rite,1969,33
Anna Kendrick,anna-kendricks-criterion-closet-picks,the-passion-of-anna,The Passion of Anna,1969,34
Anna Kendrick,anna-kendricks-criterion-closet-picks,faro-document,Fårö Document,1970,35
Anna Kendrick,anna-kendricks-criterion-closet-picks,the-touch-1971,The Touch,1971,36
Anna Kendrick,anna-kendricks-criterion-closet-picks,scenes-from-a-marriage,Scenes from a Marriage,1974,37
Anna Kendrick,anna-kendricks-criterion-closet-picks,scenes-from-a-marriage-1973-1,Scenes from a Marriage,1973,38
Anna Kendrick,anna-kendricks-criterion-closet-picks,the-magic-flute,The Magic Flute,1975,39
Anna Kendrick,anna-kendricks-criterion-closet-picks,the-serpents-egg,The Serpent's Egg,1977,40
Anna Kendrick,anna-kendricks-criterion-closet-picks,autumn-sonata,Autumn Sonata,1978,41
Anna Kendrick,anna-kendricks-criterion-closet-picks,faro-document-1979,Fårö Document 1979,1979,42
Anna Kendrick,anna-kendricks-criterion-closet-picks,from-the-life-of-the-marionettes,From the Life of the Marionettes,1980,43
Anna Kendrick,anna-kendricks-criterion-closet-picks,fanny-and-alexander,Fanny and Alexander,1982,44
Anna Kendrick,anna-kendricks-criterion-closet-picks,fanny-and-alexander-1984,Fanny and Alexander,1984,45
Anna Kendrick,anna-kendricks-criterion-closet-picks,after-the-rehearsal,After the Rehearsal,1984,46
Anna Kendrick,anna-kendricks-criterion-closet-picks,saraband,Saraband,2003,47
Anna Kendrick,anna-kendricks-criterion-closet-picks,mouchette,Mouchette,1967,48
Richard Ayoade,richard-ayoades-criterion-closet-picks,submarine,Submarine,2010,1
Richard Ayoade,richard-ayoades-criterion-closet-picks,the-double-2013,The Double,2013,2
Richard Ayoade,richard-ayoades-criterion-closet-picks,zazie-dans-le-metro,Zazie dans le Métro,1960,3
Richard Ayoade,richard-ayoades-criterion-closet-picks,the-cousins-1959,The Cousins,1959,4
Richard Ayoade,richard-ayoades-criterion-closet-picks,le-havre,Le Havre,2011,5
Amir Naderi,amir-naderis-criterion-closet-picks,the-runner,The Runner,1984,1
Amir Naderi,amir-naderis-criterion-closet-picks,a-brighter-summer-day,A Brighter Summer Day,1991,2
Amir Naderi,amir-naderis-criterion-closet-picks,the-discreet-charm-of-the-bourgeoisie,The Discreet Charm of the Bourgeoisie,1972,3
Amir Naderi,amir-naderis-criterion-closet-picks,the-phantom-of-liberty,The Phantom of Liberty,1974,4
Amir Naderi,amir-naderis-criterion-closet-picks,that-obscure-object-of-desire,That Obscure Object of Desire,1977,5
Amir Naderi,amir-naderis-criterion-closet-picks,through-a-glass-darkly,Through a Glass Darkly,1961,6
Amir Naderi,amir-naderis-criterion-closet-picks,winter-light,Winter Light,1963,7
Amir Naderi,amir-naderis-criterion-closet-picks,the-silence,The Silence,1963,8
Amir Naderi,amir-naderis-criterion-closet-picks,dekalog,Dekalog,1989,9
Amir Naderi,amir-naderis-criterion-closet-picks,pather-panchali,Pather Panchali,1955,10
Amir Naderi,amir-naderis-criterion-closet-picks,aparajito,Aparajito,1956,11
Amir Naderi,amir-naderis-criterion-closet-picks,apur-sansar,Apur Sansar,1959,12
Wim Wenders,wim-wenders-criterion-closet-picks,wings-of-desire,Wings of Desire,1987,1
Wim Wenders,wim-wenders-criterion-closet-picks,paris-texas,"Paris, Texas",1984,2
Wim Wenders,wim-wenders-criterion-closet-picks,salo-or-the-120-days-of-sodom,"Salò, or the 120 Days of Sodom",1975,3
Wim Wenders,wim-wenders-criterion-closet-picks,the-rules-of-the-game,The Rules of the Game,1939,4
Wim Wenders,wim-wenders-criterion-closet-picks,vivre-sa-vie,Vivre Sa Vie,1962,5
Wim Wenders,wim-wenders-criterion-closet-picks,pleasures-of-the-flesh,Pleasures of the Flesh,1965,6
Wim Wenders,wim-wenders-criterion-closet-picks,violence-at-noon,Violence at Noon,1966,7
Wim Wenders,wim-wenders-criterion-closet-picks,sing-a-song-of-sex,Sing a Song of Sex,1967,8
Wim Wenders,wim-wenders-criterion-closet-picks,japanese-summer-double-suicide,Japanese Summer: Double Suicide,1967,9
Wim Wenders,wim-wenders-criterion-closet-picks,three-resurrected-drunkards,Three Resurrected Drunkards,1968,10
Wim Wenders,wim-wenders-criterion-closet-picks,accattone,Accattone,1961,11
Wim Wenders,wim-wenders-criterion-closet-picks,mamma-roma,Mamma Roma,1962,12
Wim Wenders,wim-wenders-criterion-closet-picks,love-meetings,Love Meetings,1964,13
Wim Wenders,wim-wenders-criterion-closet-picks,the-gospel-according-to-st-matthew,The Gospel According to St. Matthew,1964,14
Wim Wenders,wim-wenders-criterion-closet-picks,the-hawks-and-the-sparrows,The Hawks and the Sparrows,1966,15
Wim Wenders,wim-wenders-criterion-closet-picks,oedipus-rex,Oedipus Rex,1967,16
Wim Wenders,wim-wenders-criterion-closet-picks,theorem,Theorem,1968,17
Wim Wenders,wim-wenders-criterion-closet-picks,pigsty,Pigsty,1969,18
Wim Wenders,wim-wenders-criterion-closet-picks,medea,Medea,1969,19
Wim Wenders,wim-wenders-criterion-closet-picks,jour-de-fete,Jour de Fête,1949,20
Wim Wenders,wim-wenders-criterion-closet-picks,monsieur-hulots-holiday,Monsieur Hulot's Holiday,1953,21
Wim Wenders,wim-wenders-criterion-closet-picks,mon-oncle,Mon Oncle,1958,22
Wim Wenders,wim-wenders-criterion-closet-picks,playtime,PlayTime,1967,23
Wim Wenders,wim-wenders-criterion-closet-picks,trafic,Trafic,1971,24
Wim Wenders,wim-wenders-criterion-closet-picks,parade,Parade,1974,25
Sarita Choudhury,sarita-choudhurys-criterion-closet-picks,mississippi-masala,Mississippi Masala,1991,1
Sarita Choudhury,sarita-choudhurys-criterion-closet-picks,working-girls-1986,Working Girls,1986,2
Sarita Choudhury,sarita-choudhurys-criterion-closet-picks,tokyo-story,Tokyo Story,1953,3
Sarita Choudhury,sarita-choudhurys-criterion-closet-picks,the-big-city,The Big City,1963,4
Sarita Choudhury,sarita-choudhurys-criterion-closet-picks,the-hero-1966,The Hero,1966,5
Sarita Choudhury,sarita-choudhurys-criterion-closet-picks,leclisse,L'Eclisse,1962,6
Sarita Choudhury,sarita-choudhurys-criterion-closet-picks,a-special-day,A Special Day,1977,7
Sarita Choudhury,sarita-choudhurys-criterion-closet-picks,day-for-night,Day for Night,1973,8
Sarita Choudhury,sarita-choudhurys-criterion-closet-picks,my-beautiful-laundrette,My Beautiful Laundrette,1985,9
Sarita Choudhury,sarita-choudhurys-criterion-closet-picks,the-decameron,The Decameron,1971,10
Sarita Choudhury,sarita-choudhurys-criterion-closet-picks,the-canterbury-tales,The Canterbury Tales,1972,11
Sarita Choudhury,sarita-choudhurys-criterion-closet-picks,arabian-nights-1974,Arabian Nights,1974,12
Rachel Sennott,rachel-sennotts-criterion-closet-picks,tiny-furniture,Tiny Furniture,2010,1
Rachel Sennott,rachel-sennotts-criterion-closet-picks,happiness,Happiness,1998,2
Rachel Sennott,rachel-sennotts-criterion-closet-picks,women-on-the-verge-of-a-nervous-breakdown,Women on the Verge of a Nervous Breakdown,1988,3
Rachel Sennott,rachel-sennotts-criterion-closet-picks,punch-drunk-love,Punch-Drunk Love,2002,4
Rachel Sennott,rachel-sennotts-criterion-closet-picks,to-die-for,To Die For,1995,5
Norman Reedus,norman-reedus-criterion-closet-picks,blue-velvet,Blue Velvet,1986,1
Norman Reedus,norman-reedus-criterion-closet-picks,the-color-of-pomegranates,The Color of Pomegranates,1969,2
Norman Reedus,norman-reedus-criterion-closet-picks,videodrome,Videodrome,1983,3
Norman Reedus,norman-reedus-criterion-closet-picks,my-own-private-idaho,My Own Private Idaho,1991,4
Norman Reedus,norman-reedus-criterion-closet-picks,midnight-cowboy,Midnight Cowboy,1969,5
Norman Reedus,norman-reedus-criterion-closet-picks,paris-texas,"Paris, Texas",1984,6
Norman Reedus,norman-reedus-criterion-closet-picks,the-big-chill,The Big Chill,1983,7
Norman Reedus,norman-reedus-criterion-closet-picks,a-woman-under-the-influence,A Woman Under the Influence,1974,8
Norman Reedus,norman-reedus-criterion-closet-picks,sid-and-nancy,Sid and Nancy,1986,9
Norman Reedus,norman-reedus-criterion-closet-picks,mystery-train,Mystery Train,1989,10
Norman Reedus,norman-reedus-criterion-closet-picks,trainspotting,Trainspotting,1996,11
Norman Reedus,norman-reedus-criterion-closet-picks,harold-and-maude,Harold and Maude,1971,12
Norman Reedus,norman-reedus-criterion-closet-picks,easy-rider,Easy Rider,1969,13
Norman Reedus,norman-reedus-criterion-closet-picks,rosemarys-baby,Rosemary's Baby,1968,14
Norman Reedus,norman-reedus-criterion-closet-picks,clean-shaven,"Clean, Shaven",1993,15
Norman Reedus,norman-reedus-criterion-closet-picks,repo-man,Repo Man,1984,16
Norman Reedus,norman-reedus-criterion-closet-picks,the-man-who-fell-to-earth,The Man Who Fell to Earth,1976,17
Norman Reedus,norman-reedus-criterion-closet-picks,valley-of-the-dolls,Valley of the Dolls,1967,18
Norman Reedus,norman-reedus-criterion-closet-picks,the-princess-bride,The Princess Bride,1987,19
Norman Reedus,norman-reedus-criterion-closet-picks,purple-noon,Purple Noon,1960,20
Norman Reedus,norman-reedus-criterion-closet-picks,the-graduate,The Graduate,1967,21
Norman Reedus,norman-reedus-criterion-closet-picks,freaks,Freaks,1932,22
Norman Reedus,norman-reedus-criterion-closet-picks,the-unknown,The Unknown,1927,23
Norman Reedus,norman-reedus-criterion-closet-picks,the-mystic,The Mystic,1925,24
Norman Reedus,norman-reedus-criterion-closet-picks,fast-times-at-ridgemont-high,Fast Times at Ridgemont High,1982,25
Norman Reedus,norman-reedus-criterion-closet-picks,the-virgin-suicides,The Virgin Suicides,1999,26
Norman Reedus,norman-reedus-criterion-closet-picks,pat-garrett-billy-the-kid,Pat Garrett & Billy the Kid,1973,27
Norman Reedus,norman-reedus-criterion-closet-picks,no-country-for-old-men,No Country for Old Men,2007,28
Norman Reedus,norman-reedus-criterion-closet-picks,eraserhead,Eraserhead,1977,29
Norman Reedus,norman-reedus-criterion-closet-picks,dont-look-back-1967,Dont Look Back,1967,30
Norman Reedus,norman-reedus-criterion-closet-picks,the-spirit-of-the-beehive,The Spirit of the Beehive,1973,31
Norman Reedus,norman-reedus-criterion-closet-picks,pink-flamingos,Pink Flamingos,1972,32
Norman Reedus,norman-reedus-criterion-closet-picks,days-of-heaven,Days of Heaven,1978,33
Norman Reedus,norman-reedus-criterion-closet-picks,cat-people,Cat People,1942,34
Norman Reedus,norman-reedus-criterion-closet-picks,breaking-the-waves,Breaking the Waves,1996,35
Norman Reedus,norman-reedus-criterion-closet-picks,brazil,Brazil,1985,36
Norman Reedus,norman-reedus-criterion-closet-picks,beyond-the-valley-of-the-dolls,Beyond the Valley of the Dolls,1970,37
Norman Reedus,norman-reedus-criterion-closet-picks,betty-blue,Betty Blue,1986,38
Norman Reedus,norman-reedus-criterion-closet-picks,being-there,Being There,1979,39
Norman Reedus,norman-reedus-criterion-closet-picks,badlands,Badlands,1973,40
Norman Reedus,norman-reedus-criterion-closet-picks,an-angel-at-my-table,An Angel at My Table,1990,41
Sergei Loznitsa,sergei-loznitsas-criterion-closet-picks,le-corbeau,Le Corbeau,1943,1
Sergei Loznitsa,sergei-loznitsas-criterion-closet-picks,salo-or-the-120-days-of-sodom,"Salò, or the 120 Days of Sodom",1975,2
Sergei Loznitsa,sergei-loznitsas-criterion-closet-picks,brief-encounters,Brief Encounters,1967,3
Sergei Loznitsa,sergei-loznitsas-criterion-closet-picks,the-long-farewell-1971,The Long Farewell,1971,4
Sergei Loznitsa,sergei-loznitsas-criterion-closet-picks,the-discreet-charm-of-the-bourgeoisie,The Discreet Charm of the Bourgeoisie,1972,5
Sergei Loznitsa,sergei-loznitsas-criterion-closet-picks,the-phantom-of-liberty,The Phantom of Liberty,1974,6
Sergei Loznitsa,sergei-loznitsas-criterion-closet-picks,that-obscure-object-of-desire,That Obscure Object of Desire,1977,7
Sergei Loznitsa,sergei-loznitsas-criterion-closet-picks,deep-crimson,Deep Crimson,1996,8
Sergei Loznitsa,sergei-loznitsas-criterion-closet-picks,wings-1966,Wings,1966,9
Sergei Loznitsa,sergei-loznitsas-criterion-closet-picks,the-ascent,The Ascent,1977,10
Sergei Loznitsa,sergei-loznitsas-criterion-closet-picks,shadows-in-paradise,Shadows in Paradise,1986,11
Sergei Loznitsa,sergei-loznitsas-criterion-closet-picks,ariel,Ariel,1988,12
Sergei Loznitsa,sergei-loznitsas-criterion-closet-picks,the-match-factory-girl,The Match Factory Girl,1990,13
Tyler Mitchell,tyler-mitchells-criterion-closet-picks,the-watermelon-woman,The Watermelon Woman,1996,1
Tyler Mitchell,tyler-mitchells-criterion-closet-picks,largent-1983,L'Argent,1983,2
Tyler Mitchell,tyler-mitchells-criterion-closet-picks,early-spring,Early Spring,1956,3
Tyler Mitchell,tyler-mitchells-criterion-closet-picks,tokyo-twilight,Tokyo Twilight,1957,4
Tyler Mitchell,tyler-mitchells-criterion-closet-picks,equinox-flower,Equinox Flower,1958,5
Tyler Mitchell,tyler-mitchells-criterion-closet-picks,late-autumn,Late Autumn,1960,6
Tyler Mitchell,tyler-mitchells-criterion-closet-picks,the-end-of-summer,The End of Summer,1961,7
Tyler Mitchell,tyler-mitchells-criterion-closet-picks,a-brighter-summer-day,A Brighter Summer Day,1991,8
Tyler Mitchell,tyler-mitchells-criterion-closet-picks,claudine,Claudine,1974,9
Tyler Mitchell,tyler-mitchells-criterion-closet-picks,la-cienaga,La Ciénaga,2001,10
Tyler Mitchell,tyler-mitchells-criterion-closet-picks,the-music-room,The Music Room,1958,11
Tyler Mitchell,tyler-mitchells-criterion-closet-picks,love-basketball,Love & Basketball,2000,12
Tyler Mitchell,tyler-mitchells-criterion-closet-picks,punch-drunk-love,Punch-Drunk Love,2002,13
Tyler Mitchell,tyler-mitchells-criterion-closet-picks,3-women,3 Women,1977,14
Tyler Mitchell,tyler-mitchells-criterion-closet-picks,time-2020,Time,2020,15
Tyler Mitchell,tyler-mitchells-criterion-closet-picks,notorious,Notorious,1946,16
Tyler Mitchell,tyler-mitchells-criterion-closet-picks,rebecca,Rebecca,1940,17
Tyler Mitchell,tyler-mitchells-criterion-closet-picks,persona,Persona,1966,18
Justin Kuritzkes,justin-kuritzkes-criterion-closet-picks,bull-durham,Bull Durham,1988,1
Justin Kuritzkes,justin-kuritzkes-criterion-closet-picks,the-vanishing,The Vanishing,1988,2
Justin Kuritzkes,justin-kuritzkes-criterion-closet-picks,mr-klein,Mr. Klein,1976,3
Dustin Guy Defa,dustin-guy-defas-criterion-closet-picks,close-up,Close-Up,1990,1
Dustin Guy Defa,dustin-guy-defas-criterion-closet-picks,varda-by-agnes,Varda by Agnès,2019,2
Dustin Guy Defa,dustin-guy-defas-criterion-closet-picks,la-pointe-courte,La Pointe Courte,1955,3
Dustin Guy Defa,dustin-guy-defas-criterion-closet-picks,cleo-from-5-to-7,Cléo from 5 to 7,1962,4
Dustin Guy Defa,dustin-guy-defas-criterion-closet-picks,daguerreotypes,Daguerréotypes,1975,5
Dustin Guy Defa,dustin-guy-defas-criterion-closet-picks,happiness-1965,Le Bonheur,1965,6
Dustin Guy Defa,dustin-guy-defas-criterion-closet-picks,the-creatures,The Creatures,1966,7
Dustin Guy Defa,dustin-guy-defas-criterion-closet-picks,uncle-yanco,Uncle Yanco,1967,8
Dustin Guy Defa,dustin-guy-defas-criterion-closet-picks,black-panthers,Black Panthers,1968,9
Dustin Guy Defa,dustin-guy-defas-criterion-closet-picks,lions-love,Lions Love,1969,10
Dustin Guy Defa,dustin-guy-defas-criterion-closet-picks,mur-murs,Mur Murs,1981,11
Dustin Guy Defa,dustin-guy-defas-criterion-closet-picks,documenteur,Documenteur,1981,12
Dustin Guy Defa,dustin-guy-defas-criterion-closet-picks,one-sings-the-other-doesnt,"One Sings, the Other Doesn't",1977,13
Dustin Guy Defa,dustin-guy-defas-criterion-closet-picks,vagabond,Vagabond,1985,14
Dustin Guy Defa,dustin-guy-defas-criterion-closet-picks,jane-b-by-agnes-v,Jane B. by Agnès V.,1988,15
Dustin Guy Defa,dustin-guy-defas-criterion-closet-picks,kung-fu-master,Kung-Fu Master!,1988,16
Dustin Guy Defa,dustin-guy-defas-criterion-closet-picks,jacquot-de-nantes,Jacquot de Nantes,1991,17
Dustin Guy Defa,dustin-guy-defas-criterion-closet-picks,one-hundred-and-one-nights,One Hundred and One Nights,1995,18
Dustin Guy Defa,dustin-guy-defas-criterion-closet-picks,the-gleaners-and-i,The Gleaners and I,2000,19
Dustin Guy Defa,dustin-guy-defas-criterion-closet-picks,the-gleaners-and-i-two-years-later,The Gleaners and I: Two Years Later,2002,20
Dustin Guy Defa,dustin-guy-defas-criterion-closet-picks,faces-places,Faces Places,2017,21
Dustin Guy Defa,dustin-guy-defas-criterion-closet-picks,agnes-varda-from-here-to-there,Agnès Varda: From Here to There,2011,22
Dustin Guy Defa,dustin-guy-defas-criterion-closet-picks,the-beaches-of-agnes,The Beaches of Agnès,2008,23
Josh and Benny Safdie,josh-and-benny-safdies-criterion-closet-picks,daddy-longlegs,Daddy Longlegs,2009,1
Josh and Benny Safdie,josh-and-benny-safdies-criterion-closet-picks,heaven-knows-what,Heaven Knows What,2014,2
Josh and Benny Safdie,josh-and-benny-safdies-criterion-closet-picks,good-time,Good Time,2017,3
Josh and Benny Safdie,josh-and-benny-safdies-criterion-closet-picks,maidstone,Maidstone,1970,4
Josh and Benny Safdie,josh-and-benny-safdies-criterion-closet-picks,wild-90,Wild 90,1968,5
Josh and Benny Safdie,josh-and-benny-safdies-criterion-closet-picks,beyond-the-law-1968-1,Beyond the Law,1968,6
Josh and Benny Safdie,josh-and-benny-safdies-criterion-closet-picks,meantime,Meantime,1983,7
Josh and Benny Safdie,josh-and-benny-safdies-criterion-closet-picks,a-man-escaped,A Man Escaped,1956,8
Josh and Benny Safdie,josh-and-benny-safdies-criterion-closet-picks,my-beautiful-laundrette,My Beautiful Laundrette,1985,9
Josh and Benny Safdie,josh-and-benny-safdies-criterion-closet-picks,fox-and-his-friends,Fox and His Friends,1975,10
Josh and Benny Safdie,josh-and-benny-safdies-criterion-closet-picks,walkabout,Walkabout,1971,11
Josh and Benny Safdie,josh-and-benny-safdies-criterion-closet-picks,the-moment-of-truth,The Moment of Truth,1965,12
Josh and Benny Safdie,josh-and-benny-safdies-criterion-closet-picks,blood-simple,Blood Simple,1984,13
Josh and Benny Safdie,josh-and-benny-safdies-criterion-closet-picks,bicycle-thieves,Bicycle Thieves,1948,14
Josh and Benny Safdie,josh-and-benny-safdies-criterion-closet-picks,the-kid,The Kid,1921,15
Josh and Benny Safdie,josh-and-benny-safdies-criterion-closet-picks,the-player,The Player,1992,16
Josh and Benny Safdie,josh-and-benny-safdies-criterion-closet-picks,il-posto,Il Posto,1961,17
Josh and Benny Safdie,josh-and-benny-safdies-criterion-closet-picks,tess,Tess,1979,18
Josh and Benny Safdie,josh-and-benny-safdies-criterion-closet-picks,largent-1983,L'Argent,1983,19
Josh and Benny Safdie,josh-and-benny-safdies-criterion-closet-picks,love-streams,Love Streams,1984,20
Josh and Benny Safdie,josh-and-benny-safdies-criterion-closet-picks,eraserhead,Eraserhead,1977,21
Josh and Benny Safdie,josh-and-benny-safdies-criterion-closet-picks,something-wild,Something Wild,1986,22
Josh and Benny Safdie,josh-and-benny-safdies-criterion-closet-picks,shoah,Shoah,1985,23
Josh and Benny Safdie,josh-and-benny-safdies-criterion-closet-picks,stalker,Stalker,1979,24
Josh and Benny Safdie,josh-and-benny-safdies-criterion-closet-picks,jour-de-fete,Jour de Fête,1949,25
Josh and Benny Safdie,josh-and-benny-safdies-criterion-closet-picks,monsieur-hulots-holiday,Monsieur Hulot's Holiday,1953,26
Josh and Benny Safdie,josh-and-benny-safdies-criterion-closet-picks,mon-oncle,Mon Oncle,1958,27
Josh and Benny Safdie,josh-and-benny-safdies-criterion-closet-picks,playtime,PlayTime,1967,28
Josh and Benny Safdie,josh-and-benny-safdies-criterion-closet-picks,trafic,Trafic,1971,29
Josh and Benny Safdie,josh-and-benny-safdies-criterion-closet-picks,parade,Parade,1974,30
Josh and Benny Safdie,josh-and-benny-safdies-criterion-closet-picks,the-thin-blue-line,The Thin Blue Line,1988,31
Josh and Benny Safdie,josh-and-benny-safdies-criterion-closet-picks,bitter-rice,Bitter Rice,1949,32
Josh and Benny Safdie,josh-and-benny-safdies-criterion-closet-picks,inside-llewyn-davis,Inside Llewyn Davis,2013,33
Josh and Benny Safdie,josh-and-benny-safdies-criterion-closet-picks,leningrad-cowboys-go-america,Leningrad Cowboys Go America,1989,34
Josh and Benny Safdie,josh-and-benny-safdies-criterion-closet-picks,leningrad-cowboys-meet-moses,Leningrad Cowboys Meet Moses,1994,35
Josh and Benny Safdie,josh-and-benny-safdies-criterion-closet-picks,total-balalaika-show,Total Balalaika Show,1994,36
Josh and Benny Safdie,josh-and-benny-safdies-criterion-closet-picks,love-is-colder-than-death,Love Is Colder Than Death,1969,37
Josh and Benny Safdie,josh-and-benny-safdies-criterion-closet-picks,katzelmacher,Katzelmacher,1969,38
Josh and Benny Safdie,josh-and-benny-safdies-criterion-closet-picks,gods-of-the-plague,Gods of the Plague,1970,39
Josh and Benny Safdie,josh-and-benny-safdies-criterion-closet-picks,the-american-soldier,The American Soldier,1970,40
Josh and Benny Safdie,josh-and-benny-safdies-criterion-closet-picks,beware-of-a-holy-whore,Beware of a Holy Whore,1971,41
Josh and Benny Safdie,josh-and-benny-safdies-criterion-closet-picks,wise-blood,Wise Blood,1979,42
Josh and Benny Safdie,josh-and-benny-safdies-criterion-closet-picks,do-the-right-thing,Do the Right Thing,1989,43
Josh and Benny Safdie,josh-and-benny-safdies-criterion-closet-picks,fishing-with-john,Fishing with John,1991,44
Josh and Benny Safdie,josh-and-benny-safdies-criterion-closet-picks,babo-73,Babo 73,1964,45
Josh and Benny Safdie,josh-and-benny-safdies-criterion-closet-picks,chafed-elbows,Chafed Elbows,1967,46
Josh and Benny Safdie,josh-and-benny-safdies-criterion-closet-picks,no-more-excuses,No More Excuses,1968,47
Josh and Benny Safdie,josh-and-benny-safdies-criterion-closet-picks,putney-swope,Putney Swope,1969,48
Josh and Benny Safdie,josh-and-benny-safdies-criterion-closet-picks,two-tons-of-turquoise-to-taos-tonight,Two Tons of Turquoise to Taos Tonight,1975,49
Josh and Benny Safdie,josh-and-benny-safdies-criterion-closet-picks,david-lynch-the-art-life,David Lynch: The Art Life,2016,50
Josh and Benny Safdie,josh-and-benny-safdies-criterion-closet-picks,cameraperson,Cameraperson,2016,51
Josh and Benny Safdie,josh-and-benny-safdies-criterion-closet-picks,tokyo-drifter,Tokyo Drifter,1966,52
Josh and Benny Safdie,josh-and-benny-safdies-criterion-closet-picks,sid-and-nancy,Sid and Nancy,1986,53
Josh and Benny Safdie,josh-and-benny-safdies-criterion-closet-picks,they-live-by-night,They Live by Night,1948,54
Josh and Benny Safdie,josh-and-benny-safdies-criterion-closet-picks,the-squid-and-the-whale,The Squid and the Whale,2005,55
Josh and Benny Safdie,josh-and-benny-safdies-criterion-closet-picks,all-that-jazz,All That Jazz,1979,56
Josh and Benny Safdie,josh-and-benny-safdies-criterion-closet-picks,being-there,Being There,1979,57
Josh and Benny Safdie,josh-and-benny-safdies-criterion-closet-picks,mulholland-drive,Mulholland Drive,2001,58
Josh and Benny Safdie,josh-and-benny-safdies-criterion-closet-picks,scanners,Scanners,1981,59
Josh and Benny Safdie,josh-and-benny-safdies-criterion-closet-picks,the-executioner,The Executioner,1963,60
Josh and Benny Safdie,josh-and-benny-safdies-criterion-closet-picks,the-fisher-king,The Fisher King,1991,61
Josh and Benny Safdie,josh-and-benny-safdies-criterion-closet-picks,valley-of-the-dolls,Valley of the Dolls,1967,62
Josh and Benny Safdie,josh-and-benny-safdies-criterion-closet-picks,badlands,Badlands,1973,63
Josh and Benny Safdie,josh-and-benny-safdies-criterion-closet-picks,godzilla,Godzilla,1954,64
Josh and Benny Safdie,josh-and-benny-safdies-criterion-closet-picks,the-lodger-a-story-of-the-london-fog,The Lodger: A Story of the London Fog,1927,65
Josh and Benny Safdie,josh-and-benny-safdies-criterion-closet-picks,rumble-fish,Rumble Fish,1983,66
Josh and Benny Safdie,josh-and-benny-safdies-criterion-closet-picks,punch-drunk-love,Punch-Drunk Love,2002,67
Josh and Benny Safdie,josh-and-benny-safdies-criterion-closet-picks,dheepan,Dheepan,2015,68
Josh and Benny Safdie,josh-and-benny-safdies-criterion-closet-picks,blind-chance,Blind Chance,1987,69
Josh and Benny Safdie,josh-and-benny-safdies-criterion-closet-picks,head,Head,1968,70
Josh and Benny Safdie,josh-and-benny-safdies-criterion-closet-picks,easy-rider,Easy Rider,1969,71
Josh and Benny Safdie,josh-and-benny-safdies-criterion-closet-picks,five-easy-pieces,Five Easy Pieces,1970,72
Josh and Benny Safdie,josh-and-benny-safdies-criterion-closet-picks,drive-he-said,"Drive, He Said",1971,73
Josh and Benny Safdie,josh-and-benny-safdies-criterion-closet-picks,a-safe-place,A Safe Place,1971,74
Josh and Benny Safdie,josh-and-benny-safdies-criterion-closet-picks,the-last-picture-show,The Last Picture Show,1971,75
Josh and Benny Safdie,josh-and-benny-safdies-criterion-closet-picks,the-king-of-marvin-gardens,The King of Marvin Gardens,1972,76
Josh and Benny Safdie,josh-and-benny-safdies-criterion-closet-picks,canoa-a-shameful-memory,Canoa: A Shameful Memory,1975,77
Josh and Benny Safdie,josh-and-benny-safdies-criterion-closet-picks,12-angry-men,12 Angry Men,1957,78
Josh and Benny Safdie,josh-and-benny-safdies-criterion-closet-picks,short-cuts,Short Cuts,1993,79
Josh and Benny Safdie,josh-and-benny-safdies-criterion-closet-picks,macbeth-1971,Macbeth,1971,80
Josh and Benny Safdie,josh-and-benny-safdies-criterion-closet-picks,the-friends-of-eddie-coyle,The Friends of Eddie Coyle,1973,81
Josh and Benny Safdie,josh-and-benny-safdies-criterion-closet-picks,my-life-as-a-dog,My Life as a Dog,1985,82
Josh and Benny Safdie,josh-and-benny-safdies-criterion-closet-picks,insomnia,Insomnia,1997,83
Daisy Ridley,daisy-ridleys-criterion-closet-picks,cold-war-2018,Cold War,2018,1
Daisy Ridley,daisy-ridleys-criterion-closet-picks,moonstruck,Moonstruck,1987,2
Daisy Ridley,daisy-ridleys-criterion-closet-picks,la-haine,La Haine,1995,3
Barbara Sukowa,barbara-sukowas-criterion-closet-picks,3-women,3 Women,1977,1
Barbara Sukowa,barbara-sukowas-criterion-closet-picks,scenes-from-a-marriage-1973-1,Scenes from a Marriage,1973,2
Barbara Sukowa,barbara-sukowas-criterion-closet-picks,the-leopard,The Leopard,1963,3
Barbara Sukowa,barbara-sukowas-criterion-closet-picks,husbands,Husbands,1970,4
Barbara Sukowa,barbara-sukowas-criterion-closet-picks,naked,Naked,1993,5
Barbara Sukowa,barbara-sukowas-criterion-closet-picks,berlin-alexanderplatz,Berlin Alexanderplatz,1980,6
Barbara Sukowa,barbara-sukowas-criterion-closet-picks,la-strada,La Strada,1954,7
Barbara Sukowa,barbara-sukowas-criterion-closet-picks,the-passion-of-joan-of-arc,The Passion of Joan of Arc,1928,8
Terry Gilliam,terry-gilliams-criterion-closet-picks,the-man-who-killed-don-quixote,The Man Who Killed Don Quixote,2018,1
Terry Gilliam,terry-gilliams-criterion-closet-picks,yojimbo,Yojimbo,1961,2
Terry Gilliam,terry-gilliams-criterion-closet-picks,jour-de-fete,Jour de Fête,1949,3
Terry Gilliam,terry-gilliams-criterion-closet-picks,monsieur-hulots-holiday,Monsieur Hulot's Holiday,1953,4
Terry Gilliam,terry-gilliams-criterion-closet-picks,mon-oncle,Mon Oncle,1958,5
Terry Gilliam,terry-gilliams-criterion-closet-picks,playtime,PlayTime,1967,6
Terry Gilliam,terry-gilliams-criterion-closet-picks,trafic,Trafic,1971,7
Terry Gilliam,terry-gilliams-criterion-closet-picks,parade,Parade,1974,8
Terry Gilliam,terry-gilliams-criterion-closet-picks,rififi,Rififi,1955,9
Terry Gilliam,terry-gilliams-criterion-closet-picks,8-half,8½,1963,10
Terry Gilliam,terry-gilliams-criterion-closet-picks,crisis,Crisis,1946,11
Terry Gilliam,terry-gilliams-criterion-closet-picks,a-ship-to-india,A Ship to India,1947,12
Terry Gilliam,terry-gilliams-criterion-closet-picks,port-of-call,Port of Call,1948,13
Terry Gilliam,terry-gilliams-criterion-closet-picks,thirst,Thirst,1949,14
Terry Gilliam,terry-gilliams-criterion-closet-picks,to-joy,To Joy,1950,15
Terry Gilliam,terry-gilliams-criterion-closet-picks,summer-interlude,Summer Interlude,1951,16
Terry Gilliam,terry-gilliams-criterion-closet-picks,waiting-women,Waiting Women,1952,17
Terry Gilliam,terry-gilliams-criterion-closet-picks,summer-with-monika,Summer with Monika,1953,18
Terry Gilliam,terry-gilliams-criterion-closet-picks,sawdust-and-tinsel,Sawdust and Tinsel,1953,19
Terry Gilliam,terry-gilliams-criterion-closet-picks,a-lesson-in-love,A Lesson in Love,1954,20
Terry Gilliam,terry-gilliams-criterion-closet-picks,dreams-1955,Dreams,1955,21
Terry Gilliam,terry-gilliams-criterion-closet-picks,smiles-of-a-summer-night,Smiles of a Summer Night,1955,22
Terry Gilliam,terry-gilliams-criterion-closet-picks,the-seventh-seal,The Seventh Seal,1957,23
Terry Gilliam,terry-gilliams-criterion-closet-picks,wild-strawberries,Wild Strawberries,1957,24
Terry Gilliam,terry-gilliams-criterion-closet-picks,brink-of-life,Brink of Life,1958,25
Terry Gilliam,terry-gilliams-criterion-closet-picks,the-magician-1958,The Magician,1958,26
Terry Gilliam,terry-gilliams-criterion-closet-picks,the-virgin-spring,The Virgin Spring,1960,27
Terry Gilliam,terry-gilliams-criterion-closet-picks,the-devils-eye,The Devil's Eye,1960,28
Terry Gilliam,terry-gilliams-criterion-closet-picks,through-a-glass-darkly,Through a Glass Darkly,1961,29
Terry Gilliam,terry-gilliams-criterion-closet-picks,winter-light,Winter Light,1963,30
Terry Gilliam,terry-gilliams-criterion-closet-picks,the-silence,The Silence,1963,31
Terry Gilliam,terry-gilliams-criterion-closet-picks,all-these-women,All These Women,1964,32
Terry Gilliam,terry-gilliams-criterion-closet-picks,persona,Persona,1966,33
Terry Gilliam,terry-gilliams-criterion-closet-picks,hour-of-the-wolf,Hour of the Wolf,1968,34
Terry Gilliam,terry-gilliams-criterion-closet-picks,shame,Shame,1968,35
Terry Gilliam,terry-gilliams-criterion-closet-picks,the-rite,The Rite,1969,36
Terry Gilliam,terry-gilliams-criterion-closet-picks,the-passion-of-anna,The Passion of Anna,1969,37
Terry Gilliam,terry-gilliams-criterion-closet-picks,faro-document,Fårö Document,1970,38
Terry Gilliam,terry-gilliams-criterion-closet-picks,the-touch-1971,The Touch,1971,39
Terry Gilliam,terry-gilliams-criterion-closet-picks,cries-and-whispers,Cries and Whispers,1972,40
Terry Gilliam,terry-gilliams-criterion-closet-picks,scenes-from-a-marriage,Scenes from a Marriage,1974,41
Terry Gilliam,terry-gilliams-criterion-closet-picks,the-magic-flute,The Magic Flute,1975,42
Terry Gilliam,terry-gilliams-criterion-closet-picks,the-serpents-egg,The Serpent's Egg,1977,43
Terry Gilliam,terry-gilliams-criterion-closet-picks,autumn-sonata,Autumn Sonata,1978,44
Terry Gilliam,terry-gilliams-criterion-closet-picks,faro-document-1979,Fårö Document 1979,1979,45
Terry Gilliam,terry-gilliams-criterion-closet-picks,from-the-life-of-the-marionettes,From the Life of the Marionettes,1980,46
Terry Gilliam,terry-gilliams-criterion-closet-picks,fanny-and-alexander,Fanny and Alexander,1982,47
Terry Gilliam,terry-gilliams-criterion-closet-picks,fanny-and-alexander-1984,Fanny and Alexander,1984,48
Terry Gilliam,terry-gilliams-criterion-closet-picks,after-the-rehearsal,After the Rehearsal,1984,49
Terry Gilliam,terry-gilliams-criterion-closet-picks,saraband,Saraband,2003,50
Terry Gilliam,terry-gilliams-criterion-closet-picks,paths-of-glory,Paths of Glory,1957,51
Oliver Hermanus,oliver-hermanus-criterion-closet-picks,living-2022,Living,2022,1
Oliver Hermanus,oliver-hermanus-criterion-closet-picks,ikiru,Ikiru,1952,2
Oliver Hermanus,oliver-hermanus-criterion-closet-picks,brief-encounter,Brief Encounter,1945,3
Wyclef Jean,wyclef-jeans-criterion-closet-picks,spartacus,Spartacus,1960,1
Wyclef Jean,wyclef-jeans-criterion-closet-picks,la-bamba,La Bamba,1987,2
Wyclef Jean,wyclef-jeans-criterion-closet-picks,the-three-musketeers-1973,The Three Musketeers,1973,3
Wyclef Jean,wyclef-jeans-criterion-closet-picks,the-four-musketeers,The Four Musketeers,1974,4
Wyclef Jean,wyclef-jeans-criterion-closet-picks,menace-ii-society,Menace II Society,1993,5
Wyclef Jean,wyclef-jeans-criterion-closet-picks,black-orpheus,Black Orpheus,1959,6
Charles Burnett,charles-burnetts-criterion-closet-picks,the-story-of-a-three-day-pass,The Story of a Three-Day Pass,1967,1
Charles Burnett,charles-burnetts-criterion-closet-picks,watermelon-man,Watermelon Man,1970,2
Charles Burnett,charles-burnetts-criterion-closet-picks,sweet-sweetbacks-baadasssss-song,Sweet Sweetback's Baadasssss Song,1971,3
Charles Burnett,charles-burnetts-criterion-closet-picks,dont-play-us-cheap,Don't Play Us Cheap,1973,4
Charles Burnett,charles-burnetts-criterion-closet-picks,killer-of-sheep,Killer of Sheep,1978,5
Charles Burnett,charles-burnetts-criterion-closet-picks,dodeska-den,Dodes'ka-den,1970,6
Charles Burnett,charles-burnetts-criterion-closet-picks,a-day-in-the-country,A Day in the Country,1946,7
Charles Burnett,charles-burnetts-criterion-closet-picks,il-posto,Il Posto,1961,8
Charles Burnett,charles-burnetts-criterion-closet-picks,the-fiances,The Fiancés,1963,9
Charles Burnett,charles-burnetts-criterion-closet-picks,emitai,Emitaï,1971,10
Charles Burnett,charles-burnetts-criterion-closet-picks,xala,Xala,1975,11
Charles Burnett,charles-burnetts-criterion-closet-picks,ceddo,Ceddo,1977,12
Charles Burnett,charles-burnetts-criterion-closet-picks,double-indemnity,Double Indemnity,1944,13
Charles Burnett,charles-burnetts-criterion-closet-picks,crisis,Crisis,1946,14
Charles Burnett,charles-burnetts-criterion-closet-picks,a-ship-to-india,A Ship to India,1947,15
Charles Burnett,charles-burnetts-criterion-closet-picks,port-of-call,Port of Call,1948,16
Charles Burnett,charles-burnetts-criterion-closet-picks,thirst,Thirst,1949,17
Charles Burnett,charles-burnetts-criterion-closet-picks,to-joy,To Joy,1950,18
Charles Burnett,charles-burnetts-criterion-closet-picks,summer-interlude,Summer Interlude,1951,19
Charles Burnett,charles-burnetts-criterion-closet-picks,waiting-women,Waiting Women,1952,20
Charles Burnett,charles-burnetts-criterion-closet-picks,summer-with-monika,Summer with Monika,1953,21
Charles Burnett,charles-burnetts-criterion-closet-picks,sawdust-and-tinsel,Sawdust and Tinsel,1953,22
Charles Burnett,charles-burnetts-criterion-closet-picks,a-lesson-in-love,A Lesson in Love,1954,23
Charles Burnett,charles-burnetts-criterion-closet-picks,dreams-1955,Dreams,1955,24
Charles Burnett,charles-burnetts-criterion-closet-picks,smiles-of-a-summer-night,Smiles of a Summer Night,1955,25
Charles Burnett,charles-burnetts-criterion-closet-picks,the-seventh-seal,The Seventh Seal,1957,26
Charles Burnett,charles-burnetts-criterion-closet-picks,wild-strawberries,Wild Strawberries,1957,27
Charles Burnett,charles-burnetts-criterion-closet-picks,brink-of-life,Brink of Life,1958,28
Charles Burnett,charles-burnetts-criterion-closet-picks,the-magician-1958,The Magician,1958,29
Charles Burnett,charles-burnetts-criterion-closet-picks,the-virgin-spring,The Virgin Spring,1960,30
Charles Burnett,charles-burnetts-criterion-closet-picks,the-devils-eye,The Devil's Eye,1960,31
Charles Burnett,charles-burnetts-criterion-closet-picks,through-a-glass-darkly,Through a Glass Darkly,1961,32
Charles Burnett,charles-burnetts-criterion-closet-picks,winter-light,Winter Light,1963,33
Charles Burnett,charles-burnetts-criterion-closet-picks,the-silence,The Silence,1963,34
Charles Burnett,charles-burnetts-criterion-closet-picks,all-these-women,All These Women,1964,35
Charles Burnett,charles-burnetts-criterion-closet-picks,persona,Persona,1966,36
Charles Burnett,charles-burnetts-criterion-closet-picks,hour-of-the-wolf,Hour of the Wolf,1968,37
Charles Burnett,charles-burnetts-criterion-closet-picks,shame,Shame,1968,38
Charles Burnett,charles-burnetts-criterion-closet-picks,the-rite,The Rite,1969,39
Charles Burnett,charles-burnetts-criterion-closet-picks,the-passion-of-anna,The Passion of Anna,1969,40
Charles Burnett,charles-burnetts-criterion-closet-picks,faro-document,Fårö Document,1970,41
Charles Burnett,charles-burnetts-criterion-closet-picks,the-touch-1971,The Touch,1971,42
Charles Burnett,charles-burnetts-criterion-closet-picks,cries-and-whispers,Cries and Whispers,1972,43
Charles Burnett,charles-burnetts-criterion-closet-picks,scenes-from-a-marriage,Scenes from a Marriage,1974,44
Charles Burnett,charles-burnetts-criterion-closet-picks,scenes-from-a-marriage-1973-1,Scenes from a Marriage,1973,45
Charles Burnett,charles-burnetts-criterion-closet-picks,the-magic-flute,The Magic Flute,1975,46
Charles Burnett,charles-burnetts-criterion-closet-picks,the-serpents-egg,The Serpent's Egg,1977,47
Charles Burnett,charles-burnetts-criterion-closet-picks,autumn-sonata,Autumn Sonata,1978,48
Charles Burnett,charles-burnetts-criterion-closet-picks,faro-document-1979,Fårö Document 1979,1979,49
Charles Burnett,charles-burnetts-criterion-closet-picks,from-the-life-of-the-marionettes,From the Life of the Marionettes,1980,50
Charles Burnett,charles-burnetts-criterion-closet-picks,fanny-and-alexander,Fanny and Alexander,1982,51
Charles Burnett,charles-burnetts-criterion-closet-picks,fanny-and-alexander-1984,Fanny and Alexander,1984,52
Charles Burnett,charles-burnetts-criterion-closet-picks,after-the-rehearsal,After the Rehearsal,1984,53
Charles Burnett,charles-burnetts-criterion-closet-picks,saraband,Saraband,2003,54
Charles Burnett,charles-burnetts-criterion-closet-picks,the-making-of-fanny-and-alexander,The Making of Fanny and Alexander,1984,55
Florence Welch,florence-welchs-criterion-closet-picks,picnic-at-hanging-rock,Picnic at Hanging Rock,1975,1
Florence Welch,florence-welchs-criterion-closet-picks,withnail-i,Withnail & I,1987,2
Florence Welch,florence-welchs-criterion-closet-picks,the-red-shoes,The Red Shoes,1948,3
Florence Welch,florence-welchs-criterion-closet-picks,pina,Pina,2011,4
Florence Welch,florence-welchs-criterion-closet-picks,valerie-and-her-week-of-wonders,Valerie and Her Week of Wonders,1970,5
Florence Welch,florence-welchs-criterion-closet-picks,i-married-a-witch,I Married a Witch,1942,6
Florence Welch,florence-welchs-criterion-closet-picks,haxan,Häxan,1922,7
Florence Welch,florence-welchs-criterion-closet-picks,this-is-spinal-tap,This Is Spinal Tap,1984,8
Susanna Hoffs,susanna-hoffs-criterion-closet-picks,klute,Klute,1971,1
Susanna Hoffs,susanna-hoffs-criterion-closet-picks,beyond-the-valley-of-the-dolls,Beyond the Valley of the Dolls,1970,2
Susanna Hoffs,susanna-hoffs-criterion-closet-picks,seconds,Seconds,1966,3
Susanna Hoffs,susanna-hoffs-criterion-closet-picks,the-swimming-pool,The Swimming Pool,1969,4
Susanna Hoffs,susanna-hoffs-criterion-closet-picks,love-streams,Love Streams,1984,5
Susanna Hoffs,susanna-hoffs-criterion-closet-picks,midnight-cowboy,Midnight Cowboy,1969,6
Susanna Hoffs,susanna-hoffs-criterion-closet-picks,the-graduate,The Graduate,1967,7
Susanna Hoffs,susanna-hoffs-criterion-closet-picks,blow-up,Blow-Up,1966,8
Ruben Östlund,ruben-ostlunds-criterion-closet-picks,fat-girl,Fat Girl,2001,1
Ruben Östlund,ruben-ostlunds-criterion-closet-picks,love-streams,Love Streams,1984,2
Ruben Östlund,ruben-ostlunds-criterion-closet-picks,bicycle-thieves,Bicycle Thieves,1948,3
Ruben Östlund,ruben-ostlunds-criterion-closet-picks,fanny-and-alexander,Fanny and Alexander,1982,4
Ruben Östlund,ruben-ostlunds-criterion-closet-picks,fanny-and-alexander-1984,Fanny and Alexander,1984,5
Hlynur Pálmason,hlynur-palmasons-criterion-closet-picks,godland,Godland,2022,1
Hlynur Pálmason,hlynur-palmasons-criterion-closet-picks,cria,Cria!,1976,2
Hlynur Pálmason,hlynur-palmasons-criterion-closet-picks,the-spirit-of-the-beehive,The Spirit of the Beehive,1973,3
Hlynur Pálmason,hlynur-palmasons-criterion-closet-picks,naked,Naked,1993,4
Hlynur Pálmason,hlynur-palmasons-criterion-closet-picks,humanite,Humanité,1999,5
Hlynur Pálmason,hlynur-palmasons-criterion-closet-picks,ratcatcher,Ratcatcher,1999,6
Hlynur Pálmason,hlynur-palmasons-criterion-closet-picks,the-passion-of-joan-of-arc,The Passion of Joan of Arc,1928,7
Hlynur Pálmason,hlynur-palmasons-criterion-closet-picks,stalker,Stalker,1979,8
Hlynur Pálmason,hlynur-palmasons-criterion-closet-picks,largent-1983,L'Argent,1983,9
Hlynur Pálmason,hlynur-palmasons-criterion-closet-picks,blow-up,Blow-Up,1966,10
Hlynur Pálmason,hlynur-palmasons-criterion-closet-picks,barry-lyndon,Barry Lyndon,1975,11
Hlynur Pálmason,hlynur-palmasons-criterion-closet-picks,love-streams,Love Streams,1984,12
Guillermo del Toro's Second,guillermo-del-toros-second-criterion-closet,the-red-shoes,The Red Shoes,1948,1
Guillermo del Toro's Second,guillermo-del-toros-second-criterion-closet,notorious,Notorious,1946,2
Guillermo del Toro's Second,guillermo-del-toros-second-criterion-closet,black-narcissus,Black Narcissus,1947,3
Guillermo del Toro's Second,guillermo-del-toros-second-criterion-closet,salesman,Salesman,1969,4
Guillermo del Toro's Second,guillermo-del-toros-second-criterion-closet,all-that-heaven-allows,All That Heaven Allows,1955,5
Guillermo del Toro's Second,guillermo-del-toros-second-criterion-closet,bottle-rocket-1996,Bottle Rocket,1996,6
Guillermo del Toro's Second,guillermo-del-toros-second-criterion-closet,rushmore,Rushmore,1998,7
Guillermo del Toro's Second,guillermo-del-toros-second-criterion-closet,the-royal-tenenbaums,The Royal Tenenbaums,2001,8
Guillermo del Toro's Second,guillermo-del-toros-second-criterion-closet,the-life-aquatic-with-steve-zissou,The Life Aquatic with Steve Zissou,2004,9
Guillermo del Toro's Second,guillermo-del-toros-second-criterion-closet,the-darjeeling-limited,The Darjeeling Limited,2007,10
Guillermo del Toro's Second,guillermo-del-toros-second-criterion-closet,fantastic-mr-fox,Fantastic Mr. Fox,2009,11
Guillermo del Toro's Second,guillermo-del-toros-second-criterion-closet,moonrise-kingdom,Moonrise Kingdom,2012,12
Guillermo del Toro's Second,guillermo-del-toros-second-criterion-closet,the-grand-budapest-hotel,The Grand Budapest Hotel,2014,13
Guillermo del Toro's Second,guillermo-del-toros-second-criterion-closet,isle-of-dogs-2018,Isle of Dogs,2018,14
Guillermo del Toro's Second,guillermo-del-toros-second-criterion-closet,the-french-dispatch-of-the-liberty-kansas,"The French Dispatch of the Liberty, Kansas Evening Sun",2021,15
Guillermo del Toro's Second,guillermo-del-toros-second-criterion-closet,roma,Roma,1972,16
Guillermo del Toro's Second,guillermo-del-toros-second-criterion-closet,roma-2018,Roma,2018,17
Guillermo del Toro's Second,guillermo-del-toros-second-criterion-closet,the-age-of-innocence,The Age of Innocence,1993,18
Guillermo del Toro's Second,guillermo-del-toros-second-criterion-closet,au-revoir-les-enfants,Au Revoir les Enfants,1987,19
Lina Rodriguez,lina-rodriguezs-criterion-closet-picks,so-much-tenderness,So Much Tenderness,2022,1
Lina Rodriguez,lina-rodriguezs-criterion-closet-picks,this-time-tomorrow-2016,This Time Tomorrow,2016,2
Lina Rodriguez,lina-rodriguezs-criterion-closet-picks,leave-her-to-heaven,Leave Her to Heaven,1945,3
Lina Rodriguez,lina-rodriguezs-criterion-closet-picks,portrait-of-a-lady-on-fire,Portrait of a Lady on Fire,2019,4
Lina Rodriguez,lina-rodriguezs-criterion-closet-picks,flowers-of-shanghai,Flowers of Shanghai,1998,5
Lina Rodriguez,lina-rodriguezs-criterion-closet-picks,exotica,Exotica,1994,6
Lina Rodriguez,lina-rodriguezs-criterion-closet-picks,wanda,Wanda,1970,7
Lina Rodriguez,lina-rodriguezs-criterion-closet-picks,the-baby-carriage-1963,The Baby Carriage,1963,8
Lina Rodriguez,lina-rodriguezs-criterion-closet-picks,ravens-end,Raven's End,1963,9
Lina Rodriguez,lina-rodriguezs-criterion-closet-picks,elvira-madigan,Elvira Madigan,1967,10
Lina Rodriguez,lina-rodriguezs-criterion-closet-picks,adalen-31,Adalen 31,1969,11
Lina Rodriguez,lina-rodriguezs-criterion-closet-picks,eight-hours-dont-make-a-day,Eight Hours Don’t Make a Day,1972,12
Alden Ehrenreich,alden-ehrenreichs-criterion-closet-picks,midnight-cowboy,Midnight Cowboy,1969,1
Alden Ehrenreich,alden-ehrenreichs-criterion-closet-picks,warrendale,Warrendale,1967,2
Alden Ehrenreich,alden-ehrenreichs-criterion-closet-picks,a-married-couple,A Married Couple,1969,3
Alden Ehrenreich,alden-ehrenreichs-criterion-closet-picks,come-on-children,Come On Children,1973,4
Alden Ehrenreich,alden-ehrenreichs-criterion-closet-picks,dying-at-grace,Dying at Grace,2003,5
Alden Ehrenreich,alden-ehrenreichs-criterion-closet-picks,memory-for-max-claire-ida-and-company,"Memory for Max, Claire, Ida and Company",2005,6
Alden Ehrenreich,alden-ehrenreichs-criterion-closet-picks,before-sunrise,Before Sunrise,1995,7
Alden Ehrenreich,alden-ehrenreichs-criterion-closet-picks,before-sunset,Before Sunset,2004,8
Alden Ehrenreich,alden-ehrenreichs-criterion-closet-picks,before-midnight,Before Midnight,2013,9
Alden Ehrenreich,alden-ehrenreichs-criterion-closet-picks,destry-rides-again,Destry Rides Again,1939,10
Alden Ehrenreich,alden-ehrenreichs-criterion-closet-picks,his-girl-friday,His Girl Friday,1940,11
Alden Ehrenreich,alden-ehrenreichs-criterion-closet-picks,yi-yi,Yi Yi,2000,12
Alden Ehrenreich,alden-ehrenreichs-criterion-closet-picks,shadows-1958,Shadows,1958,13
Alden Ehrenreich,alden-ehrenreichs-criterion-closet-picks,faces-1968,Faces,1968,14
Alden Ehrenreich,alden-ehrenreichs-criterion-closet-picks,a-woman-under-the-influence,A Woman Under the Influence,1974,15
Alden Ehrenreich,alden-ehrenreichs-criterion-closet-picks,the-killing-of-a-chinese-bookie,The Killing of a Chinese Bookie,1976,16
Alden Ehrenreich,alden-ehrenreichs-criterion-closet-picks,opening-night,Opening Night,1977,17
Alden Ehrenreich,alden-ehrenreichs-criterion-closet-picks,a-constant-forge,A Constant Forge,2000,18
Alden Ehrenreich,alden-ehrenreichs-criterion-closet-picks,the-life-and-death-of-colonel-blimp,The Life and Death of Colonel Blimp,1943,19
Paul Briganti,paul-brigantis-criterion-closet-picks,rififi,Rififi,1955,1
Paul Briganti,paul-brigantis-criterion-closet-picks,an-unmarried-woman,An Unmarried Woman,1978,2
Raúl Castillo,raul-castillos-criterion-closet-picks,looking-the-movie,Looking: The Movie,2016,1
Raúl Castillo,raul-castillos-criterion-closet-picks,we-the-animals,We the Animals,2018,2
Raúl Castillo,raul-castillos-criterion-closet-picks,the-inspection,The Inspection,2022,3
Raúl Castillo,raul-castillos-criterion-closet-picks,le-samourai,Le Samouraï,1967,4
Raúl Castillo,raul-castillos-criterion-closet-picks,traffic,Traffic,2000,5
Raúl Castillo,raul-castillos-criterion-closet-picks,f-for-fake,F for Fake,1973,6
Raúl Castillo,raul-castillos-criterion-closet-picks,blow-up,Blow-Up,1966,7
Raúl Castillo,raul-castillos-criterion-closet-picks,night-of-the-living-dead,Night of the Living Dead,1968,8
Raúl Castillo,raul-castillos-criterion-closet-picks,my-own-private-idaho,My Own Private Idaho,1991,9
Raúl Castillo,raul-castillos-criterion-closet-picks,old-joy,Old Joy,2006,10
Raúl Castillo,raul-castillos-criterion-closet-picks,ratcatcher,Ratcatcher,1999,11
Gina Gershon,gina-gershons-criterion-closet-picks,dont-look-now,Don't Look Now,1973,1
Gina Gershon,gina-gershons-criterion-closet-picks,bound,Bound,1996,2
Gina Gershon,gina-gershons-criterion-closet-picks,brazil,Brazil,1985,3
Gina Gershon,gina-gershons-criterion-closet-picks,lola-montes,Lola Montès,1955,4
Gina Gershon,gina-gershons-criterion-closet-picks,godzilla,Godzilla,1954,5
Gina Gershon,gina-gershons-criterion-closet-picks,godzilla-raids-again,Godzilla Raids Again,1955,6
Gina Gershon,gina-gershons-criterion-closet-picks,king-kong-vs-godzilla,King Kong vs. Godzilla,1962,7
Gina Gershon,gina-gershons-criterion-closet-picks,king-kong-vs-godzilla-1963,King Kong vs. Godzilla,1963,8
Gina Gershon,gina-gershons-criterion-closet-picks,mothra-vs-godzilla,Mothra vs. Godzilla,1964,9
Gina Gershon,gina-gershons-criterion-closet-picks,ghidorah-the-three-headed-monster,"Ghidorah, the Three-Headed Monster",1964,10
Gina Gershon,gina-gershons-criterion-closet-picks,invasion-of-astro-monster,Invasion of Astro-Monster,1965,11
Gina Gershon,gina-gershons-criterion-closet-picks,ebirah-horror-of-the-deep,"Ebirah, Horror of the Deep",1966,12
Gina Gershon,gina-gershons-criterion-closet-picks,son-of-godzilla,Son of Godzilla,1967,13
Gina Gershon,gina-gershons-criterion-closet-picks,destroy-all-monsters,Destroy All Monsters,1968,14
Gina Gershon,gina-gershons-criterion-closet-picks,all-monsters-attack,All Monsters Attack,1969,15
Gina Gershon,gina-gershons-criterion-closet-picks,godzilla-vs-hedorah,Godzilla vs. Hedorah,1971,16
Gina Gershon,gina-gershons-criterion-closet-picks,godzilla-vs-gigan,Godzilla vs. Gigan,1972,17
Gina Gershon,gina-gershons-criterion-closet-picks,godzilla-vs-megalon,Godzilla vs. Megalon,1973,18
Gina Gershon,gina-gershons-criterion-closet-picks,godzilla-vs-mechagodzilla,Godzilla vs. Mechagodzilla,1974,19
Gina Gershon,gina-gershons-criterion-closet-picks,terror-of-mechagodzilla,Terror of Mechagodzilla,1975,20
Gina Gershon,gina-gershons-criterion-closet-picks,the-seventh-seal,The Seventh Seal,1957,21
Gina Gershon,gina-gershons-criterion-closet-picks,the-friends-of-eddie-coyle,The Friends of Eddie Coyle,1973,22
Gina Gershon,gina-gershons-criterion-closet-picks,all-that-jazz,All That Jazz,1979,23
Robert Eggers,robert-eggers-criterion-closet-picks,the-color-of-pomegranates,The Color of Pomegranates,1969,1
Robert Eggers,robert-eggers-criterion-closet-picks,the-gospel-according-to-st-matthew,The Gospel According to St. Matthew,1964,2
Robert Eggers,robert-eggers-criterion-closet-picks,oedipus-rex,Oedipus Rex,1967,3
Robert Eggers,robert-eggers-criterion-closet-picks,medea,Medea,1969,4
Robert Eggers,robert-eggers-criterion-closet-picks,pigsty,Pigsty,1969,5
Robert Eggers,robert-eggers-criterion-closet-picks,theorem,Theorem,1968,6
Robert Eggers,robert-eggers-criterion-closet-picks,the-hawks-and-the-sparrows,The Hawks and the Sparrows,1966,7
Robert Eggers,robert-eggers-criterion-closet-picks,love-meetings,Love Meetings,1964,8
Robert Eggers,robert-eggers-criterion-closet-picks,accattone,Accattone,1961,9
Robert Eggers,robert-eggers-criterion-closet-picks,mamma-roma,Mamma Roma,1962,10
Robert Eggers,robert-eggers-criterion-closet-picks,death-in-venice,Death in Venice,1971,11
Robert Eggers,robert-eggers-criterion-closet-picks,the-leopard,The Leopard,1963,12
Robert Eggers,robert-eggers-criterion-closet-picks,an-actors-revenge,An Actor's Revenge,1963,13
Robert Eggers,robert-eggers-criterion-closet-picks,demon-pond-1979,Demon Pond,1979,14
Robert Eggers,robert-eggers-criterion-closet-picks,the-unknown,The Unknown,1927,15
Robert Eggers,robert-eggers-criterion-closet-picks,freaks,Freaks,1932,16
Robert Eggers,robert-eggers-criterion-closet-picks,the-mystic,The Mystic,1925,17
Robert Eggers,robert-eggers-criterion-closet-picks,the-innocents,The Innocents,1961,18
Johan Renck,johan-rencks-criterion-closet-picks,spaceman-2024,Spaceman,2024,1
Johan Renck,johan-rencks-criterion-closet-picks,beau-travail,Beau Travail,1999,2
Johan Renck,johan-rencks-criterion-closet-picks,come-and-see,Come and See,1985,3
Johan Renck,johan-rencks-criterion-closet-picks,love-is-colder-than-death,Love Is Colder Than Death,1969,4
Johan Renck,johan-rencks-criterion-closet-picks,katzelmacher,Katzelmacher,1969,5
Johan Renck,johan-rencks-criterion-closet-picks,gods-of-the-plague,Gods of the Plague,1970,6
Johan Renck,johan-rencks-criterion-closet-picks,the-american-soldier,The American Soldier,1970,7
Johan Renck,johan-rencks-criterion-closet-picks,beware-of-a-holy-whore,Beware of a Holy Whore,1971,8
Bi Gan,bi-gans-criterion-closet-picks,youth-of-the-beast,Youth of the Beast,1963,1
Bi Gan,bi-gans-criterion-closet-picks,tampopo,Tampopo,1985,2
Bi Gan,bi-gans-criterion-closet-picks,jour-de-fete,Jour de Fête,1949,3
Bi Gan,bi-gans-criterion-closet-picks,monsieur-hulots-holiday,Monsieur Hulot's Holiday,1953,4
Bi Gan,bi-gans-criterion-closet-picks,mon-oncle,Mon Oncle,1958,5
Bi Gan,bi-gans-criterion-closet-picks,playtime,PlayTime,1967,6
Bi Gan,bi-gans-criterion-closet-picks,trafic,Trafic,1971,7
Bi Gan,bi-gans-criterion-closet-picks,parade,Parade,1974,8
Bi Gan,bi-gans-criterion-closet-picks,master-of-the-house,Master of the House,1925,9
Bi Gan,bi-gans-criterion-closet-picks,8-half,8½,1963,10
Will Arnett,will-arnetts-criterion-closet-picks,stranger-than-paradise,Stranger Than Paradise,1984,1
Will Arnett,will-arnetts-criterion-closet-picks,the-tin-drum,The Tin Drum,1979,2
Will Arnett,will-arnetts-criterion-closet-picks,dekalog,Dekalog,1989,3
Will Arnett,will-arnetts-criterion-closet-picks,withnail-i,Withnail & I,1987,4
Will Arnett,will-arnetts-criterion-closet-picks,shadows-1958,Shadows,1958,5
Will Arnett,will-arnetts-criterion-closet-picks,faces-1968,Faces,1968,6
Will Arnett,will-arnetts-criterion-closet-picks,a-woman-under-the-influence,A Woman Under the Influence,1974,7
Will Arnett,will-arnetts-criterion-closet-picks,the-killing-of-a-chinese-bookie,The Killing of a Chinese Bookie,1976,8
Will Arnett,will-arnetts-criterion-closet-picks,opening-night,Opening Night,1977,9
Will Arnett,will-arnetts-criterion-closet-picks,a-constant-forge,A Constant Forge,2000,10
Will Arnett,will-arnetts-criterion-closet-picks,the-blues-accordin-to-lightnin-hopkins,The Blues Accordin' to Lightnin' Hopkins,1968,11
Will Arnett,will-arnetts-criterion-closet-picks,god-respects-us-when-we-work-but-loves-us-when-we-dance,"God Respects Us When We Work, But Loves Us When We Dance",1968,12
Will Arnett,will-arnetts-criterion-closet-picks,spend-it-all,Spend It All,1972,13
Will Arnett,will-arnetts-criterion-closet-picks,a-well-spent-life,A Well Spent Life,1971,14
Will Arnett,will-arnetts-criterion-closet-picks,dry-wood,Dry Wood,1973,15
Will Arnett,will-arnetts-criterion-closet-picks,hot-pepper,Hot Pepper,1973,16
Will Arnett,will-arnetts-criterion-closet-picks,always-for-pleasure,Always for Pleasure,1978,17
Will Arnett,will-arnetts-criterion-closet-picks,garlic-is-as-good-as-ten-mothers,Garlic Is as Good as Ten Mothers,1980,18
Will Arnett,will-arnetts-criterion-closet-picks,sprout-wings-and-fly,Sprout Wings and Fly,1983,19
Will Arnett,will-arnetts-criterion-closet-picks,in-heaven-there-is-no-beer,In Heaven There Is No Beer?,1984,20
Will Arnett,will-arnetts-criterion-closet-picks,gap-toothed-women,Gap-Toothed Women,1987,21
Will Arnett,will-arnetts-criterion-closet-picks,yum-yum-yum-a-taste-of-the-cajun-and-creole,"Yum, Yum, Yum! A Taste of the Cajun and Creole Cooking of Louisiana",1990,22
Will Arnett,will-arnetts-criterion-closet-picks,the-maestro-king-of-the-cowboy-artists,The Maestro: King of the Cowboy Artists,1995,23
Will Arnett,will-arnetts-criterion-closet-picks,sworn-to-the-drum-a-tribute-to-francisco-aguabella,Sworn to the Drum: A Tribute to Francisco Aguabella,1995,24
Kim Cattrall,kim-cattralls-criterion-closet-picks,heaven-can-wait,Heaven Can Wait,1943,1
Kim Cattrall,kim-cattralls-criterion-closet-picks,fanny-and-alexander,Fanny and Alexander,1982,2
Kim Cattrall,kim-cattralls-criterion-closet-picks,fanny-and-alexander-1984,Fanny and Alexander,1984,3
Kim Cattrall,kim-cattralls-criterion-closet-picks,cat-people,Cat People,1942,4
Kim Cattrall,kim-cattralls-criterion-closet-picks,limelight,Limelight,1952,5
Kim Cattrall,kim-cattralls-criterion-closet-picks,jour-de-fete,Jour de Fête,1949,6
Kim Cattrall,kim-cattralls-criterion-closet-picks,monsieur-hulots-holiday,Monsieur Hulot's Holiday,1953,7
Kim Cattrall,kim-cattralls-criterion-closet-picks,mon-oncle,Mon Oncle,1958,8
Kim Cattrall,kim-cattralls-criterion-closet-picks,playtime,PlayTime,1967,9
Kim Cattrall,kim-cattralls-criterion-closet-picks,trafic,Trafic,1971,10
Kim Cattrall,kim-cattralls-criterion-closet-picks,parade,Parade,1974,11
Kim Cattrall,kim-cattralls-criterion-closet-picks,a-taste-of-honey,A Taste of Honey,1961,12
Kim Cattrall,kim-cattralls-criterion-closet-picks,nashville,Nashville,1975,13
Kim Cattrall,kim-cattralls-criterion-closet-picks,jules-and-jim,Jules and Jim,1962,14
Kim Cattrall,kim-cattralls-criterion-closet-picks,repulsion,Repulsion,1965,15
Kim Cattrall,kim-cattralls-criterion-closet-picks,sullivans-travels,Sullivan's Travels,1941,16
Kim Cattrall,kim-cattralls-criterion-closet-picks,wanda,Wanda,1970,17
Laura Albert and Jeff Feuerzeig,laura-albert-and-jeff-feuerzeigs-criterion,author-the-jt-leroy-story,Author: The JT LeRoy Story,2016,1
Laura Albert and Jeff Feuerzeig,laura-albert-and-jeff-feuerzeigs-criterion,rushmore,Rushmore,1998,2
Laura Albert and Jeff Feuerzeig,laura-albert-and-jeff-feuerzeigs-criterion,repo-man,Repo Man,1984,3
Laura Albert and Jeff Feuerzeig,laura-albert-and-jeff-feuerzeigs-criterion,kiss-me-deadly,Kiss Me Deadly,1955,4
Laura Albert and Jeff Feuerzeig,laura-albert-and-jeff-feuerzeigs-criterion,pigs-and-battleships,Pigs and Battleships,1961,5
Laura Albert and Jeff Feuerzeig,laura-albert-and-jeff-feuerzeigs-criterion,the-insect-woman,The Insect Woman,1963,6
Laura Albert and Jeff Feuerzeig,laura-albert-and-jeff-feuerzeigs-criterion,intentions-of-murder,Intentions of Murder,1964,7
Laura Albert and Jeff Feuerzeig,laura-albert-and-jeff-feuerzeigs-criterion,my-own-private-idaho,My Own Private Idaho,1991,8
Laura Albert and Jeff Feuerzeig,laura-albert-and-jeff-feuerzeigs-criterion,on-the-waterfront,On the Waterfront,1954,9
Laura Albert and Jeff Feuerzeig,laura-albert-and-jeff-feuerzeigs-criterion,the-rose,The Rose,1979,10
Jia Zhangke,jia-zhangkes-criterion-closet-picks,roma-2018,Roma,2018,1
Jia Zhangke,jia-zhangkes-criterion-closet-picks,la-notte,La Notte,1961,2
Jia Zhangke,jia-zhangkes-criterion-closet-picks,city-lights,City Lights,1931,3
Jia Zhangke,jia-zhangkes-criterion-closet-picks,good-morning,Good Morning,1959,4
Jia Zhangke,jia-zhangkes-criterion-closet-picks,pickpocket,Pickpocket,1959,5
Jia Zhangke,jia-zhangkes-criterion-closet-picks,yi-yi,Yi Yi,2000,6
Tom Rothman,tom-rothmans-criterion-closet-picks,down-by-law,Down by Law,1986,1
Tom Rothman,tom-rothmans-criterion-closet-picks,to-be-or-not-to-be,To Be or Not to Be,1942,2
Tom Rothman,tom-rothmans-criterion-closet-picks,harlan-county-usa,Harlan County U.S.A.,1976,3
Tom Rothman,tom-rothmans-criterion-closet-picks,winchester-73,Winchester '73,1950,4
Tom Rothman,tom-rothmans-criterion-closet-picks,to-sleep-with-anger,To Sleep with Anger,1990,5
Tom Rothman,tom-rothmans-criterion-closet-picks,the-ice-storm,The Ice Storm,1997,6
Tom Rothman,tom-rothmans-criterion-closet-picks,the-big-chill,The Big Chill,1983,7
Tom Rothman,tom-rothmans-criterion-closet-picks,the-philadelphia-story,The Philadelphia Story,1940,8
Amelia Dimoldenberg,amelia-dimoldenbergs-criterion-closet-picks,portrait-of-a-lady-on-fire,Portrait of a Lady on Fire,2019,1
Amelia Dimoldenberg,amelia-dimoldenbergs-criterion-closet-picks,12-angry-men,12 Angry Men,1957,2
Amelia Dimoldenberg,amelia-dimoldenbergs-criterion-closet-picks,the-worst-person-in-the-world,The Worst Person in the World,2021,3
Amelia Dimoldenberg,amelia-dimoldenbergs-criterion-closet-picks,fish-tank,Fish Tank,2009,4
Amelia Dimoldenberg,amelia-dimoldenbergs-criterion-closet-picks,a-hard-days-night,A Hard Day's Night,1964,5
Amelia Dimoldenberg,amelia-dimoldenbergs-criterion-closet-picks,all-that-jazz,All That Jazz,1979,6
Amelia Dimoldenberg,amelia-dimoldenbergs-criterion-closet-picks,petite-maman,Petite Maman,2021,7
Amelia Dimoldenberg,amelia-dimoldenbergs-criterion-closet-picks,girlfriends-1978,Girlfriends,1978,8
Amelia Dimoldenberg,amelia-dimoldenbergs-criterion-closet-picks,frances-ha,Frances Ha,2012,9
Amelia Dimoldenberg,amelia-dimoldenbergs-criterion-closet-picks,before-sunrise,Before Sunrise,1995,10
Amelia Dimoldenberg,amelia-dimoldenbergs-criterion-closet-picks,before-sunset,Before Sunset,2004,11
Amelia Dimoldenberg,amelia-dimoldenbergs-criterion-closet-picks,before-midnight,Before Midnight,2013,12
Laurie Anderson,laurie-andersons-criterion-closet-picks,heart-of-a-dog-2015,Heart of a Dog,2015,1
Laurie Anderson,laurie-andersons-criterion-closet-picks,the-magician-1958,The Magician,1958,2
Laurie Anderson,laurie-andersons-criterion-closet-picks,my-dinner-with-andre,My Dinner with Andre,1981,3
Laurie Anderson,laurie-andersons-criterion-closet-picks,vanya-on-42nd-street,Vanya on 42nd Street,1994,4
Laurie Anderson,laurie-andersons-criterion-closet-picks,a-master-builder,A Master Builder,2013,5
Laurie Anderson,laurie-andersons-criterion-closet-picks,my-winnipeg,My Winnipeg,2007,6
Laurie Anderson,laurie-andersons-criterion-closet-picks,design-for-living,Design for Living,1933,7
Laurie Anderson,laurie-andersons-criterion-closet-picks,white-dog,White Dog,1982,8
Laurie Anderson,laurie-andersons-criterion-closet-picks,sunday-bloody-sunday,Sunday Bloody Sunday,1971,9
Laurie Anderson,laurie-andersons-criterion-closet-picks,the-decameron,The Decameron,1971,10
Laurie Anderson,laurie-andersons-criterion-closet-picks,the-canterbury-tales,The Canterbury Tales,1972,11
Laurie Anderson,laurie-andersons-criterion-closet-picks,arabian-nights-1974,Arabian Nights,1974,12
Laurie Anderson,laurie-andersons-criterion-closet-picks,i-married-a-witch,I Married a Witch,1942,13
Laurie Anderson,laurie-andersons-criterion-closet-picks,tout-va-bien,Tout Va Bien,1972,14
Laurie Anderson,laurie-andersons-criterion-closet-picks,quadrophenia,Quadrophenia,1979,15
Lila Avilés,lila-aviles-criterion-closet-picks,totem-2023,Tótem,2023,1
Lila Avilés,lila-aviles-criterion-closet-picks,the-prince-of-tides,The Prince of Tides,1991,2
Lila Avilés,lila-aviles-criterion-closet-picks,burden-of-dreams,Burden of Dreams,1982,3
Lila Avilés,lila-aviles-criterion-closet-picks,yi-yi,Yi Yi,2000,4
Lila Avilés,lila-aviles-criterion-closet-picks,onibaba,Onibaba,1964,5
Lila Avilés,lila-aviles-criterion-closet-picks,shadows-in-paradise,Shadows in Paradise,1986,6
Lila Avilés,lila-aviles-criterion-closet-picks,ariel,Ariel,1988,7
Lila Avilés,lila-aviles-criterion-closet-picks,the-match-factory-girl,The Match Factory Girl,1990,8
Lila Avilés,lila-aviles-criterion-closet-picks,boat-people,Boat People,1982,9
Lila Avilés,lila-aviles-criterion-closet-picks,in-the-realm-of-the-senses,In the Realm of the Senses,1976,10
James Acheson,james-achesons-criterion-closet-picks,down-by-law,Down by Law,1986,1
James Acheson,james-achesons-criterion-closet-picks,bicycle-thieves,Bicycle Thieves,1948,2
James Acheson,james-achesons-criterion-closet-picks,the-leopard,The Leopard,1963,3
Deepa Dhanraj,deepa-dhanrajs-criterion-closet-picks,drylongso,Drylongso,1998,1
Deepa Dhanraj,deepa-dhanrajs-criterion-closet-picks,i-am-cuba,I Am Cuba,1964,2
Jafar Panahi,jafar-panahis-criterion-closet-picks,bicycle-thieves,Bicycle Thieves,1948,1
Desiree Akhavan,desiree-akhavans-criterion-closet-picks,appropriate-behavior,Appropriate Behavior,2014,1
Desiree Akhavan,desiree-akhavans-criterion-closet-picks,tiny-furniture,Tiny Furniture,2010,2
Desiree Akhavan,desiree-akhavans-criterion-closet-picks,faces-1968,Faces,1968,3
Desiree Akhavan,desiree-akhavans-criterion-closet-picks,love-streams,Love Streams,1984,4
Desiree Akhavan,desiree-akhavans-criterion-closet-picks,life-is-sweet,Life Is Sweet,1990,5
Desiree Akhavan,desiree-akhavans-criterion-closet-picks,i-knew-her-well,I Knew Her Well,1965,6
Desiree Akhavan,desiree-akhavans-criterion-closet-picks,safe,Safe,1995,7
Desiree Akhavan,desiree-akhavans-criterion-closet-picks,day-for-night,Day for Night,1973,8
Desiree Akhavan,desiree-akhavans-criterion-closet-picks,jules-and-jim,Jules and Jim,1962,9
Desiree Akhavan,desiree-akhavans-criterion-closet-picks,ratcatcher,Ratcatcher,1999,10
Desiree Akhavan,desiree-akhavans-criterion-closet-picks,knife-in-the-water,Knife in the Water,1962,11
Desiree Akhavan,desiree-akhavans-criterion-closet-picks,the-spirit-of-the-beehive,The Spirit of the Beehive,1973,12
Desiree Akhavan,desiree-akhavans-criterion-closet-picks,do-the-right-thing,Do the Right Thing,1989,13
